<?xml version="1.0" encoding="utf-8"?>
<COLLADA xmlns="http://www.collada.org/2005/11/COLLADASchema" version="1.4.1" xmlns:xsi="http://www.w3.org/2001/XMLSchema-instance">
  <asset>
    <contributor>
      <author>Blender User</author>
      <authoring_tool>Blender 4.4.1 commit date:2025-04-14, commit time:14:20, hash:d8845b3bb572</authoring_tool>
    </contributor>
    <created>2025-04-16T10:19:09</created>
    <modified>2025-04-16T10:19:09</modified>
    <unit name="meter" meter="1"/>
    <up_axis>Z_UP</up_axis>
  </asset>
  <library_effects>
    <effect id="Lamp-effect">
      <profile_COMMON>
        <newparam sid="Lamp_Base_png-surface">
          <surface type="2D">
            <init_from>Lamp_Base_png</init_from>
          </surface>
        </newparam>
        <newparam sid="Lamp_Base_png-sampler">
          <sampler2D>
            <source>Lamp_Base_png-surface</source>
          </sampler2D>
        </newparam>
        <technique sid="common">
          <lambert>
            <emission>
              <color sid="emission">0 0 0 1</color>
            </emission>
            <diffuse>
              <texture texture="Lamp_Base_png-sampler" texcoord="UVMap"/>
            </diffuse>
            <index_of_refraction>
              <float sid="ior">1.5</float>
            </index_of_refraction>
          </lambert>
        </technique>
      </profile_COMMON>
    </effect>
    <effect id="glass-effect">
      <profile_COMMON>
        <newparam sid="Lamp_Glass_png-surface">
          <surface type="2D">
            <init_from>Lamp_Glass_png</init_from>
          </surface>
        </newparam>
        <newparam sid="Lamp_Glass_png-sampler">
          <sampler2D>
            <source>Lamp_Glass_png-surface</source>
          </sampler2D>
        </newparam>
        <technique sid="common">
          <lambert>
            <emission>
              <color sid="emission">0 0 0 1</color>
            </emission>
            <diffuse>
              <texture texture="Lamp_Glass_png-sampler" texcoord="UVMap"/>
            </diffuse>
            <index_of_refraction>
              <float sid="ior">1.5</float>
            </index_of_refraction>
          </lambert>
        </technique>
      </profile_COMMON>
    </effect>
    <effect id="bulb-effect">
      <profile_COMMON>
        <technique sid="common">
          <lambert>
            <emission>
              <color sid="emission">0 0 0 1</color>
            </emission>
            <diffuse>
              <color sid="diffuse">0.8 0.8 0.8 1</color>
            </diffuse>
            <index_of_refraction>
              <float sid="ior">1.5</float>
            </index_of_refraction>
          </lambert>
        </technique>
      </profile_COMMON>
    </effect>
  </library_effects>
  <library_images>
    <image id="Lamp_Base_png" name="Lamp_Base_png">
      <init_from>Lamp_Base.png</init_from>
    </image>
    <image id="Lamp_Glass_png" name="Lamp_Glass_png">
      <init_from>Lamp_Glass.png</init_from>
    </image>
  </library_images>
  <library_materials>
    <material id="Lamp-material" name="Lamp">
      <instance_effect url="#Lamp-effect"/>
    </material>
    <material id="glass-material" name="glass">
      <instance_effect url="#glass-effect"/>
    </material>
    <material id="bulb-material" name="bulb">
      <instance_effect url="#bulb-effect"/>
    </material>
  </library_materials>
  <library_geometries>
    <geometry id="Lamp_Цилиндр_002-mesh" name="Lamp_Цилиндр.002">
      <mesh>
        <source id="Lamp_Цилиндр_002-mesh-positions">
          <float_array id="Lamp_Цилиндр_002-mesh-positions-array" count="6492">-0.05017995 2.72905 0.05017995 -0.05017995 2.72905 -0.05017995 -0.05080997 2.737479 0.05080997 0.05017995 2.72905 0.05017995 -0.03947198 2.729169 0.03947198 -0.03947198 2.729169 -0.03947198 -0.03959798 2.737385 0.03959798 0.03947198 2.729169 0.03947198 0.03947198 2.729169 -0.03947198 0.03959798 2.737385 0.03959798 0.03959798 2.737385 -0.03959798 -0.03959798 2.737385 -0.03959798 0.05017995 2.72905 -0.05017995 0.05080997 2.737479 -0.05080997 -0.05080997 2.737479 -0.05080997 0.05080997 2.737479 0.05080997 0.05448698 2.740807 -0.05448698 0.05618494 2.742646 -0.05618494 -0.05448698 2.740807 -0.05448698 0.05448698 2.740807 0.05448698 0.05618494 2.742646 0.05618494 -0.05448698 2.740807 0.05448698 -0.05618494 2.742646 0.05618494 -0.05785095 2.744979 0.05785095 -0.05618494 2.742646 -0.05618494 -0.05785095 2.744979 -0.05785095 -0.05903899 2.747183 -0.05903899 0.05785095 2.744979 -0.05785095 0.05903899 2.747183 -0.05903899 0.05785095 2.744979 0.05785095 0.05903899 2.747183 0.05903899 -0.05903899 2.747183 0.05903899 0.05991297 2.749788 0.05991297 0.06167799 2.753406 0.06167799 -0.05991297 2.749788 0.05991297 0.05991297 2.749788 -0.05991297 0.06167799 2.753406 -0.06167799 -0.05991297 2.749788 -0.05991297 -0.06167799 2.753406 -0.06167799 -0.06446295 2.757025 -0.06446295 -0.06167799 2.753406 0.06167799 -0.06446295 2.757025 0.06446295 -0.06784498 2.760094 0.06784498 0.06446295 2.757025 0.06446295 0.06784498 2.760094 0.06784498 0.06446295 2.757025 -0.06446295 0.06784498 2.760094 -0.06784498 0.071307 2.762146 -0.071307 -0.06784498 2.760094 -0.06784498 -0.071307 2.762146 -0.071307 -0.071307 2.762146 0.071307 -0.085294 2.768137 -0.085294 -0.085294 2.768137 0.085294 0.085294 2.768137 -0.085294 -0.08990496 2.775919 -0.08990496 -0.08990496 2.775919 0.08990496 0.08990496 2.775919 -0.08990496 -0.09679698 2.775919 -0.09679698 -0.09679698 2.775919 0.09679698 0.09679698 2.775919 -0.09679698 -0.15025 3.067388 -0.15025 -0.100563 2.796452 -0.07934999 -0.07934999 2.796452 -0.100563 0.07934999 2.796452 -0.100563 -0.125272 3.046855 -0.146484 -0.07934999 2.797714 -0.09367799 0.07934999 2.797714 -0.09367799 -0.125272 3.048117 -0.139599 -0.09312695 2.780615 -0.09312695 -0.09312695 2.780615 0.09312695 0.09312695 2.780615 -0.09312695 -0.08879899 2.782742 -0.08879899 -0.147249 3.072954 -0.147249 -0.09367799 2.797714 -0.07934999 -0.09367799 2.797714 0.07934999 -0.139599 3.048117 -0.125272 -0.139599 3.048117 0.125272 -0.146484 3.046855 -0.125272 -0.146484 3.046855 0.125272 -0.100563 2.796452 0.07934999 -0.15025 3.067388 0.15025 0.15025 3.067388 0.15025 -0.170949 3.078464 0.170949 -0.125272 3.046855 0.146484 -0.07934999 2.796452 0.100563 0.125272 3.046855 0.146484 -0.125272 3.048117 0.139599 -0.07934999 2.797714 0.09367799 0.125272 3.048117 0.139599 -0.147249 3.072954 0.147249 0.147249 3.072954 0.147249 -0.1705 3.085435 0.1705 -0.1705 3.085435 -0.1705 0.1705 3.085435 0.1705 -0.195681 3.085464 0.195681 -0.195681 3.085464 -0.195681 0.195681 3.085464 0.195681 -0.200335 3.08136 0.200335 -0.200335 3.08136 -0.200335 0.200335 3.08136 0.200335 -0.198534 3.082202 0.198534 -0.198534 3.082202 -0.198534 0.198534 3.082202 0.198534 -0.183776 3.080402 0.183776 -0.183776 3.080402 -0.183776 0.183776 3.080402 0.183776 -0.166658 3.089455 0.166658 -0.153757 3.098527 0.153757 -0.166658 3.089455 -0.166658 0.166658 3.089455 0.166658 0.153757 3.098527 0.153757 0.166658 3.089455 -0.166658 0.153757 3.098527 -0.153757 0.183776 3.080402 -0.183776 0.198534 3.082202 -0.198534 0.200335 3.08136 -0.200335 0.195681 3.085464 -0.195681 0.1705 3.085435 -0.1705 0.147249 3.072954 -0.147249 0.139599 3.048117 -0.125272 0.125272 3.048117 -0.139599 0.125272 3.046855 -0.146484 0.15025 3.067388 -0.15025 0.170949 3.078464 -0.170949 0.146484 3.046855 -0.125272 0.100563 2.796452 -0.07934999 0.146484 3.046855 0.125272 0.100563 2.796452 0.07934999 0.139599 3.048117 0.125272 0.09367799 2.797714 0.07934999 0.09367799 2.797714 -0.07934999 0.09312695 2.780615 0.09312695 0.08879899 2.782742 0.08879899 0.07934999 2.797714 0.09367799 0.07934999 2.796452 0.100563 0.09679698 2.775919 0.09679698 0.08990496 2.775919 0.08990496 0.085294 2.768137 0.085294 0.071307 2.762146 0.071307 0.08879899 2.782742 -0.08879899 -0.08879899 2.782742 0.08879899 0.082161 2.773556 0.082161 0.082161 2.773556 -0.082161 -0.082161 2.773556 0.082161 0.06974399 2.768788 0.06974399 0.06571298 2.766411 0.06571298 -0.06974399 2.768788 0.06974399 0.06974399 2.768788 -0.06974399 -0.06974399 2.768788 -0.06974399 0.06571298 2.766411 -0.06571298 -0.06571298 2.766411 -0.06571298 0.06157594 2.76271 -0.06157594 -0.06157594 2.76271 -0.06157594 0.05806398 2.758189 -0.05806398 0.06157594 2.76271 0.06157594 -0.06157594 2.76271 0.06157594 0.05806398 2.758189 0.05806398 -0.05806398 2.758189 0.05806398 0.04064995 2.758189 0.04064995 0.04064995 2.758189 -0.04064995 -0.04064995 2.758189 0.04064995 0.04064995 2.752027 0.04064995 0.04064995 2.752027 -0.04064995 -0.04064995 2.752027 0.04064995 -0.04064995 2.752027 -0.04064995 -0.04064995 2.758189 -0.04064995 -0.05806398 2.758189 -0.05806398 -0.06571298 2.766411 0.06571298 -0.082161 2.773556 -0.082161 -0.170949 3.078464 -0.170949 0.170949 3.078464 0.170949 0.195681 3.078464 -0.195681 -0.195681 3.078464 -0.195681 0.195681 3.078464 0.195681 0.195681 3.072381 -0.195681 0.195681 3.072381 0.195681 -0.195681 3.072381 -0.195681 0.204841 3.072381 -0.204841 0.204841 3.072381 0.204841 -0.204841 3.072381 -0.204841 0.204841 3.078464 -0.204841 -0.204841 3.078464 -0.204841 0.204841 3.078464 0.204841 0.201872 3.087372 -0.201872 -0.201872 3.087372 -0.201872 0.201872 3.087372 0.201872 0.184233 3.087372 -0.184233 -0.184233 3.087372 -0.184233 0.184233 3.087372 0.184233 0.168556 3.09592 -0.168556 0.156176 3.104633 -0.156176 0.168556 3.09592 0.168556 -0.168556 3.09592 -0.168556 -0.156176 3.104633 -0.156176 -0.168556 3.09592 0.168556 -0.156176 3.104633 0.156176 -0.184233 3.087372 0.184233 -0.201872 3.087372 0.201872 -0.204841 3.078464 0.204841 -0.204841 3.072381 0.204841 -0.195681 3.072381 0.195681 -0.195681 3.078464 0.195681 -0.14458 3.116654 0.14458 0.156176 3.104633 0.156176 0.14458 3.116654 0.14458 0.134902 3.130805 0.134902 0.14458 3.116654 -0.14458 0.134902 3.130805 -0.134902 -0.14458 3.116654 -0.14458 -0.134902 3.130805 -0.134902 -0.12809 3.145701 -0.12809 -0.134902 3.130805 0.134902 -0.12809 3.145701 0.12809 -0.124811 3.159884 0.124811 0.12809 3.145701 0.12809 0.124811 3.159884 0.124811 0.12809 3.145701 -0.12809 0.124811 3.159884 -0.124811 -0.124811 3.159884 -0.124811 0.123581 3.17182 -0.123581 -0.123581 3.17182 -0.123581 0.123581 3.17182 0.123581 0.104795 3.176446 -0.104795 -0.104795 3.176446 -0.104795 0.104795 3.176446 0.104795 0.104513 3.182722 -0.104513 0.1022379 3.196452 -0.1022379 0.104513 3.182722 0.104513 -0.104513 3.182722 -0.104513 -0.1022379 3.196452 -0.1022379 -0.104513 3.182722 0.104513 -0.1022379 3.196452 0.1022379 -0.104795 3.176446 0.104795 -0.123581 3.17182 0.123581 -0.096762 3.211192 0.096762 0.1022379 3.196452 0.1022379 0.096762 3.211192 0.096762 0.08862096 3.225499 0.08862096 0.096762 3.211192 -0.096762 0.08862096 3.225499 -0.08862096 -0.096762 3.211192 -0.096762 -0.08862096 3.225499 -0.08862096 -0.07861298 3.237972 -0.07861298 -0.08862096 3.225499 0.08862096 -0.07861298 3.237972 0.07861298 -0.067716 3.247392 0.067716 0.07861298 3.237972 0.07861298 0.067716 3.247392 0.067716 0.07861298 3.237972 -0.07861298 0.067716 3.247392 -0.067716 -0.067716 3.247392 -0.067716 0.05317997 3.257387 -0.05317997 -0.05317997 3.257387 -0.05317997 0.05317997 3.257387 0.05317997 0.04852098 3.267248 -0.04852098 -0.04852098 3.267248 -0.04852098 0.04852098 3.267248 0.04852098 0.03747695 3.267248 -0.03747695 -0.03747695 3.267248 -0.03747695 0.03747695 3.267248 0.03747695 0.03747695 3.276966 -0.03747695 -0.03747695 3.276966 -0.03747695 0.03747695 3.276966 0.03747695 0.02224397 3.287861 -0.02224397 -0.02224397 3.287861 -0.02224397 0.02224397 3.287861 0.02224397 0.01814997 3.287861 -0.01814997 -0.01814997 3.287861 -0.01814997 0.01814997 3.287861 0.01814997 0.01814997 3.293308 -0.01814997 -0.01814997 3.293308 -0.01814997 0.01814997 3.293308 0.01814997 0.01993 3.293308 -0.01993 -0.01993 3.293308 -0.01993 0.01993 3.293308 0.01993 0.01993 3.299901 -0.01993 -0.01993 3.299901 -0.01993 0.01993 3.299901 0.01993 0.017838 3.299901 -0.017838 -0.017838 3.299901 -0.017838 0.017838 3.299901 0.017838 0.017838 3.30617 -0.017838 -0.017838 3.30617 -0.017838 0.017838 3.30617 0.017838 0.01918298 3.307571 -0.01918298 0.02253496 3.310341 -0.02253496 -0.01918298 3.307571 -0.01918298 0.01918298 3.307571 0.01918298 0.02253496 3.310341 0.02253496 -0.01918298 3.307571 0.01918298 -0.02253496 3.310341 0.02253496 -0.017838 3.30617 0.017838 -0.017838 3.299901 0.017838 -0.01993 3.299901 0.01993 -0.01993 3.293308 0.01993 -0.01814997 3.293308 0.01814997 -0.01814997 3.287861 0.01814997 -0.02224397 3.287861 0.02224397 -0.03747695 3.276966 0.03747695 -0.03747695 3.267248 0.03747695 -0.04852098 3.267248 0.04852098 -0.05317997 3.257387 0.05317997 -0.02685397 3.312867 0.02685397 -0.02253496 3.310341 -0.02253496 -0.02685397 3.312867 -0.02685397 -0.030981 3.314472 -0.030981 0.02685397 3.312867 -0.02685397 0.030981 3.314472 -0.030981 0.02685397 3.312867 0.02685397 0.030981 3.314472 0.030981 -0.030981 3.314472 0.030981 0.03954994 3.316762 0.03954994 0.03954994 3.316762 -0.03954994 -0.03954994 3.316762 0.03954994 0.03954994 3.320653 0.03954994 0.03954994 3.320653 -0.03954994 -0.03954994 3.320653 0.03954994 0.03586399 3.324583 0.03586399 0.03106999 3.328586 0.03106999 0.03586399 3.324583 -0.03586399 -0.03586399 3.324583 0.03586399 -0.03106999 3.328586 0.03106999 -0.03586399 3.324583 -0.03586399 -0.03106999 3.328586 -0.03106999 -0.03954994 3.320653 -0.03954994 -0.03954994 3.316762 -0.03954994 -0.02560299 3.331741 -0.02560299 0.03106999 3.328586 -0.03106999 0.02560299 3.331741 -0.02560299 0.02560299 3.331741 0.02560299 0.017708 3.335136 -0.017708 -0.017708 3.335136 -0.017708 0.017708 3.335136 0.017708 0.017708 3.337081 -0.017708 -0.017708 3.337081 -0.017708 0.017708 3.337081 0.017708 0.019095 3.337081 -0.019095 -0.019095 3.337081 -0.019095 0.019095 3.337081 0.019095 0.01970696 3.338413 -0.01970696 0.019948 3.339675 -0.019948 0.01970696 3.338413 0.01970696 -0.01970696 3.338413 -0.01970696 -0.019948 3.339675 -0.019948 -0.01970696 3.338413 0.01970696 -0.019948 3.339675 0.019948 -0.019095 3.337081 0.019095 -0.017708 3.337081 0.017708 -0.017708 3.335136 0.017708 -0.02560299 3.331741 0.02560299 -0.01970696 3.340938 0.01970696 0.019948 3.339675 0.019948 0.01970696 3.340938 0.01970696 0.01970696 3.340938 -0.01970696 0.019095 3.342269 0.019095 0.019095 3.342269 -0.019095 -0.019095 3.342269 0.019095 0.01552897 3.342269 0.01552897 0.01552897 3.342269 -0.01552897 -0.01552897 3.342269 0.01552897 0.01552897 3.355276 0.01552897 0.01532 3.371915 0.01532 0.01552897 3.355276 -0.01552897 -0.01552897 3.355276 0.01552897 -0.01532 3.371915 0.01532 -0.01552897 3.355276 -0.01552897 -0.01552897 3.342269 -0.01552897 -0.01532 3.371915 -0.01532 -0.01489394 3.385966 -0.01489394 0.01532 3.371915 -0.01532 0.01489394 3.385966 -0.01489394 0.01434099 3.397281 -0.01434099 0.01489394 3.385966 0.01489394 0.01434099 3.397281 0.01434099 -0.01489394 3.385966 0.01489394 -0.01434099 3.397281 0.01434099 -0.01434099 3.397281 -0.01434099 -0.01325899 3.404076 0.01325899 -0.01103794 3.413486 0.01103794 0.01325899 3.404076 0.01325899 -0.01325899 3.404075 -0.01325899 -0.01103794 3.413486 -0.01103794 0.01325899 3.404075 -0.01325899 0.01103794 3.413486 -0.01103794 0.007833957 3.422644 -0.007833957 0.01103794 3.413486 0.01103794 0.007833957 3.422644 0.007833957 -0.007833957 3.422644 0.007833957 0.005029976 3.429105 0.005029976 0.001837968 3.434745 0.001837968 0.005029976 3.429105 -0.005029976 -0.005029976 3.429105 0.005029976 -0.001837968 3.434745 0.001837968 -0.005029976 3.429105 -0.005029976 -0.001837968 3.434745 -0.001837968 -0.007833957 3.422644 -0.007833957 0.001837968 3.434745 -0.001837968 -0.019095 3.342269 -0.019095 -0.01970696 3.340938 -0.01970696 0.1414459 3.111236 -0.1414459 -0.153757 3.098527 -0.153757 -0.1414459 3.111236 -0.1414459 -0.13112 3.126289 -0.13112 -0.1414459 3.111236 0.1414459 -0.13112 3.126289 0.13112 0.1414459 3.111236 0.1414459 0.13112 3.126289 0.13112 0.123683 3.142515 0.123683 0.13112 3.126289 -0.13112 0.123683 3.142515 -0.123683 0.120002 3.158222 -0.120002 -0.123683 3.142515 -0.123683 -0.120002 3.158222 -0.120002 -0.123683 3.142515 0.123683 -0.120002 3.158222 0.120002 0.120002 3.158222 0.120002 -0.11957 3.165024 0.11957 -0.11957 3.165024 -0.11957 0.11957 3.165024 0.11957 0.11957 3.165024 -0.11957 0.119782 2.932633 0.111193 0.123249 2.932012 0.111054 0.118431 2.925443 0.109582 0.119782 2.932819 0.04712599 0.118431 2.925452 0.04712599 0.118431 2.925452 0.04308396 0.123249 2.932183 0.04712599 0.131145 2.994752 0.005763947 0.130797 2.992854 -6.87e-4 0.134613 2.994116 0.005763947 0.142403 3.05611 0.005763947 0.131145 2.994752 -6.87e-4 0.131145 2.994752 -0.007137954 0.142403 3.05611 -6.87e-4 0.142403 3.05611 -0.007137954 0.14587 3.055474 -0.007137954 0.134613 2.994116 -0.007137954 0.147305 3.055343 -6.87e-4 0.14587 3.055474 0.005763947 0.135832 2.992815 -6.87e-4 0.132411 2.982115 -6.87e-4 0.123332 2.924685 -0.04618799 0.123332 2.924685 0.04486298 0.120546 2.917448 0.04712599 0.110832 2.856555 -6.87e-4 0.121898 2.924815 0.03757995 0.123332 2.924695 0.109414 0.120546 2.917633 0.107832 0.117079 2.918254 0.107971 0.117079 2.918084 0.04712599 0.105716 2.856151 0.005763947 0.105716 2.856151 -6.87e-4 0.106064 2.858049 -6.87e-4 0.109183 2.855515 0.005763947 0.09445798 2.794793 0.005763947 0.09445798 2.794793 -6.87e-4 0.097925 2.794157 0.005763947 0.09935998 2.794027 -6.87e-4 0.097925 2.794157 -0.007137954 0.09445798 2.794793 -0.007137954 0.109183 2.855515 -0.007137954 0.105716 2.856151 -0.007137954 0.120546 2.917448 -0.0485 0.117079 2.918084 -0.0485 0.120546 2.917565 -0.109548 0.117079 2.918191 -0.109658 0.123332 2.924692 -0.110808 0.123249 2.932075 -0.1121129 0.119782 2.932702 -0.112224 0.123249 2.932183 -0.0485 0.119782 2.932819 -0.0485 0.118431 2.925452 -0.04445797 0.118431 2.925452 -0.0485 0.118431 2.925446 -0.110941 0.118431 2.925452 -0.03895497 0.128944 2.982751 -6.87e-4 0.107917 2.868151 -6.87e-4 0.121898 2.924815 -0.03895497 0.111385 2.867515 -6.87e-4 0.118431 2.925452 0.03757995 -0.1198559 2.932633 0.111193 -0.123323 2.932012 0.111054 -0.118504 2.925443 0.109582 -0.1198559 2.932819 0.04712599 -0.118504 2.925452 0.04712599 -0.118504 2.925452 0.04308396 -0.123323 2.932183 0.04712599 -0.131219 2.994752 0.005763947 -0.1308709 2.992854 -6.87e-4 -0.1346859 2.994116 0.005763947 -0.142476 3.05611 0.005763947 -0.131219 2.994752 -6.87e-4 -0.131219 2.994752 -0.007137954 -0.142476 3.05611 -6.87e-4 -0.142476 3.05611 -0.007137954 -0.1459439 3.055474 -0.007137954 -0.1346859 2.994116 -0.007137954 -0.147378 3.055343 -6.87e-4 -0.1459439 3.055474 0.005763947 -0.135906 2.992815 -6.87e-4 -0.132484 2.982115 -6.87e-4 -0.123406 2.924685 -0.04618799 -0.123406 2.924685 0.04486298 -0.1206189 2.917448 0.04712599 -0.110906 2.856555 -6.87e-4 -0.121971 2.924815 0.03757995 -0.123406 2.924695 0.109414 -0.1206189 2.917633 0.107832 -0.117152 2.918254 0.107971 -0.117152 2.918084 0.04712599 -0.105789 2.856151 0.005763947 -0.105789 2.856151 -6.87e-4 -0.106137 2.858049 -6.87e-4 -0.109256 2.855515 0.005763947 -0.09453099 2.794793 0.005763947 -0.09453099 2.794793 -6.87e-4 -0.09799897 2.794157 0.005763947 -0.099433 2.794027 -6.87e-4 -0.09799897 2.794157 -0.007137954 -0.09453099 2.794793 -0.007137954 -0.109256 2.855515 -0.007137954 -0.105789 2.856151 -0.007137954 -0.1206189 2.917448 -0.0485 -0.117152 2.918084 -0.0485 -0.1206189 2.917565 -0.109548 -0.117152 2.918191 -0.109658 -0.123406 2.924692 -0.110808 -0.123323 2.932075 -0.1121129 -0.1198559 2.932702 -0.112224 -0.123323 2.932183 -0.0485 -0.1198559 2.932819 -0.0485 -0.118504 2.925452 -0.04445797 -0.118504 2.925452 -0.0485 -0.118504 2.925447 -0.110941 -0.118504 2.925452 -0.03895497 -0.1290169 2.982751 -6.87e-4 -0.107991 2.868151 -6.87e-4 -0.121971 2.924815 -0.03895497 -0.111458 2.867515 -6.87e-4 -0.118504 2.925452 0.03757995 -0.11188 2.932633 0.119819 -0.111741 2.932012 0.123286 -0.110269 2.925443 0.118467 -0.04781299 2.932819 0.119819 -0.04781299 2.925451 0.118467 -0.04377096 2.925451 0.118467 -0.04781299 2.932183 0.123286 -0.006450951 2.994752 0.131182 0 2.992854 0.130834 -0.006450951 2.994116 0.134649 -0.006450951 3.056109 0.142439 0 2.994752 0.131182 0.006450951 2.994752 0.131182 0 3.056109 0.142439 0.006450951 3.056109 0.142439 0.006450951 3.055473 0.145907 0.006450951 2.994116 0.134649 0 3.055343 0.147341 -0.006450951 3.055473 0.145907 0 2.992815 0.135869 0 2.982115 0.132447 0.04549998 2.924685 0.123369 -0.04554998 2.924685 0.123369 -0.04781299 2.917447 0.120582 0 2.856555 0.110868 -0.03826797 2.924815 0.1219339 -0.1101019 2.924695 0.123369 -0.108519 2.917633 0.120582 -0.108658 2.918253 0.117115 -0.04781299 2.918083 0.117115 -0.006450951 2.856151 0.105752 0 2.856151 0.105752 0 2.858048 0.1061 -0.006450951 2.855515 0.109219 -0.006450951 2.794793 0.09449398 0 2.794793 0.09449398 -0.006450951 2.794157 0.09796196 0 2.794026 0.09939599 0.006450951 2.794157 0.09796196 0.006450951 2.794793 0.09449398 0.006450951 2.855515 0.109219 0.006450951 2.856151 0.105752 0.04781299 2.917447 0.120582 0.04781299 2.918083 0.117115 0.108861 2.917564 0.120582 0.1089709 2.918191 0.117115 0.110121 2.924691 0.123369 0.111426 2.932075 0.123286 0.111537 2.932701 0.119819 0.04781299 2.932183 0.123286 0.04781299 2.932819 0.119819 0.04377096 2.925451 0.118467 0.04781299 2.925451 0.118467 0.110254 2.925446 0.118467 0.03826797 2.925451 0.118467 0 2.982751 0.12898 0 2.868151 0.107954 0.03826797 2.924815 0.1219339 0 2.867515 0.111421 -0.03826797 2.925451 0.118467 -0.11188 2.932633 -0.119819 -0.111741 2.932012 -0.123287 -0.110269 2.925443 -0.118468 -0.04781299 2.932819 -0.119819 -0.04781299 2.925451 -0.118468 -0.04377096 2.925451 -0.118468 -0.04781299 2.932183 -0.123287 -0.006450951 2.994752 -0.131182 0 2.992854 -0.130834 -0.006450951 2.994116 -0.13465 -0.006450951 3.056109 -0.14244 0 2.994752 -0.131182 0.006450951 2.994752 -0.131182 0 3.056109 -0.14244 0.006450951 3.056109 -0.14244 0.006450951 3.055473 -0.145907 0.006450951 2.994116 -0.13465 0 3.055343 -0.147342 -0.006450951 3.055473 -0.145907 0 2.992815 -0.135869 0 2.982115 -0.132448 0.04549998 2.924685 -0.123369 -0.04554998 2.924685 -0.123369 -0.04781299 2.917447 -0.1205829 0 2.856555 -0.110869 -0.03826797 2.924815 -0.121935 -0.1101019 2.924695 -0.123369 -0.108519 2.917633 -0.1205829 -0.108658 2.918253 -0.117116 -0.04781299 2.918083 -0.117116 -0.006450951 2.856151 -0.105753 0 2.856151 -0.105753 0 2.858048 -0.106101 -0.006450951 2.855515 -0.10922 -0.006450951 2.794793 -0.09449499 0 2.794793 -0.09449499 -0.006450951 2.794157 -0.09796196 0 2.794026 -0.099397 0.006450951 2.794157 -0.09796196 0.006450951 2.794793 -0.09449499 0.006450951 2.855515 -0.10922 0.006450951 2.856151 -0.105753 0.04781299 2.917447 -0.1205829 0.04781299 2.918083 -0.117116 0.108861 2.917564 -0.1205829 0.1089709 2.918191 -0.117116 0.110121 2.924691 -0.123369 0.111426 2.932075 -0.123287 0.111537 2.932701 -0.119819 0.04781299 2.932183 -0.123286 0.04781299 2.932819 -0.119819 0.04377096 2.925451 -0.118468 0.04781299 2.925451 -0.118468 0.110254 2.925446 -0.118468 0.03826797 2.925451 -0.118468 0 2.982751 -0.1289809 0 2.868151 -0.107954 0.03826797 2.924815 -0.121935 0 2.867515 -0.111422 -0.03826797 2.925451 -0.118468 0 -6.44e-4 -0.212896 0 0.05808496 -0.212896 0.1505399 -6.44e-4 -0.1505399 0.1505399 0.05808496 -0.1505399 0.212896 -6.44e-4 0 0.212896 0.05808496 0 0.1505399 -6.44e-4 0.1505399 0.1505399 0.05808496 0.1505399 0 -6.44e-4 0.212896 0 0.05808496 0.212896 -0.1505399 -6.44e-4 0.1505399 -0.1505399 0.05808496 0.1505399 -0.212896 -6.44e-4 0 -0.212896 0.05808496 0 -0.1505399 -6.44e-4 -0.1505399 -0.1505399 0.05808496 -0.1505399 0.07526999 -6.44e-4 0.181718 0.07526999 0.05808496 0.181718 -0.07526999 -6.44e-4 0.181718 -0.07526999 0.05808496 0.181718 0.181718 -6.44e-4 0.07526999 0.181718 0.05808496 0.07526999 0.181718 -6.44e-4 -0.07526999 0.181718 0.05808496 -0.07526999 0.07526999 -6.44e-4 -0.181718 0.07526999 0.05808496 -0.181718 -0.07526999 -6.44e-4 -0.181718 -0.07526999 0.05808496 -0.181718 -0.181718 -6.44e-4 -0.07526999 -0.181718 0.05808496 -0.07526999 -0.181718 -6.44e-4 0.07526999 -0.181718 0.05808496 0.07526999 0.066244 0.05808496 -0.159928 0 0.05808496 -0.173105 -0.066244 0.05808496 -0.159928 -0.122404 0.05808496 -0.122404 -0.159928 0.05808496 -0.066244 -0.173105 0.05808496 0 -0.159928 0.05808496 0.066244 -0.122404 0.05808496 0.122404 -0.066244 0.05808496 0.159928 0 0.05808496 0.173105 0.066244 0.05808496 0.159928 0.122404 0.05808496 0.122404 0.159928 0.05808496 0.066244 0.173105 0.05808496 0 0.159928 0.05808496 -0.066244 0.122404 0.05808496 -0.122404 0.06307196 0.112935 -0.15227 0 0.112935 -0.164816 0.116543 0.112935 -0.116543 -0.06307196 0.112935 -0.15227 -0.116543 0.112935 -0.116543 -0.15227 0.112935 -0.06307196 -0.164816 0.112935 0 -0.15227 0.112935 0.06307196 -0.116543 0.112935 0.116543 -0.06307196 0.112935 0.15227 0 0.112935 0.164816 0.06307196 0.112935 0.15227 0.116543 0.112935 0.116543 0.15227 0.112935 0.06307196 0.164816 0.112935 0 0.15227 0.112935 -0.06307196 0.05674695 0.112935 -0.137 0 0.112935 -0.1482869 -0.05674695 0.112935 -0.137 -0.104855 0.112935 -0.104855 -0.137 0.112935 -0.05674695 -0.1482869 0.112935 0 -0.137 0.112935 0.05674695 -0.104855 0.112935 0.104855 -0.05674695 0.112935 0.137 0 0.112935 0.1482869 0.05674695 0.112935 0.137 0.104855 0.112935 0.104855 0.137 0.112935 0.05674695 0.1482869 0.112935 0 0.137 0.112935 -0.05674695 0.104855 0.112935 -0.104855 0.05674695 0.138558 -0.137 0 0.138558 -0.1482869 0.104855 0.138558 -0.104855 -0.05674695 0.138558 -0.137 -0.104855 0.138558 -0.104855 -0.137 0.138558 -0.05674695 -0.1482869 0.138558 0 -0.137 0.138558 0.05674695 -0.104855 0.138558 0.104855 -0.05674695 0.138558 0.137 0 0.138558 0.1482869 0.05674695 0.138558 0.137 0.104855 0.138558 0.104855 0.137 0.138558 0.05674695 0.1482869 0.138558 0 0.137 0.138558 -0.05674695 0.06136494 0.138558 -0.148148 0 0.138558 -0.160354 0.113388 0.138558 -0.113388 -0.06136494 0.138558 -0.148148 -0.113388 0.138558 -0.113388 -0.148148 0.138558 -0.06136494 -0.160354 0.138558 0 -0.148148 0.138558 0.06136494 -0.113388 0.138558 0.113388 -0.06136494 0.138558 0.148148 0 0.138558 0.160354 0.06136494 0.138558 0.148148 0.113388 0.138558 0.113388 0.148148 0.138558 0.06136494 0.160354 0.138558 0 0.148148 0.138558 -0.06136494 0.06136494 0.174889 -0.148148 0 0.174889 -0.160354 0.113388 0.174889 -0.113388 -0.06136494 0.174889 -0.148148 -0.113388 0.174889 -0.113388 -0.148148 0.174889 -0.06136494 -0.160354 0.174889 0 -0.148148 0.174889 0.06136494 -0.113388 0.174889 0.113388 -0.06136494 0.174889 0.148148 0 0.174889 0.160354 0.06136494 0.174889 0.148148 0.113388 0.174889 0.113388 0.148148 0.174889 0.06136494 0.160354 0.174889 0 0.148148 0.174889 -0.06136494 0.06299799 0.1688629 0.152091 0.06299799 0.144584 0.152091 0.06420201 0.161167 0.154998 0.06420201 0.15228 0.154998 0 0.144584 0.164622 0 0.1688629 0.164622 0 0.15228 0.167769 0 0.161167 0.167769 -0.116405 0.1688629 -0.116405 -0.116405 0.144584 -0.116405 -0.11863 0.161167 -0.11863 -0.11863 0.15228 -0.11863 -0.06299799 0.144584 -0.152091 -0.06299799 0.1688629 -0.152091 -0.06420201 0.15228 -0.154998 -0.06420201 0.161167 -0.154998 0.116405 0.1688629 0.116405 0.116405 0.144584 0.116405 0.11863 0.161167 0.11863 0.11863 0.15228 0.11863 -0.152091 0.1688629 -0.06299799 -0.152091 0.144584 -0.06299799 -0.154998 0.161167 -0.06420201 -0.154998 0.15228 -0.06420201 0.152091 0.1688629 0.06299799 0.152091 0.144584 0.06299799 0.154998 0.161167 0.06420201 0.154998 0.15228 0.06420201 -0.164622 0.1688629 0 -0.164622 0.144584 0 -0.167769 0.161167 0 -0.167769 0.15228 0 0.164622 0.1688629 0 0.164622 0.144584 0 0.167769 0.161167 0 0.167769 0.15228 0 -0.152091 0.1688629 0.06299799 -0.152091 0.144584 0.06299799 -0.154998 0.161167 0.06420201 -0.154998 0.15228 0.06420201 0.152091 0.1688629 -0.06299799 0.152091 0.144584 -0.06299799 0.154998 0.161167 -0.06420201 0.154998 0.15228 -0.06420201 -0.116405 0.1688629 0.116405 -0.116405 0.144584 0.116405 -0.11863 0.161167 0.11863 -0.11863 0.15228 0.11863 0 0.1688629 -0.164622 0 0.144584 -0.164622 0 0.161167 -0.167769 0 0.15228 -0.167769 0.06299799 0.144584 -0.152091 0.06299799 0.1688629 -0.152091 0.06420201 0.15228 -0.154998 0.06420201 0.161167 -0.154998 0.116405 0.1688629 -0.116405 0.116405 0.144584 -0.116405 0.11863 0.161167 -0.11863 0.11863 0.15228 -0.11863 -0.06299799 0.1688629 0.152091 -0.06299799 0.144584 0.152091 -0.06420201 0.161167 0.154998 -0.06420201 0.15228 0.154998 0.05689197 0.174889 -0.1373479 0 0.174889 -0.148665 -0.05689197 0.174889 -0.1373479 -0.105122 0.174889 -0.105122 -0.1373479 0.174889 -0.05689197 -0.148665 0.174889 0 -0.1373479 0.174889 0.05689197 -0.105122 0.174889 0.105122 -0.05689197 0.174889 0.1373479 0 0.174889 0.148665 0.05689197 0.174889 0.1373479 0.105122 0.174889 0.105122 0.1373479 0.174889 0.05689197 0.148665 0.174889 0 0.1373479 0.174889 -0.05689197 0.105122 0.174889 -0.105122 0.03797197 0.660214 -0.091672 0 0.660214 -0.09922498 0.07016199 0.660214 -0.07016199 -0.03797197 0.660214 -0.091672 -0.07016199 0.660214 -0.07016199 -0.091672 0.660214 -0.03797197 -0.09922498 0.660214 0 -0.091672 0.660214 0.03797197 -0.07016199 0.660214 0.07016199 -0.03797197 0.660214 0.091672 0 0.660214 0.09922498 0.03797197 0.660214 0.091672 0.07016199 0.660214 0.07016199 0.091672 0.660214 0.03797197 0.09922498 0.660214 0 0.091672 0.660214 -0.03797197 0.091672 0.690809 -0.03797197 0.09922498 0.690809 0 0.091672 0.690809 0.03797197 0.07016199 0.690809 0.07016199 0.03797197 0.690809 0.091672 0 0.690809 0.09922498 -0.03797197 0.690809 0.091672 -0.07016199 0.690809 0.07016199 -0.091672 0.690809 0.03797197 -0.09922498 0.690809 0 -0.091672 0.690809 -0.03797197 -0.07016199 0.690809 -0.07016199 -0.03797197 0.690809 -0.091672 0.07016199 0.690809 -0.07016199 0 0.690809 -0.09922498 0.03797197 0.690809 -0.091672 0.065319 0.612007 0.07919198 0.093333 0.223096 0.107206 0.05539995 0.213145 0.1337479 0.03946298 0.621958 0.095272 -0.09617298 0.612004 -0.03983598 -0.1337479 0.213145 -0.05539995 -0.093333 0.223096 -0.107206 -0.065319 0.612007 -0.07919198 0.09617298 0.612004 0.03983598 0.1337479 0.213145 0.05539995 -0.1021839 0.612007 -0.00980997 -0.141803 0.223096 -0.00980997 0.1021839 0.612007 0.00980997 0.141803 0.223096 0.00980997 -0.09617298 0.612004 0.03983598 -0.1337479 0.213145 0.05539995 0.09617298 0.612004 -0.03983598 0.1337479 0.213145 -0.05539995 -0.07919198 0.612007 0.065319 -0.107206 0.223096 0.093333 0.00980997 0.612007 -0.1021839 0.00980997 0.223096 -0.141803 0.05539995 0.213145 -0.1337479 0.03946298 0.621958 -0.095272 0.07919198 0.612007 -0.065319 0.107206 0.223096 -0.093333 -0.03983598 0.612004 0.09617298 -0.05539995 0.213145 0.1337479 0.00980997 0.612007 0.1021839 0.00980997 0.223096 0.141803 -0.03983598 0.612004 -0.09617298 -0.05539995 0.213145 -0.1337479 0.03451395 0.690809 -0.08332496 0 0.690809 -0.09018999 -0.03451395 0.690809 -0.08332496 -0.06377398 0.690809 -0.06377398 -0.08332496 0.690809 -0.03451395 -0.09018999 0.690809 0 -0.08332496 0.690809 0.03451395 -0.06377398 0.690809 0.06377398 -0.03451395 0.690809 0.08332496 0 0.690809 0.09018999 0.03451395 0.690809 0.08332496 0.06377398 0.690809 0.06377398 0.08332496 0.690809 0.03451395 0.09018999 0.690809 0 0.08332496 0.690809 -0.03451395 0.06377398 0.690809 -0.06377398 0.03451395 0.708018 -0.08332496 0 0.708018 -0.09018999 0.06377398 0.708018 -0.06377398 -0.03451395 0.708018 -0.08332496 -0.06377398 0.708018 -0.06377398 -0.08332496 0.708018 -0.03451395 -0.09018999 0.708018 0 -0.08332496 0.708018 0.03451395 -0.06377398 0.708018 0.06377398 -0.03451395 0.708018 0.08332496 0 0.708018 0.09018999 0.03451395 0.708018 0.08332496 0.06377398 0.708018 0.06377398 0.08332496 0.708018 0.03451395 0.09018999 0.708018 0 0.08332496 0.708018 -0.03451395 0.03451395 0.822748 -0.08332496 0 0.822748 -0.09018999 0.06377398 0.822748 -0.06377398 -0.03451395 0.822748 -0.08332496 -0.06377398 0.822748 -0.06377398 -0.08332496 0.822748 -0.03451395 -0.09018999 0.822748 0 -0.08332496 0.822748 0.03451395 -0.06377398 0.822748 0.06377398 -0.03451395 0.822748 0.08332496 0 0.822748 0.09018999 0.03451395 0.822748 0.08332496 0.06377398 0.822748 0.06377398 0.08332496 0.822748 0.03451395 0.09018999 0.822748 0 0.08332496 0.822748 -0.03451395 0.02569597 0.883173 -0.06203699 0 0.883173 -0.06714797 -0.02569597 0.883173 -0.06203699 -0.047481 0.883173 -0.047481 -0.06203699 0.883173 -0.02569597 -0.06714797 0.883173 0 -0.06203699 0.883173 0.02569597 -0.047481 0.883173 0.047481 -0.02569597 0.883173 0.06203699 0 0.883173 0.06714797 0.02569597 0.883173 0.06203699 0.047481 0.883173 0.047481 0.06203699 0.883173 0.02569597 0.06714797 0.883173 0 0.06203699 0.883173 -0.02569597 0.047481 0.883173 -0.047481 0.02391695 0.931647 -0.05774199 0.007845997 0.931647 -0.060938 -0.02391695 0.931647 -0.05774199 -0.03754198 0.931647 -0.04863798 -0.05774199 0.931647 -0.02391695 -0.060938 0.931647 -0.007845997 -0.05774199 0.931647 0.02391695 -0.04863798 0.931647 0.03754198 -0.02391695 0.931647 0.05774199 0.007845997 0.931647 0.060938 0.02391695 0.931647 0.05774199 0.03754198 0.931647 0.04863798 0.05774199 0.931647 0.02391695 0.060938 0.931647 0.007845997 0.05774199 0.931647 -0.02391695 0.04863798 0.931647 -0.03754198 0.02391695 1.8022 -0.05774199 0.007845997 1.8022 -0.060938 0.04863798 1.8022 -0.03754198 -0.02391695 1.8022 -0.05774199 -0.03754198 1.8022 -0.04863798 -0.05774199 1.8022 -0.02391695 -0.060938 1.8022 -0.007845997 -0.05774199 1.8022 0.02391695 -0.04863798 1.8022 0.03754198 -0.02391695 1.8022 0.05774199 0.007845997 1.8022 0.060938 0.02391695 1.8022 0.05774199 0.03754198 1.8022 0.04863798 0.05774199 1.8022 0.02391695 0.060938 1.8022 0.007845997 0.05774199 1.8022 -0.02391695 0.02596598 1.818231 -0.06268799 0 1.818231 -0.06785297 0.04797899 1.818231 -0.04797899 -0.02596598 1.818231 -0.06268799 -0.04797899 1.818231 -0.04797899 -0.06268799 1.818231 -0.02596598 -0.06785297 1.818231 0 -0.06268799 1.818231 0.02596598 -0.04797899 1.818231 0.04797899 -0.02596598 1.818231 0.06268799 0 1.818231 0.06785297 0.02596598 1.818231 0.06268799 0.04797899 1.818231 0.04797899 0.06268799 1.818231 0.02596598 0.06785297 1.818231 0 0.06268799 1.818231 -0.02596598 0.02668696 1.84003 -0.06442797 0 1.84003 -0.069736 0.04931098 1.84003 -0.04931098 -0.02668696 1.84003 -0.06442797 -0.04931098 1.84003 -0.04931098 -0.06442797 1.84003 -0.02668696 -0.069736 1.84003 0 -0.06442797 1.84003 0.02668696 -0.04931098 1.84003 0.04931098 -0.02668696 1.84003 0.06442797 0 1.84003 0.069736 0.02668696 1.84003 0.06442797 0.04931098 1.84003 0.04931098 0.06442797 1.84003 0.02668696 0.069736 1.84003 0 0.06442797 1.84003 -0.02668696 0.02952396 1.848061 -0.07127797 0 1.848061 -0.077151 0.05455398 1.848061 -0.05455398 -0.02952396 1.848061 -0.07127797 -0.05455398 1.848061 -0.05455398 -0.07127797 1.848061 -0.02952396 -0.077151 1.848061 0 -0.07127797 1.848061 0.02952396 -0.05455398 1.848061 0.05455398 -0.02952396 1.848061 0.07127797 0 1.848061 0.077151 0.02952396 1.848061 0.07127797 0.05455398 1.848061 0.05455398 0.07127797 1.848061 0.02952396 0.077151 1.848061 0 0.07127797 1.848061 -0.02952396 0.02952396 1.873302 -0.07127797 0 1.873302 -0.077151 0.05455398 1.873302 -0.05455398 -0.02952396 1.873302 -0.07127797 -0.05455398 1.873302 -0.05455398 -0.07127797 1.873302 -0.02952396 -0.077151 1.873302 0 -0.07127797 1.873302 0.02952396 -0.05455398 1.873302 0.05455398 -0.02952396 1.873302 0.07127797 0 1.873302 0.077151 0.02952396 1.873302 0.07127797 0.05455398 1.873302 0.05455398 0.07127797 1.873302 0.02952396 0.077151 1.873302 0 0.07127797 1.873302 -0.02952396 0.027435 1.909251 -0.06623297 0 1.909251 -0.07168996 -0.027435 1.909251 -0.06623297 -0.05069297 1.909251 -0.05069297 -0.06623297 1.909251 -0.027435 -0.07168996 1.909251 0 -0.06623297 1.909251 0.027435 -0.05069297 1.909251 0.05069297 -0.027435 1.909251 0.06623297 0 1.909251 0.07168996 0.027435 1.909251 0.06623297 0.05069297 1.909251 0.05069297 0.06623297 1.909251 0.027435 0.07168996 1.909251 0 0.06623297 1.909251 -0.027435 0.05069297 1.909251 -0.05069297 0.02034199 1.9459 -0.04910898 0 1.9459 -0.05315595 0.03758698 1.9459 -0.03758698 -0.02034199 1.9459 -0.04910898 -0.03758698 1.9459 -0.03758698 -0.04910898 1.9459 -0.02034199 -0.05315595 1.9459 0 -0.04910898 1.9459 0.02034199 -0.03758698 1.9459 0.03758698 -0.02034199 1.9459 0.04910898 0 1.9459 0.05315595 0.02034199 1.9459 0.04910898 0.03758698 1.9459 0.03758698 0.04910898 1.9459 0.02034199 0.05315595 1.9459 0 0.04910898 1.9459 -0.02034199 0.017542 1.9529 -0.04234898 0.006865978 1.9529 -0.04447299 -0.017542 1.9529 -0.04234898 -0.02659296 1.9529 -0.03630197 -0.04234898 1.9529 -0.017542 -0.04447299 1.9529 -0.006864964 -0.04234898 1.9529 0.017542 -0.03630197 1.9529 0.02659296 -0.017542 1.9529 0.04234999 0.006864964 1.9529 0.04447299 0.017542 1.9529 0.04234999 0.02659296 1.9529 0.03630197 0.04234898 1.9529 0.017542 0.04447299 1.9529 0.006865978 0.04234999 1.9529 -0.017542 0.03630197 1.9529 -0.02659296 0.017542 2.612269 -0.04234898 0.006865978 2.612269 -0.04447299 0.03630197 2.612269 -0.02659296 -0.017542 2.612269 -0.04234898 -0.02659296 2.612269 -0.03630197 -0.04234898 2.612269 -0.017542 -0.04447299 2.612269 -0.006864964 -0.04234898 2.612269 0.017542 -0.03630197 2.612269 0.02659296 -0.017542 2.612269 0.04234999 0.006864964 2.612269 0.04447299 0.017542 2.612269 0.04234999 0.02659296 2.612269 0.03630197 0.04234898 2.612269 0.017542 0.04447299 2.612269 0.006865978 0.04234999 2.612269 -0.017542 0.01993495 2.678929 -0.04812794 0 2.678929 -0.05209296 0.03683596 2.678929 -0.03683596 -0.01993495 2.678929 -0.04812794 -0.03683596 2.678929 -0.03683596 -0.04812794 2.678929 -0.01993495 -0.05209296 2.678929 0 -0.04812794 2.678929 0.01993495 -0.03683596 2.678929 0.03683596 -0.01993495 2.678929 0.04812794 0 2.678929 0.05209296 0.01993495 2.678929 0.04812794 0.03683596 2.678929 0.03683596 0.04812794 2.678929 0.01993495 0.05209296 2.678929 0 0.04812794 2.678929 -0.01993495 0.01556998 2.718396 -0.03758996 0 2.718396 -0.04068696 0.02876996 2.718396 -0.02876996 -0.01556998 2.718396 -0.03758996 -0.02876996 2.718396 -0.02876996 -0.03758996 2.718396 -0.01556998 -0.04068696 2.718396 0 -0.03758996 2.718396 0.01556998 -0.02876996 2.718396 0.02876996 -0.01556998 2.718396 0.03758996 0 2.718396 0.04068696 0.01556998 2.718396 0.03758996 0.02876996 2.718396 0.02876996 0.03758996 2.718396 0.01556998 0.04068696 2.718396 0 0.03758996 2.718396 -0.01556998 0.01525199 2.710573 0.03682094 0.01737099 2.68872 0.04193699 0.01535797 2.703285 0.03707796 0.01613396 2.695287 0.03894996 0 2.68872 0.04539197 0 2.710573 0.039855 0 2.695287 0.04215896 0 2.703285 0.04013299 -0.02818197 2.710573 -0.02818197 -0.03209698 2.68872 -0.03209698 -0.02837795 2.703285 -0.02837795 -0.02981096 2.695287 -0.02981096 -0.01737099 2.68872 -0.04193699 -0.01525199 2.710573 -0.03682094 -0.01613396 2.695287 -0.03894996 -0.01535797 2.703285 -0.03707796 0.02818197 2.710573 0.02818197 0.03209698 2.68872 0.03209698 0.02837795 2.703285 0.02837795 0.02981096 2.695287 0.02981096 -0.03682094 2.710573 -0.01525199 -0.04193699 2.68872 -0.01737099 -0.03707796 2.703285 -0.01535797 -0.03894996 2.695287 -0.01613396 0.03682094 2.710573 0.01525199 0.04193699 2.68872 0.01737099 0.03707796 2.703285 0.01535797 0.03894996 2.695287 0.01613396 -0.039855 2.710573 0 -0.04539197 2.68872 0 -0.04013299 2.703285 0 -0.04215896 2.695287 0 0.039855 2.710573 0 0.04539197 2.68872 0 0.04013299 2.703285 0 0.04215896 2.695287 0 -0.03682094 2.710573 0.01525199 -0.04193699 2.68872 0.01737099 -0.03707796 2.703285 0.01535797 -0.03894996 2.695287 0.01613396 0.03682094 2.710573 -0.01525199 0.04193699 2.68872 -0.01737099 0.03707796 2.703285 -0.01535797 0.03894996 2.695287 -0.01613396 -0.02818197 2.710573 0.02818197 -0.03209698 2.68872 0.03209698 -0.02837795 2.703285 0.02837795 -0.02981096 2.695287 0.02981096 0 2.710573 -0.039855 0 2.68872 -0.04539197 0 2.703285 -0.04013299 0 2.695287 -0.04215896 0.01737099 2.68872 -0.04193699 0.01525199 2.710573 -0.03682094 0.01613396 2.695287 -0.03894996 0.01535797 2.703285 -0.03707796 0.02818197 2.710573 -0.02818197 0.03209698 2.68872 -0.03209698 0.02837795 2.703285 -0.02837795 0.02981096 2.695287 -0.02981096 -0.01525199 2.710573 0.03682094 -0.01737099 2.68872 0.04193699 -0.01535797 2.703285 0.03707796 -0.01613396 2.695287 0.03894996 0.01243495 2.718396 -0.03001898 0 2.718396 -0.03249299 -0.01243394 2.718396 -0.03001898 -0.02297598 2.718396 -0.02297598 -0.03001898 2.718396 -0.01243394 -0.03249299 2.718396 0 -0.03001898 2.718396 0.01243394 -0.02297598 2.718396 0.02297598 -0.01243394 2.718396 0.03001999 0 2.718396 0.03249299 0.01243394 2.718396 0.03001999 0.02297598 2.718396 0.02297598 0.03001999 2.718396 0.01243394 0.03249299 2.718396 0 0.03001999 2.718396 -0.01243394 0.02297598 2.718396 -0.02297598 0.01243495 2.789363 -0.03001898 0 2.789363 -0.03249299 0.02297598 2.789363 -0.02297598 -0.01243394 2.789363 -0.03001898 -0.02297598 2.789363 -0.02297598 -0.03001898 2.789363 -0.01243394 -0.03249299 2.789363 0 -0.03001898 2.789363 0.01243394 -0.02297598 2.789363 0.02297598 -0.01243394 2.789363 0.03001999 0 2.789363 0.03249299 0.01243394 2.789363 0.03001999 0.02297598 2.789363 0.02297598 0.03001999 2.789363 0.01243394 0.03249299 2.789363 0 0.03001999 2.789363 -0.01243394 0.03983598 0.612004 0.09617298 -0.00980997 0.612007 0.1021839 -0.00980997 0.223096 0.141803 0.05502694 0.2231 0.132847 0.07919198 0.612007 0.065319 0.107206 0.223096 0.093333 0.1021839 0.612007 -0.00980997 0.141803 0.223096 -0.00980997 0.095272 0.621958 0.03946298 0.132847 0.2231 0.05502694 0.07291799 0.621958 0.07291799 0.102366 0.213145 0.102366 0.065319 0.612007 -0.07919198 0.093333 0.223096 -0.107206 0.095272 0.621958 -0.03946298 0.132847 0.2231 -0.05502694 0.103122 0.621958 0 0.1447679 0.213145 0 -0.00980997 0.612007 -0.1021839 -0.00980997 0.223096 -0.141803 0.03983598 0.612004 -0.09617298 0.07291799 0.621958 -0.07291799 0.102366 0.213145 -0.102366 0.05502694 0.2231 -0.132847 -0.107206 0.223096 -0.093333 -0.07919198 0.612007 -0.065319 -0.03946298 0.621958 -0.095272 -0.05502694 0.2231 -0.132847 0 0.621958 -0.103122 0 0.213145 -0.1447679 -0.102366 0.213145 -0.102366 -0.07291799 0.621958 -0.07291799 -0.1021839 0.612007 0.00980997 -0.141803 0.223096 0.00980997 -0.095272 0.621958 -0.03946298 -0.132847 0.2231 -0.05502694 -0.065319 0.612007 0.07919198 -0.093333 0.223096 0.107206 -0.095272 0.621958 0.03946298 -0.132847 0.2231 0.05502694 -0.103122 0.621958 0 -0.1447679 0.213145 0 0 0.621958 0.103122 0 0.213145 0.1447679 -0.03946298 0.621958 0.095272 -0.05502694 0.2231 0.132847 -0.07291799 0.621958 0.07291799 -0.102366 0.213145 0.102366 -0.03750795 0.611383 -0.09055197 -0.05269795 0.222479 -0.127225 0.05269795 0.222479 0.127225 0.03750795 0.611383 0.09055197 -0.03750795 0.611383 0.09055197 -0.05269795 0.222479 0.127225 0.05269795 0.222479 -0.127225 0.03750795 0.611383 -0.09055197 0.09055197 0.611383 -0.03750795 0.127225 0.222479 -0.05269795 -0.09055197 0.611383 0.03750795 -0.127225 0.222479 0.05269795 0.09055197 0.611383 0.03750795 0.127225 0.222479 0.05269795 -0.09055197 0.611383 -0.03750795 -0.127225 0.222479 -0.05269795 0.008644998 0.61141 0.09632897 0.008644998 0.222499 0.135947 0.062002 0.61141 0.07422798 0.090016 0.222499 0.102242 0.09632897 0.61141 0.008644998 0.135947 0.222499 0.008644998 0.07422798 0.61141 0.062002 0.102242 0.222499 0.090016 0.07422798 0.61141 -0.062002 0.102242 0.222499 -0.090016 0.09632897 0.61141 -0.008644998 0.135947 0.222499 -0.008644998 0.008644998 0.61141 -0.09632897 0.008644998 0.222499 -0.135947 0.062002 0.61141 -0.07422798 0.090016 0.222499 -0.102242 -0.090016 0.222499 -0.102242 -0.062002 0.61141 -0.07422798 -0.008644998 0.61141 -0.09632897 -0.008644998 0.222499 -0.135947 -0.102242 0.222499 -0.090016 -0.07422798 0.61141 -0.062002 -0.09632897 0.61141 -0.008644998 -0.135947 0.222499 -0.008644998 -0.07422798 0.61141 0.062002 -0.102242 0.222499 0.090016 -0.09632897 0.61141 0.008644998 -0.135947 0.222499 0.008644998 -0.008644998 0.61141 0.09632897 -0.008644998 0.222499 0.135947 -0.062002 0.61141 0.07422798 -0.090016 0.222499 0.102242 0.07288795 0.685793 -0.07288795 0.07288795 0.66523 -0.07288795 0.07493197 0.679275 -0.07493197 0.07493197 0.671748 -0.07493197 -0.07288795 0.685793 0.07288795 -0.07288795 0.66523 0.07288795 -0.07493197 0.679275 0.07493197 -0.07493197 0.671748 0.07493197 0.103079 0.685793 0 0.103079 0.66523 0 0.10597 0.679275 0 0.10597 0.671748 0 -0.095232 0.685793 -0.03944694 -0.095232 0.66523 -0.03944694 -0.09790396 0.679275 -0.04055297 -0.09790396 0.671748 -0.04055297 -0.07288795 0.685793 -0.07288795 -0.07288795 0.66523 -0.07288795 -0.07493197 0.679275 -0.07493197 -0.07493197 0.671748 -0.07493197 0.03944694 0.66523 -0.095232 0.03944694 0.685793 -0.095232 0.04055297 0.671748 -0.09790396 0.04055297 0.679275 -0.09790396 0.095232 0.685793 -0.03944694 0.095232 0.66523 -0.03944694 0.09790396 0.679275 -0.04055297 0.09790396 0.671748 -0.04055297 -0.103079 0.685793 0 -0.103079 0.66523 0 -0.10597 0.679275 0 -0.10597 0.671748 0 0.07288795 0.685793 0.07288795 0.07288795 0.66523 0.07288795 0.07493197 0.679275 0.07493197 0.07493197 0.671748 0.07493197 0 0.66523 0.103079 0 0.685793 0.103079 0 0.671748 0.10597 0 0.679275 0.10597 0.03944694 0.685793 0.095232 0.03944694 0.66523 0.095232 0.04055297 0.679275 0.09790396 0.04055297 0.671748 0.09790396 -0.03944694 0.66523 -0.095232 -0.03944694 0.685793 -0.095232 -0.04055297 0.671748 -0.09790396 -0.04055297 0.679275 -0.09790396 0.095232 0.685793 0.03944694 0.095232 0.66523 0.03944694 0.09790396 0.679275 0.04055297 0.09790396 0.671748 0.04055297 -0.095232 0.685793 0.03944694 -0.095232 0.66523 0.03944694 -0.09790396 0.679275 0.04055297 -0.09790396 0.671748 0.04055297 0 0.685793 -0.103079 0 0.66523 -0.103079 0 0.679275 -0.10597 0 0.671748 -0.10597 -0.03944694 0.685793 0.095232 -0.03944694 0.66523 0.095232 -0.04055297 0.679275 0.09790396 -0.04055297 0.671748 0.09790396 0.05760598 0.807136 -0.05760598 0.05760598 0.72363 -0.05760598 0.052549 0.78798 -0.052549 0.05077397 0.765383 -0.05077296 0.052549 0.742787 -0.052549 0.03117597 0.72363 -0.075266 0.03117597 0.807136 -0.075266 0.02843898 0.742787 -0.068659 0.02747797 0.765383 -0.06633895 0.02843898 0.78798 -0.068659 -0.05760598 0.72363 0.05760598 -0.05760598 0.807136 0.05760598 -0.052549 0.742787 0.052549 -0.05077296 0.765383 0.05077397 -0.052549 0.78798 0.052549 0.075266 0.72363 -0.03117597 0.075266 0.807136 -0.03117597 0.068659 0.742787 -0.02843898 0.06633895 0.765383 -0.02747797 0.068659 0.78798 -0.02843898 -0.075266 0.807136 0.03117597 -0.075266 0.72363 0.03117597 -0.068659 0.78798 0.02843898 -0.06633895 0.765383 0.02747797 -0.068659 0.742787 0.02843898 0.08146798 0.72363 0 0.08146798 0.807136 0 0.07431596 0.742787 0 0.071805 0.765383 0 0.07431596 0.78798 0 -0.08146798 0.72363 0 -0.08146798 0.807136 0 -0.07431596 0.742787 0 -0.071805 0.765383 0 -0.07431596 0.78798 0 0.075266 0.72363 0.03117597 0.075266 0.807136 0.03117597 0.068659 0.742787 0.02843898 0.06633895 0.765383 0.02747797 0.068659 0.78798 0.02843898 -0.075266 0.807136 -0.03117597 -0.075266 0.72363 -0.03117597 -0.068659 0.78798 -0.02843898 -0.06633895 0.765383 -0.02747797 -0.068659 0.742787 -0.02843898 0.05760598 0.807136 0.05760598 0.05760598 0.72363 0.05760598 0.052549 0.78798 0.052549 0.05077296 0.765383 0.05077397 0.052549 0.742787 0.052549 -0.05760598 0.72363 -0.05760598 -0.05760598 0.807136 -0.05760598 -0.052549 0.742787 -0.052549 -0.05077296 0.765383 -0.05077397 -0.052549 0.78798 -0.052549 0.03117597 0.807136 0.075266 0.03117597 0.72363 0.075266 0.02843898 0.78798 0.068659 0.02747797 0.765383 0.06633895 0.02843898 0.742787 0.068659 0 0.807136 -0.08146798 0 0.72363 -0.08146798 0 0.78798 -0.07431596 0 0.765383 -0.071805 0 0.742787 -0.07431596 -0.03117597 0.807136 -0.075266 -0.03117597 0.72363 -0.075266 -0.02843898 0.78798 -0.068659 -0.02747797 0.765383 -0.06633895 -0.02843898 0.742787 -0.068659 -0.03117597 0.807136 0.075266 -0.03117597 0.72363 0.075266 -0.02843898 0.78798 0.068659 -0.02747797 0.765383 0.06633895 -0.02843898 0.742787 0.068659 0 0.72363 0.08146798 0 0.807136 0.08146798 0 0.742787 0.07431596 0 0.765383 0.071805 0 0.78798 0.07431596 0.02920997 0.883173 -0.07051998 0.03451395 0.869579 -0.08332496 0.03123998 0.882138 -0.07541996 0.03296095 0.879191 -0.079575 0.03411096 0.874781 -0.08234995 0 0.869579 -0.09018999 0 0.883173 -0.07633 0 0.874781 -0.08913499 0 0.879191 -0.08613097 0 0.882138 -0.08163398 0.05397397 0.883173 -0.05397397 0.06377398 0.869579 -0.06377398 0.05772399 0.882138 -0.05772399 0.06090396 0.879191 -0.06090396 0.06302797 0.874781 -0.06302797 -0.03451395 0.869579 -0.08332496 -0.02920997 0.883173 -0.07051998 -0.03411096 0.874781 -0.08234995 -0.03296095 0.879191 -0.079575 -0.03123998 0.882138 -0.07541996 -0.06377398 0.869579 -0.06377398 -0.05397397 0.883173 -0.05397397 -0.06302797 0.874781 -0.06302797 -0.06090396 0.879191 -0.06090396 -0.05772399 0.882138 -0.05772399 -0.08332496 0.869579 -0.03451395 -0.07051998 0.883173 -0.02920997 -0.08234995 0.874781 -0.03411096 -0.079575 0.879191 -0.03296095 -0.07541996 0.882138 -0.03123998 -0.09018999 0.869579 0 -0.07633 0.883173 0 -0.08913499 0.874781 0 -0.08613097 0.879191 0 -0.08163398 0.882138 0 -0.08332496 0.869579 0.03451395 -0.07051998 0.883173 0.02920997 -0.08234995 0.874781 0.03411096 -0.079575 0.879191 0.03296095 -0.07541996 0.882138 0.03123998 -0.06377398 0.869579 0.06377398 -0.05397397 0.883173 0.05397397 -0.06302797 0.874781 0.06302797 -0.06090396 0.879191 0.06090396 -0.05772399 0.882138 0.05772399 -0.03451395 0.869579 0.08332496 -0.02920997 0.883173 0.07051998 -0.03411096 0.874781 0.08234995 -0.03296095 0.879191 0.079575 -0.03123998 0.882138 0.07541996 0 0.869579 0.09018999 0 0.883173 0.07633 0 0.874781 0.08913499 0 0.879191 0.08613097 0 0.882138 0.08163398 0.03451395 0.869579 0.08332496 0.02920997 0.883173 0.07051998 0.03411096 0.874781 0.08234995 0.03296095 0.879191 0.079575 0.03123998 0.882138 0.07541996 0.06377398 0.869579 0.06377398 0.05397397 0.883173 0.05397397 0.06302797 0.874781 0.06302797 0.06090396 0.879191 0.06090396 0.05772399 0.882138 0.05772399 0.08332496 0.869579 0.03451395 0.07051998 0.883173 0.02920997 0.08234995 0.874781 0.03411096 0.079575 0.879191 0.03296095 0.07541996 0.882138 0.03123998 0.09018999 0.869579 0 0.07633 0.883173 0 0.08913499 0.874781 0 0.08613097 0.879191 0 0.08163398 0.882138 0 0.08332496 0.869579 -0.03451395 0.07051998 0.883173 -0.02920997 0.08234995 0.874781 -0.03411096 0.079575 0.879191 -0.03296095 0.07541996 0.882138 -0.03123998 0.02547997 0.923647 -0.06151497 0.02569597 0.923093 -0.06203699 0.02563095 0.923485 -0.06187999 0 0.923093 -0.06714797 0 0.923647 -0.06658297 0 0.923485 -0.06697797 -0.02569597 0.923093 -0.06203699 -0.02547997 0.923647 -0.06151497 -0.02563095 0.923485 -0.06187999 -0.047481 0.923093 -0.047481 -0.04708099 0.923647 -0.04708099 -0.04736095 0.923485 -0.04736095 -0.06203699 0.923093 -0.02569597 -0.06151497 0.923647 -0.02547997 -0.06187999 0.923485 -0.02563095 -0.06714797 0.923093 0 -0.06658297 0.923647 0 -0.06697797 0.923485 0 -0.06203699 0.923093 0.02569597 -0.06151497 0.923647 0.02547997 -0.06187999 0.923485 0.02563095 -0.047481 0.923093 0.047481 -0.04708099 0.923647 0.04708099 -0.04736095 0.923485 0.04736095 -0.02569597 0.923093 0.06203699 -0.02547997 0.923647 0.06151497 -0.02563095 0.923485 0.06187999 0 0.923093 0.06714797 0 0.923647 0.06658297 0 0.923485 0.06697797 0.02569597 0.923093 0.06203699 0.02547997 0.923647 0.06151497 0.02563095 0.923485 0.06187999 0.047481 0.923093 0.047481 0.04708099 0.923647 0.04708099 0.04736095 0.923485 0.04736095 0.06203699 0.923093 0.02569597 0.06151497 0.923647 0.02547997 0.06187999 0.923485 0.02563095 0.06714797 0.923093 0 0.06658297 0.923647 0 0.06697797 0.923485 0 0.06203699 0.923093 -0.02569597 0.06151497 0.923647 -0.02547997 0.06187999 0.923485 -0.02563095 0.04708099 0.923647 -0.04708099 0.047481 0.923093 -0.047481 0.04736095 0.923485 -0.04736095 -0.007845997 0.931647 0.060938 0.02391695 0.923647 0.05774199 0.04863798 0.931647 0.03754198 -0.007845997 1.8022 0.060938 0.02391695 1.8102 0.05774199 0.04863798 1.8022 0.03754198 0.04419398 0.923647 0.04419398 0.05774199 0.923647 0.02391695 0.060938 0.931647 -0.007845997 0.04419398 1.8102 0.04419398 0.05774199 1.8102 0.02391695 0.060938 1.8022 -0.007845997 0.06249898 0.923647 0 0.05774199 0.923647 -0.02391695 0.03754198 0.931647 -0.04863798 0.06249898 1.8102 0 0.05774199 1.8102 -0.02391695 0.03754198 1.8022 -0.04863798 0.02391695 0.923647 -0.05774199 -0.007845997 0.931647 -0.060938 0.04419398 0.923647 -0.04419398 0.02391695 1.8102 -0.05774199 -0.007845997 1.8022 -0.060938 0.04419398 1.8102 -0.04419398 0 0.923647 -0.06249898 -0.02391695 0.923647 -0.05774199 -0.04863798 0.931647 -0.03754198 0 1.8102 -0.06249898 -0.02391695 1.8102 -0.05774199 -0.04863798 1.8022 -0.03754198 -0.04419398 0.923647 -0.04419398 -0.05774199 0.923647 -0.02391695 -0.060938 0.931647 0.007845997 -0.04419398 1.8102 -0.04419398 -0.05774199 1.8102 -0.02391695 -0.060938 1.8022 0.007845997 -0.06249898 0.923647 0 -0.05774199 0.923647 0.02391695 -0.03754198 0.931647 0.04863798 -0.06249898 1.8102 0 -0.05774199 1.8102 0.02391695 -0.03754198 1.8022 0.04863798 -0.04419398 0.923647 0.04419398 -0.02391695 0.923647 0.05774199 0 0.923647 0.06249898 -0.04419398 1.8102 0.04419398 -0.02391695 1.8102 0.05774199 0 1.8102 0.06249898 0.05576598 1.8022 0.023099 0.05576598 0.931647 0.023099 -0.05576598 0.931647 0.023099 -0.05576598 1.8022 0.023099 0.05576598 0.931647 -0.023099 0.05576598 1.8022 -0.023099 0.023099 1.8022 -0.05576598 0.023099 0.931647 -0.05576598 -0.023099 0.931647 0.05576598 -0.023099 1.8022 0.05576598 -0.023099 0.931647 -0.05576598 -0.023099 1.8022 -0.05576598 0.023099 0.931647 0.05576598 0.023099 1.8022 0.05576598 -0.05576598 0.931647 -0.023099 -0.05576598 1.8022 -0.023099 0.007428944 0.931647 0.05884099 0.036354 0.931647 0.04685997 0.007428944 1.8022 0.05884099 0.036354 1.8022 0.04685997 0.04685997 0.931647 0.036354 0.05884099 0.931647 0.007428944 0.04685997 1.8022 0.036354 0.05884099 1.8022 0.007428944 0.05884099 0.931647 -0.007428944 0.04685997 0.931647 -0.036354 0.05884099 1.8022 -0.007428944 0.04685997 1.8022 -0.036354 0.007428944 0.931647 -0.05884099 0.036354 0.931647 -0.04685997 0.007428944 1.8022 -0.05884099 0.036354 1.8022 -0.04685997 -0.007428944 0.931647 -0.05884099 -0.036354 0.931647 -0.04685997 -0.007428944 1.8022 -0.05884099 -0.036354 1.8022 -0.04685997 -0.04685997 0.931647 -0.036354 -0.05884099 0.931647 -0.007428944 -0.04685997 1.8022 -0.036354 -0.05884099 1.8022 -0.007428944 -0.05884099 0.931647 0.007428944 -0.04685997 0.931647 0.036354 -0.05884099 1.8022 0.007428944 -0.04685997 1.8022 0.036354 -0.036354 0.931647 0.04685997 -0.007428944 0.931647 0.05884099 -0.036354 1.8022 0.04685997 -0.007428944 1.8022 0.05884099 0.03271496 1.876471 -0.07898098 0.03147798 1.873302 -0.07599598 0.03262096 1.875258 -0.078754 0.03235298 1.87423 -0.07810699 0.03195196 1.873543 -0.077138 0 1.873302 -0.08225697 0 1.876471 -0.08548796 0 1.873543 -0.083494 0 1.87423 -0.08454197 0 1.875258 -0.08524197 0.060449 1.876471 -0.060449 0.05816495 1.873302 -0.05816495 0.06027495 1.875258 -0.06027495 0.05978 1.87423 -0.05978 0.05903899 1.873543 -0.05903899 -0.03147798 1.873302 -0.07599598 -0.03271496 1.876471 -0.07898098 -0.03195196 1.873543 -0.077138 -0.03235298 1.87423 -0.07810699 -0.03262096 1.875258 -0.078754 -0.05816495 1.873302 -0.05816495 -0.060449 1.876471 -0.060449 -0.05903899 1.873543 -0.05903899 -0.05978 1.87423 -0.05978 -0.06027495 1.875258 -0.06027495 -0.07599598 1.873302 -0.03147798 -0.07898098 1.876471 -0.03271496 -0.077138 1.873543 -0.03195196 -0.07810699 1.87423 -0.03235298 -0.078754 1.875258 -0.03262096 -0.08225697 1.873302 0 -0.08548796 1.876471 0 -0.083494 1.873543 0 -0.08454197 1.87423 0 -0.08524197 1.875258 0 -0.07599598 1.873302 0.03147798 -0.07898098 1.876471 0.03271496 -0.077138 1.873543 0.03195196 -0.07810699 1.87423 0.03235298 -0.078754 1.875258 0.03262096 -0.05816495 1.873302 0.05816495 -0.060449 1.876471 0.060449 -0.05903899 1.873543 0.05903899 -0.05978 1.87423 0.05978 -0.06027495 1.875258 0.06027495 -0.03147798 1.873302 0.07599598 -0.03271496 1.876471 0.07898098 -0.03195196 1.873543 0.077138 -0.03235298 1.87423 0.07810699 -0.03262096 1.875258 0.078754 0 1.873302 0.08225697 0 1.876471 0.08548796 0 1.873543 0.083494 0 1.87423 0.08454197 0 1.875258 0.08524197 0.03147798 1.873302 0.07599598 0.03271496 1.876471 0.07898098 0.03195196 1.873543 0.077138 0.03235298 1.87423 0.07810699 0.03262096 1.875258 0.078754 0.05816495 1.873302 0.05816495 0.060449 1.876471 0.060449 0.05903899 1.873543 0.05903899 0.05978 1.87423 0.05978 0.06027495 1.875258 0.06027495 0.07599598 1.873302 0.03147798 0.07898098 1.876471 0.03271496 0.077138 1.873543 0.03195196 0.07810699 1.87423 0.03235298 0.078754 1.875258 0.03262096 0.08225697 1.873302 0 0.08548796 1.876471 0 0.083494 1.873543 0 0.08454197 1.87423 0 0.08524197 1.875258 0 0.07599598 1.873302 -0.03147798 0.07898098 1.876471 -0.03271496 0.077138 1.873543 -0.03195196 0.07810699 1.87423 -0.03235298 0.078754 1.875258 -0.03262096 0.03147798 1.909251 -0.07599598 0.03271496 1.906081 -0.07898098 0.03195196 1.909009 -0.077138 0.03235298 1.908322 -0.07810699 0.03262096 1.907294 -0.078754 0 1.906081 -0.08548796 0 1.909251 -0.08225697 0 1.907294 -0.08524197 0 1.908322 -0.08454197 0 1.909009 -0.083494 0.05816495 1.909251 -0.05816495 0.060449 1.906081 -0.060449 0.05903899 1.909009 -0.05903899 0.05978 1.908322 -0.05978 0.06027495 1.907294 -0.06027495 -0.03271496 1.906081 -0.07898098 -0.03147798 1.909251 -0.07599598 -0.03262096 1.907294 -0.078754 -0.03235298 1.908322 -0.07810699 -0.03195196 1.909009 -0.077138 -0.060449 1.906081 -0.060449 -0.05816495 1.909251 -0.05816495 -0.06027495 1.907294 -0.06027495 -0.05978 1.908322 -0.05978 -0.05903899 1.909009 -0.05903899 -0.07898098 1.906081 -0.03271496 -0.07599598 1.909251 -0.03147798 -0.078754 1.907294 -0.03262096 -0.07810699 1.908322 -0.03235298 -0.077138 1.909009 -0.03195196 -0.08548796 1.906081 0 -0.08225697 1.909251 0 -0.08524197 1.907294 0 -0.08454197 1.908322 0 -0.083494 1.909009 0 -0.07898098 1.906081 0.03271496 -0.07599598 1.909251 0.03147798 -0.078754 1.907294 0.03262096 -0.07810699 1.908322 0.03235298 -0.077138 1.909009 0.03195196 -0.060449 1.906081 0.060449 -0.05816495 1.909251 0.05816495 -0.06027495 1.907294 0.06027495 -0.05978 1.908322 0.05978 -0.05903899 1.909009 0.05903899 -0.03271496 1.906081 0.07898098 -0.03147798 1.909251 0.07599598 -0.03262096 1.907294 0.078754 -0.03235298 1.908322 0.07810699 -0.03195196 1.909009 0.077138 0 1.906081 0.08548796 0 1.909251 0.08225697 0 1.907294 0.08524197 0 1.908322 0.08454197 0 1.909009 0.083494 0.03271496 1.906081 0.07898098 0.03147798 1.909251 0.07599598 0.03262096 1.907294 0.078754 0.03235298 1.908322 0.07810699 0.03195196 1.909009 0.077138 0.060449 1.906081 0.060449 0.05816495 1.909251 0.05816495 0.06027495 1.907294 0.06027495 0.05978 1.908322 0.05978 0.05903899 1.909009 0.05903899 0.07898098 1.906081 0.03271496 0.07599598 1.909251 0.03147798 0.078754 1.907294 0.03262096 0.07810699 1.908322 0.03235298 0.077138 1.909009 0.03195196 0.08548796 1.906081 0 0.08225697 1.909251 0 0.08524197 1.907294 0 0.08454197 1.908322 0 0.083494 1.909009 0 0.07898098 1.906081 -0.03271496 0.07599598 1.909251 -0.03147798 0.078754 1.907294 -0.03262096 0.07810699 1.908322 -0.03235298 0.077138 1.909009 -0.03195196 0.02651196 1.920025 -0.06400495 0.027435 1.911621 -0.06623297 0.02697294 1.917483 -0.06511896 0.02731096 1.914407 -0.06593495 0 1.911621 -0.07168996 0 1.920025 -0.06927895 0 1.914407 -0.07136696 0 1.917483 -0.07048499 0.04898798 1.920025 -0.04898798 0.05069297 1.911621 -0.05069297 0.04983997 1.917483 -0.04983997 0.05046397 1.914407 -0.05046397 -0.027435 1.911621 -0.06623297 -0.02651196 1.920025 -0.06400597 -0.02731096 1.914407 -0.06593495 -0.02697294 1.917483 -0.06511896 -0.05069297 1.911621 -0.05069297 -0.04898798 1.920025 -0.04898798 -0.05046397 1.914407 -0.05046397 -0.04983997 1.917483 -0.04983997 -0.06623297 1.911621 -0.027435 -0.06400495 1.920025 -0.02651196 -0.06593495 1.914407 -0.02731096 -0.06511896 1.917483 -0.02697294 -0.07168996 1.911621 0 -0.06927895 1.920025 0 -0.07136696 1.914407 0 -0.07048499 1.917483 0 -0.06623297 1.911621 0.027435 -0.06400597 1.920025 0.02651196 -0.06593495 1.914407 0.02731096 -0.06511896 1.917483 0.02697294 -0.05069297 1.911621 0.05069297 -0.04898798 1.920025 0.04898798 -0.05046397 1.914407 0.05046397 -0.04983997 1.917483 0.04983997 -0.027435 1.911621 0.06623297 -0.02651196 1.920025 0.06400597 -0.02731096 1.914407 0.06593495 -0.02697294 1.917483 0.06511896 0 1.911621 0.07168996 0 1.920025 0.06927895 0 1.914407 0.07136696 0 1.917483 0.07048499 0.027435 1.911621 0.06623297 0.02651196 1.920025 0.06400597 0.02731096 1.914407 0.06593495 0.02697294 1.917483 0.06511896 0.05069297 1.911621 0.05069297 0.04898798 1.920025 0.04898798 0.05046397 1.914407 0.05046397 0.04983997 1.917483 0.04983997 0.06623297 1.911621 0.027435 0.06400597 1.920025 0.02651196 0.06593495 1.914407 0.02731096 0.06511896 1.917483 0.02697294 0.07168996 1.911621 0 0.06927895 1.920025 0 0.07136696 1.914407 0 0.07048499 1.917483 0 0.06623297 1.911621 -0.027435 0.06400597 1.920025 -0.02651196 0.06593495 1.914407 -0.02731096 0.06511896 1.917483 -0.02697294 -0.006865978 1.9529 0.04447299 0.017542 1.9459 0.04234999 0.03630197 1.9529 0.02659296 -0.006865978 2.612269 0.04447299 0.017542 2.619269 0.04234999 0.03630197 2.612269 0.02659296 0.03241294 1.9459 0.03241294 0.04234898 1.9459 0.017542 0.04447299 1.9529 -0.006864964 0.03241294 2.619269 0.03241294 0.04234898 2.619269 0.017542 0.04447299 2.612269 -0.006864964 0.04583895 1.9459 0 0.04234999 1.9459 -0.017542 0.02659296 1.9529 -0.03630197 0.04583895 2.619269 0 0.04234999 2.619269 -0.017542 0.02659296 2.612269 -0.03630197 0.017542 1.9459 -0.04234898 -0.006864964 1.9529 -0.04447299 0.03241294 1.9459 -0.03241294 0.017542 2.619269 -0.04234898 -0.006864964 2.612269 -0.04447299 0.03241294 2.619269 -0.03241294 0 1.9459 -0.04583895 -0.017542 1.9459 -0.04234898 -0.03630197 1.9529 -0.02659296 0 2.619269 -0.04583895 -0.017542 2.619269 -0.04234898 -0.03630197 2.612269 -0.02659296 -0.03241294 1.9459 -0.03241294 -0.04234898 1.9459 -0.017542 -0.04447299 1.9529 0.006864964 -0.03241294 2.619269 -0.03241294 -0.04234898 2.619269 -0.017542 -0.04447299 2.612269 0.006864964 -0.04583895 1.9459 0 -0.04234898 1.9459 0.017542 -0.02659296 1.9529 0.03630197 -0.04583895 2.619269 0 -0.04234898 2.619269 0.017542 -0.02659296 2.612269 0.03630197 -0.03241294 1.9459 0.03241294 -0.017542 1.9459 0.04234999 0 1.9459 0.04583895 -0.03241294 2.619269 0.03241294 -0.017542 2.619269 0.04234999 0 2.619269 0.04583895 0.01629894 1.9529 0.03934895 0.01629894 2.612269 0.03934895 -0.01629894 2.612269 -0.03934895 -0.01629894 1.9529 -0.03934895 -0.03934895 1.9529 -0.01629894 -0.03934895 2.612269 -0.01629894 0.03934895 1.9529 0.01629894 0.03934895 2.612269 0.01629894 -0.03934895 1.9529 0.01629894 -0.03934895 2.612269 0.01629894 0.03934895 1.9529 -0.01629894 0.03934895 2.612269 -0.01629894 0.01629894 2.612269 -0.03934895 0.01629894 1.9529 -0.03934895 -0.01629894 1.9529 0.03934895 -0.01629894 2.612269 0.03934895 0.006231963 1.9529 0.04128795 0.02478796 1.9529 0.03360199 0.006231963 2.612269 0.04128795 0.02478796 2.612269 0.03360199 0.03360199 1.9529 0.02478796 0.04128795 1.9529 0.006231963 0.03360199 2.612269 0.02478796 0.04128795 2.612269 0.006231963 0.04128795 1.9529 -0.006231963 0.03360199 1.9529 -0.02478796 0.04128795 2.612269 -0.006231963 0.03360199 2.612269 -0.02478796 0.006231963 1.9529 -0.04128795 0.02478796 1.9529 -0.03360199 0.006231963 2.612269 -0.04128795 0.02478796 2.612269 -0.03360199 -0.006231963 1.9529 -0.04128795 -0.02478796 1.9529 -0.03360199 -0.006231963 2.612269 -0.04128795 -0.02478796 2.612269 -0.03360199 -0.03360199 1.9529 -0.02478796 -0.04128795 1.9529 -0.006231963 -0.03360199 2.612269 -0.02478796 -0.04128795 2.612269 -0.006231963 -0.04128795 1.9529 0.006231963 -0.03360199 1.9529 0.02478796 -0.04128795 2.612269 0.006231963 -0.03360199 2.612269 0.02478796 -0.02478796 1.9529 0.03360199 -0.006231963 1.9529 0.04128795 -0.02478796 2.612269 0.03360199 -0.006231963 2.612269 0.04128795 0.01993495 2.620931 -0.04812794 0.01928699 2.619269 -0.04656195 0.01984798 2.6201 -0.04791796 0.019611 2.619492 -0.04734498 0 2.619269 -0.050399 0 2.620931 -0.05209296 0 2.619492 -0.05124598 0 2.6201 -0.05186599 0.03683596 2.620931 -0.03683596 0.03563696 2.619269 -0.03563696 0.03667497 2.6201 -0.03667497 0.03623598 2.619492 -0.03623598 -0.01928699 2.619269 -0.04656195 -0.01993495 2.620931 -0.04812794 -0.019611 2.619492 -0.04734498 -0.01984798 2.6201 -0.04791796 -0.03563696 2.619269 -0.03563696 -0.03683596 2.620931 -0.03683596 -0.03623598 2.619492 -0.03623598 -0.03667497 2.6201 -0.03667497 -0.04656195 2.619269 -0.01928699 -0.04812794 2.620931 -0.01993495 -0.04734498 2.619492 -0.019611 -0.04791796 2.6201 -0.01984798 -0.050399 2.619269 0 -0.05209296 2.620931 0 -0.05124598 2.619492 0 -0.05186599 2.6201 0 -0.04656195 2.619269 0.01928699 -0.04812794 2.620931 0.01993495 -0.04734498 2.619492 0.019611 -0.04791796 2.6201 0.01984798 -0.03563696 2.619269 0.03563696 -0.03683596 2.620931 0.03683596 -0.03623598 2.619492 0.03623598 -0.03667497 2.6201 0.03667497 -0.01928699 2.619269 0.04656195 -0.01993495 2.620931 0.04812794 -0.019611 2.619492 0.04734498 -0.01984798 2.6201 0.04791796 0 2.619269 0.050399 0 2.620931 0.05209296 0 2.619492 0.05124598 0 2.6201 0.05186599 0.01928699 2.619269 0.04656195 0.01993495 2.620931 0.04812794 0.019611 2.619492 0.04734498 0.01984798 2.6201 0.04791796 0.03563696 2.619269 0.03563696 0.03683596 2.620931 0.03683596 0.03623598 2.619492 0.03623598 0.03667497 2.6201 0.03667497 0.04656195 2.619269 0.01928699 0.04812794 2.620931 0.01993495 0.04734498 2.619492 0.019611 0.04791796 2.6201 0.01984798 0.050399 2.619269 0 0.05209296 2.620931 0 0.05124598 2.619492 0 0.05186599 2.6201 0 0.04656195 2.619269 -0.01928699 0.04812794 2.620931 -0.01993495 0.04734498 2.619492 -0.019611 0.04791796 2.6201 -0.01984798 0.009308993 2.789363 -0.02247297 0 2.789363 -0.02432399 0.01719999 2.789363 -0.01719999 -0.00930798 2.789363 -0.02247297 -0.01719999 2.789363 -0.01719999 -0.02247297 2.789363 -0.009308993 -0.02432399 2.789363 0 -0.02247297 2.789363 0.00930798 -0.01719999 2.789363 0.01719999 -0.00930798 2.789363 0.02247297 0 2.789363 0.02432399 0.00930798 2.789363 0.02247297 0.01719999 2.789363 0.01719999 0.02247297 2.789363 0.009308993 0.02432399 2.789363 0 0.02247297 2.789363 -0.00930798 0.009308993 2.766046 -0.02247297 0 2.766046 -0.02432399 0.01719999 2.766046 -0.01719999 -0.00930798 2.766046 -0.02247297 -0.01719999 2.766046 -0.01719999 -0.02247297 2.766046 -0.009308993 -0.02432399 2.766046 0 -0.02247297 2.766046 0.00930798 -0.01719999 2.766046 0.01719999 -0.00930798 2.766046 0.02247297 0 2.766046 0.02432399 0.00930798 2.766046 0.02247297 0.01719999 2.766046 0.01719999 0.02247297 2.766046 0.009308993 0.02432399 2.766046 0 0.02247297 2.766046 -0.00930798</float_array>
          <technique_common>
            <accessor source="#Lamp_Цилиндр_002-mesh-positions-array" count="2164" stride="3">
              <param name="X" type="float"/>
              <param name="Y" type="float"/>
              <param name="Z" type="float"/>
            </accessor>
          </technique_common>
        </source>
        <source id="Lamp_Цилиндр_002-mesh-normals">
          <float_array id="Lamp_Цилиндр_002-mesh-normals-array" count="10500">0.005554914 -0.9999693 0.005542874 0.005555033 -0.9999691 -0.005570113 0.005555152 -0.9999691 -0.005565822 -0.9972186 -0.07453233 0 -0.9972186 -0.07453423 0 -0.9972187 -0.07453221 0 0 -0.07454109 0.997218 0 -0.07453036 0.9972187 0 -0.0745418 0.997218 -0.005555033 -0.9999693 -0.005544126 -0.005554914 -0.9999693 -0.005542874 0.9998825 0.01533317 0 0.9998825 0.01533514 0 0.9998825 0.01533526 0 0 0.01533353 -0.9998825 0 0.01533442 -0.9998825 0 0.01533448 -0.9998825 -0.005555033 -0.9999691 0.005570113 -0.005555152 -0.9999691 0.005565822 -0.9998825 0.01533317 0 -0.9998825 0.01533514 0 -0.9998825 0.01533526 0 0 -1 0 0 0.01533353 0.9998825 0 0.01533442 0.9998825 0 0.01533448 0.9998825 0.005555033 -0.9999693 0.005544126 0 -0.07454109 -0.997218 0 -0.07453036 -0.9972187 0 -0.0745418 -0.997218 0.9972186 -0.07453233 0 0.9972186 -0.07453423 0 0.9972187 -0.07453221 0 0 -0.7413371 -0.6711329 0 -0.6980341 -0.7160646 0 -0.7414367 -0.6710228 0.6710535 -0.741409 0 0.7161515 -0.6979449 0 0.6710557 -0.741407 0 0.7900441 -0.6130501 0 0.7161475 -0.697949 0 0.7900432 -0.6130512 0 0 -0.6130406 -0.7900515 0 -0.6979054 -0.71619 0 -0.6130682 -0.79003 0 -0.6130406 0.7900515 0 -0.6979054 0.71619 0 -0.6130682 0.79003 0 -0.7413371 0.6711329 0 -0.6980341 0.7160646 0 -0.7414367 0.6710228 -0.7900441 -0.6130501 0 -0.7161475 -0.697949 0 -0.7900432 -0.6130512 0 -0.6710535 -0.741409 0 -0.7161515 -0.6979449 0 -0.6710557 -0.741407 0 -0.8591064 -0.5117971 0 -0.8591049 -0.5117996 0 0 -0.5118095 0.8590991 0 -0.5117881 0.8591118 0 -0.5118095 -0.8590991 0 -0.5117881 -0.8591118 -0.9257943 -0.3780279 0 -0.9257941 -0.3780281 0 0 -0.3780472 -0.9257863 0 -0.3780078 -0.9258025 0.9257943 -0.3780279 0 0.8591049 -0.5117996 0 0.9257941 -0.3780281 0 0.8591064 -0.5117971 0 0 -0.3780472 0.9257863 0 -0.3780078 0.9258025 0 -0.3924381 0.9197784 0.9197829 -0.3924276 0 0.8339279 -0.5518735 0 0.9197843 -0.3924245 0 0.8339287 -0.5518723 0 0 -0.5522606 0.8336716 0 -0.3924309 0.9197816 0 -0.552336 0.8336216 0 -0.5522606 -0.8336716 0 -0.3924309 -0.9197816 0 -0.552336 -0.8336216 0 -0.3924381 -0.9197784 -0.8339279 -0.5518735 0 -0.9197843 -0.3924245 0 -0.8339287 -0.5518723 0 -0.9197829 -0.3924276 0 -0.7125911 -0.7015796 0 -0.7125931 -0.7015776 0 0 -0.7015292 -0.7126408 0 -0.7016327 -0.7125388 0 -0.7015292 0.7126408 0 -0.7016327 0.7125388 -0.5593098 -0.8289587 0 -0.5593097 -0.8289589 0 0 -0.8289695 0.5592938 0 -0.8289306 0.5593516 0.5593098 -0.8289587 0 0.7125931 -0.7015776 0 0.5593097 -0.8289589 0 0.7125911 -0.7015796 0 0 -0.8289695 -0.5592938 0 -0.8289306 -0.5593516 0.4259294 -0.9047564 0 0.4259295 -0.9047564 0 0 -0.9047581 -0.4259259 0 -0.904751 -0.4259409 -0.4259294 -0.9047564 0 -0.4259295 -0.9047564 0 0 -0.9192242 -0.3937347 -0.3937278 -0.9192272 0 -0.8603179 -0.5097579 0 -0.8603185 -0.5097571 0 -0.8603185 -0.5097571 0 0 -0.5097576 -0.8603181 0 -0.5097538 -0.8603204 0 -0.5097536 -0.8603205 0 -1 -1.65335e-5 0 -1 -4.4673e-5 0 -1 -4.37145e-5 0 -1 1.36588e-5 0 -1 1.65335e-5 -0.9835947 -0.1803928 9.17818e-6 -0.9835946 -0.1803933 -1.10373e-5 -0.9835946 -0.1803932 -9.17809e-6 -8.97483e-6 -0.1803921 -0.9835948 1.06924e-5 -0.1803942 -0.9835944 8.97474e-6 -0.1803942 -0.9835944 8.60869e-6 -0.1803902 -0.9835951 -1.06924e-5 -0.180392 -0.9835949 -0.983595 -0.1803911 9.85441e-6 -0.9835951 -0.180391 1.05197e-5 0 0.9836052 -0.1803355 0 0.9836232 -0.1802375 0 0.9836238 -0.1802346 0.9841175 0.1746112 -0.03199607 0.9841173 0.17461 -0.03201174 0.9841175 0.1746113 -0.03199577 0.07542788 0.09276676 0.9928268 -0.07480412 0.09153032 0.9929887 0.07480359 0.09152936 0.9929889 -0.09169721 0.2179248 0.9716483 -0.06533741 0.2404809 0.9684523 0.9928268 0.09276723 -0.07542622 0.9929889 0.09152966 0.07480263 0.9929889 0.09152984 -0.07480204 -0.4410526 0.8974813 0 -0.4410541 0.8974806 0 -0.4410526 0.8974813 0 0 0.8976388 -0.4407321 0 0.897607 -0.4407968 0 0.8976398 -0.4407299 0.9716488 0.2179228 -0.09169703 0.9684531 0.2404776 -0.06533789 -0.1802865 0.9836142 0 -0.180286 0.9836143 0 -0.1802859 0.9836143 0 -0.03200399 0.1746103 0.9841174 -0.03200447 0.1746113 0.9841173 -0.03200447 0.1746113 0.9841172 0.1802863 -0.9836142 0 0.1802863 -0.9836142 0 0.971649 0.2179223 0.09169667 0.9684532 0.2404774 0.06533706 -0.983595 -0.1803912 -9.85446e-6 -0.983595 -0.1803911 -1.05194e-5 -0.03200399 0.1746103 -0.9841174 -0.03200447 0.1746113 -0.9841173 -0.03200399 0.1746102 -0.9841175 -0.9835947 -0.1803929 1.10373e-5 -0.4717987 -0.8817063 0 -0.06419581 -0.9958704 -0.06419628 -0.4717985 -0.8817065 0 9.22323e-6 -0.1803923 0.9835948 -8.60869e-6 -0.1803902 0.9835951 -9.22301e-6 -0.1803901 0.9835952 0 -0.8817089 0.471794 -0.0641967 -0.9958696 0.06420612 0 -0.8817042 0.4718028 -8.97474e-6 -0.1803942 0.9835944 8.60865e-6 -0.1803926 0.9835947 0.9841175 0.1746112 0.03199607 0.9841173 0.17461 0.03201174 0.9841173 0.1746099 0.03201198 0 -0.9836058 -0.1803326 0 -0.9836291 -0.1802057 0 -0.9836294 -0.1802033 -0.09169715 0.2179195 -0.9716495 -0.07480359 0.09152936 -0.9929889 -0.06533801 0.2404739 -0.9684541 0.09169721 0.2179248 -0.9716483 0.06533741 0.2404809 -0.9684523 0.06481623 0.9957903 0.06481361 0.4729596 0.8810842 0 0.4729601 0.8810839 0 0.0648173 0.9957903 -0.06481087 0 0.8810827 -0.4729624 0 0.8810799 -0.4729675 5.77552e-4 0.9999997 5.72321e-4 5.77567e-4 0.9999997 -5.69467e-4 -0.06481623 0.9957903 -0.06481361 -0.6613886 0.7500434 0 -0.6613898 0.7500424 0 -0.6613886 0.7500435 0 0 0.7500672 0.6613616 0 0.7500326 0.661401 0 0.7500679 0.661361 0.4234607 -0.9059144 0 0.4234618 -0.905914 0 0.4234607 -0.9059146 0 0 -0.9058608 -0.4235758 0 -0.9057604 -0.4237902 0 -0.9058609 -0.4235754 -0.06076043 -0.9963015 -0.06075799 -0.06075996 -0.9963012 0.06076341 -0.06076091 -0.9963015 -0.06075775 -0.06076037 -0.9963012 0.06076288 0.06076091 -0.9963015 0.06075775 0.4982911 -0.8670098 0 0.4675052 -0.8839903 0 0.4675058 -0.88399 0 0 -0.8670035 -0.4983022 0 -0.8839924 -0.4675014 0 -0.8839809 -0.4675231 0 -0.8670135 -0.4982846 0 -0.7843533 -0.6203145 0 -0.7843591 -0.620307 0.4982903 -0.8670104 0 0.6203145 -0.7843532 0 0.6203138 -0.7843537 0 -0.4982903 -0.8670104 0 -0.6203145 -0.7843532 0 -0.6203138 -0.7843537 0 -0.4982911 -0.8670098 0 -0.4675052 -0.8839903 0 -0.4675058 -0.88399 0 0 -0.8670135 0.4982846 0 -0.7843533 0.6203145 0 -0.7843591 0.620307 0 -0.8670035 0.4983022 0 -0.8839924 0.4675014 0 -0.8839809 0.4675231 0.06076037 -0.9963012 -0.06076288 0.06075996 -0.9963012 -0.06076341 0.06076043 -0.9963015 0.06075799 0 -0.9058608 0.4235758 0 -0.9057604 0.4237902 0 -0.9058609 0.4235754 -0.4234607 -0.9059144 0 -0.4234618 -0.905914 0 -0.4234607 -0.9059146 0 0 0.7500672 -0.6613616 0 0.7500326 -0.661401 0 0.7500679 -0.661361 0.6613886 0.7500434 0 0.6613898 0.7500424 0 0.6613886 0.7500435 0 -5.77567e-4 0.9999997 5.69467e-4 -0.0648173 0.9957903 0.06481087 -5.77552e-4 0.9999997 -5.72321e-4 0 0.8810827 0.4729624 0 0.8810799 0.4729675 -0.4729596 0.8810842 0 -0.4729601 0.8810839 0 0.06533801 0.2404739 0.9684541 -0.971649 0.2179223 -0.09169667 -0.9684531 0.2404776 0.06533789 -0.9684532 0.2404774 -0.06533706 0.09169715 0.2179195 0.9716495 -0.9929889 0.09152966 -0.07480263 -0.9841175 0.1746112 -0.03199607 -0.9841173 0.17461 -0.03201174 -0.9841173 0.1746099 -0.03201198 0 -0.9836058 0.1803326 0 -0.9836291 0.1802057 0 -0.9836294 0.1802033 -8.60865e-6 -0.1803926 -0.9835947 -9.22323e-6 -0.1803923 -0.9835948 9.22301e-6 -0.1803901 -0.9835952 0 -0.8817089 -0.471794 0.0641967 -0.9958696 -0.06420612 0 -0.8817042 -0.4718028 0.9835951 -0.180391 -1.05197e-5 0.983595 -0.1803912 9.85446e-6 0.983595 -0.1803911 1.05194e-5 0.4717987 -0.8817063 0 0.06419581 -0.9958704 0.06419628 0.4717985 -0.8817065 0 0.9835947 -0.1803928 -9.17818e-6 0.9835947 -0.1803929 -1.10373e-5 0.03200399 0.1746103 0.9841174 0.03200447 0.1746113 0.9841173 0.03200399 0.1746102 0.9841175 -0.1802863 -0.9836142 0 -0.1802863 -0.9836142 0 0.03200399 0.1746103 -0.9841174 0.03200447 0.1746113 -0.9841173 0.03200447 0.1746113 -0.9841172 0.9835946 -0.1803932 9.17809e-6 0.983595 -0.1803911 -9.85441e-6 -0.9716488 0.2179228 0.09169703 -0.9929889 0.09152984 0.07480204 0.1802865 0.9836142 0 0.180286 0.9836143 0 0.1802859 0.9836143 0 -0.9928268 0.09276723 0.07542622 0.4410526 0.8974813 0 0.4410541 0.8974806 0 0.4410526 0.8974813 0 -0.07542788 0.09276676 -0.9928268 0.07480412 0.09153032 -0.9929887 0 0.8976388 0.4407321 0 0.897607 0.4407968 0 0.8976398 0.4407299 0 0.9836052 0.1803355 0 0.9836232 0.1802375 0 0.9836238 0.1802346 -0.9841175 0.1746112 0.03199607 -0.9841173 0.17461 0.03201174 -0.9841175 0.1746113 0.03199577 8.97483e-6 -0.1803921 0.9835948 -1.06924e-5 -0.1803942 0.9835944 1.06924e-5 -0.180392 0.9835949 0.9835946 -0.1803933 1.10373e-5 0 -1 4.4673e-5 0 -1 4.37145e-5 0 -1 -1.36588e-5 0.8603179 -0.5097579 0 0.8603185 -0.5097571 0 0.8603185 -0.5097571 0 0 -0.5097576 0.8603181 0 -0.5097538 0.8603204 0 -0.5097536 0.8603205 0.3937278 -0.9192272 0 0 -0.904751 0.4259409 0 -0.9192242 0.3937347 0 -0.9047581 0.4259259 -0.8105264 0.5857023 0 -0.810527 0.5857012 0 -0.8105263 0.5857023 0 0 0.5856841 -0.8105394 0 0.5857234 -0.8105111 0 0.5856813 -0.8105415 -0.1852801 0.9650597 -0.185287 -0.208486 0.9555423 0.2085005 -0.208484 0.9555476 -0.2084783 0.1852846 0.9650598 -0.1852814 0.208486 0.9555423 -0.2085005 -0.5561588 0.8310762 0 0 0.8311046 -0.5561161 -0.1852846 0.9650598 0.1852814 0.208484 0.9555476 0.2084783 0 0.8311046 0.5561161 0 0.7061517 0.7080606 0 0.8310247 0.5562358 -0.7080663 0.706146 0 -0.5561575 0.8310769 0 0 0.6134319 0.7897476 0 0.7061413 0.7080709 -0.7897275 0.6134579 0 -0.7080681 0.7061441 0 0 0.7061517 -0.7080606 0 0.8310247 -0.5562358 0 0.6134319 -0.7897476 0 0.7061413 -0.7080709 0 1 6.13812e-6 0 1 -7.74844e-6 0 1 -9.21109e-6 0 1 9.21109e-6 0 1 1.05252e-5 -1 0 0 0 0 -1 0 1 0 1 0 0 0 0 1 0 1 -6.13812e-6 0 1 7.74844e-6 0 1 -1.05252e-5 0.7897275 0.6134579 0 0.7080681 0.7061441 0 0.7080663 0.706146 0 0.5561575 0.8310769 0 0.5561588 0.8310762 0 0.1852801 0.9650597 0.185287 0.8105264 0.5857023 0 0.810527 0.5857012 0 0.8105263 0.5857023 0 0 0.5856841 0.8105394 0 0.5857234 0.8105111 0 0.5856813 0.8105415 0 -1 -1.20835e-5 0 -1 2.02638e-5 0 -1 -1.96608e-7 0 -1 1.96608e-7 0 -1 1.96739e-5 0.9897457 0.1428414 0 0.9897459 0.1428398 0 0 0.1428367 -0.9897463 0 0.1428496 -0.9897444 0 0.3161866 -0.9486971 0.9486938 0.3161964 0 0 1 5.77541e-7 0.06531804 0.9957249 -0.06531101 0 1 9.93886e-6 0.06531834 0.9957243 0.06532001 0 1 -5.77541e-7 -0.06531834 0.9957243 -0.06532001 0 0.8623166 -0.5063697 0.506367 0.8623182 0 0 0.7837696 -0.6210519 0 0.8623116 -0.5063781 0 0.7837703 -0.6210508 0.6210503 0.7837707 0 0.506368 0.8623175 0 0.6210505 0.7837705 0 -0.6210503 0.7837707 0 -0.506368 0.8623175 0 -0.6210505 0.7837705 0 -0.06531804 0.9957249 0.06531101 -0.506367 0.8623182 0 0 0.7837696 0.6210519 0 0.8623116 0.5063781 0 0.7837703 0.6210508 0 0.8623166 0.5063697 0 1 -9.93886e-6 -0.9897459 0.1428398 0 -0.9486938 0.3161964 0 -0.9897457 0.1428414 0 0 0.1428496 0.9897444 0 0.3161866 0.9486971 0 0.1428367 0.9897463 0 -1 -1.96739e-5 0 -1 -2.02638e-5 0 -1 1.20835e-5 0 0.6538996 0.7565814 0 0.6538872 0.7565921 -0.7565867 0.6538935 0 -0.7565867 0.6538935 0 0.7565867 0.6538935 0 0.7565867 0.6538935 0 0 0.512615 0.8586186 0 0.5126131 0.8586199 0.8586181 0.5126158 0 0.8586177 0.5126164 0 0 0.512615 -0.8586186 0 0.6538872 -0.7565921 0 0.5126131 -0.8586199 0 0.6538996 -0.7565814 -0.8586181 0.5126158 0 -0.8586177 0.5126164 0 0 0.3399465 -0.9404448 0 0.3399377 -0.9404481 -0.9404461 0.3399428 0 -0.9404457 0.3399442 0 0 0.3399465 0.9404448 0 0.3399377 0.9404481 0 0.1702968 0.9853929 0 0.1702936 0.9853935 -0.9853931 0.170296 0 -0.9853928 0.1702972 0 0.9853931 0.170296 0 0.9404457 0.3399442 0 0.9853928 0.1702972 0 0.9404461 0.3399428 0 0 0.1702968 -0.9853929 0 0.1702936 -0.9853935 0.9947667 0.1021732 0 0 0.1025077 -0.9947323 -0.1213012 0.9851756 -0.1213054 0.1212995 0.9851773 -0.1212938 0.1212975 0.9851773 -0.1212952 0.1212993 0.9851755 0.1213089 0.1213012 0.9851756 0.1213054 0 0.04489076 -0.998992 0 0.100299 -0.9949574 0 0.0448879 -0.9989921 0.9989921 0.04488676 0 0.9949572 0.1003004 0 0.9989922 0.04488593 0 0 0.2414593 -0.970411 0 0.1003008 -0.9949572 0 0.2414552 -0.970412 0.9704104 0.2414621 0 0.9949575 0.1002988 0 0.9704111 0.241459 0 -0.9704104 0.2414621 0 -0.9949575 0.1002988 0 -0.9704111 0.241459 0 -0.9989921 0.04488676 0 -0.9949572 0.1003004 0 -0.9989922 0.04488593 0 0 0.2414593 0.970411 0 0.1003008 0.9949572 0 0.2414552 0.970412 0 0.04489076 0.998992 0 0.100299 0.9949574 0 0.0448879 0.9989921 -0.1212975 0.9851773 0.1212952 -0.1212993 0.9851755 -0.1213089 -0.1212995 0.9851773 0.1212938 -0.9947667 0.1021732 0 0 0.1025077 0.9947323 -0.9150369 0.4033702 0 -0.9150373 0.4033695 0 0 0.4033762 0.9150342 0 0.403367 0.9150383 0.9150369 0.4033702 0 0.9150373 0.4033695 0 0 0.5397291 0.8418388 0 0.5397282 0.8418393 0.8418413 0.5397251 0 0.8418414 0.539725 0 0 0.5397291 -0.8418388 0 0.403367 -0.9150383 0 0.5397282 -0.8418393 0 0.4033762 -0.9150342 -0.8418413 0.5397251 0 -0.8418414 0.539725 0 -0.7444643 0.6676622 0 -0.7444634 0.6676634 0 0 0.6676521 -0.7444735 0 0.6676622 -0.7444644 0 0.6676521 0.7444735 0 0.6676622 0.7444644 -0.6299032 0.7766737 0 -0.6299031 0.7766738 0 0 0.7766754 0.6299012 0 0.7766742 0.6299026 0.6299032 0.7766737 0 0.7444634 0.6676634 0 0.6299031 0.7766738 0 0.7444643 0.6676622 0 0 0.7766754 -0.6299012 0 0.7766742 -0.6299026 0.566586 0.8240028 0 0 0.8240057 -0.5665817 0 0.4271997 -0.9041573 0 0.4271829 -0.9041653 0 0.4271818 -0.9041658 0.904163 0.4271879 0 0.9041631 0.4271876 0 0.9041631 0.4271875 0 0 1 -2.4497e-5 0 1 3.09245e-5 0 1 3.47605e-5 0 1 3.60023e-5 0 1 2.4497e-5 0 0.8133717 -0.5817446 0 0.8133772 -0.5817368 0 0.8133786 -0.5817348 0.5817437 0.8133721 0 0.5817437 0.8133723 0 0.5817436 0.8133723 0 0 1 -4.69748e-5 0 1 -2.66198e-5 0 1 -2.55675e-5 0 1 5.01345e-5 0 1 4.69748e-5 0 1 1.57328e-6 0 1 2.18128e-5 0 1 2.23375e-5 0 1 -1.57328e-6 0 -0.6924614 -0.721455 0 -0.748299 -0.6633616 0 -0.6925888 -0.7213326 0.7213634 -0.6925567 0 0.6634339 -0.7482349 0 0.7213636 -0.6925566 0 0.544089 -0.8390276 0 0.663433 -0.7482357 0 0.5440884 -0.8390279 0 0 -0.8390504 -0.5440538 0 -0.7482068 -0.6634656 0 -0.8390257 -0.5440918 0 -0.8390504 0.5440538 0 -0.7482068 0.6634656 0 -0.8390257 0.5440918 0 -0.6924614 0.721455 0 -0.748299 0.6633616 0 -0.6925888 0.7213326 -0.544089 -0.8390276 0 -0.663433 -0.7482357 0 -0.5440884 -0.8390279 0 -0.7213634 -0.6925567 0 -0.6634339 -0.7482349 0 -0.7213636 -0.6925566 0 0 1 -2.23375e-5 0 1 -2.18128e-5 0 1 2.55675e-5 0 1 -5.01345e-5 0 1 2.66198e-5 -0.5817437 0.8133721 0 -0.5817437 0.8133723 0 -0.5817436 0.8133723 0 0 0.8133717 0.5817446 0 0.8133772 0.5817368 0 0.8133786 0.5817348 0 1 -3.47605e-5 0 1 -3.60023e-5 0 1 -3.09245e-5 -0.904163 0.4271879 0 -0.9041631 0.4271876 0 -0.9041631 0.4271875 0 0 0.4271997 0.9041573 0 0.4271829 0.9041653 0 0.4271818 0.9041658 -0.566586 0.8240028 0 0 0.8240057 0.5665817 -0.2095991 -0.9550544 0.2096175 0.2095985 -0.9550547 0.2096168 -0.2095985 -0.9550547 -0.2096168 0.2095991 -0.9550544 -0.2096175 0.1458035 -0.9785118 -0.1457949 -0.1458032 -0.9785098 -0.1458083 -0.1458035 -0.9785118 0.1457949 0.1458032 -0.9785099 0.1458083 -0.1313006 -0.982612 0.1312776 0.1312952 -0.9826097 0.1313001 0.7293942 0.6840937 0 0.7042325 0.7099695 0 0.7293957 0.6840921 0 0 0.6840888 0.7293988 0 0.7099641 0.7042379 0 0.6840761 0.7294107 0 0.7973824 0.6034743 0 0.7099602 0.7042418 0 0.7973254 0.6035498 0.6035073 0.7973576 0 0.7042317 0.7099702 0 0.6035088 0.7973564 0 -0.6035073 0.7973576 0 -0.7042317 0.7099702 0 -0.6035088 0.7973564 0 -0.7293942 0.6840937 0 -0.7042325 0.7099695 0 -0.7293957 0.6840921 0 0 0.7973824 -0.6034743 0 0.7099602 -0.7042418 0 0.7973254 -0.6035498 0 0.6840888 -0.7293988 0 0.7099641 -0.7042379 0 0.6840761 -0.7294107 0.1313006 -0.982612 -0.1312776 -0.1312952 -0.9826097 -0.1313001 0 0.8813136 -0.4725322 0 0.88124 -0.4726691 -0.4725938 0.8812805 0 -0.4725955 0.8812795 0 0.4725938 0.8812805 0 0.4725955 0.8812795 0 0.395027 0.9186696 0 0 0.9186811 -0.3950003 0 -0.4174222 -0.9087126 0 -0.2816903 -0.9595054 0 -0.4175491 -0.9086544 0.9086814 -0.4174903 0 0.9594928 -0.2817332 0 0.908683 -0.4174869 0 0 -2.05851e-5 -1 0 -0.2817384 -0.9594913 0 -1.12268e-4 -1 1 -7.49395e-5 0 0.9594924 -0.2817346 0 1 -7.6363e-5 0 -1 -7.49395e-5 0 -0.9594924 -0.2817346 0 -1 -7.6363e-5 0 -0.9086814 -0.4174903 0 -0.9594928 -0.2817332 0 -0.908683 -0.4174869 0 0 -2.05851e-5 1 0 -0.2817384 0.9594913 0 -1.12268e-4 1 0 -0.4174222 0.9087126 0 -0.2816903 0.9595054 0 -0.4175491 0.9086544 -0.395027 0.9186696 0 0 0.88124 0.4726691 0 0.9186811 0.3950003 0 0.8813136 0.4725322 -0.9594858 0.2817575 0 -0.9594861 0.2817559 0 0 0.281781 0.9594788 0 0.2817029 0.9595017 0.9594858 0.2817575 0 0.9594861 0.2817559 0 0.9085393 0.4177995 0 0 0.4178569 0.908513 0 1 6.72723e-5 0 1 5.84827e-5 0 1 2.92953e-6 0.9999805 0.006254971 0 0 0.00625503 0.9999805 0 0.006254673 0.9999805 0 0.02131134 0.9997729 0.9999805 0.006254732 0 0.9997729 0.0213114 0 -0.9999805 0.006254971 0 -0.9999805 0.006254732 0 -0.9997729 0.0213114 0 0 0.00625503 -0.9999805 0 0.006254673 -0.9999805 0 0.02131134 -0.9997729 -0.999773 0.02131104 0 -0.9992265 0.03932756 0 0 0.02131068 -0.9997729 0 0.03932756 -0.9992265 0.999773 0.02131104 0 0.9992265 0.03932756 0 0 0.03932684 -0.9992264 0 0.09953445 -0.9950341 0.9992264 0.03932702 0 0.9950353 0.09952276 -3.94379e-6 0 0.02131068 0.9997729 0 0.03932756 0.9992265 0 0.03932684 0.9992264 0 0.09952324 0.9950352 -0.9992264 0.03932702 0 -0.9950341 0.0995354 0 0 0.09952366 0.9950352 0 0.1891059 0.9819568 -0.9950354 0.09952205 -3.94374e-6 -0.9819565 0.1891075 -5.58638e-6 -0.9624829 0.2713423 -5.07487e-6 -0.9819571 0.1891037 -7.08654e-6 -0.9624795 0.2713545 0 0 0.2713451 0.9624822 0 0.1891066 0.9819566 0 0.2713513 0.9624804 0 0.271336 -0.9624847 0 0.1891102 -0.9819558 0 0.2713352 -0.962485 0 0.09953498 -0.995034 0 0.1891143 -0.9819552 0.9624825 0.2713438 -5.07475e-6 0.9819571 0.1891037 -7.08654e-6 0.9819565 0.1891075 -5.58638e-6 0 0.3567174 -0.9342125 0 0.3567211 -0.934211 0.9342153 0.3567097 0 0.9342151 0.3567106 0 0 0.3567174 0.9342125 0 0.3567211 0.934211 0.9014012 0.4329848 0 0 0.4330015 0.9013932 0.9014011 0.4329854 0 0.870288 0.4925434 0 0 0.4329687 0.9014089 0 0.4925591 0.870279 -0.9014011 0.4329854 0 -0.870288 0.4925434 0 -0.9014012 0.4329848 0 -0.9342151 0.3567106 0 -0.9342153 0.3567097 0 0 0.4329687 -0.9014089 0 0.4925591 -0.870279 0 0.4330015 -0.9013932 0 1 -5.84827e-5 0 1 -2.92953e-6 0 1 -6.72723e-5 0 0.2817029 -0.9595017 0 0.4178569 -0.908513 0 0.281781 -0.9594788 -0.9085393 0.4177995 0 0 -0.6553339 0.7553394 0 -0.655341 0.7553333 -0.7553369 -0.6553367 0 -0.7553367 -0.655337 0 0.7553369 -0.6553367 0 0.7553367 -0.655337 0 0 -0.5136939 0.8579736 0 -0.5136873 0.8579776 0.8579759 -0.5136901 0 0.8579753 -0.513691 0 0 -0.655341 -0.7553333 0 -0.5136939 -0.8579736 0 -0.5136873 -0.8579776 0 -0.6553339 -0.7553394 -0.8579759 -0.5136901 0 -0.8579753 -0.513691 0 0 -0.3416726 -0.9398191 0 -0.3416759 -0.9398179 -0.9398196 -0.3416711 0 -0.9398183 -0.3416749 0 0 -0.3416726 0.9398191 0 -0.3416759 0.9398179 0 -0.1534758 0.9881524 0 -0.153484 0.9881511 -0.988152 -0.1534783 0 -0.9881514 -0.1534821 0 0.9398183 -0.3416749 0 0.988152 -0.1534783 0 0.9881514 -0.1534821 0 0.9398196 -0.3416711 0 0 -0.1534758 -0.9881524 0 -0.153484 -0.9881511 0.9979895 -0.06338036 0 0 -0.06338047 -0.9979894 -0.9979895 -0.06338036 0 0 -0.06338047 0.9979894 0.1802529 0.9836168 0.002628862 0.1765162 0.9842936 0.002855837 0.1803935 0.9835911 0.002620279 -0.9835715 0.180519 6.85786e-6 -0.9828305 0.1845108 2.97889e-4 -0.9828222 0.1845542 5.36159e-4 -0.9835726 0.180513 -1.10509e-4 -0.9835876 0.1804317 0 -0.9835792 0.1804774 -1.92155e-4 -0.9835898 0.180419 3.33713e-7 -0.9835845 0.1804484 -1.52696e-5 0.09904175 0.5400243 0.8358017 0.09901595 0.5400288 0.8358018 0.09904259 0.5400242 0.8358018 -0.9835906 0.1804151 0 -0.9835962 0.1803847 1.04098e-6 -0.9835875 0.1804323 -1.6419e-5 -2.47939e-7 0 1 1.83886e-7 0 1 -2.64651e-7 0 1 -0.9835809 0.1804683 0 -0.9835809 0.1804683 0 -0.9835875 0.1804322 1.71684e-5 -2.50242e-7 0 -1 1.22079e-7 0 -1 1.36493e-7 0 -1 0.9725461 -0.1087862 -0.2057178 0.9835835 -0.1804537 0 0.987653 -0.1566578 4.09989e-6 0.9725456 -0.1087866 0.2057198 0.9601136 -0.1761464 0.2171506 0.9838165 -0.1790695 -0.00626111 0.9525058 -0.3045207 1.17884e-4 0.9838115 -0.1790826 0.006671309 0.9652448 -0.1745644 0.1944987 0.9940105 -0.02200055 -0.1070476 0.99392 -0.02160096 0.1079655 0.9879288 -0.1549078 4.65636e-4 0.9385633 -0.3284246 0.1060011 0.9301407 -0.3672018 0.001116156 0.9789562 -0.2040703 3.79002e-6 0.9987288 -0.05040729 1.20495e-4 0.965489 -0.174642 -0.1932128 -0.1802391 -0.9836184 0.002985298 -0.1763125 -0.9843304 0.002755463 -0.1761599 -0.9843577 0.002746522 -0.982828 0.1845242 -8.09256e-6 -0.9835873 0.1804332 -3.3379e-7 -0.09904378 -0.5400215 0.8358034 -0.09907621 -0.5400153 0.8358035 -0.09904277 -0.5400217 0.8358034 -0.9835907 0.1804146 0 -0.983581 0.1804675 0 -0.9835862 0.1804389 1.81472e-5 -0.9835941 0.1803959 -1.04109e-6 -0.9835863 0.1804388 -1.88965e-5 2.57508e-7 0 1 0 0 1 2.64714e-7 0 1 0.9489243 -0.2409242 0.2037117 0.983581 -0.1804676 0 0.9489244 -0.240924 -0.2037107 0.960117 -0.1761631 -0.217122 0 0 -1 1.23617e-7 0 -1 1.28223e-7 0 -1 -0.09904366 -0.5400239 -0.8358019 -0.09907668 -0.540013 -0.8358049 -0.09907776 -0.5400127 -0.8358049 0.9388094 -0.3280091 -0.1051042 -0.1806228 -0.9835507 -0.001862347 -0.178022 -0.9840251 -0.001723825 -0.1807257 -0.9835318 -0.00186783 0.9872735 -0.1590313 -3.00849e-4 0.9999369 0.01123768 -1.90791e-5 0.1803115 0.9836082 -0.001666545 0.1781095 0.9840091 -0.001803457 0.1780277 0.9840238 -0.001808524 0.09901654 0.5400319 -0.8357999 0.09904104 0.5400214 -0.8358037 0.09904181 0.5400211 -0.8358039 -0.9835782 0.1804829 6.88857e-5 -0.9835879 0.1804302 0 -0.9835795 0.1804757 1.49644e-6 -0.9835845 0.1804478 1.527e-5 -0.9831167 0.18298 -1.82602e-4 -0.9831118 0.1830059 5.23569e-6 -0.9835791 0.1804777 1.20185e-4 -0.09904831 -0.5400189 0.8358044 -0.09921634 -0.5399937 0.8358009 -0.09922212 -0.5399928 0.8358008 0.09921592 0.5399904 0.835803 0.09902018 0.5400228 0.8358053 0.09901344 0.5400239 0.8358054 0.09921306 0.5399799 -0.8358101 0.09901869 0.5400148 -0.8358107 0.09921973 0.5399788 -0.83581 -0.09904628 -0.5400083 -0.8358115 -0.09921491 -0.5399831 -0.8358079 -0.0990405 -0.5400092 -0.8358116 -0.983581 0.1804676 0 -0.1765162 0.9842936 0.002855837 -0.1802536 0.9836167 0.002628862 -0.1803942 0.983591 0.002620339 0.9835541 0.1806139 3.3574e-5 0.9828165 0.1845852 2.97881e-4 0.9835607 0.1805782 -1.10509e-4 0.9835758 0.1804953 0 0.9835794 0.1804758 -1.96631e-4 0.9835802 0.1804723 -3.33703e-7 0.9835828 0.1804578 -6.22221e-6 -0.09904277 0.5400218 0.8358032 -0.09904313 0.5400272 0.8357998 -0.09904313 0.5400273 0.8357996 0.9835863 0.1804391 -1.04096e-6 0.983592 0.1804073 0 -2.4793e-7 0 1 1.83888e-7 0 1 2.00605e-7 0 1 0.9835836 0.1804529 0 0.9835837 0.1804528 0 0.9835828 0.1804578 5.47296e-6 2.50299e-7 0 -1 -1.22046e-7 0 -1 2.64714e-7 0 -1 -0.983581 -0.1804676 -2.05676e-6 -0.9725269 -0.1087213 -0.2058429 -0.9876571 -0.1566319 3.33501e-6 -0.9725269 -0.1087213 0.2058427 -0.9524804 -0.3046 1.17894e-4 -0.9838097 -0.1791062 -0.006286799 -0.9838047 -0.1791192 0.006694436 -0.9940099 -0.02199876 -0.1070538 -0.9939198 -0.02159917 0.107968 -0.9879209 -0.1549584 4.67241e-4 -0.9386265 -0.3282858 0.1058717 -0.9789515 -0.2040933 3.00604e-6 -0.9987334 -0.05031538 1.2309e-4 0.1802391 -0.9836184 0.002985298 0.1763119 -0.9843306 0.002755463 0.1803952 -0.9835897 0.002994418 0.9828282 0.1845234 -8.09254e-6 0.9835804 0.1804713 2.24776e-6 0.9835782 0.1804825 3.33771e-7 0.09904378 -0.5400214 0.8358035 0.09907639 -0.540013 0.835805 0.0990774 -0.5400127 0.8358051 0.983581 0.1804673 0 0.9835906 0.1804147 0 0.9835839 0.1804513 1.04108e-6 0.9835803 0.1804715 -1.49844e-6 0 0 1 -1.37569e-7 0 1 -1.42696e-7 0 1 -0.9835835 -0.180454 8.92496e-7 -0.948887 -0.2409669 0.2038344 -0.9488866 -0.2409669 -0.2038363 0 0 -1 -1.23582e-7 0 -1 0.09907633 -0.5400123 -0.8358055 0.09904307 -0.5400183 -0.8358054 0.0990774 -0.540012 -0.8358055 -0.9387694 -0.3281014 -0.1051738 0.178163 -0.9839996 -0.001719415 0.1807635 -0.9835249 -0.001857936 0.1808663 -0.983506 -0.00186342 -0.987265 -0.1590841 -2.99334e-4 -0.1799976 0.9836658 -0.001562893 -0.1777964 0.9840658 -0.001699805 -0.1800809 0.9836506 -0.001557767 -0.09904259 0.5400242 -0.8358018 -0.09904342 0.5400249 -0.8358013 -0.09904259 0.5400242 -0.8358018 0.983576 0.1804948 0 0.9835665 0.1805468 6.94609e-5 0.9835621 0.180571 -2.4459e-5 0.9831026 0.1830554 -1.79722e-4 0.9831157 0.1829855 8.99726e-6 0.9835796 0.1804753 1.2466e-4 0.09921598 -0.5399904 0.835803 0.09904849 -0.5400221 0.8358023 0.0992217 -0.5399894 0.835803 -0.09904736 0.5400187 0.8358047 -0.09921598 0.539987 0.8358052 -0.09904158 0.5400198 0.8358047 -0.09921395 0.5399797 -0.8358101 -0.09904491 0.5400075 -0.8358122 -0.09903913 0.5400085 -0.8358123 0.09904628 -0.5400083 -0.8358115 0.09921491 -0.5399831 -0.8358079 0.09922069 -0.5399822 -0.8358078 0.983581 0.1804673 0 -0.002638041 0.9835934 0.1803804 -0.00284934 0.9842977 0.1764934 -0.002630114 0.9835666 0.1805267 -2.84018e-5 0.1806005 -0.9835566 -2.95892e-4 0.1845753 -0.9828184 -5.36171e-4 0.1846928 -0.9827963 1.10135e-4 0.1805681 -0.9835625 0 0.1804868 -0.9835774 1.96354e-4 0.1804782 -0.983579 0 0.1804693 -0.9835807 -6.20474e-7 0.1804755 -0.9835795 -0.835803 0.5400222 0.09904229 -0.8358052 0.5400189 0.09904193 -0.835803 0.5400223 0.09904229 0 0.1803933 -0.9835947 0 0.1804295 -0.983588 5.23706e-6 0.1804569 -0.983583 -1 0 0 -1 0 0 0 0.1804544 -0.9835833 0 0.1804544 -0.9835833 -5.31041e-6 0.1804563 -0.983583 1 0 0 1 0 0 1 0 0 0.2058472 -0.1087216 0.972526 0 -0.1804707 0.9835804 -3.28433e-6 -0.1566314 0.9876571 -0.2058468 -0.1087214 0.972526 -0.2169862 -0.176172 0.960146 0.006303071 -0.1791022 0.9838103 -1.20636e-4 -0.3045995 0.9524806 -0.006713151 -0.1791107 0.9838061 -0.1946603 -0.1745522 0.9652145 0.1070293 -0.02200806 0.9940122 -0.1079584 -0.0215981 0.9939208 -4.69386e-4 -0.1549553 0.9879214 -0.1060471 -0.3285049 0.93853 -0.001125216 -0.3673156 0.9300957 -4.52102e-6 -0.204071 0.9789561 -1.26394e-4 -0.05040204 0.9987291 0.1933749 -0.1746314 0.9654585 -0.003003418 -0.9836249 -0.1802029 -0.002759695 -0.9843609 -0.1761426 -0.002750217 -0.984389 -0.1759848 1.21917e-5 0.1844969 -0.9828332 0 0.1804775 -0.9835792 -0.8358 -0.5400269 -0.09904319 -0.835803 -0.5400221 -0.09904235 -0.8357998 -0.540027 -0.09904319 0 0.1804518 -0.9835839 0 0.1804682 -0.9835808 2.69165e-6 0.1804725 -0.9835801 3.90343e-7 0.1804727 -0.98358 -2.5573e-6 0.1804732 -0.9835799 -0.2037202 -0.2409228 0.9489227 0 -0.180453 0.9835837 0.2037195 -0.2409217 0.9489232 0.2170131 -0.1761524 0.9601435 0.8358 -0.5400269 -0.09904319 0.835803 -0.5400221 -0.09904235 0.8358031 -0.540022 -0.09904229 0.1051289 -0.3280701 0.9387854 0.00187695 -0.9836198 -0.1802461 0.001742899 -0.9839845 -0.1782459 0.001882195 -0.9836053 -0.1803253 3.00253e-4 -0.1590741 0.9872666 1.90772e-5 0.01123654 0.9999369 0.001675128 0.9835931 0.1803935 0.001813709 0.9840655 0.1777969 0.001818835 0.9840829 0.1777005 0.8358046 0.5400198 0.09904211 0.8358026 0.5400228 0.09904241 0.8358026 0.5400229 0.09904247 -6.96571e-5 0.1805373 -0.9835682 0 0.1804842 -0.983578 1.97507e-5 0.1805576 -0.9835644 6.20474e-7 0.1804743 -0.9835798 1.82013e-4 0.1830701 -0.9830999 -8.62305e-6 0.1830166 -0.9831099 -1.25923e-4 0.1804755 -0.9835795 -0.8357991 -0.5400174 -0.09910196 -0.8358038 -0.5400205 -0.09904545 -0.835799 -0.5400173 -0.09910392 -0.835798 0.5400189 0.09910225 -0.8358048 0.5400189 0.09904557 -0.8357979 0.5400189 0.09910422 0.835798 0.5400189 0.09910225 0.8358048 0.5400189 0.09904557 0.835805 0.5400189 0.0990436 0.8357991 -0.5400174 -0.09910196 0.8358038 -0.5400205 -0.09904545 0.8358039 -0.5400206 -0.09904348 0 0.1804683 -0.9835808 -0.002706348 0.9842326 -0.1768583 -0.002494931 0.9835206 -0.1807789 -0.002486944 0.9834935 -0.1809265 -1.45257e-6 0.1805048 0.9835742 -2.95636e-4 0.1845004 0.9828324 1.10206e-4 0.1805037 0.9835743 0 0.1804196 0.9835898 1.90499e-4 0.1804804 0.9835786 0 0.1804167 0.9835903 1.81372e-5 0.180431 0.9835878 -0.8358026 0.5400279 -0.09901481 -0.8358047 0.540025 -0.09901416 -0.8358047 0.5400249 -0.0990141 3.21492e-4 0.1804683 0.9835808 0 0.1804012 0.9835931 -1 0 0 -1 0 0 -1 0 0 0 0.1804701 0.9835805 0 0.1804702 0.9835805 -1.81373e-5 0.180431 0.9835877 1 0 0 1 0 0 7.77539e-7 -0.1804571 -0.9835829 0.2057195 -0.1087868 -0.9725456 -1.01834e-6 -0.1566559 -0.9876533 -0.2057163 -0.1087795 -0.9725472 -1.21228e-4 -0.3045189 -0.9525064 0.006297111 -0.1791027 -0.9838103 -0.006687998 -0.1790722 -0.9838133 0.107024 -0.02201318 -0.9940127 -0.1078876 -0.0217089 -0.9939261 -4.69001e-4 -0.1549794 -0.9879176 -0.1059894 -0.3284087 -0.9385703 -4.17121e-6 -0.2040683 -0.9789568 -1.26847e-4 -0.05040562 -0.9987289 -0.003003418 -0.9836249 0.1802029 -0.002759695 -0.9843609 0.1761426 -0.003013134 -0.9835953 0.1803643 1.22103e-5 0.1844969 0.9828332 -9.37482e-6 0.1804405 0.983586 1.29858e-7 0.1804286 0.9835881 -0.8357999 -0.540027 0.09904319 -0.8358027 -0.5400227 0.09904241 -0.8358029 -0.5400226 0.09904241 0 0.1804682 0.9835808 0 0.1804518 0.9835839 3.90349e-7 0.1804171 0.9835903 9.6558e-6 0.1804406 0.983586 -1.34372e-7 -0.1804674 -0.983581 -0.2037224 -0.2409219 -0.9489225 0.2037226 -0.2409219 -0.9489225 0.835803 -0.5400223 0.09904235 0.8358005 -0.5400261 0.09904307 0.8358031 -0.5400221 0.09904235 0.1050725 -0.3279759 -0.9388247 0.001742959 -0.9839899 0.1782163 0.00187689 -0.98362 0.180245 0.001882195 -0.9836053 0.1803253 2.91713e-4 -0.1590901 -0.987264 0.001672387 0.9835934 -0.1803917 0.00181359 0.9840742 -0.1777491 0.001667082 0.9835752 -0.1804918 0.8358031 0.5400224 -0.09904146 0.8358046 0.5400249 -0.09901493 0.835803 0.5400223 -0.09904229 0 0.1804223 0.9835894 -6.97389e-5 0.1804728 0.9835801 -7.35771e-6 0.1804635 0.9835818 1.81859e-4 0.1829966 0.9831135 -8.61542e-6 0.1830163 0.98311 -1.20037e-4 0.1804776 0.9835791 -0.8358009 -0.5400148 0.0991013 -0.835802 -0.5400232 0.09904587 -0.835802 -0.5400234 0.09904396 -0.8357995 0.5400218 -0.09907501 -0.8358058 0.5400177 -0.0990442 -0.835806 0.5400175 -0.09904313 0.8358055 0.540018 -0.0990442 0.835799 0.5400226 -0.09907513 0.8358058 0.5400179 -0.09904319 0.8358018 -0.5400235 0.09904593 0.8358006 -0.5400151 0.09910136 0.8358018 -0.5400238 0.09904402 0 0.1804683 0.9835808 0.382685 0 -0.923879 0.3826851 0 -0.9238789 0.3826851 0 -0.923879 0.923879 0 -0.3826851 0.9238789 0 -0.382685 0.923879 0 0.3826851 0.9238789 0 0.3826851 0.3826851 0 0.923879 0.3826848 0 0.923879 0.3826849 0 0.923879 -0.382685 0 0.923879 -0.3826851 0 0.9238789 -0.3826851 0 0.923879 -0.923879 0 0.3826851 -0.9238789 0 0.382685 -0.923879 0 -0.3826851 -0.9238789 0 -0.3826851 -0.3826851 0 -0.923879 -0.3826848 0 -0.923879 -0.3826849 0 -0.923879 0 -1 0 0 -1 0 0 -1 0 0.3826851 0 0.9238789 0.382685 0 0.9238789 -0.3826848 0 0.923879 -0.382685 0 0.9238789 0.9238789 0 0.382685 0.923879 0 0.382685 0.9238789 0 -0.3826851 0.9238789 0 -0.3826851 0.3826848 0 -0.923879 0.382685 0 -0.9238789 -0.3826851 0 -0.9238789 -0.382685 0 -0.9238789 -0.9238789 0 -0.382685 -0.923879 0 -0.382685 -0.9238789 0 0.3826851 -0.9238789 0 0.3826851 -0.3783826 0.1494225 -0.9135096 0 0.1494241 -0.9887732 0 0.1494245 -0.9887732 0 1 0 0 1 0 0 1 0 0 1 1.49018e-7 0 1 0 0 1 0 0 1 -1.49018e-7 0 1 0 0 1 0 0 1 0 0 1 0 0 1 0 -4.4082e-6 0 -1 0.3826838 0 -0.9238794 0.3826758 0 -0.9238827 0.3783826 0.1494225 0.9135096 0 0.1494241 0.9887732 0 0.1494245 0.9887732 -0.6991686 0.1494215 -0.6991686 -0.3783815 0.1494234 -0.9135097 0.6991686 0.1494215 0.6991686 0.3783815 0.1494234 0.9135097 -0.9135096 0.1494225 -0.3783826 -0.6991687 0.1494196 -0.6991689 0.9135096 0.1494225 0.3783826 0.6991687 0.1494196 0.6991689 -0.9887733 0.1494241 0 -0.9135098 0.1494231 -0.3783816 0.9887733 0.1494241 0 0.9135098 0.1494231 0.3783816 -0.9135096 0.1494225 0.3783826 -0.9887731 0.1494246 0 0.9135096 0.1494225 -0.3783826 0.9887731 0.1494246 0 -0.6991686 0.1494215 0.6991686 -0.9135098 0.1494231 0.3783816 0.3783826 0.1494225 -0.9135096 0.3783815 0.1494234 -0.9135097 0.6991686 0.1494215 -0.6991686 0.9135098 0.1494231 -0.3783816 -0.3783826 0.1494225 0.9135096 -0.6991687 0.1494196 0.6991689 0.6991687 0.1494196 -0.6991689 -0.3783815 0.1494234 0.9135097 0 -1 -2.91298e-7 0 -1 0 0 -1 -3.03226e-7 0.7071038 0 -0.7071098 0.9238827 0 -0.3826757 0.9238794 0 -0.3826839 -0.3826758 0 0.9238827 -0.7071101 0 0.7071036 -0.7071038 0 0.7071098 0.7071101 0 -0.7071036 4.4082e-6 0 1 -0.3826838 0 0.9238794 -0.3826839 0 -0.9238794 4.33566e-6 0 -1 0.3826839 0 0.9238794 -4.33566e-6 0 1 -0.7071098 0 -0.7071037 -0.3826757 0 -0.9238827 0.7071098 0 0.7071037 0.3826757 0 0.9238827 -0.9238827 0 -0.3826757 -0.7071037 0 -0.7071099 0.9238827 0 0.3826757 0.7071037 0 0.7071099 -1 0 4.42755e-6 -0.9238795 0 -0.3826838 1 0 -4.42755e-6 0.9238795 0 0.3826838 -0.9238794 0 0.3826839 -1 0 -4.31148e-6 1 0 4.31148e-6 -0.9238827 0 0.3826757 0.3123002 -0.5779562 0.7539466 0.6220868 -0.4754115 0.6220869 0.3366674 -0.4754519 0.8127734 0 -1 2.91298e-7 0 -1 0 0 -1 3.03226e-7 0 -1 0 0 -1 1.70009e-7 0 -1 1.46006e-7 0 -1 0 0 -1 -1.46006e-7 0 -1 -1.70009e-7 0.9191202 0.1013423 0.3807201 0.7034659 0.1013482 0.7034659 0.7034654 0.1013566 0.7034654 -0.7539476 -0.5779543 -0.312301 -0.6220868 -0.4754115 -0.6220869 -0.5770946 -0.5778613 -0.5770946 0 -0.5779781 0.8160524 0 -0.475486 0.8797234 -0.3123002 -0.5779562 -0.7539466 -0.3366674 -0.4754519 -0.8127734 0.7539476 -0.5779543 0.312301 0.5770946 -0.5778613 0.5770946 -0.8160528 -0.5779774 0 -0.8127737 -0.4754518 -0.3366672 0.8160528 -0.5779774 0 0.8127737 -0.4754518 0.3366672 -0.8127737 -0.4754518 0.3366672 -0.8797236 -0.4754855 0 0.8127737 -0.4754518 -0.3366672 0.8797236 -0.4754855 0 -0.7539476 -0.5779543 0.312301 -0.6220867 -0.4754115 0.6220868 0 -0.5779781 -0.8160524 0.3366674 -0.475452 -0.8127734 0.3123002 -0.5779562 -0.7539464 0.7539476 -0.5779543 -0.312301 0.6220867 -0.4754115 -0.6220868 -0.3123002 -0.5779562 0.7539464 -0.5770946 -0.5778613 0.5770946 -0.6220867 0.4754117 -0.6220869 -0.7539479 0.5779542 -0.3123005 -0.5770946 0.5778613 -0.5770946 0.6220867 0.4754117 0.6220869 0.7539479 0.5779542 0.3123005 0.5770946 0.5778613 0.5770946 -0.3366672 0.4754521 -0.8127732 0 0.5779765 -0.8160535 0 0.4754857 -0.8797235 -0.3366672 0.4754521 0.8127732 0 0.5779765 0.8160535 -0.3123003 0.5779569 0.7539458 0.6220866 0.4754117 -0.6220868 0.3123003 0.5779569 -0.7539458 0.5770946 0.5778613 -0.5770946 0.3366672 0.4754521 -0.8127732 -0.6220866 0.4754117 0.6220868 -0.5770946 0.5778613 0.5770946 0.5770946 -0.5778613 -0.5770946 0.7539479 0.5779542 -0.3123005 0.8127737 0.4754516 -0.3366671 -0.7539479 0.5779542 0.3123005 -0.8127737 0.4754516 0.3366671 0.8160528 0.5779774 0 0.8797237 0.4754855 0 -0.8160528 0.5779774 0 -0.8797237 0.4754855 0 0.8127738 0.4754517 0.3366671 -0.8127738 0.4754517 -0.3366671 0 -0.475486 -0.8797234 -0.3366674 -0.475452 0.8127734 -0.3123003 0.5779569 -0.7539459 0.3366672 0.4754521 0.8127732 0 0.4754857 0.8797235 -0.3758312 0.188457 -0.907323 -1.66338e-7 0.1884854 -0.982076 -0.3758314 -0.1884571 -0.907323 -0.3758317 0.1884571 0.9073227 1.61297e-7 0.1884854 0.982076 1.36095e-7 -0.1884848 0.9820762 -0.3758318 -0.1884571 0.9073227 0.694436 0.1884594 -0.6944363 0.3758317 0.1884571 -0.9073227 0.3758319 -0.1884571 -0.9073227 0.694436 -0.1884592 -0.6944364 -0.694436 0.1884594 0.6944363 -0.694436 -0.1884592 0.6944364 0.9073228 0.1884576 -0.3758314 -1.36095e-7 -0.1884848 -0.9820762 -0.9073228 0.1884576 0.3758314 0.9820763 0.1884843 0 0.9073228 -0.1884578 -0.3758313 -0.9820763 0.1884843 0 -0.9073228 -0.1884578 0.3758313 0.9073229 0.1884576 0.3758313 0.9820762 -0.1884843 0 0.9073229 -0.1884578 0.3758311 -0.9073229 0.1884576 -0.3758313 -0.9820762 -0.1884843 0 -0.9073229 -0.1884578 -0.3758311 0.6944361 0.1884593 0.6944363 0.694436 -0.1884592 0.6944363 -0.6944361 0.1884593 -0.6944363 -0.694436 -0.1884592 -0.6944363 0.3758312 0.188457 0.907323 0.3758314 -0.1884571 0.907323 0.3123003 0.5779569 0.7539459 0 1 3.24582e-7 0 1 2.90071e-7 0 1 0 0 1 4.35106e-7 0 1 4.86873e-7 0 1 -4.86873e-7 0 1 0 0 1 -4.35106e-7 0 1 -2.90071e-7 0 1 -3.24582e-7 -0.3034759 -0.6092186 -0.7326357 0 -0.5045896 -0.8633593 0 -0.6092693 -0.7929634 -0.9948519 0.1013402 0 -0.9192755 0.09970039 -0.3807789 -0.9191202 0.1013423 -0.3807201 0.3807203 0.1013425 0.9191201 0.3807783 0.09970009 0.9192757 -0.7034659 0.1013482 -0.7034659 -0.7034654 0.1013566 -0.7034654 0.9948519 0.1013402 0 0.9192755 0.09970039 0.3807789 -0.9192755 0.09970033 0.3807789 -0.9948517 0.1013423 0 0.9192755 0.09970033 -0.3807789 0.9948517 0.1013423 0 -0.9191202 0.1013423 0.3807201 -0.7034659 0.1013481 0.703466 0 0.1013398 -0.9948519 -0.3807784 0.09970015 -0.9192758 0 0.1013418 -0.9948517 0.9191202 0.1013423 -0.3807201 0.7034659 0.1013481 -0.703466 -0.3807203 0.1013425 0.9191202 -0.7034654 0.1013566 0.7034654 -0.380769 0.09978288 0.9192707 0 0.1013365 0.9948523 -0.3807254 0.1013369 0.9191187 0 0.1013398 0.9948519 -0.3807784 0.09970015 0.9192758 0.3807784 0.09970015 -0.9192758 0.3807203 0.1013425 -0.9191202 -0.9192702 0.09978288 -0.38077 -0.9948523 0.1013365 0 -0.9191185 0.101337 -0.3807257 0.9192702 0.09978288 0.38077 0.9948523 0.1013365 0 0.9191185 0.101337 0.3807257 -0.7034651 0.1013597 -0.7034651 -0.3807254 0.1013369 -0.9191187 -0.380769 0.09978282 -0.9192707 0.380769 0.09978288 0.9192707 0 0.1013366 0.9948523 0.7034654 0.1013566 -0.7034654 0.7071095 0 0.7071041 0.3710505 0.2446958 0.8957932 0.3826838 0 0.9238794 0.7034651 0.1013597 -0.7034651 0.3807254 0.1013369 -0.9191187 0.703465 0.1013567 -0.7034656 0 0.1013365 -0.9948523 0 0.1013366 -0.9948523 -0.7034651 0.1013597 0.7034651 -0.703465 0.1013567 0.7034656 0.380769 0.09978288 -0.9192707 0.9191185 0.101337 -0.3807257 0.9192702 0.09978288 -0.3807699 -0.9191185 0.101337 0.3807257 -0.9192702 0.09978288 0.3807699 0.9948522 0.1013365 0 -0.9948522 0.1013365 0 -0.3807203 0.1013425 -0.9191201 0 0.1013418 0.9948517 -0.703465 0.1013567 -0.7034656 0.7034651 0.1013597 0.7034651 0.3807254 0.1013369 0.9191187 -0.09823149 -0.9949853 0.01883882 -0.09337878 -0.9948794 0.03867167 -0.09380835 -0.9948322 0.03884756 0.8302028 -0.01967084 -0.5571144 0.8302012 -0.01967072 -0.557117 0.8302029 -0.0196709 -0.5571144 0.8302028 -0.01967084 0.5571144 0.8302012 -0.01967072 0.557117 0.8302011 -0.01967072 0.557117 0.1931501 -0.01967602 -0.980972 0.1931813 -0.01967966 -0.9809658 0.1931498 -0.01967602 -0.980972 0.08274126 0.9950038 -0.05586999 0.09351545 0.9948641 -0.03873562 0.0937944 0.9948333 -0.03885233 -0.05613583 -0.9949859 0.08277577 -0.03867822 -0.9948806 0.09336292 -0.03885513 -0.9948334 0.09379142 -0.5571157 -0.01967072 0.830202 -0.5571187 -0.01967084 0.8302 -0.5571187 -0.01967078 0.8301999 -0.08277493 -0.9949861 0.05613499 -0.08229023 -0.9950373 0.05593913 0.01899868 0.9950051 -0.09799969 0.03873527 0.9948639 -0.09351629 0.03885191 0.9948332 -0.09379565 -0.05587071 0.9950039 -0.08273965 -0.03873527 0.9948639 -0.09351629 -0.03885191 0.9948332 -0.09379565 -0.5571157 -0.01967072 -0.830202 -0.5571187 -0.01967084 -0.8302 -0.5571157 -0.01967072 -0.8302021 -0.01883727 -0.9949871 0.09821349 -0.0186342 -0.9950384 0.09773135 0.05613583 -0.9949859 0.08277577 0.03867822 -0.9948806 0.09336292 0.05593895 -0.9950369 0.08229488 -0.08274126 0.9950038 -0.05586999 -0.09351545 0.9948641 -0.03873562 -0.08243596 0.9950375 -0.05571997 -0.9809719 -0.01967602 -0.1931504 -0.9809659 -0.0196796 -0.1931807 -0.9809719 -0.01967597 -0.1931501 -0.8302028 -0.01967084 0.5571144 -0.8302012 -0.01967072 0.557117 -0.8302029 -0.0196709 0.5571144 0.703465 0.1013567 0.7034656 -0.560656 -0.6093682 -0.5606561 -0.3304066 -0.5046135 -0.7976195 0.560656 -0.6093682 0.5606561 0.7976197 -0.5046138 0.3304057 0.6104705 -0.5046295 0.610471 -0.7326341 -0.6092206 -0.3034756 -0.8633601 -0.5045885 0 -0.7976196 -0.5046138 -0.3304057 0.3304066 -0.5046135 0.7976195 0.3034759 -0.6092186 0.7326357 -0.6104705 -0.5046295 -0.610471 0.7326341 -0.6092206 -0.3034756 0.8633601 -0.5045884 0 0.7929643 -0.609268 0 -0.7326341 -0.6092206 0.3034756 -0.7929643 -0.609268 0 0.7326341 -0.6092206 0.3034756 -0.560656 -0.6093682 0.5606561 -0.3304066 -0.5046135 0.7976195 -0.6104705 -0.5046294 0.610471 -0.8633613 0.5045862 0 -0.7326373 0.6092157 0.303478 -0.7929679 0.6092635 0 0.560656 -0.6093682 -0.5606561 0.3304066 -0.5046135 -0.7976195 0.6104705 -0.5046294 -0.610471 -0.7976196 -0.5046138 0.3304057 0.7976196 -0.5046138 -0.3304057 -0.3034759 -0.6092186 0.7326357 0 -0.5045897 0.8633593 0.6856122 0.2446963 -0.685609 0.8368875 0.42361 -0.3466614 0.8957932 0.2446961 -0.3710505 0 1 2.32395e-7 0 1 5.88317e-7 0 1 2.13884e-7 0 1 2.13884e-7 0 1 -3.97693e-7 0 1 -2.01047e-6 0 1 -2.98644e-6 0 1 2.98644e-6 0 1 2.01047e-6 0 1 3.97693e-7 0 1 -2.13884e-7 0 1 -2.32395e-7 0 1 -5.88317e-7 0 1 -2.13884e-7 0 1 3.97693e-7 0 1 2.01047e-6 0 1 -2.01047e-6 0 1 -3.97693e-7 -0.9238821 0 -0.3826776 -0.6856097 0.2446963 -0.6856114 -0.7071095 0 -0.7071041 0.9238821 0 0.3826776 0.6856097 0.2446963 0.6856114 -1 0 3.96809e-6 -0.8957918 0.2446961 -0.3710536 1 0 -3.96809e-6 0.8957918 0.2446961 0.3710536 -0.9238793 0 0.3826842 -0.9696036 0.2446812 -1.53237e-6 0.9238793 0 -0.3826842 0.9696036 0.2446812 1.53237e-6 -0.7071045 0 0.7071092 -0.8957932 0.2446961 0.3710505 -2.62121e-6 0 -1 0.3710541 0.2446959 -0.8957917 0.3826777 0 -0.923882 0.7071045 0 -0.7071092 -0.3826777 0 0.923882 -0.6856122 0.2446963 0.6856091 2.62121e-6 0 1 -0.3710541 0.2446959 0.8957917 -0.3826838 0 -0.9238794 2.29855e-6 0.2446824 -0.9696033 -2.29855e-6 0.2446824 0.9696033 -0.3710505 0.2446958 -0.8957932 0 0.423604 -0.9058476 0 0.423604 0.9058476 0 -0.4236116 0.905844 0.3710519 -0.2446928 0.8957935 -1.65575e-6 -0.2446768 0.9696047 0.3466609 0.4236096 0.8368878 0.3466598 -0.423618 0.836884 0.6856105 -0.2446922 0.685612 -0.8368875 0.42361 -0.3466614 -0.6405289 0.4236101 -0.6405288 -0.9058477 0.4236036 0 -0.9058443 -0.4236111 0 -0.8957927 -0.2446917 -0.3710545 -0.8368844 -0.4236175 -0.3466597 -0.8957941 -0.2446917 0.371051 -0.9696047 -0.244677 -1.69689e-6 -0.3466598 -0.423618 0.836884 -0.6856127 -0.2446923 0.6856099 -0.6405267 -0.4236176 0.6405262 -0.8368875 0.42361 0.3466614 0.3466609 0.4236096 -0.8368878 0.6405289 0.4236101 -0.6405288 -0.3466609 0.4236096 0.8368878 -0.6405289 0.4236101 0.6405288 0.8368844 -0.4236175 -0.3466597 0.6856127 -0.2446922 -0.6856099 0.8957942 -0.2446917 -0.371051 -0.1529332 0.9763255 0.152971 -0.04136329 0.99414 0.09987306 0 1 -5.02615e-6 -0.07644015 0.9941401 0.07643598 0.04136329 0.99414 -0.09987306 0 1 5.02615e-6 0.07644015 0.9941401 -0.07643598 -0.04136329 0.99414 -0.09987306 0 1 -2.14569e-6 0 0.9941412 0.1080896 0 1 2.14569e-6 1.66346e-6 -0.2446768 -0.9696047 0.3808062 0.0986669 -0.9193756 0.3710551 -0.2446928 -0.8957922 0.09986567 0.9941409 -0.04136198 0 1 -5.02987e-6 0.04136329 0.99414 0.09987306 -0.09986567 0.9941409 -0.04136198 -0.07644009 0.9941402 -0.07643598 0.09986567 0.9941409 0.04136198 0.07644009 0.9941402 0.07643598 -0.1080923 0.9941409 0 0.1080923 0.9941409 0 0 1 5.02987e-6 -0.09986567 0.9941409 0.04136198 0.7036554 0.09866559 -0.7036577 -0.3710519 -0.2446928 -0.8957935 -1.58891e-6 0.09866982 -0.9951203 -0.6856105 -0.2446922 -0.685612 -0.380809 0.0986669 -0.9193745 -0.703658 0.09866559 -0.7036551 -0.9193753 0.09866607 -0.3808072 -0.9951203 0.09866923 1.73649e-6 -0.9193741 0.09866607 0.3808102 -0.3710551 -0.2446928 0.8957922 -0.7036554 0.09866559 0.7036577 -0.3808062 0.0986669 0.9193756 1.58891e-6 0.09866982 0.9951203 0.380809 0.0986669 0.9193745 0.8957927 -0.2446917 0.3710545 0.703658 0.09866559 0.7036551 0.9696047 -0.244677 1.69174e-6 0.9193753 0.09866607 0.3808072 0.9951203 0.09866923 -1.73649e-6 0.9193741 0.09866607 -0.3808102 0 0.9941412 -0.1080896 0 -1 -1.12614e-6 0 -1 -1.15033e-5 0 -1 -1.35483e-5 0.1529332 0.9763255 -0.152971 0 0.9762859 0.216485 -0.08329331 0.9762856 0.199822 8.22133e-7 0 -1 0.3750766 0.1982676 -0.9055427 0.3826754 0 -0.9238829 -0.1532553 0.9763544 -0.152463 -0.08300584 0.976175 -0.2004805 0.1532553 0.9763544 0.152463 0.08228695 0.9762967 0.2001841 0 1 -7.72585e-6 0 1 7.72585e-6 -0.2164246 0.9762994 0 -0.1998537 0.9762819 -0.08325952 0.2164246 0.9762994 0 0.1998537 0.9762819 0.08325952 -0.2002661 0.9762641 0.08247417 0.2002661 0.9762641 -0.08247417 0.6931167 0.1980587 -0.6930815 0.707107 0 -0.7071067 -0.3826732 0 -0.9238837 -4.29832e-7 0.1983843 -0.9801244 -0.7071055 0 -0.7071082 -0.3750774 0.1982676 -0.9055424 -0.9238826 0 -0.3826761 -0.6931177 0.1980587 -0.6930806 -1 0 -1.10263e-6 -0.9055444 0.1982655 -0.3750736 -0.9238834 0 0.3826743 -0.9801338 0.1983374 5.76473e-7 -0.707107 0 0.7071067 -0.9055439 0.1982655 0.3750749 -0.3826754 0 0.9238829 -0.6931167 0.1980587 0.6930815 -8.22133e-7 0 1 -0.3750766 0.1982676 0.9055427 0.3826732 0 0.9238837 4.29832e-7 0.1983843 0.9801244 0.7071055 0 0.7071082 0.3750774 0.1982676 0.9055424 0.9238826 0 0.3826761 0.6931177 0.1980587 0.6930806 1 0 1.10263e-6 0.9055444 0.1982655 0.3750736 0.9238834 0 -0.3826743 0.9801338 0.1983374 -5.76473e-7 0.9055439 0.1982655 -0.3750749 0 0.9762859 -0.216485 -0.5883849 -0.5546298 -0.5883783 -0.3623652 -0.3214689 -0.8748424 -0.3184077 -0.5546756 -0.7687337 0 -1 1.12614e-6 0 -1 1.15033e-5 0 1 2.81559e-7 0 1 0 0.980796 0 0.1950367 0.980796 0 0.1950366 0 1 -5.63118e-7 0 1 0 0 1 0 0.8314734 0 -0.5555648 0.8314758 0 -0.555561 0.8314759 0 -0.555561 0 -1 -2.38841e-5 0 -1 1.35483e-5 0 -1 5.63069e-7 0 -1 -4.10279e-6 0 -1 0 0 1 5.63069e-7 -0.980796 0 0.1950367 -0.980796 0 0.1950366 0 1 -5.63069e-7 0 1 0 0 1 0 -0.555562 0 0.8314751 0 -1 -1.00604e-4 0 -1 -1.09111e-4 0 -1 -4.10279e-6 0 1 5.63118e-7 0.1950365 0 -0.980796 0.1950371 0 -0.980796 -0.6695792 -0.3214519 0.6695764 -0.3812662 -0.08608329 0.9204487 -0.7044804 -0.08609288 0.7044823 0.5883849 -0.5546298 0.5883783 0.3623652 -0.3214689 0.8748424 0.3184077 -0.5546756 0.7687337 -0.874843 -0.3214718 -0.3623614 -0.6695791 -0.3214518 -0.6695764 0.874843 -0.3214718 0.3623614 0.6695791 -0.3214518 0.6695764 -0.7687349 -0.5546773 -0.3184021 -0.9469178 -0.3214757 0 0.7687349 -0.5546773 0.3184021 0.9469178 -0.3214757 0 -0.7687349 -0.5546773 0.3184021 -0.832051 -0.5546994 0 0.7687349 -0.5546773 -0.3184021 0.832051 -0.5546994 0 -0.5883849 -0.5546298 0.5883783 -0.874843 -0.3214718 0.3623614 0.3184077 -0.5546756 -0.7687337 0 -0.3214755 -0.946918 0.3623652 -0.321469 -0.8748424 0.5883849 -0.5546298 -0.5883783 0.874843 -0.3214718 -0.3623614 -0.3623652 -0.321469 0.8748424 0.6695792 -0.3214518 -0.6695764 -0.3184077 -0.5546756 0.7687337 0 -0.3214755 0.946918 0 -0.5547028 -0.8320486 0 -0.5547028 0.8320486 0.7347298 -0.67836 0 0.6788256 -0.6783336 0.2811749 0.6788277 -0.6783325 0.2811725 0.3812662 -0.08608329 -0.9204487 0.7044804 -0.08609288 -0.7044823 0 -0.08606821 0.9962893 0 -0.08606821 -0.9962893 -0.3812662 -0.08608329 -0.9204487 0.3812662 -0.08608329 0.9204487 -0.9204489 -0.08608311 -0.3812659 -0.7044804 -0.08609288 -0.7044823 0.9204489 -0.08608311 0.3812659 0.7044804 -0.08609288 0.7044823 -0.9962894 -0.08606791 0 0.9962894 -0.08606791 0 -0.9204488 -0.08608305 0.3812658 0.9204488 -0.08608305 -0.3812658 -0.7071033 0 -0.7071104 -0.3826859 0 -0.9238786 -0.3826757 0 -0.9238828 -0.7347298 -0.67836 0 -0.6788256 -0.6783336 0.2811749 -0.7347226 -0.6783677 0 0.6788256 -0.6783336 -0.2811749 0.7347226 -0.6783677 0 -0.6788277 -0.6783325 0.2811725 -0.5195413 -0.6783475 0.51954 0 -0.6783614 -0.7347285 0.281174 -0.6783359 -0.6788237 0.2811723 -0.6783355 -0.6788249 0.6788277 -0.6783325 -0.2811725 0.5195413 -0.6783475 -0.51954 -0.2811723 -0.6783355 0.6788249 -0.5195375 -0.6783541 0.519535 0.5195375 -0.6783541 -0.519535 0 -0.6783614 0.7347285 -0.281174 -0.6783359 0.6788237 -0.281174 -0.6783359 -0.6788237 0 -0.6783677 -0.7347227 0.281174 -0.6783359 0.6788237 0 -0.6783677 0.7347227 -0.2811723 -0.6783355 -0.6788249 -0.5195412 -0.6783474 -0.51954 0.2811723 -0.6783355 0.6788249 0.5195412 -0.6783474 0.51954 -0.6788277 -0.6783325 -0.2811725 -0.5195375 -0.6783541 -0.519535 0.5195375 -0.6783541 0.519535 -0.6788256 -0.6783336 -0.2811749 -2.49404e-6 -0.09866857 0.9951204 -0.3808115 0.09854221 0.9193869 -0.3808212 -0.09854221 0.9193828 0.7071033 0 0.7071104 0.3826859 0 0.9238786 0.3826757 0 0.9238828 -0.9238784 0 -0.3826862 -0.7071107 0 -0.7071029 0.9238784 0 0.3826862 0.7071107 0 0.7071029 -1 0 -4.69093e-6 -0.9238821 0 -0.3826775 1 0 4.69093e-6 0.9238821 0 0.3826775 -0.9238821 0 0.3826775 -1 0 4.69093e-6 0.9238821 0 -0.3826775 1 0 -4.69093e-6 -0.7071088 0 0.7071049 -0.9238784 0 0.3826862 5.28575e-6 0 -1 0.3826781 0 -0.9238818 0.3826853 0 -0.9238788 0.7071088 0 -0.7071049 0.9238784 0 -0.3826862 -0.3826853 0 0.9238788 -0.707103 0 0.7071106 0.707103 0 -0.7071106 -5.28575e-6 0 1 -0.3826781 0 0.9238818 -4.23634e-6 0 -1 4.23634e-6 0 1 0.7036738 -0.09869533 -0.7036352 0.9193779 0.09854429 -0.3808326 0.9193758 -0.09854358 -0.3808376 0 -1 2.79035e-7 0.04147738 -0.9941133 -0.1000925 0 -1 1.82329e-6 0.3808161 -0.09854221 0.919385 2.88757e-6 0.09866857 0.9951204 -0.3808161 -0.09854221 -0.919385 -2.88757e-6 0.09866857 -0.9951204 2.49404e-6 -0.09866857 -0.9951204 0.7036694 -0.09869533 0.7036395 0.3808162 0.09854221 0.9193848 -0.9193741 -0.09854358 -0.3808417 -0.7036528 0.09868836 -0.7036572 -0.7036695 -0.09869533 -0.7036395 0.9193741 -0.09854358 0.3808417 0.7036528 0.09868836 0.7036572 -0.9951211 -0.09866249 -2.63669e-6 -0.9193801 0.09854423 -0.380827 0.9951211 -0.09866249 2.63669e-6 0.9193801 0.09854423 0.380827 -0.9193758 -0.09854358 0.3808376 -0.995121 0.09866255 2.64161e-6 0.995121 0.09866255 -2.64161e-6 -0.7036738 -0.09869533 0.7036352 -0.9193779 0.09854429 0.3808326 0.04150599 0.9941546 -0.09966927 0 1 4.83199e-6 0 1 1.73963e-5 -0.7036496 0.09868836 0.7036603 0.3808212 -0.09854221 -0.9193828 0.7036496 0.09868836 -0.7036603 -0.3808162 0.09854221 -0.9193848 0.812316 0.4763743 -0.3364673 0.8487058 0.5288654 0 0.8791495 0.4765462 0 0 -1 -2.79035e-7 0.04147738 -0.9941133 0.1000925 0 -0.9941612 0.1079051 0 -1 1.82329e-6 -0.07638823 -0.9941514 -0.07634079 -0.04131489 -0.9941506 -0.09978914 0 -1 -1.82329e-6 0.07638823 -0.9941514 0.07634079 0 -1 8.37061e-7 0 -1 1.23539e-5 0 -1 -8.37061e-7 0 -1 -1.23539e-5 -0.09967362 -0.9941459 -0.04170203 0.09967362 -0.9941459 0.04170203 -0.1000772 -0.9941126 0.04153132 -0.1080112 -0.9941496 -3.41475e-4 0.1000772 -0.9941126 -0.04153132 0.1080112 -0.9941496 3.41475e-4 0 -1 -8.37061e-7 -0.07638823 -0.9941514 0.07634079 0.07638823 -0.9941514 -0.07634079 0 -1 8.37061e-7 0 -1 -1.82329e-6 0 -0.9941612 -0.1079051 -0.04164588 -0.9941469 0.09968799 0.07667994 0.9941017 -0.07669532 0 1 6.42516e-6 0 1 -1.26763e-7 0.09967315 0.9941617 -0.04132533 -0.07667994 0.9941017 -0.07669532 -0.1000458 0.994134 -0.04109233 -0.100045 0.994134 0.04109263 -0.1083583 0.9941119 0 -0.07667994 0.9941017 0.07669532 0 1 1.26763e-7 0 1 -1.73963e-5 0 1 -6.42516e-6 -0.040995 0.994139 0.1000359 0 1 -4.83199e-6 0.040995 0.994139 0.1000358 0 0.9941053 0.1084193 0.07667994 0.9941017 0.07669532 0.1000458 0.994134 0.04109233 0.1083583 0.9941119 0 -0.04137665 0.9941592 -0.09967821 -3.41526e-4 0.9941126 -0.1083522 -0.8122457 0.476501 -0.3364576 -0.6001334 0.5288565 -0.6001256 -0.6217168 0.4764074 -0.6216948 -0.6217088 0.4764068 0.6217032 -0.7840932 0.5288689 0.3248009 -0.812316 0.4763743 0.3364673 -0.3247998 0.5288692 0.7840934 -0.6001292 0.5288564 0.60013 0.336461 0.4765033 -0.812243 0.6001252 0.5288563 -0.600134 0.6217038 0.4764065 -0.6217084 -0.7070979 0 -0.7071157 -0.3820779 0.05723804 -0.922356 -0.3826802 0 -0.9238809 -0.3364693 0.4763742 0.8123153 0 0.5288662 0.8487052 1.56809e-6 0 -1 0.3820627 0.05723786 -0.9223622 0.3826557 0 -0.9238911 0.3364693 0.4763742 0.8123153 0 0.476561 0.8791415 0.7840932 0.5288689 -0.3248009 0.6217088 0.4764067 0.6217033 0.3247998 0.5288692 0.7840934 -0.3247998 0.5288692 -0.7840934 -0.3364693 0.4763742 -0.8123152 0.7840932 0.5288689 0.3248009 0.6001292 0.5288564 0.60013 -0.8487098 0.528859 -6.95469e-6 -0.7841079 0.5288522 -0.3247924 0.8123161 0.4763743 0.3364672 -0.8791471 0.4765506 -6.62422e-6 0 -1 -9.0436e-5 0 -1 -9.69526e-6 0 -1 -1.11895e-4 0.7070979 0 0.7071157 0.3820779 0.05723804 0.922356 0.3826802 0 0.9238809 -0.9238803 0 -0.3826814 -0.7059411 0.05742007 -0.7059392 0.9238803 0 0.3826814 0.7059411 0.05742007 0.7059392 -1 0 -1.45644e-5 -0.9223579 0.05723333 -0.3820737 1 0 1.45644e-5 0.9223579 0.05723333 0.3820737 -0.9238851 0 0.3826704 -0.998359 0.05726605 -5.81507e-6 0.9238851 0 -0.3826704 0.998359 0.05726605 5.81507e-6 -0.7071052 0 0.7071084 -0.9223591 0.05723315 0.3820708 0.7059428 0.05741977 -0.7059376 0.7071052 0 -0.7071084 0.9223591 0.05723315 -0.3820708 -0.3826557 0 0.9238911 -0.7059428 0.05741977 0.7059376 7.92049e-6 0.5288599 -0.8487092 7.35856e-6 0.4765654 -0.8791391 -1.56809e-6 0 1 -0.3820627 0.05723786 0.9223622 -7.85423e-7 0.05726343 -0.9983592 7.85423e-7 0.05726343 0.9983592 0 1 1.61958e-6 0 1 -7.07363e-6 0 1 7.51665e-6 0 1 -1.25144e-5 0 1 1.45125e-5 0 1 -7.51665e-6 0 1 7.07373e-6 0 1 -1.45125e-5 0 1 -1.61958e-6 0 1 1.25144e-5 0 1 -1.61958e-6 0 1 -7.30321e-7 0 1 1.55865e-5 0 1 -4.15242e-6 0 1 2.53983e-5 0.3794174 -0.1310266 -0.9159009 0.707111 0 -0.7071027 0.7009311 -0.1311699 -0.7010635 0 1 -1.21181e-6 0 1 1.21181e-6 -0.8313392 0 0.5557653 -0.8313394 0 0.5557651 0 1 1.13056e-5 0 1 1.39877e-5 0 1 1.54516e-5 0 1 4.44042e-5 0 1 5.37124e-5 0.9807513 0 -0.1952608 0.9807515 0 -0.1952602 0.9807515 0 -0.1952602 -0.1952278 0 0.980758 -0.1952279 0 0.9807579 -0.1952279 0 0.980758 0 1 5.15121e-6 0.5557652 0 -0.8313394 0.555766 0 -0.8313388 0.555766 0 -0.8313388 0.5557648 0 0.8313396 0.5557664 0 0.8313387 0.5557664 0 0.8313386 0 -1 -1.03013e-5 0 -1 -2.70578e-5 -0.1949316 0 -0.9808169 -0.1949316 0 -0.9808169 -0.1949316 0 -0.9808169 -0.9159972 -0.1306381 0.3793188 -1 0 -5.06836e-6 -0.9914041 -0.1308352 2.77242e-6 -0.7009349 -0.1311699 -0.7010598 -0.3826543 0 -0.9238916 -0.3795678 -0.1305699 -0.9159039 2.68446e-6 -0.1308587 0.991401 -0.3826642 0 0.9238876 -0.3795627 -0.1305699 0.915906 0 -1 -4.62112e-6 0.05516016 -0.9895606 -0.1331442 0 -1 -2.05444e-5 0.3794212 -0.1305522 0.9159672 -5.24247e-6 0 1 0.9238917 0 -0.3826541 0.9159486 -0.130646 -0.3794335 0.7009349 -0.1311699 0.7010598 0.3826543 0 0.9238916 -0.9158897 -0.1306052 -0.3795898 -0.7071031 0 -0.7071105 0.9158897 -0.1306052 0.3795898 0.7071031 0 0.7071105 -0.1331388 -0.9895606 -0.05517333 0 -1 -1.16422e-5 0.9914041 -0.1308352 -2.76994e-6 0.9238877 0 0.3826637 -0.9238877 0 -0.3826637 1 0 5.06836e-6 -0.7009311 -0.1311699 0.7010635 -0.9238917 0 0.3826541 -0.707111 0 0.7071027 0.5835074 0.5648272 0.5835146 0.3295237 0.5084317 0.7955573 0.3157802 0.5647931 0.7624248 0 -1 -1.01022e-5 0.1331388 -0.9895606 0.05517333 0 -1 1.16422e-5 -0.1331388 -0.9895606 0.05517333 -0.1441732 -0.9895525 0 0 -1 2.17486e-5 0.1441752 -0.9895523 -4.2744e-6 -0.1016032 -0.9896265 0.1015686 0.101603 -0.9896248 -0.1015864 0 -1 -3.85886e-5 0.1331389 -0.9895612 -0.05516213 0 -1 3.8512e-6 -0.0551601 -0.98956 0.1331484 5.24247e-6 0 -1 -2.68601e-6 -0.1308587 -0.991401 0 -1 2.91113e-5 0 -0.9895647 0.144089 -0.05516016 -0.9895606 -0.1331442 0 -0.9895653 -0.1440849 0 -1 -2.05444e-5 -0.1016014 -0.9896253 -0.1015824 0.05544757 -0.9895707 0.1329489 0 -1 -2.32895e-5 0.1022951 -0.989553 0.1015917 0.923882 0 -0.3826774 1 0 1.54756e-6 1 0 -1.54756e-6 -0.5835074 0.5648272 -0.5835146 -0.7955556 0.5084308 -0.3295291 -0.6088823 0.5084527 -0.608883 0 0.5084249 0.8611063 0 0.5647942 0.8252319 -0.3295237 0.5084317 -0.7955573 -0.3157802 0.5647931 -0.7624248 0.7955556 0.5084308 0.3295291 0.6088823 0.5084527 0.608883 -0.7624236 0.5647935 -0.3157824 -0.8611062 0.5084253 0 0.7624236 0.5647935 0.3157824 0.8611062 0.5084253 0 -0.7624236 0.5647935 0.3157823 -0.82523 0.5647969 0 0.7624236 0.5647935 -0.3157823 0.82523 0.5647969 0 -0.5835075 0.5648273 0.5835146 -0.7955556 0.5084308 0.3295291 0.3157802 0.5647931 -0.762425 0 0.5084249 -0.8611063 0.3295236 0.5084317 -0.7955573 0.5835075 0.5648273 -0.5835146 0.7955556 0.5084308 -0.3295291 -0.3295236 0.5084317 0.7955573 -0.6088823 0.5084527 0.608883 -0.923334 -0.03422671 -0.3824693 -0.7031481 -0.1057206 -0.7031401 -0.7066945 -0.03424286 -0.7066897 0.923334 -0.03422671 0.3824693 0.7031481 -0.1057206 0.7031401 0.7066945 -0.03424286 0.7066897 0 -0.03421717 -0.9994145 -0.3805356 -0.1057716 -0.9186975 0 -0.1057518 -0.9943926 0 -0.03421717 0.9994145 -0.3805356 -0.1057716 0.9186976 -0.382467 -0.03422802 0.923335 0.3824671 -0.03422802 -0.923335 0.7031481 -0.1057206 -0.7031401 0.7066945 -0.03424286 -0.7066897 0.3805356 -0.1057716 -0.9186976 -0.7031481 -0.1057206 0.7031401 -0.7066945 -0.03424286 0.7066897 0.6088823 0.5084527 -0.608883 0.923334 -0.03422671 -0.3824694 0.9186946 -0.1057714 -0.3805426 -0.923334 -0.03422671 0.3824694 -0.9186946 -0.1057714 0.3805426 0.9994144 -0.03421771 0 0.9943921 -0.1057567 0 -0.9994144 -0.03421771 0 -0.9943921 -0.1057567 0 0.9186946 -0.1057715 0.3805426 -0.9186946 -0.1057715 -0.3805426 0 0.5647942 -0.8252319 -0.3157802 0.5647931 0.762425 -0.382467 -0.03422802 -0.923335 0.3805356 -0.1057716 0.9186975 0 -0.1057518 0.9943926 -0.3786692 0.1445187 -0.9141795 0 0.3498042 -0.9368229 -0.3585084 0.3498225 -0.8655034 -0.3786692 0.1445187 0.9141795 0 0.1444963 0.9895054 0 0.3498042 0.9368229 0.6996866 0.1444886 -0.6996869 0.3786692 0.1445187 -0.9141795 0.3585084 0.3498225 -0.8655033 -0.6996866 0.1444886 0.6996869 -0.3585084 0.3498225 0.8655033 0.8655038 0.3498209 -0.358509 0.6624335 0.3498216 -0.6624249 0 0.1444963 -0.9895054 -0.8655038 0.3498209 0.358509 -0.6624335 0.3498216 0.6624249 0.9141811 0.1445192 -0.378665 0.9368234 0.3498027 0 -0.9141811 0.1445192 0.378665 -0.9368234 0.3498027 0 0.9141811 0.1445192 0.378665 0.9895057 0.1444942 0 -0.9141811 0.1445192 -0.378665 -0.9895057 0.1444942 0 0.6996865 0.1444886 0.699687 0.8655038 0.3498209 0.358509 -0.6996865 0.1444886 -0.699687 -0.8655038 0.3498209 -0.358509 0.3824671 -0.03422802 0.923335 0.3585084 0.3498225 0.8655034 0.6624335 0.3498216 0.6624249 -0.6624335 0.3498216 -0.6624249 0.3786692 0.1445187 0.9141795 0 1 1.45976e-5 0 1 5.0594e-6 0 1 -1.45995e-5 0 1 -1.08923e-5 0 1 -1.03643e-5 0 1 -1.45995e-5 0 1 -1.32611e-6 0 1 1.32611e-6 0 1 -1.82827e-5 0 1 -6.01647e-6 -0.7071282 0 0.7070855 -0.9238817 0 0.3826782 -0.9238796 0 0.3826832 -8.91794e-6 0 -1 0.3826965 0 -0.9238743 0.3826919 0 -0.9238761 0.7070972 0 -0.7071163 0.9238837 0 -0.3826733 -0.3826731 0 0.9238839 -0.707132 0 0.7070816 0.7071011 0 -0.7071126 1.35412e-6 0 1 -0.382678 0 0.9238818 -0.3826814 0 -0.9238804 -6.16131e-6 0 -1 0.3826758 0 0.9238827 -1.73133e-6 0 1 -0.707107 0 -0.7071067 -0.3826807 0 -0.9238807 0.7071071 0 0.7071066 0.3826754 0 0.923883 -0.9238808 0 -0.3826804 -0.7071067 0 -0.7071068 0.9238833 0 0.3826745 0.7071068 0 0.7071068 -1 0 1.63464e-6 -0.9238806 0 -0.3826809 0.9238827 0 0.3826758 -1 0 -1.39283e-6 0.1942324 0.09915167 0.9759318 0.1940914 0.09924381 0.9759504 0.3808675 0.09748929 0.9194759 0.5528633 0.09924548 0.8273407 0.5527865 0.09919029 0.8273985 0.3808456 0.09749931 0.9194839 0.9759504 0.0992437 0.194092 0.9759315 0.09915167 0.1942338 0.9194825 0.09749966 0.380849 0.8273982 0.09919011 0.5527871 0.8273405 0.09924596 0.5528637 0.9194753 0.09748989 0.3808689 0.8273404 0.0992459 -0.5528637 0.8273982 0.09919011 -0.5527871 0.9194825 0.09749966 -0.380849 0.9759315 0.09915167 -0.1942338 0.9759504 0.0992437 -0.194092 0.9194753 0.09748989 -0.3808689 0.1940914 0.09924381 -0.9759504 0.1942324 0.09915167 -0.9759318 0.5527866 0.09919029 -0.8273986 0.5528633 0.09924548 -0.8273407 0.3808675 0.09748929 -0.9194759 0.3808456 0.09749931 -0.9194839 -0.5528633 0.09924548 -0.8273407 -0.5527865 0.09919029 -0.8273985 -0.3808456 0.09749931 -0.9194839 -0.1942324 0.09915167 -0.9759318 -0.1940914 0.09924381 -0.9759504 -0.3808675 0.09748929 -0.9194759 -0.8273405 0.09924596 -0.5528637 -0.9759504 0.0992437 -0.194092 -0.9759315 0.09915167 -0.1942338 -0.9194825 0.09749966 -0.380849 -0.8273982 0.09919011 -0.5527871 -0.9194753 0.09748989 -0.3808689 -0.8273404 0.0992459 0.5528637 -0.8273982 0.09919011 0.5527871 -0.9194825 0.09749966 0.380849 -0.9759315 0.09915167 0.1942338 -0.9759504 0.0992437 0.194092 -0.9194753 0.09748989 0.3808689 -0.1940914 0.09924381 0.9759504 -0.1942324 0.09915167 0.9759318 -0.3808456 0.09749931 0.9194839 -0.5527866 0.09919029 0.8273986 -0.5528633 0.09924548 0.8273407 -0.3808675 0.09748929 0.9194759 -0.3807125 0.1013107 -0.9191268 -0.5534207 0.09958177 -0.8269276 -0.5517525 0.09939086 -0.8280645 0.3807125 0.1013107 0.9191268 0.1933971 0.09958219 0.9760538 0.3807048 0.1015397 0.9191048 -0.1933971 0.09958219 -0.9760538 -0.3807048 0.1015397 -0.9191048 -0.3807125 0.1013107 0.9191268 -0.1933971 0.09958219 0.9760538 -0.1953775 0.09939146 0.9756788 0.3807125 0.1013107 -0.9191268 0.5534207 0.09958177 -0.8269276 0.3807048 0.1015397 -0.9191048 -0.5534207 0.09958177 0.8269276 -0.3807048 0.1015397 0.9191048 0.9191268 0.1013107 -0.3807128 0.8269278 0.09958183 -0.5534203 0.8280641 0.09939074 -0.5517531 0.1933971 0.09958219 -0.9760538 0.1953775 0.09939146 -0.9756788 -0.9191268 0.1013107 0.3807128 -0.8269278 0.09958183 0.5534203 -0.8280641 0.09939074 0.5517531 0.9760538 0.09958225 -0.1933975 0.9191047 0.1015398 -0.3807047 -0.9760538 0.09958225 0.1933975 -0.9191047 0.1015398 0.3807047 0.9191268 0.1013107 0.3807128 0.9760538 0.09958225 0.1933975 0.9756788 0.09939146 0.1953776 -0.9191268 0.1013107 -0.3807128 -0.9760538 0.09958225 -0.1933975 -0.9756788 0.09939146 -0.1953776 0.8269278 0.09958183 0.5534203 0.9191047 0.1015398 0.3807047 -0.8269278 0.09958183 -0.5534203 -0.9191047 0.1015398 -0.3807047 0.5534207 0.09958177 0.8269276 0.5517525 0.09939086 0.8280645 -0.09823149 -0.9949853 -0.01883882 -0.09337878 -0.9948794 -0.03867167 -0.09775066 -0.9950365 -0.01863706 0.05587071 0.9950039 -0.08273965 0.0557208 0.9950377 -0.08243399 -0.05613583 -0.9949859 -0.08277577 -0.03867822 -0.9948806 -0.09336292 -0.05593895 -0.9950369 -0.08229488 0.1931501 -0.01967602 0.980972 0.1931813 -0.01967966 0.9809658 0.1931816 -0.01967966 0.9809657 0.9809719 -0.01967602 0.1931504 0.9809659 -0.0196796 0.1931807 0.9809719 -0.01967597 0.1931501 0.09800606 0.9950045 0.01899856 0.09351545 0.9948641 0.03873562 0.0937944 0.9948333 0.03885233 0.05587071 0.9950039 0.08273965 0.03873527 0.9948639 0.09351629 0.03885191 0.9948332 0.09379565 0.09800606 0.9950045 -0.01899856 0.09768331 0.9950383 -0.01888841 0.05613583 -0.9949859 -0.08277577 0.03867822 -0.9948806 -0.09336292 0.03885513 -0.9948334 -0.09379142 -0.08277493 -0.9949861 -0.05613499 -0.09380835 -0.9948322 -0.03884756 0.5571157 -0.01967072 0.830202 0.5571187 -0.01967084 0.8302 0.5571157 -0.01967072 0.8302021 -0.01883727 -0.9949871 -0.09821349 -0.03885513 -0.9948334 -0.09379142 -0.8302028 -0.01967084 -0.5571144 -0.8302012 -0.01967072 -0.557117 -0.8302011 -0.01967072 -0.557117 0.08274126 0.9950038 0.05586999 0.08243596 0.9950375 0.05571997 0.08277493 -0.9949861 -0.05613499 0.09337878 -0.9948794 -0.03867167 0.08229023 -0.9950373 -0.05593913 -0.9809719 -0.01967602 0.1931504 -0.9809659 -0.0196796 0.1931807 -0.9809657 -0.01967966 0.193181 -0.1931501 -0.01967602 0.980972 -0.1931813 -0.01967966 0.9809658 -0.1931498 -0.01967602 0.980972 -0.05587071 0.9950039 0.08273965 -0.03873527 0.9948639 0.09351629 -0.0557208 0.9950377 0.08243399 -0.08274126 0.9950038 0.05586999 -0.09351545 0.9948641 0.03873562 -0.0937944 0.9948333 0.03885233 0.01899868 0.9950051 0.09799969 0.01888847 0.995039 0.09767627 0.09823149 -0.9949853 0.01883882 0.09337878 -0.9948794 0.03867167 0.09775066 -0.9950365 0.01863706 0.01883727 -0.9949871 -0.09821349 0.0186342 -0.9950384 -0.09773135 0.01883727 -0.9949871 0.09821349 0.03885513 -0.9948334 0.09379142 0.09823149 -0.9949853 -0.01883882 0.09380835 -0.9948322 -0.03884756 -0.09800606 0.9950045 -0.01899856 -0.0937944 0.9948333 -0.03885233 -0.01899868 0.9950051 0.09799969 -0.03885191 0.9948332 0.09379565 0.9809719 -0.01967602 -0.1931504 0.9809659 -0.0196796 -0.1931807 0.9809657 -0.01967966 -0.193181 -0.1931501 -0.01967602 -0.980972 -0.1931813 -0.01967966 -0.9809658 -0.1931816 -0.01967966 -0.9809657 0.08277493 -0.9949861 0.05613499 0.09380835 -0.9948322 0.03884756 -0.01899868 0.9950051 -0.09799969 -0.01888847 0.995039 -0.09767627 -0.09800606 0.9950045 0.01899856 -0.09768331 0.9950383 0.01888841 0.5571157 -0.01967072 -0.830202 0.5571187 -0.01967084 -0.8302 0.5571187 -0.01967078 -0.8301999 0 0.5045865 -0.8633612 -0.3034768 0.6092153 -0.7326381 0 0.6092619 -0.7929692 0 0.5045865 0.8633612 0.3034768 0.6092153 0.7326381 0 0.6092619 0.7929692 -0.3304075 0.5046126 0.7976197 -0.5606597 0.6093658 0.5606551 -0.6104722 0.504628 0.6104706 0.8633613 0.5045862 0 0.7326373 0.6092157 -0.303478 0.7929679 0.6092635 0 0.7976203 0.5046114 -0.3304077 0.5606597 0.6093658 -0.5606551 0.3034768 0.6092153 -0.7326381 0.3304075 0.5046126 -0.7976197 -0.7976203 0.5046114 0.3304077 -0.7326374 0.6092156 -0.3034781 -0.7976203 0.5046114 -0.3304077 0.7976202 0.5046114 0.3304077 0.5606597 0.6093659 0.560655 0.6104722 0.504628 0.6104706 0.7326374 0.6092156 0.3034781 -0.3304075 0.5046126 -0.7976197 -0.5606597 0.6093659 -0.560655 0 -0.6092693 0.7929634 -0.6104722 0.504628 -0.6104706 0.3304075 0.5046126 0.7976197 0.3034759 -0.6092186 -0.7326357 -0.3034768 0.6092153 0.7326381 -0.3747794 0.2022348 -0.9047882 8.81021e-7 0.2021913 -0.979346 -0.3747805 -0.2022343 -0.9047877 -0.3747795 0.2022348 0.9047881 -8.81021e-7 0.2021912 0.979346 8.81021e-7 -0.2021912 0.979346 -0.3747775 -0.2022343 0.904789 0.6925061 0.2021698 -0.6925048 0.3747795 0.2022347 -0.9047881 0.3747775 -0.2022343 -0.904789 0.6925051 -0.2021704 -0.6925055 -0.6925061 0.2021698 0.6925048 -0.6925051 -0.2021704 0.6925055 0.6104722 0.504628 -0.6104706 0.9047881 0.2022338 -0.37478 -8.81021e-7 -0.2021912 -0.979346 -0.9047881 0.2022338 0.37478 0.9793463 0.2021905 1.54432e-6 0.904788 -0.202234 -0.3747802 -0.9793463 0.2021905 -1.54432e-6 -0.904788 -0.202234 0.3747802 0.9047881 0.2022337 0.3747799 0.9793462 -0.2021905 -1.77217e-7 0.9047894 -0.202234 0.374777 -0.9047881 0.2022337 -0.3747799 -0.9793462 -0.2021905 1.77217e-7 -0.9047894 -0.202234 -0.374777 0.6925029 0.2021697 0.6925079 0.6925044 -0.2021704 0.6925061 -0.6925029 0.2021697 -0.6925079 -0.6925044 -0.2021704 -0.6925061 0.3747794 0.2022348 0.9047882 0.3747805 -0.2022343 0.9047877 0.9058477 0.4236036 0 0 -0.4236116 -0.905844 0.3466598 -0.423618 -0.836884 -0.8368844 -0.4236175 0.3466597 0.9058443 -0.4236111 0 0.8368875 0.42361 0.3466614 0.8368844 -0.4236175 0.3466597 0.6405289 0.4236101 0.6405288 0.6405267 -0.4236176 0.6405262 -0.6405267 -0.4236176 -0.6405262 -0.3466609 0.4236096 -0.8368878 -0.3466598 -0.423618 -0.836884 0 -0.2353849 0.9719023 -0.3826781 2.84212e-6 0.9238818 0 2.98017e-6 1 0 0.2353789 0.9719037 -0.6872426 -0.2353792 -0.6872367 -0.3719345 -0.2353762 -0.8979215 -0.7070991 2.50021e-6 -0.7071145 -0.3719366 0.235371 -0.8979219 -0.6872433 0.2353728 -0.6872382 0.6872426 -0.2353792 0.6872367 0.8979203 -0.2353794 0.3719353 0.9238774 2.41856e-6 0.3826888 0.6872434 0.2353728 0.6872381 0.8979218 0.2353729 0.3719359 0.9719023 -0.235385 0 1 2.50028e-6 0 0.9719039 0.2353785 0 -0.6872426 -0.2353792 0.6872367 -0.9238774 2.42216e-6 0.3826887 -0.7070991 2.49901e-6 0.7071144 -0.6872433 0.2353727 0.6872382 0.6872372 -0.235379 -0.6872422 0.3719352 -0.2353789 -0.8979204 0.3826889 2.51694e-6 -0.9238773 0.6872385 0.2353727 -0.687243 0.3719362 0.2353735 -0.8979214 0 -0.2353849 -0.9719023 -0.3826782 2.84572e-6 -0.9238818 0 0.2353789 -0.9719037 0.3719345 -0.2353762 0.8979215 0.7070991 2.50021e-6 0.7071145 0.3719366 0.235371 0.8979219 -0.9719023 -0.235385 0 -0.9238774 2.42216e-6 -0.3826887 -1 2.50028e-6 0 -0.9719039 0.2353785 0 -0.8979203 -0.2353794 0.3719353 -0.8979218 0.2353729 0.3719359 0 2.98017e-6 -1 -0.8979203 -0.2353794 -0.3719353 -0.8979218 0.2353729 -0.3719359 0.8979208 -0.2353768 -0.3719355 0.9238814 2.5026e-6 -0.3826789 0.8979223 0.2353703 -0.3719361 0.6405267 -0.4236176 -0.6405261 0.7071144 2.56499e-6 -0.7070993 -0.3719345 -0.2353762 0.8979215 -0.3719366 0.235371 0.8979219 0.3826782 2.84572e-6 0.9238818 0 0.3799999 -0.9249866 0.3539894 0.3799938 -0.8545737 0.2727407 0.7014509 -0.6584674 0 0.7014405 -0.7127282 0.1519654 0.9177724 -0.3668792 0 0.9177636 -0.3971272 0.6540639 0.3799931 -0.6540686 0.5039768 0.7014309 -0.5039862 0.2808045 0.9177659 -0.2808108 -0.2727407 0.7014509 -0.6584674 -0.1519654 0.9177724 -0.3668793 -0.3539894 0.3799939 -0.8545737 -0.5039768 0.7014309 -0.5039863 -0.8545736 0.3799938 -0.3539897 -0.6540639 0.379993 -0.6540685 -0.366881 0.9177723 -0.151962 -0.2808045 0.9177659 -0.2808108 -0.9249868 0.3799993 0 -0.658473 0.7014474 -0.2727361 -0.712727 0.7014416 0 -0.3971253 0.9177646 0 -0.658473 0.7014474 0.2727361 -0.366881 0.9177723 0.151962 -0.8545736 0.3799938 0.3539897 -0.5039768 0.7014309 0.5039862 -0.3539894 0.3799939 0.8545737 -0.6540639 0.3799931 0.6540686 -0.1519654 0.9177724 0.3668792 -0.2808045 0.9177659 0.2808108 0 0.3799999 0.9249866 -0.2727407 0.7014509 0.6584674 0 0.7014405 0.7127282 0 0.9177636 0.3971272 0.2727407 0.7014509 0.6584674 0.1519654 0.9177724 0.3668793 0.3539894 0.3799939 0.8545737 0.5039768 0.7014309 0.5039863 0.8545736 0.3799938 0.3539897 0.6540639 0.379993 0.6540685 0.366881 0.9177723 0.151962 0.2808045 0.9177659 0.2808108 0.9249868 0.3799993 0 0.658473 0.7014474 0.2727361 0.712727 0.7014416 0 0.3971253 0.9177646 0 0.658473 0.7014474 -0.2727361 0.366881 0.9177723 -0.151962 0.8545736 0.3799938 -0.3539897 0 0.3979791 -0.9173945 0.3511117 0.3977512 -0.8476524 0.1455293 0.9249123 -0.3512241 0.08267891 0.9764085 -0.1994759 0.6489286 0.3973387 -0.6488556 0.2683807 0.925156 -0.2684367 -0.1455294 0.9249124 -0.3512241 0 0.9249757 -0.3800265 -0.3511117 0.3977512 -0.8476524 -0.8475619 0.3980719 -0.3509668 -0.6488895 0.3977497 -0.648643 -0.3512436 0.924915 -0.1454658 -0.2683631 0.9251387 -0.2685138 -0.9174337 0.3978887 0 -0.3512436 0.9249149 0.1454659 -0.3799241 0.9250177 0 -0.847656 0.3977485 0.3511061 -0.3511117 0.3977512 0.8476524 -0.6489286 0.3973387 0.6488556 -0.1455293 0.9249123 0.3512241 -0.2683807 0.925156 0.2684367 0 0.3979791 0.9173945 0.1454767 0.9249312 0.3511965 0 0.9249757 0.3800265 0.3511117 0.3977512 0.8476524 0.8475619 0.3980719 0.3509668 0.6488534 0.3976685 0.6487289 0.3512436 0.924915 0.1454658 0.2683631 0.9251387 0.2685138 0.9174337 0.3978887 0 0.3512436 0.9249149 -0.1454659 0.3799241 0.9250177 0 0.847656 0.3977485 -0.3511061 0.1950991 2.27913e-5 0.9807837 0.382665 1.61513e-5 0.9238872 0.3826659 0 0.9238869 0.5555301 2.14359e-5 0.8314965 0.7071076 2.69226e-5 0.707106 0.1951017 -2.27921e-5 0.980783 0.3826631 -1.61517e-5 0.9238881 4.73914e-7 -2.8788e-5 1 0.5555335 -2.14362e-5 0.8314942 0.3826597 0 0.9238895 -4.73914e-7 2.87869e-5 1 0.7071059 -2.69226e-5 0.7071076 0.8314973 2.11953e-5 0.5555288 0.9238867 1.61845e-5 0.3826664 0.923886 0 0.382668 0.9807831 2.31227e-5 0.1951013 1 2.92055e-5 3.3851e-7 0.8314921 -2.1195e-5 0.5555366 0.9238851 -1.61844e-5 0.3826701 0.9807834 -2.31227e-5 0.1950998 0.9238853 0 0.3826697 1 -2.92055e-5 -3.33674e-7 0.9807831 2.31226e-5 -0.1951013 0.9238867 1.61845e-5 -0.3826664 0.923886 0 -0.382668 0.8314974 2.11953e-5 -0.5555287 0.7071083 2.69226e-5 -0.7071053 0.9807834 -2.31227e-5 -0.1950998 0.9238852 -1.61844e-5 -0.3826701 0.8314921 -2.1195e-5 -0.5555368 0.9238853 0 -0.3826697 0.7071052 -2.69226e-5 -0.7071084 0.1950994 2.27913e-5 -0.9807836 0.382665 1.61513e-5 -0.9238872 4.73914e-7 2.87869e-5 -1 0.5555306 2.14359e-5 -0.8314962 0.3826659 0 -0.9238869 0.1951015 -2.27921e-5 -0.9807831 0.3826631 -1.61517e-5 -0.9238881 0.3826597 0 -0.9238895 0.5555331 -2.14363e-5 -0.8314945 -4.73914e-7 -2.8788e-5 -1 -0.1950991 2.27913e-5 -0.9807837 -0.382665 1.61513e-5 -0.9238872 -0.3826659 0 -0.9238869 -0.5555301 2.14359e-5 -0.8314965 -0.7071076 2.69226e-5 -0.707106 -0.1951017 -2.27921e-5 -0.980783 -0.3826631 -1.61517e-5 -0.9238881 -0.5555335 -2.14362e-5 -0.8314942 -0.3826597 0 -0.9238895 -0.7071059 -2.69226e-5 -0.7071076 -0.8314973 2.11953e-5 -0.5555288 -0.9238867 1.61845e-5 -0.3826664 -0.923886 0 -0.382668 -0.9807831 2.31227e-5 -0.1951013 -1 2.92055e-5 -3.3851e-7 -0.8314921 -2.1195e-5 -0.5555366 -0.9238851 -1.61844e-5 -0.3826701 -0.9807834 -2.31227e-5 -0.1950998 -0.9238853 0 -0.3826697 -1 -2.92055e-5 3.33674e-7 -0.9807831 2.31226e-5 0.1951013 -0.9238867 1.61845e-5 0.3826664 -0.923886 0 0.382668 -0.8314974 2.11953e-5 0.5555287 -0.7071083 2.69226e-5 0.7071053 -0.9807834 -2.31227e-5 0.1950998 -0.9238852 -1.61844e-5 0.3826701 -0.8314921 -2.1195e-5 0.5555368 -0.9238853 0 0.3826697 -0.7071052 -2.69226e-5 0.7071084 -0.5555306 2.14359e-5 0.8314962 -0.382665 1.61513e-5 0.9238872 -0.3826659 0 0.9238869 -0.1950994 2.27913e-5 0.9807836 -0.5555331 -2.14363e-5 0.8314945 -0.3826631 -1.61517e-5 0.9238881 -0.1951015 -2.27921e-5 0.9807831 -0.3826597 0 0.9238895 0.9812848 0 0.1925622 0.923882 0 0.3826777 0.9238812 0 0.3826795 -0.923882 0 0.3826777 -0.9812848 0 0.1925622 -0.9812849 0 0.1925622 0.923882 0 -0.3826777 0.9812848 0 -0.1925622 0.9812849 0 -0.1925622 -0.830041 0 0.5577024 -0.9238812 0 0.3826796 0.1925626 0 -0.9812847 0.3826778 0 -0.9238819 0.3826796 0 -0.9238811 0.830041 0 -0.5577024 0.9238812 0 -0.3826796 -0.3826796 0 0.9238811 -0.5577026 0 0.8300409 -0.5577021 0 0.8300412 0.5577026 0 -0.8300409 0.5577021 0 -0.8300412 -0.1925626 0 0.9812847 -0.3826778 0 0.9238819 -0.3826777 0 -0.923882 -0.1925627 0 -0.9812847 -0.1925621 0 -0.9812848 0.3826777 0 0.923882 0.1925627 0 0.9812847 0.1925621 0 0.9812848 -0.5577025 0 -0.8300409 -0.3826797 0 -0.9238811 0.5577025 0 0.8300409 0.3826797 0 0.9238811 -0.9238812 0 -0.3826795 -0.830041 0 -0.5577024 -0.8300409 0 -0.5577025 0.830041 0 0.5577024 0.8300409 0 0.5577025 -0.9812848 0 -0.1925622 -0.923882 0 -0.3826777 -0.8314734 0 -0.5555647 -0.8314758 0 -0.5555611 -0.8314757 0 -0.5555611 0 1 -2.81535e-7 0 1 0 -0.1950366 0 -0.980796 -0.195037 0 -0.980796 -0.195037 0 -0.9807959 0 -1 2.38841e-5 0 -1 2.72779e-5 0 -1 1.00604e-4 0 -1 4.10279e-6 0 -1 0 0.555562 0 0.8314751 -0.1950365 0 0.980796 -0.1950371 0 0.980796 0 -1 -5.63069e-7 0.555562 0 -0.8314751 0.980796 0 -0.1950367 0.980796 0 -0.1950366 -0.8314734 0 0.5555648 -0.8314758 0 0.555561 -0.8314759 0 0.555561 0 -1 4.10279e-6 0 -1 1.09111e-4 0 -1 -1.15033e-5 0.8314734 0 0.5555647 0.8314758 0 0.5555611 0.8314757 0 0.5555611 0 1 -2.81559e-7 0 1 0 0 -1 1.15033e-5 -0.980796 0 -0.1950367 -0.980796 0 -0.1950366 0 1 2.81535e-7 0 1 0 0.1950366 0 0.980796 0.195037 0 0.980796 0.195037 0 0.9807959 0 -1 -2.72779e-5 -0.555562 0 -0.8314751 0 -0.9177997 -0.397044 0.1519325 -0.9178143 -0.3667881 0.2727043 -0.701479 -0.6584524 0 -0.3799756 -0.9249965 0.353991 -0.38018 -0.8544902 0.2808341 -0.9177536 -0.2808211 0.5040439 -0.7013458 -0.5040376 0.6540961 -0.3799891 -0.6540386 -0.2727044 -0.701479 -0.6584525 0 -0.7013842 -0.7127835 -0.1519325 -0.9178143 -0.366788 -0.5040439 -0.7013458 -0.5040375 -0.6540962 -0.3799892 -0.6540386 -0.353978 -0.3798877 -0.8546257 -0.3667384 -0.9178254 -0.1519851 -0.2808341 -0.9177536 -0.2808211 -0.6584094 -0.7015174 -0.2727096 -0.3974159 -0.9176387 1.40127e-5 -0.9250121 -0.3799379 0 -0.8546043 -0.3799151 -0.3539999 -0.6584094 -0.7015174 0.2727096 -0.7128238 -0.7013432 0 -0.3667384 -0.9178255 0.1519851 -0.5040439 -0.7013458 0.5040376 -0.6540962 -0.3799891 0.6540386 -0.8546043 -0.3799151 0.3539999 -0.1519325 -0.9178143 0.366788 -0.2808341 -0.9177536 0.2808211 -0.2727043 -0.701479 0.6584525 0 -0.9177997 0.397044 0 -0.3799756 0.9249965 -0.353978 -0.3798877 0.8546257 0.2727044 -0.701479 0.6584525 0 -0.7013842 0.7127835 0.1515999 -0.9178134 0.366928 0.5040439 -0.7013458 0.5040375 0.6540962 -0.3799892 0.6540386 0.3542698 -0.3799169 0.8544917 0.3667384 -0.9178254 0.1519851 0.2808341 -0.9177536 0.2808211 0.6584094 -0.7015174 0.2727096 0.3974159 -0.9176387 -1.40127e-5 0.9250121 -0.3799379 0 0.8546043 -0.3799151 0.3539999 0.6584094 -0.7015174 -0.2727096 0.7128238 -0.7013432 0 0.3667384 -0.9178255 -0.1519851 0.8546043 -0.3799151 -0.3539999 0.3808114 0.09854221 -0.9193868 0 0.3799319 -0.9250146 0.3539866 0.379908 -0.854613 0.2727209 0.7015123 -0.6584101 0 0.9178157 -0.3970068 0.1520513 0.9176965 -0.3670336 0.6540794 0.3799812 -0.6540599 0.5040467 0.7013472 -0.5040329 0.2810427 0.9176098 -0.2810828 -0.2727209 0.7015123 -0.6584101 0 0.7013933 -0.7127745 -0.6540795 0.3799813 -0.6540599 -0.3536875 0.3799156 -0.8547335 -0.5040467 0.7013472 -0.5040329 -0.1520514 0.9176964 -0.3670336 -0.6584056 0.7015169 -0.2727199 -0.3670195 0.9177101 -0.1520035 -0.2810427 0.9176096 -0.2810828 -0.9250119 0.379938 0 -0.8546022 0.3799118 -0.3540086 -0.3970566 0.9177942 0 -0.6584056 0.7015169 0.2727199 -0.7128241 0.7013429 0 -0.6540795 0.3799813 0.6540599 -0.8546022 0.3799118 0.3540086 -0.5040467 0.7013472 0.5040329 -0.3670195 0.9177101 0.1520035 -0.2727209 0.7015123 0.6584101 -0.1520514 0.9176964 0.3670336 -0.2810427 0.9176098 0.2810828 0 0.3799319 0.9250146 -0.3542881 0.3798558 0.8545113 0 0.9178157 0.3970068 0.2727209 0.7015123 0.6584101 0 0.7013933 0.7127745 0.6540795 0.3799813 0.6540599 0.3536875 0.3799156 0.8547335 0.5040467 0.7013472 0.5040329 0.1520514 0.9176964 0.3670336 0.6584056 0.7015169 0.2727199 0.3667067 0.9178532 0.1518946 0.2810427 0.9176096 0.2810828 0.9250119 0.379938 0 0.8546022 0.3799118 0.3540086 0.3970566 0.9177942 0 0.6584056 0.7015169 -0.2727199 0.7128241 0.7013429 0 0.8546022 0.3799118 -0.3540086 0.3670195 0.9177101 -0.1520035 0.3753863 0.1942651 -0.9062816 0 0.1941369 -0.9809745 0.3584581 0.3501146 -0.8654061 0.6936382 0.194348 -0.6936101 0.6624139 0.3499256 -0.6623896 -0.3753863 0.1942651 -0.9062816 -0.3584725 0.3499857 -0.8654522 0 0.3500143 -0.9367445 -0.6936381 0.194348 -0.6936102 -0.8654017 0.3501173 -0.3584659 -0.6624183 0.349926 -0.6623849 -0.9062775 0.194266 -0.3753956 -0.9809732 0.1941431 0 -0.9062775 0.194266 0.3753956 -0.8654465 0.3499907 0.3584814 -0.9367492 0.3500013 0 -0.6936382 0.194348 0.6936101 -0.3584725 0.3499857 0.8654522 -0.6624158 0.3499224 0.6623895 -0.3753863 0.1942651 0.9062816 0 0.1941369 0.9809745 0.3753863 0.1942651 0.9062816 0.3584725 0.3499857 0.8654522 0 0.3500143 0.9367445 0.6936381 0.194348 0.6936102 0.8654465 0.3499907 0.3584815 0.6624158 0.3499224 0.6623895 0.9062775 0.194266 0.3753956 0.9809732 0.1941431 0 0.9062775 0.194266 -0.3753956 0.8654465 0.3499907 -0.3584814 0.9367492 0.3500013 0 0.324791 0.5288527 -0.7841082 0.1951084 3.14961e-5 0.9807817 0.3826715 1.54243e-5 0.9238845 0.3826545 0 0.9238916 0.5555974 0 0.8314515 0.7071174 -1.16142e-5 0.7070961 0.1951076 -3.14964e-5 0.9807819 0.3826745 -1.54242e-5 0.9238832 7.09904e-6 -3.52859e-5 1 0.5555972 0 0.8314516 0.3826621 0 0.9238885 6.94429e-6 3.52862e-5 1 0.7071192 1.16144e-5 0.7070944 0.8314676 -1.72557e-5 0.5555734 0.923878 -8.45099e-6 0.3826871 0.9238796 0 0.3826834 0.9807783 0 0.1951253 1 2.15691e-5 5.77886e-6 0.8314706 1.72563e-5 0.5555688 0.9238782 8.45112e-6 0.3826869 0.9807786 0 0.1951242 0.9238774 0 0.3826885 1 -2.15693e-5 3.86386e-6 0.9807821 3.20458e-5 -0.1951065 0.9238863 1.5866e-5 -0.3826671 0.9238897 0 -0.382659 0.8314583 3.52156e-7 -0.5555872 0.7071048 -1.16148e-5 -0.7071089 0.9807821 -3.20466e-5 -0.1951066 0.9238881 -1.5866e-5 -0.3826628 0.8314575 -3.52163e-7 -0.5555885 0.9238938 0 -0.3826492 0.7071022 1.16147e-5 -0.7071114 0.1951282 0 -0.9807778 0.3826828 -8.56999e-6 -0.9238799 -6.95883e-6 7.25893e-6 -1 0.555575 -1.76087e-5 -0.8314665 0.38267 0 -0.9238851 0.1951272 0 -0.9807779 0.3826856 8.56993e-6 -0.9238787 0.3826773 0 -0.9238821 0.5555748 1.7609e-5 -0.8314666 -7.09424e-6 -7.25885e-6 -1 -0.1951395 1.06747e-5 -0.9807755 -0.3826771 -3.39643e-6 -0.9238822 -0.3826612 0 -0.9238889 -0.555575 -1.76087e-5 -0.8314664 -0.7071092 -2.3466e-5 -0.7071044 -0.1951387 -1.06748e-5 -0.9807757 -0.3826799 3.39643e-6 -0.9238811 -0.5555748 1.7609e-5 -0.8314666 -0.3826685 0 -0.9238857 -0.707111 2.34662e-5 -0.7071025 -0.8314676 -1.72557e-5 -0.5555734 -0.9238802 -3.27752e-6 -0.3826819 -0.923883 0 -0.3826751 -0.9807761 1.05645e-5 -0.1951369 -1 1.42213e-5 0 -0.8314706 1.72563e-5 -0.5555688 -0.9238803 3.27762e-6 -0.3826816 -0.9807763 -1.05648e-5 -0.1951357 -0.9238809 0 -0.3826802 -1 -1.42214e-5 0 -0.9807761 1.05645e-5 0.1951369 -0.9238802 -3.27752e-6 0.3826819 -0.923883 0 0.3826751 -0.8314676 -1.72557e-5 0.5555733 -0.7071174 -1.16142e-5 0.7070962 -0.9807763 -1.05648e-5 0.1951357 -0.9238803 3.27762e-6 0.3826816 -0.8314706 1.72563e-5 0.5555688 -0.9238809 0 0.3826802 -0.7071192 1.16144e-5 0.7070945 -0.5555974 0 0.8314515 -0.3826771 1.02513e-5 0.9238821 -0.3826634 0 0.923888 -0.1950971 2.09317e-5 0.980784 -0.5555972 0 0.8314516 -0.3826801 -1.02512e-5 0.923881 -0.1950961 -2.09319e-5 0.9807842 -0.3826709 0 0.9238848 0.3826821 0 0.9238801 0.1891331 0 0.9819515 0.1891326 0 0.9819516 -0.5606064 0 -0.8280825 -0.3826841 0 -0.9238793 -0.3826821 0 -0.9238801 0.5606064 0 0.8280825 0.3826841 0 0.9238793 -0.9238794 0 -0.3826838 -0.8280822 0 -0.5606068 -0.8280822 0 -0.5606067 0.9238794 0 0.3826838 0.8280822 0 0.5606068 0.8280822 0 0.5606067 -0.9819515 0 -0.1891331 -0.92388 0 -0.3826824 0.9819515 0 0.1891331 0.92388 0 0.3826824 -0.92388 0 0.3826823 -0.9819515 0 0.1891329 -0.9819515 0 0.1891331 0.92388 0 -0.3826823 0.9819515 0 -0.1891329 0.9819515 0 -0.1891331 -0.8280823 0 0.5606066 -0.9238794 0 0.3826839 0.1891332 0 -0.9819515 0.382682 0 -0.9238802 0.3826842 0 -0.9238793 0.8280823 0 -0.5606066 0.9238794 0 -0.3826839 -0.3826842 0 0.9238793 -0.5606064 0 0.8280825 -0.5606071 0 0.828082 0.5606064 0 -0.8280825 0.5606071 0 -0.828082 -0.1891332 0 0.9819515 -0.382682 0 0.9238802 -0.1891331 0 -0.9819515 -0.1891326 0 -0.9819516 0 -1 -1.03014e-5 0 -1 -2.70566e-5 0 -1 -2.68592e-5 0 1 -1.13056e-5 -0.980758 0 -0.1952281 -0.9807581 0 -0.1952273 -0.9807581 0 -0.1952273 0 1 -8.52937e-5 0 1 -9.69301e-6 0 1 -1.11902e-4 0 -1 -4.52168e-5 0 -1 -5.59459e-5 0 -1 4.52168e-5 0 -1 2.70566e-5 0 -1 2.68592e-5 0.8313394 0 0.5557651 0.8313392 0 0.5557653 0 1 -5.15168e-6 0 1 0 0.1949316 0 0.9808169 0.1949316 0 0.9808169 0.1949316 0 0.9808169 0 1 -1.5452e-5 0 1 -4.44184e-5 0 1 -5.37252e-5 0 -1 1.03014e-5 -0.5557648 0 -0.8313396 -0.5557664 0 -0.8313387 -0.5557664 0 -0.8313386 -0.5557652 0 0.8313394 -0.555766 0 0.8313388 -0.555766 0 0.8313388 0 1 -1.13049e-5 0 1 -1.23125e-5 0 1 -1.39877e-5 0 -1 9.04411e-5 0 -1 9.69526e-6 0 -1 1.11895e-4 0.1949316 0 -0.9808169 0.1949316 0 -0.9808169 0.1949316 0 -0.9808169 0 1 -5.15122e-6 0 1 -1.34276e-5 0.8313392 0 -0.5557653 0.8313394 0 -0.5557651 0 1 1.21191e-6 0 -1 -1.73537e-5 0 -1 -2.68552e-5 -0.9807513 0 0.1952608 -0.9807515 0 0.1952602 -0.9807515 0 0.1952602 0 1 1.13052e-5 0.980758 0 0.1952281 0.9807581 0 0.1952273 0.9807581 0 0.1952273 0 1 8.52887e-5 0 1 9.69452e-6 0 1 1.11902e-4 0 -1 3.49121e-5 0 -1 5.59459e-5 0 -1 -2.68618e-5 -0.8313394 0 -0.5557651 -0.8313392 0 -0.5557653 0 1 0 0.1979653 -0.8557982 -0.4779323 0 -0.8558645 -0.5172004 0.2678822 -0.7139921 -0.6468806 0.3692132 -0.2639341 -0.8910783 0.3656021 -0.8559907 -0.3655342 0.4949763 -0.7142563 -0.4948096 0.6819644 -0.2637678 -0.6821666 -0.1979653 -0.8557982 -0.4779323 -0.2678822 -0.713992 -0.6468806 0 -0.7141304 -0.7000128 -0.3693654 -0.263494 -0.8911454 0 -0.2635934 -0.9646339 -0.365602 -0.8559906 -0.3655342 -0.6150597 -0.4932674 -0.6151332 -0.4778826 -0.8558062 -0.1980509 -0.7001413 -0.7140044 0 -0.8037784 -0.4928116 -0.3332825 -0.2348629 -0.9671504 0.09726083 -0.2542086 -0.9671494 0 -0.8040369 -0.4925451 0.3330523 -0.8702175 -0.4926678 0 -0.1797876 -0.9671554 0.1796853 -0.6467686 -0.7140225 0.2680715 -0.6151792 -0.4928486 0.6153495 -0.1979653 -0.8557982 0.4779322 -0.494923 -0.7142753 0.4948354 0 -0.8558645 0.5172004 -0.3330809 -0.4925613 0.8040153 0.1979653 -0.8557982 0.4779323 0.3330808 -0.4925612 0.8040153 0 -0.7141304 0.7000128 0 -0.2635934 0.9646339 0.365602 -0.8559906 0.3655342 0.6152725 -0.4928479 0.6152566 0.4778826 -0.8558062 0.1980509 0.7001413 -0.7140044 0 0.8037784 -0.4928116 0.3332825 0.4778826 -0.8558062 -0.1980509 0.2542086 -0.9671494 0 0.8040369 -0.4925451 -0.3330523 0.8702175 -0.4926678 0 0.3826642 0 -0.9238876 0 1 1.67015e-5 0 1 1.18431e-5 0 1 -1.33431e-5 0 1 1.22484e-5 0 1 -2.45017e-5 0 1 1.83381e-5 0 1 -1.22484e-5 0 1 6.67185e-6 0 1 1.04627e-5 0 1 -6.67153e-6 0 1 -1.04618e-5 0 1 3.33612e-6 0 1 0 0 1 -3.3358e-6 0 1 3.95516e-6 0 1 -1.16857e-5 0 1 3.3355e-6 0 1 2.16925e-6 0 1 -1.18438e-5 0 1 -6.12542e-6 0 1 -8.34997e-6 0 1 -1.1844e-5 0 1 -1.8338e-5 0 1 8.34957e-6 0 1 1.1843e-5 0 1 1.83381e-5 0 1 -1.83379e-5 0 1 1.83375e-5 0 1 -8.67717e-6 -0.923892 0 0.3826536 -1 0 5.36815e-6 -1 0 1.51856e-5 0.7071058 0 -0.7071078 0.9238957 0 -0.3826445 0.923892 0 -0.3826536 1.65881e-5 0 1 -0.3826731 0 0.9238839 -0.3826639 0 0.9238877 -0.7071256 0 0.707088 -0.9238957 0 0.3826445 0.3826475 0 -0.9238945 0.7071102 0 -0.7071035 -0.7071324 0 0.7070811 -5.50358e-6 0 -1 0.3826523 0 -0.9238924 0.3826574 0 0.9238904 5.14569e-6 0 1 -0.3826574 0 -0.9238904 4.71044e-6 0 -1 0.7070911 0 0.7071225 0.3826438 0 0.923896 -0.7070911 0 -0.7071225 -0.3826438 0 -0.923896 0.9238884 0 0.3826621 0.7070818 0 0.7071319 -0.9238884 0 -0.3826621 -0.7070818 0 -0.7071319 1 0 -1.51856e-5 0.9238847 0 0.3826711 -0.9238847 0 -0.3826711 1 0 -5.36815e-6 0 1 4.90951e-6 0 1 9.6761e-7 0 1 -9.68311e-7 -0.9972184 -0.07453435 0 0 -0.07452976 0.9972188 0.9998825 0.01533305 0 0 0.01533347 -0.9998825 -0.9998825 0.01533305 0 0 0.01533347 0.9998825 0 -0.07452976 -0.9972188 0.9972184 -0.07453435 0 0 -0.9192366 -0.3937058 -0.3937281 -0.919227 0 -0.8603179 -0.509758 0 0 -0.5097577 -0.860318 0 0.9836047 -0.1803385 0.9841173 0.1746099 -0.03201198 -0.07542806 0.09276747 0.9928267 0.9928269 0.0927667 0.07542645 -0.4410541 0.8974806 0 0 0.8976066 -0.4407975 -0.1802865 0.9836142 0 -0.03200399 0.1746102 0.9841175 -0.03200447 0.1746113 -0.9841172 0.9841175 0.1746113 0.03199577 0 -0.9836053 -0.1803349 0 0.7500323 0.6614012 0.4234618 -0.905914 0 0 -0.9057598 -0.4237915 0 -0.9057598 0.4237915 -0.4234618 -0.905914 0 0 0.7500323 -0.6614012 -0.9928269 0.0927667 -0.07542645 -0.9841175 0.1746113 -0.03199577 0 -0.9836053 0.1803349 0.03200447 0.1746113 0.9841172 0.03200399 0.1746102 -0.9841175 0.1802865 0.9836142 0 0.4410541 0.8974806 0 0.07542806 0.09276747 -0.9928267 0 0.8976066 0.4407975 0 0.9836047 0.1803385 -0.9841173 0.1746099 0.03201198 0.8603179 -0.509758 0 0 -0.5097577 0.860318 0.3937281 -0.919227 0 0 -0.9192366 0.3937058 0 0.5857248 -0.8105102 0 0.6134965 0.7896975 -0.7897277 0.6134577 0 0 0.6134965 -0.7896975 0.7897277 0.6134577 0 0 0.5857248 0.8105102 0 0.3162149 -0.9486877 0.948695 0.3161931 0 -0.948695 0.3161931 0 0 0.3162149 0.9486877 0.9947667 0.1021735 0 0 0.1025046 -0.9947326 -0.9947667 0.1021735 0 0 0.1025046 0.9947326 0.5665858 0.8240028 0 0 0.8239923 -0.5666011 0 0.4272015 -0.9041565 0.9041629 0.4271879 0 0 0.8133679 -0.5817497 0.5817438 0.8133722 0 -0.5817438 0.8133722 0 0 0.8133679 0.5817497 -0.9041629 0.4271879 0 0 0.4272015 0.9041565 -0.5665858 0.8240028 0 0 0.8239923 0.5666011 0.395027 0.9186697 0 0 0.9186449 -0.3950842 -0.395027 0.9186697 0 0 0.9186449 0.3950842 0.9085414 0.417795 0 0 0.4176786 0.9085949 0.9950342 0.09953469 0 0.9624799 0.2713531 0 0.8702879 0.4925433 0 0 0.492537 0.8702916 -0.8702879 0.4925433 0 0 0.492537 -0.8702916 0 0.4176786 -0.9085949 -0.9085414 0.417795 0 0.9979893 -0.06338363 0 0 -0.06338071 -0.9979894 -0.9979893 -0.06338363 0 0 -0.06338071 0.9979894 0.1763789 0.9843183 0.002864181 0.09901511 0.540029 0.8358018 2.00603e-7 0 1 -0.9835808 0.1804683 0 -2.64651e-7 0 -1 0.9601136 -0.1761464 -0.2171506 0.9999358 0.01133191 3.03427e-5 -0.1803952 -0.9835897 0.002994418 -0.09907722 -0.5400152 0.8358034 0 0 1 0.960117 -0.1761631 0.217122 -0.09904259 -0.5400242 -0.8358018 -0.1779211 -0.9840433 -0.001718401 0.9313222 -0.3641959 -6.97989e-4 0.1803948 0.9835929 -0.00166136 0.09901577 0.5400322 -0.8357997 -0.9831156 0.1829853 -3.3652e-4 -0.09904253 -0.5400198 0.8358047 0.09922266 0.5399893 0.8358029 0.09901201 0.5400159 -0.8358107 -0.09922069 -0.5399822 -0.8358078 -0.983581 0.1804676 0 -0.1763788 0.9843183 0.002864181 0.9827975 0.1846861 5.36146e-4 0.9835789 0.1804791 6.10827e-6 -0.09904277 0.5400217 0.8358034 -2.64642e-7 0 1 0.9835836 0.1804529 0 -1.36456e-7 0 -1 -0.9601396 -0.1761673 -0.2170187 -0.9601406 -0.1761674 0.2170144 -0.9654638 -0.1746336 -0.1933466 -0.9652197 -0.174556 0.1946313 -0.9999358 0.01133322 3.03427e-5 -0.930097 -0.3673125 0.00112015 0.1761593 -0.9843578 0.002746522 0.09904277 -0.5400217 0.8358034 -0.9601498 -0.1761533 0.2169848 -0.9601503 -0.1761534 -0.2169827 -1.28187e-7 0 -1 0.09904199 -0.5400185 -0.8358054 0.1780621 -0.9840178 -0.00171405 -0.9312785 -0.3643074 -6.93968e-4 -0.9999369 0.01123845 -1.90791e-5 -0.1777147 0.9840806 -0.001704871 -0.09904348 0.5400249 -0.8358012 0.9835789 0.180479 -6.10844e-6 0.9830867 0.1831408 -3.34574e-4 0.09904277 -0.5400232 0.8358023 -0.09922182 0.5399859 0.8358052 -0.09921973 0.5399788 -0.83581 0.0990405 -0.5400092 -0.8358116 0.9835811 0.1804673 0 -0.002857089 0.9843234 0.1763505 -0.8358054 0.5400187 0.09904193 -1 0 0 0 0.1804544 -0.9835834 0.2169862 -0.176172 0.960146 -3.05933e-5 0.01133644 0.9999358 -0.003013074 -0.9835953 -0.1803643 -0.8358031 -0.540022 -0.09904229 -0.2170131 -0.1761524 0.9601435 0.8357998 -0.540027 -0.09904319 0.001737713 -0.9839985 -0.1781682 6.96901e-4 -0.3642776 0.9312902 0.001669883 0.9835751 0.1804918 0.8358047 0.5400197 0.09904211 3.38537e-4 0.1831424 -0.9830864 -0.8358039 -0.5400206 -0.09904348 -0.835805 0.5400189 0.0990436 0.8357979 0.5400189 0.09910422 0.835799 -0.5400173 -0.09910392 0 0.1804683 -0.9835808 -0.002714097 0.9842585 -0.176714 -5.35688e-4 0.184561 0.982821 1.95158e-5 0.1804429 0.9835855 -0.8358026 0.5400279 -0.09901487 0 0.1804701 0.9835805 1 0 0 0.2171353 -0.1761506 -0.9601163 -0.2171336 -0.1761507 -0.9601166 0.1932444 -0.1746408 -0.9654829 -0.1945285 -0.1745617 -0.9652393 -3.00415e-5 0.01120012 -0.9999373 -0.001124978 -0.3672019 -0.9301407 -0.002750217 -0.984389 0.1759848 -0.8357998 -0.540027 0.09904319 -0.2171568 -0.1761618 -0.9601094 0.2171565 -0.1761618 -0.9601094 0.8358004 -0.5400262 0.09904307 0.001737713 -0.984004 0.1781376 6.96718e-4 -0.3641695 -0.9313325 2.97307e-6 0.01110422 -0.9999384 0.001818835 0.9840919 -0.177651 0.8358046 0.540025 -0.0990141 -1.96589e-5 0.1804442 0.9835853 4.01274e-4 0.1833339 0.9830506 -0.8358008 -0.5400145 0.09910321 -0.8357992 0.540022 -0.09907609 0.8357987 0.5400226 -0.09907621 0.8358005 -0.5400148 0.09910327 0 0.1804683 0.9835808 0.382685 0 -0.9238789 0.923879 0 -0.382685 0.9238789 0 0.3826851 0.382685 0 0.9238789 -0.382685 0 0.9238789 -0.923879 0 0.382685 -0.9238789 0 -0.3826851 -0.382685 0 -0.9238789 0 -1 0 0 -1 0 0 -1 0 0 -1 0 0 -1 0 0 -1 0 0 -1 0 0 -1 0 0 -1 0 -0.09775066 -0.9950365 0.01863706 0.8302011 -0.01967072 -0.557117 0.8302029 -0.0196709 0.5571144 0.1931816 -0.01967966 -0.9809657 0.08243596 0.9950375 -0.05571997 -0.05593895 -0.9950369 0.08229488 -0.5571157 -0.01967072 0.8302021 0.01888847 0.995039 -0.09767627 -0.0557208 0.9950377 -0.08243399 -0.5571187 -0.01967078 -0.8301999 -0.9809657 -0.01967966 -0.193181 -0.8302011 -0.01967072 0.557117 0.8314733 0 -0.5555648 0.1950365 0 -0.980796 0.9807515 0 -0.1952608 -0.1952278 0 0.980758 -0.1949316 0 -0.9808169 0.1953775 0.09939146 0.9756788 -0.1953775 0.09939146 -0.9756788 0.5517525 0.09939086 -0.8280645 -0.5517525 0.09939086 0.8280645 0.9756788 0.09939146 -0.1953776 -0.9756788 0.09939146 0.1953776 0.8280641 0.09939074 0.5517531 -0.8280641 0.09939074 -0.5517531 0.1931498 -0.01967602 0.980972 0.9809657 -0.01967966 0.193181 0.09768331 0.9950383 0.01888841 0.0557208 0.9950377 0.08243399 0.05593895 -0.9950369 -0.08229488 -0.08229023 -0.9950373 -0.05593913 0.5571187 -0.01967078 0.8301999 -0.0186342 -0.9950384 -0.09773135 -0.8302029 -0.0196709 -0.5571144 -0.9809719 -0.01967597 0.1931501 -0.1931816 -0.01967966 0.9809657 -0.08243596 0.9950375 0.05571997 0.0186342 -0.9950384 0.09773135 0.09775066 -0.9950365 -0.01863706 -0.09768331 0.9950383 -0.01888841 -0.01888847 0.995039 0.09767627 0.9809719 -0.01967597 -0.1931501 -0.1931498 -0.01967602 -0.980972 0.08229023 -0.9950373 0.05593913 0.5571157 -0.01967072 -0.8302021 0.9812849 0 0.1925623 -0.8300409 0 0.5577025 0.1925622 0 -0.9812849 0.8300409 0 -0.5577025 -0.1925622 0 0.9812849 -0.5577022 0 -0.8300411 0.5577022 0 0.8300411 -0.9812849 0 -0.1925623 -0.8314734 0 -0.5555647 -0.1950365 0 -0.980796 -0.1950365 0 0.980796 -0.8314733 0 0.5555648 0.8314734 0 0.5555647 0.1950365 0 0.980796 -0.5606071 0 -0.828082 0.5606071 0 0.828082 -0.9819515 0 -0.189133 0.9819515 0 0.189133 -0.8280822 0 0.5606069 0.1891326 0 -0.9819517 0.8280822 0 -0.5606069 -0.1891326 0 0.9819517 -0.980758 0 -0.1952281 0.1949316 0 0.9808169 0.1949316 0 -0.9808169 -0.9807515 0 0.1952608 0 1 1.39869e-5 0.980758 0 0.1952281 0 1 -1.08042e-4 0 1 -1.54357e-5 0 1 -1.08064e-4 0 1 8.34257e-6 0 1 -2.70104e-5 0 1 -4.90951e-6 0 1 1.08064e-4 0 1 1.54367e-5 0 1 1.08064e-4 0 1 -8.34257e-6 0 1 2.70104e-5</float_array>
          <technique_common>
            <accessor source="#Lamp_Цилиндр_002-mesh-normals-array" count="3500" stride="3">
              <param name="X" type="float"/>
              <param name="Y" type="float"/>
              <param name="Z" type="float"/>
            </accessor>
          </technique_common>
        </source>
        <source id="Lamp_Цилиндр_002-mesh-map-0">
          <float_array id="Lamp_Цилиндр_002-mesh-map-0-array" count="25608">0.964456 0.97977 0.960152 0.943735 0.964456 0.939431 0.967853 0.939177 0.964456 0.97977 0.964456 0.939431 0.02718394 0.887355 0.03058099 0.846762 0.03058099 0.887102 0.03058099 0.846762 0.03488498 0.882798 0.03058099 0.887102 0.960152 0.975466 0.956849 0.943684 0.960152 0.943735 0.03488498 0.851066 0.03818798 0.882848 0.03488498 0.882798 0.03058099 0.927561 0.03488498 0.963596 0.03058099 0.9679 0.03488498 0.931865 0.03818798 0.963647 0.03488498 0.963596 0.551012 0.475167 0.519179 0.507 0.551012 0.507 0.957614 0.835682 0.954312 0.8039 0.957614 0.803951 0.961918 0.839986 0.957614 0.803951 0.961918 0.799647 0.965316 0.799393 0.961918 0.839986 0.961918 0.799647 0.02718394 0.968154 0.03058099 0.927561 0.03058099 0.9679 0.965316 0.799393 0.96731 0.841718 0.965316 0.84024 0.02718394 0.968154 0.02518999 0.925829 0.02718394 0.927307 0.02418398 0.925147 0.02518999 0.969632 0.02418398 0.970314 0.968316 0.8424 0.96731 0.797916 0.968316 0.797233 0.02418398 0.844348 0.02518999 0.888833 0.02418398 0.889515 0.02718394 0.887355 0.02518999 0.845031 0.02718394 0.846509 0.970853 0.982184 0.969847 0.937699 0.970853 0.937017 0.967853 0.939177 0.969847 0.981502 0.967853 0.980024 0.972006 0.982854 0.970853 0.937017 0.972006 0.936347 0.02303194 0.843679 0.02418398 0.889515 0.02303194 0.890185 0.969468 0.84307 0.968316 0.797233 0.969468 0.796563 0.973012 0.983331 0.972006 0.936347 0.973012 0.93587 0.970474 0.843547 0.969468 0.796563 0.970474 0.796086 0.02202498 0.924 0.02303194 0.970984 0.02202498 0.971461 0.02303194 0.924477 0.02418398 0.970314 0.02303194 0.970984 0.02202498 0.843201 0.02303194 0.890185 0.02202498 0.890663 0.02202498 0.890663 0.02092099 0.84285 0.02202498 0.843201 0.02202498 0.971461 0.02092099 0.923648 0.02202498 0.924 0.01930296 0.922939 0.02092099 0.971812 0.01930296 0.972522 0.01930296 0.84214 0.02092099 0.891014 0.01930296 0.891723 0.973197 0.844608 0.971579 0.795735 0.973197 0.795025 0.970474 0.796086 0.971579 0.843899 0.970474 0.843547 0.975734 0.984392 0.974116 0.935519 0.975735 0.934809 0.973012 0.93587 0.974116 0.983682 0.973012 0.983331 0.97757 0.985512 0.975735 0.934809 0.97757 0.933689 0.975032 0.845728 0.973197 0.795025 0.975032 0.793906 0.01746696 0.841021 0.01930296 0.891723 0.01746696 0.892843 0.979405 0.986871 0.97757 0.933689 0.979406 0.93233 0.01563197 0.839662 0.01746696 0.892843 0.01563197 0.894202 0.01563197 0.92046 0.01746696 0.973642 0.01563197 0.975001 0.01746696 0.921819 0.01930296 0.972522 0.01746696 0.973642 0.976868 0.847087 0.975032 0.793906 0.976868 0.792546 0.01401394 0.919068 0.01563197 0.975001 0.01401394 0.976392 0.978486 0.848479 0.976868 0.792546 0.978486 0.791155 0.981023 0.988263 0.979406 0.93233 0.981023 0.930938 0.978486 0.791155 0.984602 0.8541 0.978486 0.848479 0.981023 0.930938 0.987139 0.993884 0.981023 0.988263 0.987139 0.925317 0.990775 0.995738 0.987139 0.993884 0.984602 0.785533 0.988238 0.855954 0.984602 0.8541 0.990775 0.923463 0.993546 0.998508 0.990775 0.995738 0.988238 0.783679 0.991008 0.858725 0.988238 0.855954 0.685575 0.684119 0.693966 0.754922 0.685575 0.761935 0.708818 0.785177 0.77962 0.776786 0.786633 0.785177 0.559821 0.933991 0.670814 0.942383 0.566834 0.942382 0.559821 0.933991 0.670814 0.925601 0.680854 0.933992 0.71583 0.776786 0.77962 0.773972 0.77962 0.776786 0.566834 0.942382 0.670814 0.945197 0.566834 0.945196 0.77962 0.773972 0.710293 0.767096 0.785158 0.767096 0.561125 0.95193 0.670814 0.945197 0.682591 0.952157 0.696779 0.754922 0.703656 0.685594 0.703656 0.76046 0.703656 0.76046 0.705594 0.687334 0.705594 0.75872 0.785158 0.767096 0.712033 0.765158 0.783418 0.765157 0.670814 0.922787 0.561125 0.916051 0.682591 0.915828 0.693966 0.691132 0.696779 0.754922 0.693966 0.754922 0.566834 0.9256 0.670814 0.922787 0.670814 0.925601 0.9785 0.472878 0.975686 0.372171 0.9785 0.372171 0.975686 0.372171 0.96524 0.481711 0.96524 0.363337 0.986891 0.482918 0.9785 0.372171 0.986891 0.362131 0.566834 0.903069 0.670814 0.905884 0.566834 0.905883 0.559821 0.894678 0.670814 0.903071 0.566834 0.903069 0.23056 0.509412 0.353138 0.549557 0.341898 0.555108 0.986891 0.359148 0.9785 0.2484 0.986891 0.23836 0.41012 0.190548 0.532766 0.2304829 0.521536 0.236053 0.559821 0.894678 0.670814 0.886289 0.680854 0.89468 0.566834 0.886287 0.670814 0.883475 0.670814 0.886289 0.9785 0.349108 0.975686 0.2484 0.9785 0.2484 0.670814 0.883475 0.561125 0.876738 0.682592 0.876515 0.975686 0.2484 0.96524 0.357941 0.96524 0.239567 0.364199 0.841337 0.374671 0.715251 0.374671 0.832111 0.206637 0.841337 0.217108 0.715251 0.217108 0.832111 0.561125 0.912618 0.670814 0.905884 0.682592 0.912845 0.354207 0.851329 0.364199 0.706025 0.364199 0.841337 0.196645 0.851329 0.206636 0.706025 0.206637 0.841337 0.351457 0.853384 0.354207 0.696033 0.354207 0.851329 0.193894 0.853384 0.196645 0.696033 0.196645 0.851329 0.348691 0.852646 0.351461 0.694179 0.351457 0.853384 0.191128 0.852646 0.193898 0.694179 0.193894 0.853384 0.342849 0.846849 0.348663 0.69665 0.348691 0.852646 0.185286 0.846849 0.191101 0.69665 0.191128 0.852646 0.33524 0.840126 0.342823 0.70245 0.342849 0.846849 0.177677 0.840125 0.185261 0.70245 0.185286 0.846849 0.177654 0.709176 0.17148 0.835058 0.171459 0.714246 0.335216 0.709176 0.329043 0.835058 0.329021 0.714246 0.256435 0.709176 0.250262 0.835058 0.25024 0.714246 0.256459 0.840125 0.264042 0.70245 0.264068 0.846849 0.413997 0.709176 0.407824 0.835058 0.407802 0.714246 0.414021 0.840126 0.421604 0.70245 0.42163 0.846849 0.42163 0.846849 0.427444 0.69665 0.427472 0.852646 0.264068 0.846849 0.269882 0.69665 0.26991 0.852646 0.427472 0.852646 0.430242 0.694179 0.430238 0.853384 0.26991 0.852646 0.272679 0.694179 0.272676 0.853384 0.430238 0.853384 0.432988 0.696033 0.432988 0.851329 0.272676 0.853384 0.275426 0.696033 0.275426 0.851329 0.432988 0.851329 0.44298 0.706025 0.44298 0.841337 0.275426 0.851329 0.285418 0.706025 0.285418 0.841337 0.44298 0.841337 0.453452 0.715251 0.453452 0.832111 0.285418 0.841337 0.295889 0.715251 0.295889 0.832111 0.977727 0.519675 0.967281 0.629215 0.967281 0.510841 0.2305369 0.866407 0.220091 0.975948 0.220091 0.857573 0.362893 0.902639 0.253204 0.895903 0.37467 0.895679 0.253203 0.931782 0.362893 0.925048 0.37467 0.932009 0.258913 0.905452 0.362893 0.902639 0.362893 0.905453 0.98054 0.620382 0.977727 0.519675 0.98054 0.519675 0.2519 0.913843 0.362893 0.905453 0.372933 0.913844 0.988931 0.630422 0.98054 0.519675 0.988931 0.509635 0.410065 0.426489 0.532643 0.466634 0.521404 0.472184 0.241742 0.977154 0.233351 0.866407 0.241742 0.856367 0.01195996 0.558834 0.1345379 0.598979 0.123299 0.604529 0.2519 0.913843 0.362893 0.922235 0.258912 0.922234 0.258912 0.922234 0.362893 0.925048 0.258912 0.925047 0.233351 0.967114 0.2305369 0.866407 0.233351 0.866407 0.258913 0.866139 0.362893 0.863327 0.362893 0.86614 0.2519 0.87453 0.362893 0.86614 0.372933 0.874531 0.362893 0.863327 0.253204 0.85659 0.374671 0.856367 0.801485 0.754922 0.798671 0.691132 0.801485 0.691132 0.798671 0.691132 0.791794 0.760459 0.791794 0.685594 0.791794 0.685594 0.789856 0.758719 0.789856 0.687334 0.71583 0.672081 0.785158 0.678958 0.710292 0.678958 0.710292 0.678958 0.783418 0.680896 0.712032 0.680896 0.253203 0.892469 0.362893 0.885736 0.374671 0.892696 0.77962 0.669267 0.71583 0.672081 0.71583 0.669267 0.258913 0.882921 0.362893 0.885736 0.258913 0.885734 0.786633 0.660876 0.71583 0.669267 0.708817 0.660876 0.2519 0.87453 0.362893 0.882922 0.258913 0.882921 0.809875 0.761934 0.801485 0.691132 0.809876 0.684119 0.00426197 0.983868 0.00149095 0.908823 0.00426197 0.911593 0.00426197 0.903069 0.00149095 0.828024 0.00426197 0.830795 0.007897973 0.982014 0.00426197 0.911593 0.007897973 0.913447 0.007897973 0.901216 0.00426197 0.830795 0.007897973 0.832648 0.01401394 0.976392 0.007897973 0.913447 0.01401394 0.919068 0.01401394 0.895594 0.007897973 0.832648 0.01401394 0.83827 0.01401394 0.83827 0.01563197 0.894202 0.01401394 0.895594 0.789856 0.687334 0.785301 0.756052 0.785301 0.690002 0.712032 0.680896 0.78075 0.685451 0.7147 0.685451 0.785301 0.690002 0.779954 0.75106 0.779954 0.694993 0.7147 0.685451 0.775759 0.690798 0.719691 0.690797 0.778074 0.74944 0.779954 0.694993 0.779954 0.75106 0.774139 0.692678 0.719691 0.690797 0.775759 0.690798 0.78075 0.760602 0.719692 0.755256 0.775759 0.755256 0.721312 0.753375 0.775759 0.755256 0.719692 0.755256 0.722975 0.751144 0.774139 0.753375 0.721312 0.753375 0.775842 0.747777 0.778074 0.696613 0.778074 0.74944 0.724386 0.748843 0.772476 0.751143 0.722975 0.751144 0.773541 0.746366 0.775842 0.698276 0.775842 0.747777 0.772475 0.69491 0.721311 0.692678 0.774139 0.692678 0.771064 0.697211 0.722975 0.69491 0.772475 0.69491 0.771064 0.697211 0.731386 0.70421 0.724386 0.697211 0.773541 0.746366 0.766541 0.706687 0.773541 0.699688 0.766542 0.739366 0.764064 0.706687 0.766541 0.706687 0.764064 0.70421 0.731386 0.706688 0.731386 0.70421 0.731386 0.739366 0.764064 0.706687 0.764065 0.739366 0.728909 0.706688 0.731386 0.739366 0.728909 0.739366 0.731386 0.741843 0.764065 0.739366 0.764065 0.741843 0.724386 0.748843 0.764065 0.741843 0.771064 0.748843 0.721909 0.699688 0.728909 0.739366 0.721909 0.746366 0.721909 0.699688 0.719608 0.747777 0.719608 0.698276 0.719608 0.698276 0.717377 0.74944 0.717377 0.696613 0.717377 0.696613 0.715496 0.751061 0.715496 0.694993 0.710149 0.756052 0.715496 0.694993 0.715496 0.751061 0.705594 0.75872 0.710149 0.690002 0.710149 0.756052 0.783418 0.765157 0.714701 0.760602 0.78075 0.760602 0.405966 0.414643 0.545567 0.461231 0.532643 0.466634 0.007860958 0.546988 0.147462 0.593576 0.1345379 0.598979 0.400564 0.401719 0.546601 0.458698 0.545567 0.461231 0.002457976 0.534064 0.148496 0.591043 0.147462 0.593576 0.003491997 0.531531 0.1532829 0.589042 0.148496 0.591043 0.401598 0.399186 0.551388 0.456697 0.546601 0.458698 0.154364 0.58639 0.00149095 0.526744 0.002572 0.524092 0.552469 0.454046 0.399597 0.394399 0.400678 0.391747 0.400678 0.391747 0.552797 0.450115 0.552469 0.454046 0.002572 0.524092 0.154691 0.58246 0.154364 0.58639 0.403206 0.38872 0.548944 0.440897 0.552797 0.450115 0.005099952 0.521065 0.150838 0.573242 0.154691 0.58246 0.412423 0.384867 0.545851 0.431898 0.548944 0.440897 0.01431798 0.517212 0.147745 0.564242 0.150838 0.573242 0.543566 0.424406 0.420947 0.380635 0.427836 0.376908 0.14546 0.556751 0.02284097 0.51298 0.02973097 0.509253 0.36406 0.507329 0.241441 0.463558 0.2483299 0.459831 0.232917 0.46779 0.366345 0.514821 0.369438 0.523821 0.543617 0.188237 0.420923 0.144675 0.427806 0.140937 0.412407 0.148922 0.545914 0.195725 0.549023 0.204719 0.2237 0.471643 0.369438 0.523821 0.373291 0.533038 0.403196 0.152791 0.549023 0.204719 0.552891 0.21393 0.221172 0.474671 0.373291 0.533038 0.372963 0.536969 0.400673 0.155822 0.552891 0.21393 0.55257 0.2178609 0.372963 0.536969 0.220091 0.477323 0.221172 0.474671 0.55257 0.2178609 0.399597 0.1584759 0.400673 0.155822 0.401606 0.16326 0.551494 0.220515 0.546711 0.222524 0.222092 0.482109 0.371882 0.539621 0.367096 0.541622 0.400576 0.165794 0.546711 0.222524 0.545681 0.225059 0.221058 0.484642 0.367096 0.541622 0.366061 0.544155 0.22646 0.497566 0.366061 0.544155 0.353138 0.549557 0.406 0.178709 0.545681 0.225059 0.532766 0.2304829 0.541846 0.180288 0.427806 0.140937 0.434635 0.1365 0.362303 0.499377 0.2483299 0.459831 0.255167 0.455406 0.1437039 0.548799 0.02973097 0.509253 0.03656697 0.504828 0.540854 0.172466 0.434635 0.1365 0.440819 0.131609 0.142725 0.540975 0.03656697 0.504828 0.04275995 0.499948 0.54083 0.408631 0.434672 0.372483 0.440865 0.367603 0.541809 0.416454 0.427836 0.376908 0.434672 0.372483 0.361324 0.491554 0.255167 0.455406 0.261359 0.450526 0.540797 0.401526 0.440865 0.367603 0.44588 0.36257 0.361291 0.484449 0.261359 0.450526 0.266374 0.445493 0.540809 0.165362 0.440819 0.131609 0.445825 0.126568 0.541797 0.1594679 0.445825 0.126568 0.449246 0.121667 0.36229 0.478557 0.266374 0.445493 0.269803 0.440598 0.14369 0.527978 0.04777395 0.494915 0.05120295 0.49002 0.142692 0.533871 0.04275995 0.499948 0.04777395 0.494915 0.541796 0.395634 0.44588 0.36257 0.449308 0.357675 0.05120295 0.49002 0.145059 0.523346 0.14369 0.527978 0.449308 0.357675 0.543165 0.391001 0.541796 0.395634 0.451588 0.353416 0.539146 0.380975 0.543165 0.391001 0.05348294 0.485761 0.141041 0.51332 0.145059 0.523346 0.461491 0.349104 0.539997 0.378605 0.539146 0.380975 0.06338596 0.481449 0.141892 0.51095 0.141041 0.51332 0.541271 0.373102 0.462551 0.346819 0.46551 0.342009 0.143165 0.505447 0.06444597 0.479165 0.06740498 0.474354 0.361765 0.456026 0.283046 0.429743 0.286005 0.424932 0.281986 0.432028 0.360492 0.461528 0.359641 0.463899 0.541234 0.136937 0.46247 0.110789 0.465421 0.105973 0.461414 0.113076 0.53997 0.142442 0.539123 0.144814 0.272083 0.436339 0.359641 0.463899 0.363659 0.473924 0.451518 0.117404 0.539123 0.144814 0.543159 0.154833 0.269803 0.440598 0.363659 0.473924 0.36229 0.478557 0.449246 0.121667 0.543159 0.154833 0.541797 0.1594679 0.362127 0.449367 0.286005 0.424932 0.290425 0.419939 0.541585 0.130278 0.465421 0.105973 0.469832 0.1009719 0.143527 0.498789 0.06740498 0.474354 0.07182496 0.469361 0.541059 0.122942 0.469832 0.1009719 0.475343 0.09610199 0.143014 0.491452 0.07182496 0.469361 0.077344 0.4645 0.54112 0.359107 0.46993 0.337016 0.47545 0.332155 0.541633 0.366444 0.46551 0.342009 0.46993 0.337016 0.361614 0.44203 0.290425 0.419939 0.295944 0.415078 0.360338 0.434583 0.295944 0.415078 0.302084 0.410674 0.539843 0.35166 0.47545 0.332155 0.48159 0.327751 0.53977 0.115497 0.475343 0.09610199 0.481476 0.09168797 0.358491 0.427589 0.302084 0.410674 0.308312 0.406995 0.537911 0.108507 0.481476 0.09168797 0.487697 0.08799797 0.139891 0.477011 0.08348399 0.460096 0.08971196 0.456417 0.1417379 0.484004 0.077344 0.4645 0.08348399 0.460096 0.537996 0.344666 0.48159 0.327751 0.487817 0.324072 0.08971196 0.456417 0.137188 0.468264 0.139891 0.477011 0.487817 0.324072 0.535293 0.335919 0.537996 0.344666 0.495886 0.319746 0.535226 0.33117 0.535293 0.335919 0.09777998 0.452091 0.13712 0.463515 0.137188 0.468264 0.49927 0.316413 0.532813 0.325398 0.535226 0.33117 0.1011649 0.448758 0.134707 0.457743 0.13712 0.463515 0.505042 0.314001 0.534291 0.321798 0.532813 0.325398 0.106936 0.446346 0.136185 0.454143 0.134707 0.457743 0.50652 0.3104 0.531495 0.312543 0.534291 0.321798 0.108414 0.442745 0.1333889 0.444888 0.136185 0.454143 0.515011 0.305778 0.5306 0.310403 0.531495 0.312543 0.116906 0.438122 0.132495 0.442748 0.1333889 0.444888 0.517151 0.304883 0.531429 0.308385 0.5306 0.310403 0.119045 0.437228 0.133323 0.44073 0.132495 0.442748 0.517979 0.302865 0.532359 0.307996 0.531429 0.308385 0.119874 0.43521 0.134253 0.440341 0.133323 0.44073 0.51759 0.301934 0.533362 0.305553 0.532359 0.307996 0.119485 0.434279 0.135256 0.437898 0.134253 0.440341 0.518593 0.299491 0.532904 0.304459 0.533362 0.305553 0.120487 0.431836 0.134799 0.436804 0.135256 0.437898 0.519686 0.299034 0.533858 0.302137 0.532904 0.304459 0.121581 0.431379 0.135752 0.434482 0.134799 0.436804 0.52064 0.296712 0.534651 0.301622 0.533858 0.302137 0.122534 0.429057 0.136546 0.433967 0.135752 0.434482 0.138449 0.432865 0.122331 0.428133 0.1217499 0.426012 0.536555 0.30052 0.520437 0.295788 0.519856 0.293667 0.536394 0.064363 0.520268 0.05965799 0.519684 0.05753797 0.520473 0.06058198 0.534493 0.06546795 0.5337 0.06598401 0.357049 0.383444 0.340931 0.378711 0.34035 0.37659 0.341134 0.379635 0.355146 0.384545 0.354352 0.38506 0.340181 0.381958 0.354352 0.38506 0.353399 0.387383 0.519523 0.06290596 0.5337 0.06598401 0.532751 0.068309 0.339087 0.382415 0.353399 0.387383 0.353856 0.388476 0.51843 0.06336498 0.532751 0.068309 0.53321 0.06940197 0.338085 0.384858 0.353856 0.388476 0.352854 0.390919 0.517432 0.06580996 0.53321 0.06940197 0.532211 0.071846 0.338474 0.385788 0.352854 0.390919 0.351923 0.391308 0.517823 0.06673997 0.532211 0.071846 0.531281 0.072236 0.337645 0.387806 0.351923 0.391308 0.351095 0.393326 0.516998 0.06875896 0.531281 0.072236 0.530456 0.074256 0.335506 0.388701 0.351095 0.393326 0.351989 0.395466 0.51486 0.06965696 0.530456 0.074256 0.531355 0.07639396 0.327014 0.393323 0.351989 0.395466 0.354785 0.404721 0.506376 0.07429397 0.531355 0.07639396 0.534166 0.08564496 0.325536 0.396924 0.354785 0.404721 0.353307 0.408322 0.504904 0.07789796 0.534166 0.08564496 0.532695 0.089248 0.319765 0.399337 0.353307 0.408322 0.35572 0.414093 0.499137 0.08032 0.532695 0.089248 0.535117 0.09501498 0.31638 0.402669 0.35572 0.414093 0.355788 0.418843 0.495758 0.08365899 0.535117 0.09501498 0.535193 0.099765 0.308312 0.406995 0.355788 0.418843 0.358491 0.427589 0.487697 0.08799797 0.535193 0.099765 0.537911 0.108507 0.538753 0.06316196 0.519684 0.05753797 0.51884 0.05502897 0.35941 0.382247 0.34035 0.37659 0.339511 0.37408 0.538916 0.299323 0.519856 0.293667 0.519017 0.291156 0.541119 0.29831 0.519017 0.291156 0.518161 0.288888 0.361613 0.381233 0.339511 0.37408 0.338655 0.371811 0.143013 0.430655 0.120911 0.423501 0.120055 0.421232 0.14081 0.431668 0.1217499 0.426012 0.120911 0.423501 0.540954 0.06214499 0.51884 0.05502897 0.51798 0.05276197 0.51798 0.05276197 0.545474 0.06015396 0.540954 0.06214499 0.120055 0.421232 0.147536 0.428672 0.143013 0.430655 0.118229 0.416643 0.148128 0.42723 0.147536 0.428672 0.516146 0.04817599 0.546063 0.05871194 0.545474 0.06015396 0.118821 0.415202 0.1475819 0.424673 0.148128 0.42723 0.516736 0.04673296 0.545513 0.05615496 0.546063 0.05871194 0.544681 0.05311399 0.518918 0.04529398 0.521641 0.04370397 0.146755 0.42163 0.121006 0.413766 0.123732 0.412181 0.365355 0.372209 0.339606 0.364344 0.342332 0.362759 0.337421 0.36578 0.366182 0.375251 0.366728 0.377808 0.544861 0.289285 0.519111 0.281421 0.521837 0.279836 0.516926 0.282857 0.545687 0.292328 0.546234 0.294885 0.516335 0.284298 0.546234 0.294885 0.545642 0.296327 0.336829 0.367222 0.366728 0.377808 0.366136 0.37925 0.518161 0.288888 0.545642 0.296327 0.541119 0.29831 0.338655 0.371811 0.366136 0.37925 0.361613 0.381233 0.543795 0.286115 0.521837 0.279836 0.524823 0.278329 0.36429 0.369038 0.342332 0.362759 0.345317 0.361252 0.14569 0.41846 0.123732 0.412181 0.126717 0.410673 0.126717 0.410673 0.144071 0.414075 0.14569 0.41846 0.524823 0.278329 0.542177 0.28173 0.543795 0.286115 0.529055 0.276345 0.542473 0.281009 0.542177 0.28173 0.130949 0.40869 0.144367 0.413354 0.144071 0.414075 0.529351 0.275624 0.543197 0.280706 0.542473 0.281009 0.131245 0.407969 0.145092 0.413052 0.144367 0.413354 0.529048 0.274899 0.543647 0.280257 0.543197 0.280706 0.130942 0.407244 0.145542 0.412602 0.145092 0.413052 0.543932 0.279817 0.529044 0.274263 0.52915 0.27375 0.145826 0.412162 0.1309379 0.406608 0.131045 0.406095 0.364426 0.36274 0.349538 0.357186 0.349644 0.356674 0.349542 0.357822 0.364142 0.36318 0.363692 0.36363 0.543736 0.04364699 0.528838 0.03811895 0.528944 0.037606 0.528843 0.03875499 0.543452 0.04408794 0.543003 0.04453796 0.349845 0.358547 0.363692 0.36363 0.362967 0.363933 0.529148 0.03947895 0.543003 0.04453796 0.542279 0.044842 0.349549 0.359268 0.362967 0.363933 0.362671 0.364653 0.528853 0.04020094 0.542279 0.044842 0.541984 0.04556399 0.345317 0.361252 0.362671 0.364653 0.36429 0.369038 0.524624 0.04219096 0.541984 0.04556399 0.54361 0.04994595 0.54361 0.04994595 0.521641 0.04370397 0.524624 0.04219096 0.364532 0.362227 0.349644 0.356674 0.349929 0.356234 0.543841 0.04313498 0.528944 0.037606 0.529228 0.03716599 0.145932 0.411649 0.131045 0.406095 0.1313289 0.405655 0.1313289 0.405655 0.145928 0.411013 0.145932 0.411649 0.529228 0.03716599 0.543836 0.04249799 0.543841 0.04313498 0.131779 0.405206 0.14515 0.409149 0.145928 0.411013 0.529677 0.03671497 0.543054 0.040636 0.543836 0.04249799 0.133642 0.404427 0.147127 0.40433 0.14515 0.409149 0.531539 0.03593295 0.545024 0.03581297 0.543054 0.040636 0.533508 0.03110998 0.547466 0.029612 0.545024 0.03581297 0.1356199 0.399608 0.149581 0.398133 0.147127 0.40433 0.352242 0.355005 0.365727 0.354909 0.363749 0.359728 0.35422 0.350186 0.36818 0.348712 0.365727 0.354909 0.531748 0.272082 0.545233 0.271985 0.543255 0.276804 0.533726 0.267262 0.547686 0.265788 0.545233 0.271985 0.356828 0.344052 0.37016 0.343438 0.36818 0.348712 0.536333 0.261129 0.549666 0.260515 0.547686 0.265788 0.1382279 0.393474 0.15156 0.39286 0.149581 0.398133 0.538629 0.255985 0.551184 0.256233 0.549666 0.260515 0.140524 0.38833 0.153078 0.388578 0.15156 0.39286 0.536105 0.02497196 0.549437 0.02433598 0.547466 0.029612 0.538392 0.01982498 0.550947 0.020051 0.549437 0.02433598 0.359123 0.338909 0.371678 0.339157 0.37016 0.343438 0.540313 0.01570796 0.551588 0.01733696 0.550947 0.020051 0.361051 0.334795 0.372323 0.336443 0.371678 0.339157 0.372971 0.332523 0.362498 0.332411 0.364791 0.329166 0.552228 0.01341599 0.541756 0.01332098 0.544044 0.01007294 0.552476 0.249599 0.542004 0.249487 0.544297 0.246243 0.540557 0.251872 0.551829 0.25352 0.551184 0.256233 0.146192 0.378588 0.153723 0.385865 0.143898 0.381832 0.153078 0.388578 0.143898 0.381832 0.153723 0.385865 0.552765 0.245517 0.544297 0.246243 0.546959 0.243135 0.154659 0.377862 0.146192 0.378588 0.148854 0.37548 0.55251 0.009332954 0.544044 0.01007294 0.546701 0.006959974 0.148854 0.37548 0.154691 0.374827 0.154659 0.377862 0.546701 0.006959974 0.552537 0.006296992 0.55251 0.009332954 0.150964 0.373297 0.154494 0.37194 0.154691 0.374827 0.548807 0.004773974 0.552335 0.003410995 0.552537 0.006296992 0.369564 0.323875 0.373094 0.322518 0.373291 0.325405 0.367454 0.326058 0.373291 0.325405 0.373259 0.328441 0.549069 0.240952 0.552599 0.2395949 0.552797 0.242482 0.546959 0.243135 0.552797 0.242482 0.552765 0.245517 0.373259 0.328441 0.364791 0.329166 0.367454 0.326058 0.552891 0.002047955 0.550972 0.002853989 0.551529 0.00149095 0.529884 0.272861 0.543255 0.276804 0.544034 0.278668 0.350379 0.355784 0.363749 0.359728 0.364528 0.361591 0.529435 0.273311 0.544034 0.278668 0.544038 0.279304 0.349929 0.356234 0.364528 0.361591 0.364532 0.362227 0.544038 0.279304 0.52915 0.27375 0.529435 0.273311 0.407802 0.714246 0.400872 0.830223 0.400852 0.719084 0.25024 0.714246 0.243309 0.830223 0.2432889 0.719084 0.329021 0.714246 0.32209 0.830223 0.32207 0.719084 0.400852 0.719084 0.393699 0.826168 0.393681 0.723142 0.32207 0.719084 0.314918 0.826168 0.3149 0.723142 0.164508 0.719084 0.157356 0.826167 0.157337 0.723142 0.171459 0.714246 0.164528 0.830223 0.164508 0.719084 0.2432889 0.719084 0.236137 0.826167 0.236119 0.723142 0.157337 0.723142 0.150343 0.823247 0.150325 0.726065 0.236119 0.723142 0.229124 0.823247 0.229107 0.726065 0.393681 0.723142 0.386687 0.823247 0.386669 0.726065 0.386669 0.726065 0.380348 0.821802 0.380331 0.727512 0.229107 0.726065 0.222786 0.821802 0.222769 0.727512 0.307888 0.726065 0.301567 0.821802 0.30155 0.727512 0.3149 0.723142 0.307905 0.823247 0.307888 0.726065 0.150325 0.726065 0.144005 0.821802 0.143988 0.727512 0.298889 0.821633 0.30155 0.727512 0.301567 0.821802 0.141327 0.821633 0.143988 0.727512 0.144005 0.821802 0.467578 0.815317 0.563701 0.719194 0.563701 0.815317 0.220108 0.821633 0.222769 0.727512 0.222786 0.821802 0.37767 0.821633 0.380331 0.727512 0.380348 0.821802 0.179368 0.685525 0.180928 0.659836 0.180784 0.685532 0.179368 0.685525 0.176566 0.660395 0.179512 0.659773 0.176357 0.685499 0.176343 0.687124 0.173346 0.685474 0.63802 0.2284809 0.63802 0.200464 0.64288 0.200874 0.631608 0.200874 0.630191 0.231156 0.630191 0.200874 0.823598 0.661652 0.823598 0.660876 0.826191 0.661652 0.814275 0.661652 0.812859 0.686727 0.812859 0.661652 0.826191 0.661652 0.823598 0.686727 0.823598 0.661652 0.823598 0.661652 0.821005 0.686727 0.821005 0.661652 0.819588 0.661652 0.821005 0.686727 0.819588 0.686727 0.819588 0.661652 0.816932 0.686779 0.816932 0.661226 0.814275 0.661652 0.816932 0.686779 0.814275 0.686727 0.634061 0.1989009 0.636603 0.2284809 0.634077 0.232224 0.670336 0.1989009 0.667811 0.22847 0.667811 0.200453 0.672806 0.200863 0.670336 0.232213 0.670336 0.1989009 0.634077 0.232224 0.631608 0.200874 0.634061 0.1989009 0.180784 0.685532 0.183867 0.660504 0.183796 0.68645 0.1869159 0.68555 0.183867 0.660504 0.186917 0.661148 0.1590909 0.654739 0.161617 0.623478 0.1615999 0.656801 0.1615999 0.656801 0.164086 0.627133 0.164086 0.65515 0.188333 0.685549 0.186917 0.661148 0.188333 0.661092 0.176357 0.685499 0.17362 0.661018 0.176566 0.660395 0.165503 0.627133 0.170363 0.65474 0.165503 0.65515 0.157674 0.654739 0.1590909 0.624458 0.1590909 0.654739 0.470172 0.819076 0.467578 0.84415 0.467578 0.819076 0.470172 0.819076 0.470172 0.8183 0.472765 0.819076 0.480911 0.819076 0.479494 0.84415 0.479494 0.819076 0.479494 0.819076 0.476838 0.844098 0.476838 0.818545 0.474182 0.819076 0.476838 0.844098 0.474181 0.84415 0.472765 0.819076 0.474181 0.84415 0.472765 0.84415 0.147114 0.67508 0.1456969 0.644798 0.147114 0.644798 0.143172 0.643818 0.1456969 0.67508 0.143172 0.67713 0.137107 0.772245 0.135691 0.796783 0.13569 0.772244 0.13569 0.772244 0.132616 0.797295 0.132571 0.771321 0.129559 0.772255 0.132616 0.797295 0.129649 0.797825 0.1281419 0.77226 0.129649 0.797825 0.128233 0.797874 0.674223 0.231145 0.672806 0.200863 0.674223 0.200863 0.125131 0.772276 0.125122 0.770652 0.1281419 0.77226 0.666394 0.22847 0.661534 0.200863 0.666394 0.200453 0.1281419 0.77226 0.125263 0.797374 0.125131 0.772276 0.125131 0.772276 0.122294 0.796875 0.12212 0.772292 0.139285 0.647473 0.139285 0.67549 0.134425 0.67508 0.667811 0.22847 0.666394 0.200453 0.667811 0.200453 0.140702 0.67549 0.139285 0.647473 0.140702 0.647473 0.143172 0.67713 0.140702 0.647473 0.143172 0.643818 0.164086 0.65515 0.165503 0.627133 0.165503 0.65515 0.636603 0.2284809 0.63802 0.200464 0.63802 0.2284809 0.472765 0.819076 0.470171 0.84415 0.470172 0.819076 0.162958 0.687071 0.1613979 0.661383 0.162814 0.661375 0.1613979 0.661383 0.158596 0.686512 0.158387 0.661408 0.1583729 0.659784 0.158387 0.661408 0.155376 0.661434 0.376274 0.387954 0.381134 0.41556 0.376274 0.418235 0.387546 0.387954 0.388963 0.418235 0.387546 0.418236 0.815452 0.747533 0.815452 0.748309 0.812859 0.748309 0.826191 0.773383 0.824775 0.748309 0.826191 0.748309 0.815452 0.773383 0.812859 0.748309 0.815452 0.748309 0.818045 0.773383 0.815452 0.748309 0.818045 0.748309 0.819462 0.748309 0.818045 0.773383 0.818045 0.748309 0.822118 0.773436 0.819462 0.748309 0.822118 0.747883 0.824775 0.748309 0.822118 0.773436 0.822118 0.747883 0.382551 0.41556 0.385093 0.385981 0.385076 0.419303 0.177232 0.623478 0.179758 0.653047 0.177232 0.65679 0.177232 0.65679 0.174763 0.625441 0.177232 0.623478 0.385076 0.419303 0.387546 0.387954 0.387546 0.418236 0.165897 0.686404 0.162814 0.661375 0.165826 0.660457 0.168946 0.661358 0.165897 0.686404 0.165826 0.660457 0.638937 0.162595 0.641463 0.193857 0.638954 0.195918 0.638954 0.195918 0.636468 0.16625 0.638937 0.162595 0.170363 0.661358 0.168947 0.685759 0.168946 0.661358 0.158387 0.661408 0.155651 0.685889 0.155376 0.661434 0.630191 0.193857 0.630191 0.1635749 0.635051 0.16625 0.64288 0.193857 0.641463 0.1635749 0.64288 0.1635749 0.137107 0.826707 0.134514 0.801632 0.137107 0.801632 0.134514 0.800857 0.134514 0.801632 0.1319209 0.801632 0.125191 0.826707 0.123774 0.801632 0.125191 0.801632 0.127847 0.826654 0.125191 0.801632 0.127847 0.801102 0.130504 0.801632 0.127847 0.826654 0.127847 0.801102 0.1319209 0.801632 0.130504 0.826707 0.130504 0.801632 0.678622 0.1635749 0.677206 0.193857 0.677206 0.1635749 0.681148 0.162595 0.678622 0.193857 0.678622 0.1635749 0.706448 0.163686 0.707864 0.188224 0.706447 0.188225 0.703373 0.163174 0.706447 0.188225 0.703328 0.189149 0.700316 0.188214 0.703373 0.163174 0.703328 0.189149 0.698899 0.1882089 0.700406 0.162644 0.700316 0.188214 0.174763 0.625441 0.173346 0.655722 0.173346 0.62544 0.695879 0.189817 0.695888 0.188193 0.698899 0.1882089 0.186034 0.625441 0.186034 0.655722 0.181174 0.653047 0.696021 0.1630949 0.698899 0.1882089 0.695888 0.188193 0.693051 0.163594 0.695888 0.188193 0.692877 0.188177 0.689894 0.193857 0.685034 0.16625 0.689894 0.1635749 0.181174 0.62503 0.179758 0.653047 0.179758 0.625031 0.685034 0.16625 0.683617 0.194267 0.683617 0.16625 0.683617 0.16625 0.681148 0.1959069 0.681148 0.162595 0.636468 0.194267 0.635051 0.16625 0.636468 0.16625 0.382551 0.41556 0.381134 0.387544 0.382551 0.387544 0.134514 0.826707 0.1319209 0.801632 0.134514 0.801632 0.683227 0.224653 0.684788 0.1989639 0.684644 0.22466 0.683227 0.224653 0.680426 0.199523 0.683372 0.1989009 0.680216 0.224627 0.680203 0.226252 0.677206 0.224602 0.384103 0.488172 0.384103 0.460156 0.388963 0.460566 0.377691 0.460566 0.376274 0.490848 0.376274 0.460566 0.823598 0.690538 0.823598 0.689762 0.826191 0.690538 0.814276 0.690538 0.812859 0.715612 0.812859 0.690538 0.826191 0.690538 0.823598 0.715612 0.823598 0.690538 0.823598 0.690538 0.821005 0.715612 0.821005 0.690538 0.819588 0.690538 0.821005 0.715612 0.819588 0.715612 0.819588 0.690538 0.816932 0.715665 0.816932 0.690112 0.814276 0.690538 0.816932 0.715665 0.814275 0.715612 0.380144 0.458592 0.382686 0.488172 0.38016 0.491915 0.654665 0.1989009 0.652139 0.22847 0.652139 0.200453 0.657134 0.200863 0.654665 0.232213 0.654665 0.1989009 0.38016 0.491915 0.377691 0.460566 0.380144 0.458592 0.684644 0.22466 0.687726 0.199632 0.687655 0.225578 0.690775 0.224678 0.687726 0.199632 0.690776 0.200276 0.541397 0.545175 0.543922 0.513913 0.543906 0.547236 0.543906 0.547236 0.546392 0.517568 0.546392 0.545585 0.692192 0.224677 0.690776 0.200276 0.692192 0.20022 0.680216 0.224627 0.67748 0.200146 0.680426 0.199523 0.547809 0.517568 0.552668 0.545175 0.547809 0.545585 0.53998 0.545175 0.541397 0.514893 0.541397 0.545175 0.494634 0.843375 0.497227 0.8183 0.497227 0.843375 0.494634 0.843375 0.494634 0.84415 0.492041 0.843375 0.483894 0.843375 0.485311 0.8183 0.485311 0.843375 0.485311 0.843375 0.487968 0.818353 0.487968 0.843906 0.490624 0.843375 0.487968 0.818353 0.490624 0.8183 0.492041 0.843375 0.490624 0.8183 0.492041 0.8183 0.674223 0.193857 0.672806 0.1635749 0.674223 0.1635749 0.67028 0.162595 0.672806 0.193857 0.67028 0.1959069 0.137107 0.742039 0.135691 0.766577 0.13569 0.742039 0.13569 0.742039 0.132616 0.767089 0.132571 0.741115 0.129559 0.74205 0.132616 0.767089 0.129649 0.767619 0.1281419 0.742055 0.129649 0.767619 0.128233 0.767669 0.658551 0.231145 0.657134 0.200863 0.658551 0.200863 0.125131 0.742071 0.125122 0.740446 0.1281419 0.742055 0.650723 0.22847 0.645863 0.200863 0.650722 0.200453 0.1281419 0.742055 0.125264 0.767169 0.125131 0.742071 0.125131 0.742071 0.122294 0.766669 0.12212 0.742087 0.666394 0.16625 0.666394 0.194267 0.661534 0.193857 0.652139 0.200453 0.650723 0.22847 0.650722 0.200453 0.667811 0.16625 0.666394 0.194267 0.666394 0.16625 0.67028 0.1959069 0.667811 0.16625 0.67028 0.162595 0.546392 0.517568 0.547809 0.545585 0.546392 0.545585 0.382686 0.460156 0.384103 0.488172 0.382686 0.488172 0.492041 0.843375 0.494634 0.8183 0.494634 0.843375 0.198898 0.68706 0.197337 0.661372 0.198754 0.661365 0.197337 0.661372 0.194536 0.686501 0.1943269 0.661397 0.194313 0.659773 0.1943269 0.661397 0.191316 0.661423 0.376274 0.42426 0.381134 0.451866 0.376274 0.454542 0.387546 0.42426 0.388963 0.454541 0.387546 0.454541 0.823598 0.74455 0.823598 0.743775 0.826191 0.743775 0.812859 0.7187 0.814276 0.743775 0.812859 0.743775 0.823598 0.7187 0.826191 0.743775 0.823598 0.743775 0.821005 0.7187 0.823598 0.743775 0.821005 0.743775 0.819588 0.743775 0.821005 0.7187 0.821005 0.743775 0.816932 0.718648 0.819588 0.743775 0.816932 0.7442 0.814276 0.743775 0.816932 0.718648 0.816932 0.7442 0.382551 0.451866 0.385093 0.422286 0.385076 0.455609 0.192903 0.623478 0.195429 0.653047 0.1929039 0.65679 0.1929039 0.65679 0.190434 0.62544 0.192903 0.623478 0.385076 0.455609 0.387546 0.42426 0.387546 0.454541 0.201837 0.686393 0.198754 0.661365 0.201766 0.660446 0.204886 0.661347 0.201837 0.686393 0.201766 0.660446 0.143172 0.607512 0.1456969 0.638774 0.1431879 0.640835 0.1431879 0.640835 0.140702 0.611167 0.143172 0.607512 0.206302 0.661348 0.204887 0.685748 0.204886 0.661347 0.1943269 0.661397 0.19159 0.685878 0.191316 0.661423 0.134425 0.638774 0.1344259 0.608492 0.139285 0.611167 0.147114 0.638774 0.1456969 0.608492 0.147114 0.608492 0.513543 0.84415 0.51095 0.819076 0.513543 0.819076 0.51095 0.8183 0.51095 0.819076 0.508357 0.819076 0.501627 0.84415 0.50021 0.819076 0.501627 0.819076 0.504283 0.844098 0.501627 0.819076 0.504283 0.818545 0.50694 0.819076 0.504283 0.844098 0.504283 0.818545 0.508357 0.819076 0.50694 0.84415 0.50694 0.819076 0.64728 0.1635749 0.645863 0.193857 0.645863 0.1635749 0.649805 0.162595 0.64728 0.193857 0.64728 0.1635749 0.708746 0.199992 0.710162 0.22453 0.708745 0.2245309 0.705671 0.1994799 0.708745 0.2245309 0.705626 0.225454 0.702614 0.224519 0.705671 0.1994799 0.705626 0.225454 0.701197 0.224515 0.702704 0.1989499 0.702614 0.224519 0.190434 0.62544 0.1890169 0.655722 0.1890169 0.62544 0.698177 0.226123 0.698186 0.224499 0.701197 0.224515 0.201706 0.62544 0.201706 0.655722 0.196846 0.653047 0.698319 0.199401 0.701197 0.224515 0.698186 0.224499 0.69535 0.1999 0.698186 0.224499 0.695175 0.224483 0.658551 0.193857 0.653691 0.16625 0.658551 0.1635749 0.195429 0.62503 0.196846 0.653047 0.195429 0.653047 0.652274 0.16625 0.653691 0.194267 0.652274 0.194267 0.652274 0.16625 0.649805 0.1959069 0.649805 0.162595 0.139285 0.639184 0.140702 0.611167 0.140702 0.639184 0.381134 0.451866 0.382551 0.42385 0.382551 0.451866 0.51095 0.84415 0.508357 0.819076 0.51095 0.819076 0.835137 0.730254 0.858743 0.697506 0.858743 0.730254 0.835137 0.664758 0.858743 0.63201 0.858743 0.664758 0.835137 0.599262 0.858743 0.566515 0.858743 0.599262 0.835137 0.533767 0.858743 0.501019 0.858743 0.533767 0.835137 0.468271 0.858743 0.435523 0.858743 0.468271 0.835137 0.402775 0.858743 0.370028 0.858743 0.402775 0.835137 0.33728 0.858743 0.304532 0.858743 0.33728 0.835137 0.271784 0.858743 0.239036 0.858743 0.271784 0.579031 0.136456 0.579031 0.02464795 0.690839 0.02464795 0.835137 0.566515 0.858743 0.533767 0.858743 0.566515 0.835137 0.501019 0.858743 0.468271 0.858743 0.501019 0.835137 0.63201 0.858743 0.599262 0.858743 0.63201 0.835137 0.697506 0.858743 0.664758 0.858743 0.697506 0.835137 0.763002 0.858743 0.730254 0.858743 0.763002 0.835137 0.304532 0.858743 0.271784 0.858743 0.304532 0.835137 0.370028 0.858743 0.33728 0.858743 0.370028 0.835137 0.435523 0.858743 0.402775 0.858743 0.435523 0.723829 0.6333 0.755242 0.647865 0.735327 0.657893 0.546639 0.558091 0.573266 0.572867 0.546639 0.567571 0.602543 0.581247 0.573266 0.572867 0.579387 0.558091 0.602543 0.581247 0.610922 0.610524 0.595839 0.58795 0.625699 0.637151 0.610922 0.610524 0.625699 0.604403 0.625699 0.637151 0.610922 0.663778 0.616219 0.637151 0.602543 0.693055 0.610922 0.663778 0.625699 0.669899 0.602543 0.693055 0.573266 0.701435 0.595839 0.686351 0.546639 0.716211 0.573266 0.701435 0.579386 0.716211 0.546639 0.716211 0.520011 0.701435 0.546639 0.706731 0.490735 0.693055 0.520011 0.701435 0.513891 0.716211 0.490735 0.693055 0.482355 0.663778 0.497438 0.686352 0.467578 0.637151 0.482355 0.663778 0.467578 0.669899 0.467578 0.637151 0.482355 0.610524 0.477059 0.637151 0.490735 0.581247 0.482355 0.610524 0.467578 0.604403 0.490735 0.581247 0.520011 0.572867 0.497438 0.58795 0.546639 0.558091 0.520011 0.572867 0.513891 0.558091 0.682592 0.491337 0.65967 0.498087 0.661785 0.488671 0.686366 0.421328 0.707872 0.448465 0.685575 0.448465 0.723829 0.6333 0.734731 0.600435 0.744295 0.624449 0.686366 0.421328 0.710884 0.396877 0.708626 0.422627 0.705226 0.582313 0.734731 0.600435 0.713784 0.608078 0.692681 0.367422 0.710884 0.396877 0.688738 0.394283 0.705226 0.582313 0.719877 0.55094 0.726582 0.575904 0.692681 0.367422 0.719877 0.34599 0.714638 0.371302 0.692681 0.529508 0.719877 0.55094 0.698184 0.556094 0.705226 0.314617 0.719877 0.34599 0.698183 0.340836 0.692681 0.529508 0.710884 0.500053 0.714638 0.525627 0.723829 0.26363 0.755242 0.249064 0.744295 0.272481 0.705226 0.314617 0.734731 0.296495 0.726582 0.321026 0.686366 0.475602 0.710884 0.500053 0.688738 0.502647 0.723829 0.26363 0.734731 0.296495 0.713784 0.288852 0.686366 0.475602 0.707872 0.448465 0.708626 0.474303 0.00149095 0.659564 0.01690697 0.639374 0.008007943 0.66086 0.02966099 0.617404 0.01690697 0.639374 0.01138299 0.635682 0.02966099 0.617404 0.05483895 0.614028 0.03335195 0.622928 0.079391 0.607512 0.05483895 0.614028 0.05354297 0.607512 0.079391 0.607512 0.099581 0.622928 0.07809495 0.614028 0.121551 0.635682 0.099581 0.622928 0.103273 0.617404 0.121551 0.635682 0.124926 0.660859 0.116026 0.639373 0.131442 0.685412 0.124926 0.660859 0.131442 0.659563 0.131442 0.685412 0.116026 0.705602 0.124926 0.684116 0.103273 0.727571 0.116026 0.705602 0.121551 0.709293 0.103273 0.727571 0.07809495 0.730947 0.099581 0.722047 0.05354297 0.737463 0.07809495 0.730947 0.079391 0.737463 0.05354297 0.737463 0.03335297 0.722047 0.05483895 0.730947 0.01138299 0.709293 0.03335297 0.722047 0.02966099 0.727571 0.01138299 0.709293 0.008007943 0.684116 0.01690798 0.705602 0.00149095 0.659564 0.008007943 0.684116 0.001491963 0.685412 0.611723 0.270994 0.589744 0.28481 0.608752 0.267032 0.64128 0.48218 0.616656 0.480084 0.622223 0.471891 0.57221 0.356208 0.56815 0.330678 0.577869 0.334272 0.661785 0.488671 0.637381 0.49121 0.64128 0.48218 0.5708 0.378672 0.562054 0.354522 0.57221 0.356208 0.65962 0.258648 0.680487 0.243721 0.682592 0.253894 0.573635 0.400856 0.560575 0.378931 0.5708 0.378672 0.637796 0.267092 0.656673 0.248212 0.65962 0.258648 0.580557 0.421971 0.563705 0.403025 0.573635 0.400856 0.618093 0.279422 0.633095 0.257539 0.637796 0.267092 0.591269 0.441276 0.571275 0.425948 0.580557 0.421971 0.60118 0.295149 0.611723 0.270994 0.618093 0.279422 0.60534 0.458106 0.582958 0.446896 0.591269 0.441276 0.587625 0.313665 0.593385 0.288121 0.60118 0.295149 0.622223 0.471891 0.598283 0.465148 0.60534 0.458106 0.577869 0.334272 0.578702 0.308268 0.587625 0.313665 0.759157 0.410227 0.76484 0.384904 0.762158 0.410448 0.582958 0.446896 0.59496 0.468436 0.57905 0.449515 0.578702 0.308268 0.589744 0.28481 0.593385 0.288121 0.616656 0.480084 0.59496 0.468436 0.598283 0.465148 0.56815 0.330678 0.574529 0.30572 0.578702 0.308268 0.65967 0.498087 0.682094 0.504722 0.658709 0.502617 0.637381 0.49121 0.614031 0.483915 0.616656 0.480084 0.56815 0.330678 0.557296 0.353712 0.563601 0.328974 0.637381 0.49121 0.658709 0.502617 0.635541 0.495442 0.562054 0.354522 0.55578 0.379032 0.557296 0.353712 0.656673 0.248212 0.680561 0.239036 0.680487 0.243721 0.563705 0.403025 0.55578 0.379032 0.560575 0.378931 0.633095 0.257539 0.655387 0.2434689 0.656673 0.248212 0.571275 0.425948 0.559046 0.404022 0.563705 0.403025 0.633095 0.257539 0.608752 0.267032 0.63091 0.253066 0.571275 0.425948 0.57905 0.449515 0.566916 0.427795 0.00563997 0.11515 0.01874399 0.139576 0.003335952 0.138354 0.78012 0.563442 0.792457 0.586437 0.78968 0.587633 0.758225 0.436119 0.762158 0.410448 0.761236 0.436134 0.800863 0.61114 0.792457 0.586437 0.803574 0.60978 0.766328 0.358994 0.76484 0.384904 0.761864 0.384478 0.772248 0.538669 0.78297 0.562439 0.78012 0.563442 0.772529 0.333894 0.769266 0.359623 0.766328 0.358994 0.772248 0.538669 0.769056 0.512826 0.775158 0.537864 0.772529 0.333894 0.783252 0.310324 0.775414 0.334724 0.7661 0.513429 0.764691 0.487445 0.769056 0.512826 0.813706 0.239036 0.803848 0.263435 0.80116 0.26205 0.780432 0.309299 0.79274 0.286534 0.783252 0.310324 0.759074 0.462032 0.764691 0.487445 0.761702 0.487843 0.801769 0.582364 0.795307 0.558023 0.804473 0.581181 0.774852 0.386288 0.782023 0.362291 0.777759 0.386691 0.812631 0.60508 0.828335 0.626156 0.825797 0.628019 0.772185 0.461143 0.774297 0.436134 0.77512 0.460942 0.801976 0.290573 0.815414 0.269487 0.804657 0.291749 0.812814 0.268099 0.82851 0.247489 0.815414 0.269487 0.77473 0.486055 0.77512 0.460942 0.777646 0.485652 0.80116 0.26205 0.79274 0.286534 0.789998 0.28532 0.801976 0.290573 0.795505 0.314708 0.792748 0.31372 0.77473 0.486055 0.781866 0.510146 0.778982 0.510749 0.792748 0.31372 0.787949 0.338259 0.785128 0.337462 0.778982 0.510749 0.787761 0.534308 0.784924 0.535108 0.779153 0.361689 0.787949 0.338259 0.782023 0.362291 0.79253 0.559016 0.787761 0.534308 0.795307 0.558023 0.813306 0.63443 0.803574 0.60978 0.816202 0.633281 0.758225 0.436119 0.762081 0.46184 0.759074 0.462032 0.801769 0.582364 0.815245 0.603695 0.812631 0.60508 0.772249 0.411141 0.774297 0.436134 0.771358 0.436133 0.825797 0.628019 0.809698 0.606621 0.812631 0.60508 0.82281 0.629997 0.806555 0.608257 0.809698 0.606621 0.806555 0.608257 0.816202 0.633281 0.803574 0.60978 0.771358 0.436133 0.768921 0.461368 0.768087 0.436133 0.768921 0.461368 0.764568 0.436139 0.768087 0.436133 0.765408 0.461616 0.761236 0.436134 0.764568 0.436139 0.812814 0.268099 0.798992 0.289267 0.809928 0.266579 0.798992 0.289267 0.806812 0.264965 0.809928 0.266579 0.795779 0.287868 0.803848 0.263435 0.806812 0.264965 0.772185 0.461143 0.771486 0.486503 0.768921 0.461368 0.771486 0.486503 0.765408 0.461616 0.768921 0.461368 0.767997 0.486992 0.762081 0.46184 0.765408 0.461616 0.792748 0.31372 0.798992 0.289267 0.801976 0.290573 0.78968 0.312622 0.795779 0.287868 0.798992 0.289267 0.795779 0.287868 0.783252 0.310324 0.79274 0.286534 0.825999 0.245586 0.809928 0.266579 0.823109 0.243597 0.809928 0.266579 0.819815 0.241714 0.823109 0.243597 0.806812 0.264965 0.816596 0.2402189 0.819815 0.241714 0.778982 0.510749 0.771486 0.486503 0.77473 0.486055 0.775775 0.511419 0.767997 0.486992 0.771486 0.486503 0.767997 0.486992 0.769056 0.512826 0.764691 0.487445 0.785128 0.337462 0.78968 0.312622 0.792748 0.31372 0.781989 0.336577 0.786376 0.311447 0.78968 0.312622 0.786376 0.311447 0.775414 0.334724 0.783252 0.310324 0.784924 0.535108 0.775775 0.511419 0.778982 0.510749 0.781769 0.535998 0.772325 0.512147 0.775775 0.511419 0.772325 0.512147 0.775158 0.537864 0.769056 0.512826 0.785128 0.337462 0.775958 0.361022 0.781989 0.336577 0.775958 0.361022 0.778611 0.335631 0.781989 0.336577 0.77252 0.360309 0.775414 0.334724 0.778611 0.335631 0.784924 0.535108 0.789441 0.560122 0.781769 0.535998 0.789441 0.560122 0.778375 0.536962 0.781769 0.535998 0.786119 0.561317 0.775158 0.537864 0.778375 0.536962 0.779153 0.361689 0.771617 0.385841 0.775958 0.361022 0.771617 0.385841 0.77252 0.360309 0.775958 0.361022 0.768135 0.385365 0.769266 0.359623 0.77252 0.360309 0.79253 0.559016 0.79876 0.58368 0.789441 0.560122 0.79876 0.58368 0.786119 0.561317 0.789441 0.560122 0.795525 0.585101 0.78297 0.562439 0.786119 0.561317 0.772249 0.411141 0.771617 0.385841 0.774852 0.386288 0.768988 0.410917 0.768135 0.385365 0.771617 0.385841 0.768135 0.385365 0.762158 0.410448 0.76484 0.384904 0.812631 0.60508 0.79876 0.58368 0.801769 0.582364 0.809698 0.606621 0.795525 0.585101 0.79876 0.58368 0.795525 0.585101 0.803574 0.60978 0.792457 0.586437 0.771358 0.436133 0.768988 0.410917 0.772249 0.411141 0.768087 0.436133 0.76548 0.410682 0.768988 0.410917 0.76548 0.410682 0.761236 0.436134 0.762158 0.410448 0.774852 0.386288 0.775179 0.411344 0.772249 0.411141 0.815414 0.269487 0.832154 0.250805 0.819543 0.271751 0.815245 0.603695 0.832154 0.622778 0.828335 0.626156 0.804473 0.581181 0.819513 0.60146 0.815245 0.603695 0.804473 0.581181 0.799831 0.556461 0.808879 0.579306 0.795307 0.558023 0.792378 0.533061 0.799831 0.556461 0.781866 0.510146 0.792378 0.533061 0.787761 0.534308 0.777646 0.485652 0.786555 0.50922 0.781866 0.510146 0.777646 0.485652 0.779886 0.460667 0.782385 0.48505 0.77512 0.460942 0.779067 0.436187 0.779886 0.460667 0.775179 0.411344 0.779067 0.436187 0.774297 0.436134 0.777759 0.386691 0.779931 0.411724 0.775179 0.411344 0.777759 0.386691 0.786672 0.363317 0.782471 0.387396 0.782023 0.362291 0.792512 0.339601 0.786672 0.363317 0.795505 0.314708 0.792512 0.339601 0.787949 0.338259 0.804657 0.291749 0.799962 0.316359 0.795505 0.314708 0.804657 0.291749 0.819543 0.271751 0.808985 0.293701 0.184531 0.605722 0.194661 0.619551 0.192117 0.620495 0.008854985 0.277832 0.02814298 0.297744 0.01298499 0.30078 0.001953959 0.16163 0.01874399 0.139576 0.01740097 0.162243 0.01298499 0.30078 0.03303998 0.319914 0.01801699 0.323548 0.008856952 0.09205597 0.02098995 0.116981 0.00563997 0.11515 0.008854985 0.277832 0.020989 0.252908 0.02411895 0.275397 0.008856952 0.09205597 0.028144 0.07214498 0.02411997 0.09449195 0.005638957 0.254737 0.01874399 0.230313 0.020989 0.252908 0.03075999 0.368398 0.03881698 0.341873 0.04545199 0.36359 0.01298695 0.06910699 0.03304195 0.04997396 0.028144 0.07214498 0.001953959 0.208257 0.01874399 0.230313 0.003334999 0.231534 0.182438 0.201115 0.197573 0.184945 0.197881 0.200503 0.00149095 0.184944 0.01740097 0.207646 0.001953959 0.208257 0.03076499 0.00149095 0.03881996 0.02801495 0.02395099 0.02378898 0.190089 0.265288 0.202487 0.246936 0.205243 0.26225 0.184994 0.136537 0.202488 0.122954 0.200341 0.138366 0.193578 0.28108 0.212559 0.292494 0.197692 0.29672 0.182438 0.168775 0.197573 0.184945 0.182116 0.184945 0.02395099 0.02378898 0.03304195 0.04997396 0.01801896 0.04633897 0.717285 0.07975196 0.723665 0.09314298 0.717078 0.09311497 0.193579 0.08880996 0.212561 0.07739299 0.208603 0.092444 0.197692 0.29672 0.217108 0.307378 0.202417 0.312187 0.183394 0.217259 0.197881 0.200503 0.198804 0.216038 0.197693 0.07316899 0.217108 0.06251096 0.212561 0.07739299 0.193579 0.08880996 0.205245 0.107638 0.19009 0.104602 0.183394 0.217259 0.20034 0.231522 0.184993 0.233353 0.19009 0.104602 0.202488 0.122954 0.187224 0.120519 0.184993 0.233353 0.202487 0.246936 0.187223 0.249371 0.023947 0.346098 0.03303998 0.319914 0.03881698 0.341873 0.00149095 0.184944 0.01740097 0.162243 0.01694798 0.184945 0.193578 0.28108 0.205243 0.26225 0.208602 0.277445 0.183395 0.152631 0.197881 0.169386 0.182438 0.168775 0.536997 0.546185 0.534366 0.53451 0.536746 0.533992 0.380529 0.856367 0.535987 0.865244 0.380416 0.859082 0.843422 0.832338 0.687964 0.841214 0.687851 0.838499 0.380529 0.900544 0.535987 0.909421 0.380416 0.90326 0.376647 0.516582 0.378673 0.53451 0.376274 0.534936 0.685575 0.841261 0.688206 0.852935 0.685825 0.853454 0.380529 0.941739 0.535987 0.932862 0.5361 0.935577 0.536997 0.522836 0.534366 0.53451 0.534608 0.52279 0.845925 0.870864 0.843899 0.852935 0.846298 0.852509 0.685948 0.879184 0.687973 0.897112 0.685575 0.897539 0.37915 0.513913 0.534608 0.52279 0.379036 0.516628 0.685575 0.86461 0.688206 0.852935 0.687964 0.864656 0.846298 0.885438 0.843667 0.897112 0.843908 0.885392 0.05675798 0.894893 0.05878394 0.876964 0.059147 0.894846 0.843422 0.873532 0.687964 0.864656 0.843536 0.870817 0.68845 0.876515 0.843908 0.885392 0.688337 0.87923 0.183395 0.152631 0.200341 0.138366 0.198804 0.153852 0.177497 0.590886 0.18689 0.604564 0.184531 0.605722 0.160005 0.462886 0.16538 0.447409 0.162578 0.463262 0.17146 0.575629 0.1690109 0.559314 0.17393 0.574761 0.160005 0.462886 0.160875 0.479288 0.158279 0.479089 0.177497 0.590886 0.17393 0.574761 0.179906 0.589852 0.171777 0.415623 0.169264 0.431803 0.166772 0.431077 0.162612 0.544097 0.1690109 0.559314 0.166489 0.560009 0.162841 0.446856 0.169264 0.431803 0.16538 0.447409 0.159844 0.527972 0.160799 0.51155 0.162432 0.527632 0.177293 0.556967 0.17605 0.541297 0.179715 0.556284 0.177827 0.400564 0.187192 0.387132 0.180193 0.401621 0.159844 0.527972 0.1651729 0.543579 0.162612 0.544097 0.177827 0.400564 0.17421 0.416518 0.171777 0.415623 0.158196 0.511711 0.16028 0.495409 0.160799 0.51155 0.725951 0.02756994 0.732057 0.04077196 0.725133 0.040407 0.205415 0.378767 0.200206 0.394119 0.1970109 0.392312 0.205233 0.613386 0.200193 0.597588 0.208212 0.610691 0.196857 0.599364 0.193566 0.5839 0.200193 0.597588 0.18441 0.570997 0.193566 0.5839 0.19012 0.585369 0.179715 0.556284 0.187947 0.569778 0.18441 0.570997 0.179715 0.556284 0.179714 0.540579 0.1833249 0.555314 0.17605 0.541297 0.1771309 0.525644 0.179714 0.540579 0.171864 0.510788 0.1771309 0.525644 0.173429 0.526107 0.17136 0.495412 0.175586 0.510581 0.171864 0.510788 0.17136 0.495412 0.175624 0.480361 0.175083 0.495463 0.171917 0.480054 0.1772029 0.465348 0.175624 0.480361 0.176189 0.449683 0.1772029 0.465348 0.17353 0.464787 0.179879 0.434814 0.179811 0.450495 0.176189 0.449683 0.179879 0.434814 0.18805 0.421551 0.1834329 0.435872 0.1845819 0.42025 0.193642 0.4076 0.18805 0.421551 0.1970109 0.392312 0.193642 0.4076 0.19028 0.406062 0.718617 0.174107 0.726435 0.186964 0.719798 0.18774 0.71761 0.06644499 0.723847 0.07983398 0.717285 0.07975196 0.717864 0.160509 0.725279 0.173588 0.718617 0.174107 0.718076 0.053213 0.724137 0.06658798 0.71761 0.06644499 0.717393 0.146955 0.724525 0.160162 0.717864 0.160509 0.718724 0.04008299 0.724553 0.053433 0.718076 0.053213 0.717116 0.133441 0.724042 0.1467249 0.717393 0.146955 0.722743 0.00149095 0.727171 0.01498395 0.720915 0.01426595 0.71963 0.02709197 0.725133 0.040407 0.718724 0.04008299 0.716987 0.119964 0.723753 0.1332949 0.717116 0.133441 0.720915 0.01426595 0.725951 0.02756994 0.71963 0.02709197 0.716978 0.106521 0.723609 0.119883 0.716987 0.119964 0.721625 0.201353 0.730845 0.213649 0.724213 0.214915 0.717078 0.09311497 0.723584 0.106496 0.716978 0.106521 0.719798 0.18774 0.728163 0.200241 0.721625 0.201353 0.728163 0.200241 0.737735 0.211526 0.730845 0.213649 0.723665 0.09314298 0.730768 0.10653 0.723584 0.106496 0.769535 0.106852 0.776586 0.09376895 0.776592 0.106865 0.723847 0.07983398 0.730827 0.09323 0.723665 0.09314298 0.769529 0.09374195 0.776595 0.08067697 0.776586 0.09376895 0.726435 0.186964 0.732441 0.173101 0.733522 0.186209 0.725279 0.173588 0.73172 0.159853 0.732441 0.173101 0.770009 0.158996 0.777071 0.171744 0.770225 0.171801 0.724042 0.1467249 0.73172 0.159853 0.724525 0.160162 0.770009 0.158996 0.776804 0.146006 0.776939 0.15893 0.76958 0.119957 0.776697 0.133004 0.769673 0.133034 0.723753 0.1332949 0.731249 0.146539 0.724042 0.1467249 0.725951 0.02756994 0.733691 0.01575398 0.732724 0.02807998 0.723753 0.1332949 0.730807 0.119858 0.730959 0.133199 0.769511 0.04169595 0.776192 0.02872699 0.776451 0.04162096 0.586187 0.816829 0.585487 0.807537 0.587593 0.816398 0.009727001 0.793716 0.01820194 0.80207 0.01524096 0.804294 0.06888097 0.756839 0.05758196 0.753393 0.05916196 0.750076 0.06843596 0.809223 0.05688697 0.812291 0.06592696 0.806462 0.007968962 0.78193 0.01324898 0.792582 0.009727001 0.793716 0.774431 0.002418994 0.7929 0.01479995 0.775668 0.01580697 0.007968962 0.78193 0.01361399 0.771504 0.01166397 0.782007 0.04776197 0.746855 0.05758196 0.753393 0.047351 0.75051 0.01014995 0.770227 0.01887995 0.762222 0.01361399 0.771504 0.04670995 0.818549 0.05688697 0.812291 0.05834496 0.815711 0.02494299 0.752037 0.01887995 0.762222 0.01602494 0.759887 0.03479796 0.817436 0.04644894 0.814843 0.04670995 0.818549 0.03592395 0.747531 0.02687799 0.755173 0.02494299 0.752037 0.03479796 0.817436 0.02598798 0.80943 0.03575897 0.813852 0.03592395 0.747531 0.047351 0.75051 0.03672897 0.751123 0.02391195 0.812502 0.01820194 0.80207 0.02598798 0.80943 0.775668 0.01580697 0.793372 0.02795594 0.776192 0.02872699 0.776934 0.196948 0.793654 0.210237 0.776147 0.209561 0.77713 0.184417 0.793769 0.197152 0.776934 0.196948 0.777071 0.171744 0.793925 0.18433 0.77713 0.184417 0.776939 0.15893 0.793984 0.171525 0.777071 0.171744 0.776804 0.146006 0.79398 0.158663 0.776939 0.15893 0.776697 0.133004 0.793952 0.145736 0.776804 0.146006 0.776626 0.1199499 0.793924 0.132754 0.776697 0.133004 0.776592 0.106865 0.79391 0.119729 0.776626 0.1199499 0.776586 0.09376895 0.793913 0.106672 0.776592 0.106865 0.776595 0.08067697 0.79393 0.09358996 0.776586 0.09376895 0.776598 0.06760799 0.793947 0.08048796 0.776595 0.08067697 0.776564 0.05458295 0.793942 0.06736999 0.776598 0.06760799 0.776451 0.04162096 0.793877 0.05423998 0.776564 0.05458295 0.776192 0.02872699 0.793703 0.04110097 0.776451 0.04162096 0.07593995 0.799653 0.06592696 0.806462 0.07255995 0.797946 0.901164 0.23836 0.896268 0.2390159 0.896139 0.238373 0.604816 0.746296 0.613539 0.741289 0.605895 0.747455 0.583127 0.798424 0.585487 0.807537 0.584023 0.807771 0.611745 0.719194 0.612449 0.739633 0.601787 0.726144 0.583127 0.798424 0.585034 0.789144 0.584621 0.798394 0.605992 0.847131 0.614159 0.851393 0.61338 0.852652 0.585269 0.779576 0.585034 0.789144 0.583538 0.788965 0.605992 0.847131 0.600641 0.839745 0.606946 0.846038 0.585269 0.779576 0.589721 0.771034 0.586738 0.779964 0.594041 0.833424 0.600641 0.839745 0.599547 0.840688 0.592615 0.761739 0.589721 0.771034 0.588307 0.770442 0.594041 0.833424 0.590878 0.824814 0.595258 0.832637 0.592615 0.761739 0.599355 0.754612 0.593945 0.762528 0.586187 0.816829 0.590878 0.824814 0.589555 0.82543 0.604816 0.746296 0.599355 0.754612 0.598135 0.753636 0.601787 0.726144 0.604569 0.746035 0.592603 0.734141 0.604746 0.86531 0.621908 0.857289 0.613592 0.870768 0.595954 0.858871 0.613204 0.852939 0.604746 0.86531 0.587904 0.851194 0.605776 0.84738 0.595954 0.858871 0.580912 0.842357 0.5993 0.840903 0.587904 0.851194 0.575173 0.832533 0.593767 0.833604 0.580912 0.842357 0.570823 0.821913 0.589257 0.825571 0.575173 0.832533 0.567967 0.8107 0.585869 0.816929 0.570823 0.821913 0.566684 0.799104 0.583692 0.807826 0.567967 0.8107 0.567024 0.787345 0.582788 0.798433 0.566684 0.799104 0.569008 0.775651 0.583198 0.788926 0.567024 0.787345 0.572624 0.764253 0.584935 0.779491 0.569008 0.775651 0.577829 0.753383 0.587986 0.77031 0.572624 0.764253 0.584537 0.743273 0.592312 0.761562 0.577829 0.753383 0.592603 0.734141 0.597857 0.753416 0.584537 0.743273 0.622023 0.856956 0.614159 0.851393 0.622426 0.855462 0.875742 0.02576696 0.879401 0.01554596 0.882178 0.01822799 0.898275 0.777926 0.89338 0.77727 0.898277 0.77727 0.879088 0.506345 0.874214 0.505692 0.87909 0.505692 0.928016 0.51033 0.932676 0.77727 0.928016 0.77731 0.891373 0.506652 0.896269 0.505996 0.896398 0.506639 0.861726 0.51033 0.866386 0.77727 0.861726 0.77731 0.888484 0.777926 0.89338 0.77727 0.893509 0.777913 0.942469 0.509635 0.937573 0.510291 0.937443 0.509648 0.901164 0.506652 0.896269 0.505996 0.901166 0.505996 0.88084 0.77723 0.87618 0.510291 0.88084 0.510251 0.898275 0.509635 0.89338 0.510291 0.89325 0.509648 0.908809 0.239056 0.913468 0.505996 0.908808 0.506036 0.932677 0.509635 0.937573 0.510291 0.932676 0.510291 0.866387 0.509635 0.871283 0.510291 0.866386 0.510291 0.888484 0.509635 0.89338 0.510291 0.888483 0.510291 0.927922 0.505956 0.923263 0.2390159 0.927922 0.238976 0.855498 0.06067597 0.845082 0.07000398 0.846863 0.05888497 0.859341 0.100704 0.853898 0.09140497 0.857728 0.09097498 0.875742 0.02576696 0.86686 0.03199398 0.872656 0.02342498 0.859341 0.100704 0.858353 0.111435 0.855583 0.101545 0.870185 0.03398197 0.862037 0.04113298 0.86686 0.03199398 0.861995 0.110194 0.862172 0.120959 0.858353 0.111435 0.861906 0.05195397 0.862037 0.04113298 0.865556 0.04274696 0.87028 0.128017 0.862172 0.120959 0.865656 0.119333 0.859275 0.06149494 0.858237 0.05073195 0.861906 0.05195397 0.882226 0.143654 0.887177 0.153681 0.879416 0.146354 0.875816 0.136149 0.866993 0.1300089 0.87028 0.128017 0.859275 0.06149494 0.853853 0.07084995 0.855498 0.06067597 0.875816 0.136149 0.879416 0.146354 0.872758 0.138489 0.857693 0.07125496 0.853318 0.081133 0.853853 0.07084995 0.882178 0.01822799 0.887292 0.00832796 0.889607 0.01153695 0.857728 0.09097498 0.853318 0.081133 0.857176 0.08111995 0.655847 0.640116 0.647672 0.631278 0.651781 0.629888 0.872758 0.138489 0.873094 0.152356 0.865852 0.143856 0.853853 0.07084995 0.844515 0.08123999 0.845082 0.07000398 0.879401 0.01554596 0.881037 0.00149095 0.887292 0.00832796 0.853898 0.09140497 0.844515 0.08123999 0.853318 0.081133 0.872656 0.02342498 0.872823 0.009470999 0.879401 0.01554596 0.855583 0.101545 0.845165 0.09246295 0.853898 0.09140497 0.872656 0.02342498 0.859226 0.02752697 0.865532 0.01814597 0.855583 0.101545 0.850066 0.11434 0.847023 0.103539 0.86686 0.03199398 0.853974 0.037521 0.859226 0.02752697 0.858353 0.111435 0.854255 0.12474 0.850066 0.11434 0.858237 0.05073195 0.853974 0.037521 0.862037 0.04113298 0.866993 0.1300089 0.854255 0.12474 0.862172 0.120959 0.855498 0.06067597 0.849838 0.04801499 0.858237 0.05073195 0.879416 0.146354 0.881014 0.160154 0.873094 0.152356 0.872758 0.138489 0.859539 0.134617 0.866993 0.1300089 0.66352 0.53267 0.663335 0.516827 0.671057 0.523803 0.6557 0.554378 0.647503 0.563337 0.651718 0.552571 0.655847 0.640116 0.657267 0.65207 0.651914 0.641936 0.65165 0.564705 0.64447 0.574481 0.647503 0.563337 0.682592 0.67507 0.671062 0.670452 0.674266 0.667399 0.660981 0.64984 0.663664 0.661581 0.657267 0.65207 0.646986 0.586323 0.64447 0.574481 0.648735 0.575395 0.674266 0.667399 0.663664 0.661581 0.667129 0.658959 0.646418 0.597364 0.642651 0.585873 0.646986 0.586323 0.682592 0.519347 0.671057 0.523803 0.68006 0.515604 0.646418 0.597364 0.642716 0.608872 0.642066 0.597381 0.67419 0.526826 0.66352 0.53267 0.671057 0.523803 0.647037 0.608389 0.644593 0.620215 0.642716 0.608872 0.66084 0.544535 0.66352 0.53267 0.667019 0.535299 0.651781 0.629888 0.644593 0.620215 0.648833 0.619272 0.6557 0.554378 0.657073 0.542307 0.66084 0.544535 0.79893 0.108502 0.811431 0.121249 0.799622 0.122292 0.644593 0.620215 0.632645 0.610128 0.642716 0.608872 0.657073 0.542307 0.655216 0.526644 0.66352 0.53267 0.647672 0.631278 0.634726 0.622541 0.644593 0.620215 0.651718 0.552571 0.648203 0.537223 0.657073 0.542307 0.651914 0.641936 0.638122 0.634645 0.647672 0.631278 0.647503 0.563337 0.642369 0.548473 0.651718 0.552571 0.657267 0.65207 0.642791 0.646301 0.651914 0.641936 0.64447 0.574481 0.637779 0.56027 0.647503 0.563337 0.679857 0.678861 0.663742 0.677298 0.671062 0.670452 0.663664 0.661581 0.648675 0.657377 0.657267 0.65207 0.642651 0.585873 0.634485 0.572476 0.64447 0.574481 0.671062 0.670452 0.6557 0.667745 0.663664 0.661581 0.642066 0.597381 0.632521 0.584951 0.642651 0.585873 0.671057 0.523803 0.672503 0.507705 0.68006 0.515604 0.642716 0.608872 0.631906 0.59755 0.642066 0.597381 0.816189 0.02665096 0.822244 0.04401797 0.810778 0.03980499 0.920957 0.8551 0.914983 0.865678 0.913679 0.864203 0.799252 0.09463 0.810844 0.108327 0.79893 0.108502 0.823945 0.199256 0.84075 0.204441 0.83077 0.210499 0.800598 0.08074796 0.811207 0.09533196 0.799252 0.09463 0.812182 0.1751739 0.828003 0.1824139 0.817646 0.187476 0.80297 0.06693196 0.812529 0.08233296 0.800598 0.08074796 0.807619 0.162434 0.822957 0.1708469 0.812182 0.1751739 0.806366 0.05325895 0.814813 0.06939995 0.80297 0.06693196 0.803988 0.1493279 0.818745 0.158891 0.807619 0.162434 0.810778 0.03980499 0.818054 0.05660498 0.806366 0.05325895 0.801314 0.135924 0.815402 0.146597 0.803988 0.1493279 0.576137 0.167124 0.588818 0.167828 0.578017 0.1709 0.799622 0.122292 0.812956 0.134028 0.801314 0.135924 0.822554 0.01387697 0.827372 0.03170394 0.816189 0.02665096 0.817646 0.187476 0.833864 0.193575 0.823945 0.199256 0.65353 0.712564 0.657989 0.727348 0.647581 0.720943 0.853572 0.831687 0.85325 0.845121 0.851398 0.831655 0.9141 0.801068 0.90529 0.792992 0.915424 0.799656 0.855325 0.844498 0.859049 0.857297 0.85325 0.845121 0.893219 0.792072 0.90529 0.792992 0.904516 0.794781 0.869464 0.865243 0.859049 0.857297 0.860813 0.856083 0.881418 0.793374 0.893345 0.790092 0.893219 0.792072 0.880346 0.870994 0.868198 0.866919 0.869464 0.865243 0.881418 0.793374 0.86924 0.797043 0.880854 0.79142 0.880346 0.870994 0.892291 0.874684 0.879719 0.872949 0.870448 0.798744 0.859843 0.806322 0.86924 0.797043 0.913679 0.864203 0.90448 0.872125 0.903748 0.870288 0.892222 0.872678 0.90448 0.872125 0.892291 0.874684 0.855729 0.81895 0.859843 0.806322 0.861562 0.807581 0.920965 0.810226 0.915424 0.799656 0.922716 0.809387 0.853572 0.831687 0.853677 0.818269 0.855729 0.81895 0.565947 0.174834 0.578017 0.1709 0.569067 0.177678 0.565947 0.174834 0.563164 0.187239 0.559225 0.185712 0.621551 0.179647 0.622024 0.192453 0.617926 0.181886 0.62621 0.191675 0.622029 0.203779 0.622024 0.192453 0.62156 0.216574 0.622029 0.203779 0.626211 0.204564 0.612892 0.226085 0.617947 0.2143329 0.62156 0.216574 0.612892 0.226085 0.600225 0.227737 0.610335 0.222694 0.601384 0.23182 0.588985 0.228788 0.600225 0.227737 0.576242 0.229503 0.588985 0.228788 0.588591 0.233011 0.566 0.221778 0.578132 0.22571 0.576242 0.229503 0.566 0.221778 0.563191 0.209356 0.56913 0.218926 0.559245 0.210883 0.561111 0.198296 0.563191 0.209356 0.559225 0.185712 0.561111 0.198296 0.556883 0.1982949 0.621551 0.179647 0.610281 0.173507 0.612855 0.170104 0.612855 0.170104 0.600105 0.168453 0.601234 0.164308 0.652275 0.809604 0.668276 0.808734 0.659299 0.817673 0.638553 0.781143 0.653495 0.786525 0.641827 0.791175 0.638553 0.781143 0.649033 0.769395 0.650689 0.778092 0.668535 0.698566 0.668754 0.71391 0.660542 0.705075 0.656109 0.820836 0.665196 0.827633 0.664595 0.828391 0.636646 0.770804 0.648547 0.76059 0.649033 0.769395 0.675283 0.689133 0.666547 0.695804 0.666003 0.695053 0.637004 0.749948 0.648547 0.76059 0.636131 0.760344 0.660542 0.705075 0.662938 0.720254 0.65353 0.712564 0.63924 0.739798 0.649231 0.751831 0.637004 0.749948 0.659299 0.817673 0.675043 0.814594 0.667397 0.824825 0.63924 0.739798 0.654004 0.735065 0.651064 0.743273 0.652275 0.809604 0.657408 0.794542 0.662364 0.801995 0.642789 0.730074 0.657989 0.727348 0.654004 0.735065 0.641827 0.791175 0.657408 0.794542 0.646423 0.80072 0.953668 0.509635 0.957205 0.510765 0.953659 0.510758 0.635072 0.738585 0.633616 0.749436 0.632695 0.749295 0.648719 0.812302 0.656792 0.820162 0.656109 0.820836 0.638835 0.728324 0.635962 0.738845 0.635072 0.738585 0.642558 0.802911 0.64948 0.811727 0.648719 0.812302 0.643908 0.718691 0.639679 0.728699 0.638835 0.728324 0.637721 0.792826 0.643384 0.802444 0.642558 0.802911 0.650199 0.709848 0.644693 0.719173 0.643908 0.718691 0.63428 0.78223 0.638599 0.792474 0.637721 0.792826 0.666003 0.695053 0.658231 0.702607 0.657602 0.701936 0.657602 0.701936 0.65091 0.710429 0.650199 0.709848 0.632284 0.771312 0.635194 0.781999 0.63428 0.78223 0.667397 0.824825 0.682592 0.819359 0.676525 0.831123 0.631757 0.760269 0.633217 0.771205 0.632284 0.771312 0.664595 0.828391 0.674584 0.834235 0.674021 0.835034 0.632695 0.749295 0.632691 0.760286 0.631757 0.760269 0.564865 0.546426 0.561415 0.538897 0.566499 0.543981 0.55578 0.532829 0.561415 0.538897 0.55897 0.540531 0.55578 0.532829 0.558664 0.525066 0.558664 0.532255 0.55897 0.51679 0.558664 0.525066 0.55578 0.524492 0.55897 0.51679 0.566499 0.513341 0.561415 0.518424 0.572567 0.507705 0.566499 0.513341 0.564865 0.510895 0.572567 0.507705 0.58033 0.51059 0.573141 0.51059 0.588606 0.510895 0.58033 0.51059 0.580903 0.507705 0.588606 0.510895 0.592055 0.518424 0.586972 0.513341 0.597691 0.524492 0.592055 0.518424 0.5945 0.51679 0.597691 0.524492 0.594806 0.532255 0.594806 0.525066 0.5945 0.540531 0.594806 0.532255 0.597691 0.532829 0.5945 0.540531 0.586972 0.543981 0.592055 0.538897 0.580903 0.549616 0.586972 0.543981 0.588606 0.546426 0.580903 0.549616 0.573141 0.546732 0.58033 0.546732 0.564865 0.546426 0.573141 0.546732 0.572567 0.549616 0.951329 0.903459 0.928016 0.89529 0.951329 0.895289 0.932315 0.00149095 0.935852 0.002621948 0.932306 0.002614974 0.905168 0.001806974 0.901707 0.002907991 0.901485 0.001831948 0.960747 0.509648 0.957205 0.510765 0.956981 0.509664 0.977276 0.205727 0.973731 0.002627968 0.977276 0.002599954 0.897147 0.001491963 0.901707 0.002907991 0.897147 0.002935945 0.953664 0.715058 0.957205 0.713942 0.957429 0.715042 0.963095 0.002642989 0.96664 0.205741 0.963095 0.20577 0.930905 0.239512 0.934451 0.442661 0.930905 0.442689 0.960743 0.715072 0.957205 0.713942 0.960752 0.713948 0.21557 0.372687 0.211449 0.371406 0.21557 0.371381 0.94509 0.442646 0.941544 0.239497 0.94509 0.239469 0.960112 0.205777 0.956566 0.002627968 0.960112 0.002599954 0.966645 0.206865 0.970186 0.205748 0.970409 0.206849 0.93446 0.23836 0.937997 0.239491 0.934451 0.239484 0.945927 0.002642989 0.949473 0.205792 0.945927 0.20582 0.951329 0.821759 0.928016 0.813589 0.951329 0.813589 0.951329 0.797249 0.928016 0.789079 0.951329 0.789079 0.951329 0.846269 0.928016 0.838099 0.951329 0.838099 0.225911 0.690074 0.222461 0.682657 0.224476 0.682428 0.951329 0.854439 0.928016 0.846269 0.951329 0.846269 0.951329 0.895289 0.928016 0.887119 0.951329 0.887119 0.951329 0.862609 0.928016 0.854439 0.951329 0.854439 0.951329 0.805419 0.928016 0.797249 0.951329 0.797249 0.951329 0.870779 0.928016 0.862609 0.951329 0.862609 0.223187 0.591465 0.2214 0.583084 0.223359 0.583165 0.951329 0.878949 0.928016 0.870779 0.951329 0.870779 0.951329 0.813589 0.928016 0.805419 0.951329 0.805419 0.951329 0.887119 0.928016 0.878949 0.951329 0.878949 0.951329 0.829929 0.928016 0.821759 0.951329 0.821759 0.951329 0.838099 0.928016 0.829929 0.951329 0.829929 0.08621299 0.7801 0.08972597 0.788198 0.085092 0.787701 0.223222 0.657353 0.221244 0.649067 0.2231889 0.649093 0.223187 0.591465 0.221215 0.599667 0.221248 0.591405 0.223399 0.665686 0.221278 0.657345 0.223222 0.657353 0.223159 0.599711 0.221171 0.607914 0.221215 0.599667 0.224476 0.682428 0.221706 0.674097 0.223688 0.673979 0.223688 0.673979 0.2214249 0.665693 0.223399 0.665686 0.223096 0.607951 0.221185 0.616141 0.221171 0.607914 0.951329 0.789079 0.928016 0.780909 0.951329 0.780909 0.223122 0.616177 0.221165 0.624367 0.221185 0.616141 0.225717 0.559115 0.222452 0.566367 0.224133 0.55845 0.223134 0.632622 0.221165 0.624367 0.223087 0.6244 0.224358 0.566645 0.2216899 0.57476 0.222452 0.566367 0.223119 0.640849 0.2211959 0.63259 0.223134 0.632622 0.223359 0.583165 0.2216899 0.57476 0.223643 0.574945 0.2231889 0.649093 0.221193 0.640821 0.223119 0.640849 0.465845 0.475167 0.460749 0.503693 0.460749 0.475167 0.09769296 0.839055 0.09790098 0.830262 0.101595 0.83647 0.085092 0.787701 0.08936798 0.795426 0.08470696 0.795377 0.09769296 0.839055 0.105919 0.842183 0.102399 0.845252 0.08621299 0.7801 0.092507 0.774018 0.09077495 0.781039 0.09374797 0.832407 0.09485095 0.823696 0.09790098 0.830262 0.088059 0.772645 0.09490197 0.767201 0.092507 0.774018 0.08797299 0.818144 0.09485095 0.823696 0.09050899 0.825413 0.09385299 0.758465 0.09490197 0.767201 0.090613 0.765409 0.08615297 0.810669 0.09245896 0.816859 0.08797299 0.818144 0.102294 0.745822 0.110334 0.743789 0.105727 0.748758 0.09775197 0.751898 0.097934 0.760659 0.09385299 0.758465 0.08615297 0.810669 0.08970695 0.802657 0.09073996 0.809824 0.10631 0.825909 0.112055 0.829695 0.109474 0.831337 0.101581 0.776767 0.103107 0.783507 0.100075 0.782907 0.116843 0.840968 0.1154749 0.834582 0.119137 0.839188 0.09885895 0.795482 0.10224 0.801514 0.09916096 0.801801 0.112976 0.754415 0.112053 0.76124 0.109436 0.759586 0.116673 0.749564 0.1154839 0.756223 0.112976 0.754415 0.09916096 0.801801 0.103106 0.807481 0.100069 0.808063 0.09775197 0.751898 0.105727 0.748758 0.101562 0.754472 0.106299 0.765058 0.112053 0.76124 0.109045 0.766483 0.101575 0.814208 0.103106 0.807481 0.104542 0.813338 0.103665 0.7708 0.109045 0.766483 0.106528 0.771964 0.103663 0.820177 0.104542 0.813338 0.10653 0.819028 0.103665 0.7708 0.104542 0.777655 0.101581 0.776767 0.103663 0.820177 0.109048 0.824498 0.10631 0.825909 0.102399 0.845252 0.110836 0.847103 0.108026 0.850719 0.08506095 0.803057 0.08936798 0.795426 0.08970695 0.802657 0.11307 0.836384 0.112055 0.829695 0.1154749 0.834582 0.09885895 0.795482 0.102241 0.789472 0.101951 0.795492 0.116843 0.840968 0.110774 0.838161 0.11307 0.836384 0.110774 0.838161 0.112645 0.844969 0.1081719 0.840272 0.112645 0.844969 0.105919 0.842183 0.1081719 0.840272 0.09885895 0.795482 0.096165 0.802077 0.095851 0.795469 0.096165 0.802077 0.09238797 0.795448 0.095851 0.795469 0.09238797 0.795448 0.08970695 0.802657 0.08936798 0.795426 0.112976 0.754415 0.106916 0.757979 0.110614 0.752659 0.106916 0.757979 0.107977 0.750599 0.110614 0.752659 0.107977 0.750599 0.101562 0.754472 0.105727 0.748758 0.09916096 0.801801 0.09711295 0.808625 0.096165 0.802077 0.09711295 0.808625 0.09271496 0.802389 0.096165 0.802077 0.09271496 0.802389 0.09073996 0.809824 0.08970695 0.802657 0.106299 0.765058 0.106916 0.757979 0.109436 0.759586 0.106916 0.757979 0.1005859 0.762065 0.104045 0.756113 0.1005859 0.762065 0.101562 0.754472 0.104045 0.756113 0.116673 0.749564 0.110614 0.752659 0.114488 0.747854 0.110614 0.752659 0.112203 0.745773 0.114488 0.747854 0.112203 0.745773 0.105727 0.748758 0.110334 0.743789 0.101575 0.814208 0.09711295 0.808625 0.100069 0.808063 0.09711295 0.808625 0.09536099 0.816019 0.09370899 0.809267 0.09536099 0.816019 0.09073996 0.809824 0.09370899 0.809267 0.103665 0.7708 0.103638 0.763671 0.106299 0.765058 0.103638 0.763671 0.09768599 0.768351 0.1005859 0.762065 0.09768599 0.768351 0.097934 0.760659 0.1005859 0.762065 0.103663 0.820177 0.09868699 0.815051 0.101575 0.814208 0.09868699 0.815051 0.09765696 0.822577 0.09536099 0.816019 0.09765696 0.822577 0.09245896 0.816859 0.09536099 0.816019 0.103665 0.7708 0.09870296 0.7759 0.100883 0.769664 0.09870296 0.7759 0.09768599 0.768351 0.100883 0.769664 0.09768599 0.768351 0.092507 0.774018 0.09490197 0.767201 0.103663 0.820177 0.103647 0.827284 0.100872 0.821293 0.103647 0.827284 0.09765696 0.822577 0.100872 0.821293 0.09765696 0.822577 0.09790098 0.830262 0.09485095 0.823696 0.101581 0.776767 0.09712696 0.78232 0.09870296 0.7759 0.09712696 0.78232 0.09539198 0.774897 0.09870296 0.7759 0.09539198 0.774897 0.09077495 0.781039 0.092507 0.774018 0.10631 0.825909 0.106974 0.832944 0.103647 0.827284 0.106974 0.832944 0.100579 0.828872 0.103647 0.827284 0.100579 0.828872 0.101595 0.83647 0.09790098 0.830262 0.09916496 0.789165 0.09712696 0.78232 0.100075 0.782907 0.09712696 0.78232 0.09272795 0.788509 0.09373295 0.781637 0.09272795 0.788509 0.09077495 0.781039 0.09373295 0.781637 0.11307 0.836384 0.106974 0.832944 0.109474 0.831337 0.106974 0.832944 0.1081719 0.840272 0.1041 0.834816 0.1081719 0.840272 0.101595 0.83647 0.1041 0.834816 0.09885895 0.795482 0.09617298 0.788863 0.09916496 0.789165 0.09617298 0.788863 0.09238797 0.795448 0.09272795 0.788509 0.09238797 0.795448 0.08972597 0.788198 0.09272795 0.788509 0.09916496 0.789165 0.103107 0.783507 0.102241 0.789472 0.513754 0.500293 0.507412 0.502067 0.511015 0.498464 0.503346 0.507248 0.507412 0.502067 0.509242 0.504806 0.503346 0.507248 0.497608 0.504017 0.502704 0.504017 0.49107 0.504806 0.497608 0.504017 0.496965 0.507248 0.49107 0.504806 0.489296 0.498464 0.4929 0.502067 0.484116 0.494398 0.489296 0.498464 0.486558 0.500293 0.484116 0.494398 0.487346 0.488659 0.487346 0.493755 0.486558 0.482121 0.487346 0.488659 0.484116 0.488017 0.49107 0.477609 0.489296 0.483951 0.486558 0.482121 0.49107 0.477609 0.497608 0.478398 0.4929 0.480348 0.496965 0.475167 0.502704 0.478398 0.497608 0.478398 0.509242 0.477609 0.502704 0.478398 0.503346 0.475167 0.513754 0.482121 0.507412 0.480348 0.509242 0.477609 0.513754 0.482121 0.512966 0.488659 0.511015 0.483951 0.516196 0.488017 0.512966 0.493755 0.512966 0.488659 0.516196 0.494398 0.511015 0.498464 0.512966 0.493755 0.430173 0.475167 0.425077 0.503693 0.425077 0.475167 0.481133 0.475168 0.476037 0.503693 0.476037 0.475167 0.470941 0.475167 0.465845 0.503693 0.465845 0.475167 0.435269 0.475168 0.430173 0.503693 0.430173 0.475167 0.476037 0.475167 0.470941 0.503693 0.470941 0.475167 0.440365 0.475168 0.435269 0.503693 0.435269 0.475168 0.404693 0.475167 0.399597 0.503693 0.399597 0.475167 0.445461 0.475167 0.440365 0.503693 0.440365 0.475168 0.409789 0.475167 0.404693 0.503693 0.404693 0.475167 0.450557 0.475167 0.445461 0.503693 0.445461 0.475167 0.414885 0.475167 0.409789 0.503693 0.409789 0.475167 0.455653 0.475167 0.450557 0.503693 0.450557 0.475167 0.419981 0.475167 0.414885 0.503693 0.414885 0.475167 0.460749 0.475167 0.455653 0.503693 0.455653 0.475167 0.425077 0.475167 0.419981 0.503693 0.419981 0.475167 0.178175 0.180925 0.182438 0.168775 0.182116 0.184945 0.02104794 0.180925 0.182116 0.184945 0.01694798 0.184945 0.02104794 0.180925 0.01740097 0.162243 0.02141797 0.162402 0.02251398 0.143907 0.183395 0.152631 0.179148 0.156327 0.179148 0.156327 0.182438 0.168775 0.178421 0.1686159 0.02251398 0.143907 0.01740097 0.162243 0.01874399 0.139576 0.02753496 0.09910696 0.187224 0.120519 0.182698 0.123868 0.182698 0.123868 0.184994 0.136537 0.181002 0.136061 0.02753496 0.09910696 0.02098995 0.116981 0.02411997 0.09449195 0.1797839 0.148312 0.184994 0.136537 0.183395 0.152631 0.02314895 0.135893 0.183395 0.152631 0.01874399 0.139576 0.02314895 0.135893 0.02098995 0.116981 0.02498197 0.117457 0.03608196 0.05484396 0.193579 0.08880996 0.188803 0.09178996 0.188803 0.09178996 0.19009 0.104602 0.186148 0.103812 0.03608196 0.05484396 0.028144 0.07214498 0.03304195 0.04997396 0.183965 0.115928 0.19009 0.104602 0.187224 0.120519 0.02880197 0.09116899 0.187224 0.120519 0.02411997 0.09449195 0.02880197 0.09116899 0.028144 0.07214498 0.03208696 0.07293498 0.04809999 0.01139497 0.202419 0.05770295 0.197422 0.06029695 0.190693 0.08397495 0.197693 0.07316899 0.193579 0.08880996 0.03797298 0.04703098 0.193579 0.08880996 0.03304195 0.04997396 0.03797298 0.04703098 0.03881996 0.02801495 0.04268699 0.02911394 0.197422 0.06029695 0.197693 0.07316899 0.193826 0.07207 0.04809999 0.01139497 0.03881996 0.02801495 0.04545396 0.006299972 0.03796994 0.322857 0.193578 0.28108 0.190692 0.285913 0.190692 0.285913 0.197692 0.29672 0.193825 0.297819 0.03796994 0.322857 0.03881698 0.341873 0.03303998 0.319914 0.197421 0.309593 0.197692 0.29672 0.202417 0.312187 0.04809796 0.358494 0.202417 0.312187 0.04545199 0.36359 0.04809796 0.358494 0.03881698 0.341873 0.04268497 0.340774 0.03608 0.315044 0.193578 0.28108 0.03303998 0.319914 0.02880096 0.27872 0.187223 0.249371 0.183965 0.253962 0.183965 0.253962 0.190089 0.265288 0.186147 0.266078 0.02880096 0.27872 0.02814298 0.297744 0.02411895 0.275397 0.188802 0.278099 0.190089 0.265288 0.193578 0.28108 0.03608 0.315044 0.02814298 0.297744 0.032085 0.296954 0.023148 0.233995 0.183394 0.217259 0.179783 0.221578 0.179783 0.221578 0.184993 0.233353 0.181001 0.233829 0.023148 0.233995 0.020989 0.252908 0.01874399 0.230313 0.182698 0.246022 0.184993 0.233353 0.187223 0.249371 0.02753394 0.270782 0.187223 0.249371 0.02411895 0.275397 0.02753394 0.270782 0.020989 0.252908 0.02498096 0.252432 0.02104794 0.188964 0.182116 0.184945 0.178174 0.188965 0.178174 0.188965 0.182438 0.201115 0.178421 0.201274 0.02104794 0.188964 0.01740097 0.207646 0.01694798 0.184945 0.179148 0.213563 0.182438 0.201115 0.183394 0.217259 0.02251297 0.225982 0.183394 0.217259 0.01874399 0.230313 0.02251297 0.225982 0.01740097 0.207646 0.02141797 0.207487 0.535746 0.876964 0.380416 0.859082 0.535987 0.865244 0.843667 0.897112 0.688337 0.914995 0.687973 0.897112 0.535746 0.876964 0.380416 0.894846 0.380052 0.876964 0.688206 0.852935 0.843536 0.870817 0.687964 0.864656 0.214477 0.921142 0.059147 0.939024 0.05878394 0.921142 0.688206 0.852935 0.843536 0.835053 0.843899 0.852935 0.843667 0.808757 0.688337 0.790875 0.843908 0.797037 0.214477 0.921142 0.059147 0.90326 0.2147189 0.909421 0.534366 0.53451 0.379036 0.516628 0.534608 0.52279 0.843667 0.808757 0.688337 0.82664 0.687973 0.808757 0.534366 0.53451 0.379036 0.552392 0.378673 0.53451 0.214477 0.876964 0.059147 0.859082 0.2147189 0.865243 0.535746 0.921142 0.380416 0.90326 0.535987 0.909421 0.214477 0.876964 0.059147 0.894846 0.05878394 0.876964 0.535746 0.921142 0.380416 0.939024 0.380052 0.921142 0.843667 0.897112 0.688337 0.87923 0.843908 0.885392 0.538376 0.909467 0.535746 0.921142 0.535987 0.909421 0.845925 0.835006 0.843899 0.852935 0.843536 0.835053 0.538376 0.86529 0.535746 0.876964 0.535987 0.865244 0.379149 0.555108 0.534608 0.546231 0.534721 0.548946 0.05926096 0.900544 0.2147189 0.909421 0.059147 0.90326 0.378026 0.903213 0.380052 0.921142 0.377654 0.921568 0.378026 0.859036 0.380052 0.876964 0.377654 0.87739 0.376647 0.552439 0.378673 0.53451 0.379036 0.552392 0.217108 0.932816 0.214477 0.921142 0.216857 0.920623 0.538376 0.932816 0.535746 0.921142 0.538126 0.920623 0.68845 0.78816 0.843908 0.797037 0.688337 0.790875 0.538376 0.888639 0.535746 0.876964 0.538126 0.876446 0.05925995 0.941739 0.2147189 0.932862 0.214832 0.935578 0.378026 0.93907 0.380052 0.921142 0.380416 0.939024 0.846298 0.797083 0.843667 0.808757 0.843908 0.797037 0.380529 0.897561 0.535987 0.888685 0.5361 0.8914 0.05926096 0.856367 0.2147189 0.865243 0.059147 0.859082 0.05675798 0.93907 0.05878394 0.921142 0.059147 0.939024 0.685948 0.790829 0.687973 0.808757 0.685575 0.809184 0.378026 0.894893 0.380052 0.876964 0.380416 0.894846 0.217108 0.86529 0.214477 0.876964 0.2147189 0.865243 0.217108 0.909467 0.214477 0.921142 0.2147189 0.909421 0.846298 0.908787 0.843667 0.897112 0.846047 0.896594 0.846298 0.820432 0.843667 0.808757 0.846047 0.808239 0.05675798 0.859035 0.05878394 0.876964 0.05638498 0.87739 0.05675798 0.903213 0.05878394 0.921142 0.05638498 0.921568 0.68845 0.91771 0.843908 0.908833 0.844022 0.911548 0.68845 0.829355 0.843908 0.820478 0.844021 0.823193 0.217108 0.888639 0.214477 0.876964 0.216857 0.876445 0.685948 0.915041 0.687973 0.897112 0.688337 0.914995 0.685948 0.826686 0.687973 0.808757 0.688337 0.82664 0.05925995 0.897561 0.2147189 0.888685 0.214832 0.8914 0.203036 0.615041 0.196857 0.599364 0.205233 0.613386 0.1688539 0.495409 0.171917 0.480054 0.17136 0.495412 0.1693609 0.510957 0.173429 0.526107 0.1709409 0.526449 0.177479 0.43413 0.1845819 0.42025 0.179879 0.434814 0.182237 0.419403 0.19028 0.406062 0.1845819 0.42025 0.2032819 0.37707 0.1970109 0.392312 0.194804 0.391105 0.173588 0.54181 0.173429 0.526107 0.17605 0.541297 0.177293 0.556967 0.18441 0.570997 0.182038 0.571846 0.173744 0.449166 0.17353 0.464787 0.171052 0.464439 0.177479 0.43413 0.176189 0.449683 0.173744 0.449166 0.194616 0.600567 0.19012 0.585369 0.196857 0.599364 0.158279 0.479089 0.16028 0.495409 0.157674 0.49539 0.182038 0.571846 0.19012 0.585369 0.187809 0.586383 0.169419 0.479878 0.17353 0.464787 0.171917 0.480054 0.184864 0.385938 0.195159 0.372377 0.187192 0.387132 0.1688539 0.495409 0.171864 0.510788 0.1693609 0.510957 0.203036 0.615041 0.19211 0.601893 0.194616 0.600567 0.20043 0.616784 0.1894569 0.603271 0.19211 0.601893 0.1894569 0.603271 0.194661 0.619551 0.18689 0.604564 0.1688539 0.495409 0.166589 0.511149 0.166077 0.495409 0.166589 0.511149 0.163129 0.495416 0.166077 0.495409 0.163644 0.51136 0.16028 0.495409 0.163129 0.495416 0.194804 0.391105 0.185474 0.403938 0.192354 0.389798 0.185474 0.403938 0.1897349 0.388438 0.192354 0.389798 0.182786 0.402764 0.187192 0.387132 0.1897349 0.388438 0.1693609 0.510957 0.168186 0.526832 0.166589 0.511149 0.168186 0.526832 0.163644 0.51136 0.166589 0.511149 0.16526 0.527246 0.160799 0.51155 0.163644 0.51136 0.182237 0.419403 0.185474 0.403938 0.188001 0.405052 0.179638 0.418468 0.182786 0.402764 0.185474 0.403938 0.182786 0.402764 0.17421 0.416518 0.180193 0.401621 0.2032819 0.37707 0.192354 0.389798 0.2008 0.375295 0.192354 0.389798 0.197975 0.373659 0.2008 0.375295 0.1897349 0.388438 0.195159 0.372377 0.197975 0.373659 0.173588 0.54181 0.168186 0.526832 0.1709409 0.526449 0.170863 0.542383 0.16526 0.527246 0.168186 0.526832 0.16526 0.527246 0.1651729 0.543579 0.162432 0.527632 0.177479 0.43413 0.179638 0.418468 0.182237 0.419403 0.1748189 0.433376 0.1768749 0.417482 0.179638 0.418468 0.1768749 0.417482 0.169264 0.431803 0.17421 0.416518 0.177293 0.556967 0.170863 0.542383 0.173588 0.54181 0.174611 0.557727 0.167971 0.542998 0.170863 0.542383 0.167971 0.542998 0.1690109 0.559314 0.1651729 0.543579 0.177479 0.43413 0.171035 0.448596 0.1748189 0.433376 0.171035 0.448596 0.171991 0.432582 0.1748189 0.433376 0.168157 0.447999 0.169264 0.431803 0.171991 0.432582 0.177293 0.556967 0.179413 0.57279 0.174611 0.557727 0.179413 0.57279 0.171765 0.55854 0.174611 0.557727 0.176626 0.573799 0.1690109 0.559314 0.171765 0.55854 0.173744 0.449166 0.168308 0.464058 0.171035 0.448596 0.168308 0.464058 0.168157 0.447999 0.171035 0.448596 0.1653929 0.46366 0.16538 0.447409 0.168157 0.447999 0.182038 0.571846 0.185249 0.587509 0.179413 0.57279 0.185249 0.587509 0.176626 0.573799 0.179413 0.57279 0.182534 0.588708 0.17393 0.574761 0.176626 0.573799 0.169419 0.479878 0.168308 0.464058 0.171052 0.464439 0.166652 0.479687 0.1653929 0.46366 0.168308 0.464058 0.1653929 0.46366 0.160875 0.479288 0.162578 0.463262 0.194616 0.600567 0.185249 0.587509 0.187809 0.586383 0.19211 0.601893 0.182534 0.588708 0.185249 0.587509 0.182534 0.588708 0.18689 0.604564 0.179906 0.589852 0.1688539 0.495409 0.166652 0.479687 0.169419 0.479878 0.166077 0.495409 0.163713 0.479491 0.166652 0.479687 0.163713 0.479491 0.16028 0.495409 0.160875 0.479288 0.194804 0.391105 0.19028 0.406062 0.188001 0.405052 0.725133 0.040407 0.731575 0.05370295 0.724553 0.053433 0.727171 0.01498395 0.735364 0.004045963 0.733691 0.01575398 0.767415 0.003816962 0.775668 0.01580697 0.768769 0.01631295 0.769817 0.146058 0.776697 0.133004 0.776804 0.146006 0.769575 0.054591 0.776451 0.04162096 0.776564 0.05458295 0.724137 0.06658798 0.731575 0.05370295 0.731224 0.06678795 0.769575 0.054591 0.776598 0.06760799 0.769573 0.067586 0.723847 0.07983398 0.731224 0.06678795 0.730979 0.079975 0.769573 0.067586 0.776595 0.08067697 0.769548 0.08064496 0.770225 0.171801 0.77713 0.184417 0.770407 0.184408 0.726435 0.186964 0.735148 0.19906 0.728163 0.200241 0.770407 0.196717 0.77713 0.184417 0.776934 0.196948 0.769742 0.2085109 0.776934 0.196948 0.776147 0.209561 0.723609 0.119883 0.730768 0.10653 0.730807 0.119858 0.769535 0.106852 0.776626 0.1199499 0.76958 0.119957 0.76958 0.119957 0.760704 0.10677 0.769535 0.106852 0.760704 0.10677 0.750281 0.119894 0.750224 0.106702 0.750281 0.119894 0.739701 0.106628 0.750224 0.106702 0.739701 0.106628 0.730807 0.119858 0.730768 0.10653 0.770407 0.196717 0.762065 0.184453 0.770407 0.184408 0.762392 0.196559 0.752185 0.1847839 0.762065 0.184453 0.752185 0.1847839 0.743503 0.197838 0.742174 0.185446 0.742174 0.185446 0.735148 0.19906 0.733522 0.186209 0.769573 0.067586 0.760742 0.080522 0.760805 0.06746298 0.760742 0.080522 0.750428 0.06729596 0.760805 0.06746298 0.750428 0.06729596 0.739849 0.08019095 0.740036 0.06706297 0.739849 0.08019095 0.731224 0.06678795 0.740036 0.06706297 0.769573 0.067586 0.760868 0.05449295 0.769575 0.054591 0.760868 0.05449295 0.750428 0.06729596 0.750583 0.054322 0.750428 0.06729596 0.740296 0.05404394 0.750583 0.054322 0.740296 0.05404394 0.731224 0.06678795 0.731575 0.05370295 0.769817 0.146058 0.760876 0.133025 0.769673 0.133034 0.760876 0.133025 0.750663 0.146212 0.750422 0.133074 0.750663 0.146212 0.739905 0.133149 0.750422 0.133074 0.739905 0.133149 0.731249 0.146539 0.730959 0.133199 0.768769 0.01631295 0.760815 0.02905297 0.760477 0.01679396 0.760815 0.02905297 0.751014 0.01696699 0.760477 0.01679396 0.751014 0.01696699 0.741077 0.02863395 0.741674 0.01655 0.741077 0.02863395 0.733691 0.01575398 0.741674 0.01655 0.770407 0.196717 0.762353 0.207779 0.762392 0.196559 0.762353 0.207779 0.753012 0.196884 0.762392 0.196559 0.753012 0.196884 0.745441 0.209413 0.743503 0.197838 0.745441 0.209413 0.735148 0.19906 0.743503 0.197838 0.769529 0.09374195 0.760742 0.080522 0.769548 0.08064496 0.760703 0.09363299 0.750309 0.08037698 0.760742 0.080522 0.750309 0.08037698 0.739736 0.09338897 0.739849 0.08019095 0.739849 0.08019095 0.730827 0.09323 0.730979 0.079975 0.770225 0.171801 0.761337 0.159067 0.770009 0.158996 0.761337 0.159067 0.751524 0.172166 0.751023 0.159267 0.751524 0.172166 0.740615 0.159565 0.751023 0.159267 0.740615 0.159565 0.732441 0.173101 0.73172 0.159853 0.769817 0.146058 0.761337 0.159067 0.761067 0.146091 0.761337 0.159067 0.750663 0.146212 0.761067 0.146091 0.750663 0.146212 0.740615 0.159565 0.740182 0.146387 0.740615 0.159565 0.731249 0.146539 0.740182 0.146387 0.768769 0.01631295 0.759583 0.005192995 0.767415 0.003816962 0.759583 0.005192995 0.751014 0.01696699 0.751008 0.005845963 0.751014 0.01696699 0.742643 0.005388975 0.751008 0.005845963 0.742643 0.005388975 0.733691 0.01575398 0.735364 0.004045963 0.770225 0.171801 0.762065 0.184453 0.76168 0.171889 0.762065 0.184453 0.751524 0.172166 0.76168 0.171889 0.751524 0.172166 0.742174 0.185446 0.741254 0.172621 0.742174 0.185446 0.732441 0.173101 0.741254 0.172621 0.769511 0.04169595 0.760868 0.05449295 0.760894 0.041664 0.760868 0.05449295 0.750755 0.04151999 0.760894 0.041664 0.750755 0.04151999 0.740296 0.05404394 0.740637 0.04119896 0.740296 0.05404394 0.732057 0.04077196 0.740637 0.04119896 0.769511 0.04169595 0.760815 0.02905297 0.769302 0.02893298 0.760894 0.041664 0.750915 0.02899897 0.760815 0.02905297 0.750915 0.02899897 0.740637 0.04119896 0.741077 0.02863395 0.741077 0.02863395 0.732057 0.04077196 0.732724 0.02807998 0.76958 0.119957 0.760876 0.133025 0.760758 0.119908 0.760758 0.119908 0.750422 0.133074 0.750281 0.119894 0.750422 0.133074 0.739752 0.119889 0.750281 0.119894 0.739905 0.133149 0.730807 0.119858 0.739752 0.119889 0.769529 0.09374195 0.760704 0.10677 0.760703 0.09363299 0.760704 0.10677 0.750237 0.09352195 0.760703 0.09363299 0.750237 0.09352195 0.739701 0.106628 0.739736 0.09338897 0.739701 0.106628 0.730827 0.09323 0.739736 0.09338897 0.768769 0.01631295 0.776192 0.02872699 0.769302 0.02893298 0.7929 0.01479995 0.794524 0.001551985 0.794899 0.01473397 0.08172398 0.763545 0.07186895 0.753781 0.07337296 0.752226 0.07982796 0.764639 0.07037895 0.755313 0.07186895 0.753781 0.07787197 0.765621 0.06888097 0.756839 0.07037895 0.755313 0.793372 0.02795594 0.794899 0.01473397 0.795378 0.02789294 0.07337296 0.752226 0.060992 0.746203 0.06190598 0.74425 0.060992 0.746203 0.07037895 0.755313 0.06007897 0.748143 0.07037895 0.755313 0.05916196 0.750076 0.06007897 0.748143 0.793769 0.197152 0.795658 0.210175 0.793654 0.210237 0.08172398 0.802936 0.07135897 0.812445 0.07987797 0.801766 0.07987797 0.801766 0.069898 0.810834 0.07792598 0.800676 0.07792598 0.800676 0.06843596 0.809223 0.07593995 0.799653 0.793925 0.18433 0.795739 0.19717 0.793769 0.197152 0.07282096 0.814055 0.060054 0.819695 0.07135897 0.812445 0.060054 0.819695 0.069898 0.810834 0.07135897 0.812445 0.069898 0.810834 0.05834496 0.815711 0.06843596 0.809223 0.793925 0.18433 0.795942 0.1715289 0.795879 0.184345 0.04719299 0.825041 0.060054 0.819695 0.06092196 0.821697 0.060054 0.819695 0.04686498 0.820706 0.05919599 0.817702 0.04686498 0.820706 0.05834496 0.815711 0.05919599 0.817702 0.793984 0.171525 0.795947 0.1586599 0.795942 0.1715289 0.03313797 0.823724 0.04702597 0.822868 0.04719299 0.825041 0.03368896 0.821617 0.04686498 0.820706 0.04702597 0.822868 0.03424096 0.819523 0.04670995 0.818549 0.04686498 0.820706 0.793952 0.145736 0.795947 0.1586599 0.79398 0.158663 0.03313797 0.823724 0.021501 0.816089 0.03368896 0.821617 0.03368896 0.821617 0.02270597 0.814292 0.03424096 0.819523 0.03424096 0.819523 0.02391195 0.812502 0.03479796 0.817436 0.793924 0.132754 0.795927 0.145732 0.793952 0.145736 0.02029496 0.817899 0.01179498 0.806896 0.021501 0.816089 0.01179498 0.806896 0.02270597 0.814292 0.021501 0.816089 0.02270597 0.814292 0.01524096 0.804294 0.02391195 0.812502 0.793924 0.132754 0.795898 0.119728 0.795907 0.132751 0.003562986 0.795729 0.01179498 0.806896 0.01006495 0.808212 0.01179498 0.806896 0.007677972 0.79438 0.01351797 0.805591 0.007677972 0.79438 0.01524096 0.804294 0.01351797 0.805591 0.79391 0.119729 0.795906 0.106673 0.795898 0.119728 0.00149095 0.781822 0.005624949 0.79505 0.003562986 0.795729 0.003659963 0.781853 0.007677972 0.79438 0.005624949 0.79505 0.005816996 0.781889 0.009727001 0.793716 0.007677972 0.79438 0.79393 0.09358996 0.795906 0.106673 0.793913 0.106672 0.00149095 0.781822 0.006105959 0.768749 0.003659963 0.781853 0.003659963 0.781853 0.00813198 0.769487 0.005816996 0.781889 0.005816996 0.781889 0.01014995 0.770227 0.007968962 0.78193 0.793947 0.08048796 0.795927 0.09359198 0.79393 0.09358996 0.00406897 0.768013 0.01268798 0.757173 0.006105959 0.768749 0.01268798 0.757173 0.00813198 0.769487 0.006105959 0.768749 0.00813198 0.769487 0.01602494 0.759887 0.01014995 0.770227 0.793947 0.08048796 0.795944 0.06736397 0.795947 0.08048796 0.02152895 0.746554 0.01268798 0.757173 0.01100397 0.755814 0.01268798 0.757173 0.02381396 0.750212 0.01435995 0.758529 0.02381396 0.750212 0.01602494 0.759887 0.01435995 0.758529 0.793942 0.06736999 0.795881 0.05422097 0.795944 0.06736397 0.03448694 0.74124 0.022677 0.748386 0.02152895 0.746554 0.03497296 0.743345 0.02381396 0.750212 0.022677 0.748386 0.03545194 0.74544 0.02494299 0.752037 0.02381396 0.750212 0.793703 0.04110097 0.795881 0.05422097 0.793877 0.05423998 0.03448694 0.74124 0.04822897 0.742592 0.03497296 0.743345 0.03497296 0.743345 0.04799795 0.744727 0.03545194 0.74544 0.03545194 0.74544 0.04776197 0.746855 0.03592395 0.747531 0.793372 0.02795594 0.795709 0.04106199 0.793703 0.04110097 0.04845595 0.740446 0.060992 0.746203 0.04822897 0.742592 0.060992 0.746203 0.04799795 0.744727 0.04822897 0.742592 0.04799795 0.744727 0.05916196 0.750076 0.04776197 0.746855 0.07588797 0.766538 0.06629896 0.759453 0.06888097 0.756839 0.612449 0.739633 0.621884 0.734779 0.612552 0.739787 0.612552 0.739787 0.621942 0.734959 0.612652 0.739938 0.604569 0.746035 0.612552 0.739787 0.604693 0.746166 0.612552 0.739787 0.604816 0.746296 0.604693 0.746166 0.613204 0.852939 0.621974 0.857127 0.621908 0.857289 0.613292 0.852796 0.622023 0.856956 0.621974 0.857127 0.605776 0.84738 0.613292 0.852796 0.613204 0.852939 0.613292 0.852796 0.605992 0.847131 0.61338 0.852652 0.605776 0.84738 0.599424 0.840795 0.605884 0.847255 0.599424 0.840795 0.605992 0.847131 0.605884 0.847255 0.5993 0.840903 0.593905 0.833513 0.599424 0.840795 0.599424 0.840795 0.594041 0.833424 0.599547 0.840688 0.589257 0.825571 0.593905 0.833513 0.593767 0.833604 0.589407 0.8255 0.594041 0.833424 0.593905 0.833513 0.585869 0.816929 0.589407 0.8255 0.589257 0.825571 0.589407 0.8255 0.586187 0.816829 0.589555 0.82543 0.585869 0.816929 0.583858 0.807798 0.586029 0.816878 0.583858 0.807798 0.586187 0.816829 0.586029 0.816878 0.583692 0.807826 0.582959 0.798428 0.583858 0.807798 0.583858 0.807798 0.583127 0.798424 0.584023 0.807771 0.583198 0.788926 0.582959 0.798428 0.582788 0.798433 0.583369 0.788945 0.583127 0.798424 0.582959 0.798428 0.584935 0.779491 0.583369 0.788945 0.583198 0.788926 0.583369 0.788945 0.585269 0.779576 0.583538 0.788965 0.584935 0.779491 0.588148 0.770376 0.585103 0.779534 0.588148 0.770376 0.585269 0.779576 0.585103 0.779534 0.587986 0.77031 0.592465 0.761651 0.588148 0.770376 0.588148 0.770376 0.592615 0.761739 0.588307 0.770442 0.597857 0.753416 0.592465 0.761651 0.592312 0.761562 0.597997 0.753526 0.592615 0.761739 0.592465 0.761651 0.604569 0.746035 0.597997 0.753526 0.597857 0.753416 0.597997 0.753526 0.604816 0.746296 0.598135 0.753636 0.621942 0.734959 0.613539 0.741289 0.612652 0.739938 0.312787 0.005575954 0.319368 0.00199598 0.31938 0.005336999 0.325983 0.00553596 0.319368 0.00199598 0.33042 0.001741945 0.312789 0.314849 0.319404 0.318389 0.308351 0.318643 0.325986 0.314809 0.319404 0.318389 0.319392 0.315048 0.312789 0.314849 0.308356 0.001824975 0.312787 0.005575954 0.325983 0.00553596 0.330418 0.31856 0.325986 0.314809 0.334851 0.005492985 0.341432 0.001911997 0.341444 0.00525397 0.348047 0.005451977 0.341432 0.001911997 0.352484 0.001657962 0.334855 0.314766 0.34147 0.318306 0.330418 0.31856 0.348052 0.314725 0.34147 0.318306 0.341458 0.314964 0.348047 0.005451977 0.352484 0.318476 0.348052 0.314725 0.334855 0.314766 0.33042 0.001741945 0.334851 0.005492985 0.356915 0.005408942 0.363497 0.001828968 0.363509 0.005169987 0.370113 0.005368947 0.363497 0.001828968 0.37455 0.001574993 0.35692 0.314683 0.363535 0.318223 0.352484 0.318476 0.370116 0.314642 0.363535 0.318223 0.363523 0.314881 0.35692 0.314683 0.352484 0.001657962 0.356915 0.005408942 0.370113 0.005368947 0.374548 0.318393 0.370116 0.314642 0.392177 0.005284965 0.385562 0.001744985 0.396614 0.00149095 0.378981 0.005325973 0.385562 0.001744985 0.385574 0.005086958 0.392182 0.314558 0.3856 0.318139 0.385588 0.314797 0.378985 0.314599 0.3856 0.318139 0.374548 0.318393 0.392177 0.005284965 0.396614 0.318309 0.392182 0.314558 0.378985 0.314599 0.37455 0.001574993 0.378981 0.005325973 0.224527 0.005908966 0.231108 0.002328991 0.23112 0.005670964 0.2377229 0.005868971 0.231108 0.002328991 0.242159 0.002074956 0.224528 0.315183 0.231144 0.318723 0.220091 0.318977 0.237726 0.315142 0.231144 0.318723 0.231132 0.315381 0.224528 0.315183 0.220095 0.002158999 0.224527 0.005908966 0.2377229 0.005868971 0.242157 0.318893 0.237726 0.315142 0.246591 0.005825996 0.253172 0.002245962 0.253184 0.005586981 0.259787 0.005785942 0.253172 0.002245962 0.264223 0.001991987 0.246594 0.315099 0.25321 0.31864 0.242157 0.318893 0.259792 0.315059 0.25321 0.31864 0.253198 0.315298 0.259787 0.005785942 0.264223 0.31881 0.259792 0.315059 0.246594 0.315099 0.242159 0.002074956 0.246591 0.005825996 0.268655 0.005742967 0.275237 0.002161979 0.275249 0.005503952 0.281852 0.005702972 0.275237 0.002161979 0.286289 0.001908957 0.26866 0.315016 0.275275 0.318556 0.264223 0.31881 0.281856 0.314976 0.275275 0.318556 0.275263 0.315215 0.26866 0.315016 0.264223 0.001991987 0.268655 0.005742967 0.281852 0.005702972 0.286287 0.318726 0.281856 0.314976 0.290721 0.005659997 0.297303 0.00207895 0.297315 0.005420982 0.303919 0.005618989 0.297303 0.00207895 0.308356 0.001824975 0.290724 0.314933 0.297339 0.318473 0.286287 0.318726 0.30392 0.314892 0.297339 0.318473 0.297327 0.315131 0.290724 0.314933 0.286289 0.001908957 0.290721 0.005659997 0.303919 0.005618989 0.308351 0.318643 0.30392 0.314892 0.891371 0.505996 0.896268 0.2390159 0.896269 0.505996 0.95321 0.93025 0.686231 0.925352 0.95321 0.925353 0.89338 0.510291 0.888482 0.77727 0.888483 0.510291 0.95321 0.935147 0.686231 0.93025 0.95321 0.93025 0.932676 0.77727 0.937573 0.510291 0.937573 0.77727 0.898277 0.510291 0.89338 0.77727 0.89338 0.510291 0.915477 0.510291 0.910579 0.77727 0.910579 0.510291 0.937573 0.77727 0.942471 0.510291 0.94247 0.77727 0.920374 0.510291 0.915476 0.77727 0.915477 0.510291 0.871283 0.77727 0.87618 0.510291 0.87618 0.77727 0.874214 0.505692 0.87909 0.2398779 0.87909 0.505692 0.866386 0.77727 0.871283 0.510291 0.871283 0.77727 0.868564 0.501757 0.874214 0.2398779 0.874214 0.505692 0.918365 0.2390159 0.913468 0.505996 0.913468 0.2390159 0.896269 0.505996 0.901166 0.2390159 0.901166 0.505996 0.923263 0.2390159 0.918365 0.505996 0.918365 0.2390159 0.94713 0.77723 0.942471 0.510291 0.94713 0.510251 0.867196 0.502274 0.874214 0.505692 0.873822 0.506652 0.883823 0.51033 0.888482 0.77727 0.883823 0.77731 0.891373 0.23836 0.896268 0.2390159 0.891371 0.2390159 0.879088 0.239225 0.874214 0.2398779 0.874085 0.239237 0.902937 0.77723 0.898277 0.510291 0.902937 0.510251 0.886712 0.239056 0.891371 0.505996 0.886712 0.506036 0.86781 0.239059 0.874214 0.2398779 0.867813 0.239916 0.910581 0.509635 0.915477 0.510291 0.910579 0.510291 0.905825 0.505956 0.901166 0.2390159 0.905825 0.238976 0.883729 0.505657 0.87909 0.2398779 0.883729 0.239843 0.920372 0.509635 0.915477 0.510291 0.915347 0.509648 0.953866 0.925354 0.95321 0.93025 0.95321 0.925353 0.861726 0.240033 0.868564 0.501757 0.867196 0.502274 0.910581 0.777926 0.915476 0.77727 0.915606 0.777913 0.953866 0.935145 0.95321 0.93025 0.953853 0.93012 0.91347 0.23836 0.918365 0.2390159 0.913468 0.2390159 0.920372 0.777926 0.915476 0.77727 0.920374 0.77727 0.685575 0.925354 0.686231 0.93025 0.685588 0.930379 0.923261 0.23836 0.918365 0.2390159 0.918236 0.238373 0.90592 0.51033 0.910579 0.77727 0.90592 0.77731 0.876179 0.777926 0.871283 0.77727 0.87618 0.77727 0.685575 0.935145 0.686231 0.93025 0.686231 0.935147 0.913469 0.506652 0.918365 0.505996 0.918495 0.506639 0.925033 0.77723 0.920374 0.510291 0.925033 0.510251 0.866388 0.777926 0.871283 0.77727 0.871413 0.777913 0.95317 0.920693 0.686231 0.925352 0.686191 0.920693 0.932678 0.777926 0.937573 0.77727 0.937703 0.777913 0.923261 0.506652 0.918365 0.505996 0.923263 0.505996 0.876179 0.509635 0.871283 0.510291 0.871153 0.509648 0.68627 0.939807 0.95321 0.935147 0.95325 0.939807 0.942469 0.777926 0.937573 0.77727 0.94247 0.77727 0.914983 0.865678 0.923151 0.856241 0.915312 0.866027 0.923151 0.856241 0.915596 0.866412 0.915312 0.866027 0.915596 0.866412 0.924001 0.856754 0.915878 0.866799 0.924001 0.856754 0.916186 0.867163 0.915878 0.866799 0.90448 0.872125 0.915312 0.866027 0.904675 0.872569 0.915312 0.866027 0.904816 0.873033 0.904675 0.872569 0.915596 0.866412 0.904954 0.873498 0.904816 0.873033 0.904954 0.873498 0.916186 0.867163 0.905125 0.873951 0.915424 0.799656 0.923151 0.809175 0.922716 0.809387 0.923151 0.809175 0.916081 0.798987 0.92358 0.808949 0.916081 0.798987 0.923994 0.808702 0.92358 0.808949 0.923994 0.808702 0.916759 0.798337 0.924388 0.808427 0.90529 0.792992 0.915733 0.799302 0.915424 0.799656 0.915733 0.799302 0.905692 0.792128 0.916081 0.798987 0.916081 0.798987 0.905922 0.791708 0.91643 0.798675 0.905922 0.791708 0.916759 0.798337 0.91643 0.798675 0.90529 0.792992 0.89336 0.789607 0.905465 0.792548 0.89336 0.789607 0.905692 0.792128 0.905465 0.792548 0.893433 0.789126 0.905922 0.791708 0.905692 0.792128 0.905922 0.791708 0.893552 0.78816 0.906121 0.791274 0.893345 0.790092 0.880701 0.790945 0.89336 0.789607 0.880701 0.790945 0.893433 0.789126 0.89336 0.789607 0.893433 0.789126 0.880512 0.789962 0.89351 0.788644 0.880512 0.789962 0.893552 0.78816 0.89351 0.788644 0.86924 0.797043 0.880701 0.790945 0.880854 0.79142 0.880701 0.790945 0.868674 0.796196 0.880605 0.790454 0.868674 0.796196 0.880512 0.789962 0.880605 0.790454 0.880512 0.789962 0.868132 0.79533 0.880386 0.789479 0.859843 0.806322 0.868932 0.796637 0.86924 0.797043 0.868932 0.796637 0.859021 0.805685 0.868674 0.796196 0.868674 0.796196 0.85863 0.805338 0.868418 0.795753 0.85863 0.805338 0.868132 0.79533 0.868418 0.795753 0.859843 0.806322 0.853171 0.818119 0.859413 0.806028 0.853171 0.818119 0.859021 0.805685 0.859413 0.806028 0.852686 0.81791 0.85863 0.805338 0.859021 0.805685 0.85863 0.805338 0.851705 0.81752 0.858218 0.805022 0.853677 0.818269 0.850867 0.831665 0.853171 0.818119 0.850867 0.831665 0.852686 0.81791 0.853171 0.818119 0.852686 0.81791 0.84981 0.831555 0.852201 0.817697 0.84981 0.831555 0.851705 0.81752 0.852201 0.817697 0.85325 0.845121 0.850867 0.831665 0.851398 0.831655 0.850867 0.831665 0.85223 0.845398 0.850339 0.831611 0.85223 0.845398 0.84981 0.831555 0.850339 0.831611 0.84981 0.831555 0.851202 0.845646 0.849281 0.831536 0.859049 0.857297 0.852748 0.84529 0.85325 0.845121 0.852748 0.84529 0.858174 0.857867 0.85223 0.845398 0.85223 0.845398 0.857717 0.858124 0.85171 0.845504 0.857717 0.858124 0.851202 0.845646 0.85171 0.845504 0.859049 0.857297 0.867903 0.86734 0.858629 0.857608 0.867903 0.86734 0.858174 0.857867 0.858629 0.857608 0.86756 0.867723 0.857717 0.858124 0.858174 0.857867 0.857717 0.858124 0.866898 0.868509 0.857282 0.858412 0.868198 0.866919 0.879583 0.873435 0.867903 0.86734 0.879583 0.873435 0.86756 0.867723 0.867903 0.86734 0.86756 0.867723 0.879194 0.874367 0.867214 0.868105 0.879194 0.874367 0.866898 0.868509 0.867214 0.868105 0.892291 0.874684 0.879583 0.873435 0.879719 0.872949 0.879583 0.873435 0.892301 0.875666 0.87939 0.873901 0.892301 0.875666 0.879194 0.874367 0.87939 0.873901 0.879194 0.874367 0.892283 0.87665 0.879032 0.874844 0.90448 0.872125 0.892326 0.875175 0.892291 0.874684 0.892326 0.875175 0.904816 0.873033 0.892301 0.875666 0.892301 0.875666 0.904954 0.873498 0.892274 0.876159 0.904954 0.873498 0.892283 0.87665 0.892274 0.876159 0.833447 0.01972997 0.841127 0.008323967 0.833892 0.01997995 0.841127 0.008323967 0.834332 0.02022796 0.833892 0.01997995 0.575688 0.166224 0.588433 0.163098 0.575913 0.166674 0.588433 0.163098 0.576137 0.167124 0.575913 0.166674 0.833447 0.01972997 0.827831 0.03191494 0.827372 0.03170394 0.827831 0.03191494 0.834332 0.02022796 0.828288 0.03212696 0.565202 0.174157 0.575913 0.166674 0.565575 0.174495 0.575913 0.166674 0.565947 0.174834 0.565575 0.174495 0.833864 0.193575 0.841148 0.2041659 0.84075 0.204441 0.841148 0.2041659 0.834689 0.1930969 0.841532 0.203858 0.613468 0.169292 0.601371 0.163812 0.601521 0.163327 0.601371 0.163812 0.612855 0.170104 0.601234 0.164308 0.833864 0.193575 0.828431 0.182208 0.834275 0.193336 0.828431 0.182208 0.834689 0.1930969 0.834275 0.193336 0.622415 0.179111 0.613162 0.1696979 0.613468 0.169292 0.613162 0.1696979 0.621551 0.179647 0.612855 0.170104 0.822957 0.1708469 0.828431 0.182208 0.828003 0.1824139 0.828431 0.182208 0.823844 0.170497 0.828859 0.182003 0.622415 0.179111 0.626709 0.191582 0.621983 0.179379 0.626709 0.191582 0.621551 0.179647 0.621983 0.179379 0.822957 0.1708469 0.819203 0.158748 0.823401 0.170671 0.819203 0.158748 0.823844 0.170497 0.823401 0.170671 0.627208 0.191488 0.626709 0.204657 0.626709 0.191582 0.626709 0.204657 0.62621 0.191675 0.626709 0.191582 0.815402 0.146597 0.819203 0.158748 0.818745 0.158891 0.819203 0.158748 0.816339 0.1463789 0.819659 0.1586059 0.622422 0.2171069 0.626709 0.204657 0.627208 0.20475 0.626709 0.204657 0.62156 0.216574 0.626211 0.204564 0.815402 0.146597 0.813435 0.133952 0.815871 0.1464869 0.813435 0.133952 0.816339 0.1463789 0.815871 0.1464869 0.613503 0.226894 0.621991 0.216841 0.622422 0.2171069 0.621991 0.216841 0.612892 0.226085 0.62156 0.216574 0.811431 0.121249 0.813435 0.133952 0.812956 0.134028 0.813435 0.133952 0.8124 0.121169 0.813912 0.1338779 0.613503 0.226894 0.601522 0.232307 0.613198 0.22649 0.601522 0.232307 0.612892 0.226085 0.613198 0.22649 0.811431 0.121249 0.811333 0.108323 0.811916 0.121208 0.811333 0.108323 0.8124 0.121169 0.811916 0.121208 0.601662 0.232794 0.588544 0.233514 0.601522 0.232307 0.588544 0.233514 0.601384 0.23182 0.601522 0.232307 0.811207 0.09533196 0.811333 0.108323 0.810844 0.108327 0.811333 0.108323 0.812188 0.09539496 0.811821 0.108319 0.575792 0.230408 0.588544 0.233514 0.588499 0.234018 0.588544 0.233514 0.576242 0.229503 0.588591 0.233011 0.811207 0.09533196 0.813019 0.08239996 0.811698 0.09536296 0.813019 0.08239996 0.812188 0.09539496 0.811698 0.09536296 0.565254 0.222459 0.576016 0.229955 0.575792 0.230408 0.576016 0.229955 0.566 0.221778 0.576242 0.229503 0.814813 0.06939995 0.813019 0.08239996 0.812529 0.08233296 0.813019 0.08239996 0.815783 0.06960898 0.813507 0.08246898 0.565254 0.222459 0.558775 0.211066 0.565627 0.222118 0.558775 0.211066 0.566 0.221778 0.565627 0.222118 0.814813 0.06939995 0.818533 0.05674499 0.815299 0.06950396 0.818533 0.05674499 0.815783 0.06960898 0.815299 0.06950396 0.558304 0.2112489 0.556379 0.1982949 0.558775 0.211066 0.556379 0.1982949 0.559245 0.210883 0.558775 0.211066 0.822244 0.04401797 0.818533 0.05674499 0.818054 0.05660498 0.818533 0.05674499 0.823183 0.04436999 0.819011 0.05688595 0.558285 0.18535 0.556379 0.1982949 0.555874 0.198296 0.556379 0.1982949 0.559225 0.185712 0.556883 0.1982949 0.822244 0.04401797 0.827831 0.03191494 0.822714 0.04419398 0.827831 0.03191494 0.823183 0.04436999 0.822714 0.04419398 0.565202 0.174157 0.558755 0.185531 0.558285 0.18535 0.558755 0.185531 0.565947 0.174834 0.559225 0.185712 0.829747 0.00149095 0.833447 0.01972997 0.822554 0.01387697 0.675788 0.689924 0.667184 0.696685 0.666547 0.695804 0.676363 0.690878 0.667905 0.697686 0.667184 0.696685 0.667905 0.697686 0.677492 0.692977 0.668535 0.698566 0.666547 0.695804 0.65897 0.703395 0.658231 0.702607 0.65897 0.703395 0.667905 0.697686 0.659808 0.70429 0.659808 0.70429 0.668535 0.698566 0.660542 0.705075 0.674584 0.834235 0.6659 0.826739 0.675233 0.833268 0.675233 0.833268 0.666697 0.825721 0.675938 0.832137 0.666697 0.825721 0.676525 0.831123 0.675938 0.832137 0.665196 0.827633 0.657594 0.819367 0.6659 0.826739 0.657594 0.819367 0.666697 0.825721 0.6659 0.826739 0.666697 0.825721 0.659299 0.817673 0.667397 0.824825 0.64948 0.811727 0.657594 0.819367 0.656792 0.820162 0.657594 0.819367 0.651387 0.810278 0.658503 0.818465 0.658503 0.818465 0.652275 0.809604 0.659299 0.817673 0.643384 0.802444 0.650374 0.811048 0.64948 0.811727 0.644356 0.801893 0.651387 0.810278 0.650374 0.811048 0.651387 0.810278 0.646423 0.80072 0.652275 0.809604 0.643384 0.802444 0.639631 0.792059 0.644356 0.801893 0.644356 0.801893 0.640801 0.791588 0.645458 0.801268 0.640801 0.791588 0.646423 0.80072 0.645458 0.801268 0.638599 0.792474 0.636268 0.781725 0.639631 0.792059 0.636268 0.781725 0.640801 0.791588 0.639631 0.792059 0.640801 0.791588 0.638553 0.781143 0.641827 0.791175 0.633217 0.771205 0.636268 0.781725 0.635194 0.781999 0.636268 0.781725 0.635557 0.770931 0.637486 0.781415 0.635557 0.770931 0.638553 0.781143 0.637486 0.781415 0.632691 0.760286 0.634313 0.771077 0.633217 0.771205 0.633791 0.760305 0.635557 0.770931 0.634313 0.771077 0.635557 0.770931 0.636131 0.760344 0.636646 0.770804 0.632691 0.760286 0.634699 0.7496 0.633791 0.760305 0.633791 0.760305 0.635927 0.749785 0.635038 0.760325 0.635927 0.749785 0.636131 0.760344 0.635038 0.760325 0.633616 0.749436 0.63701 0.73915 0.634699 0.7496 0.63701 0.73915 0.635927 0.749785 0.634699 0.7496 0.635927 0.749785 0.63924 0.739798 0.637004 0.749948 0.639679 0.728699 0.63701 0.73915 0.635962 0.738845 0.63701 0.73915 0.641801 0.729637 0.638199 0.739495 0.641801 0.729637 0.63924 0.739798 0.638199 0.739495 0.644693 0.719173 0.640674 0.729139 0.639679 0.728699 0.645616 0.719739 0.641801 0.729637 0.640674 0.729139 0.641801 0.729637 0.647581 0.720943 0.642789 0.730074 0.644693 0.719173 0.651748 0.711112 0.645616 0.719739 0.645616 0.719739 0.652698 0.711886 0.646664 0.720381 0.652698 0.711886 0.647581 0.720943 0.646664 0.720381 0.65091 0.710429 0.65897 0.703395 0.651748 0.711112 0.65897 0.703395 0.652698 0.711886 0.651748 0.711112 0.652698 0.711886 0.660542 0.705075 0.65353 0.712564 0.668535 0.698566 0.682592 0.704233 0.675333 0.708474 0.461092 0.627709 0.46419 0.632134 0.461232 0.632145 0.461146 0.636563 0.46419 0.632134 0.46429 0.639985 0.226319 0.628055 0.223134 0.632622 0.223087 0.6244 0.22633 0.637176 0.223134 0.632622 0.226194 0.632617 0.461092 0.627709 0.223087 0.6244 0.464279 0.624116 0.461146 0.636563 0.223119 0.640849 0.22633 0.637176 0.461112 0.643585 0.464218 0.648001 0.461262 0.648019 0.461187 0.652435 0.464218 0.648001 0.464334 0.655841 0.226371 0.644505 0.2231889 0.649093 0.223119 0.640849 0.226424 0.653653 0.2231889 0.649093 0.226263 0.649077 0.461112 0.643585 0.223119 0.640849 0.46429 0.639985 0.461187 0.652435 0.223222 0.657353 0.226424 0.653653 0.461166 0.65945 0.464281 0.663857 0.461326 0.663882 0.461262 0.668295 0.464281 0.663857 0.464414 0.67169 0.226639 0.661045 0.223536 0.665682 0.223222 0.657353 0.2268829 0.670208 0.223536 0.665682 0.22662 0.665612 0.461166 0.65945 0.223222 0.657353 0.464334 0.655841 0.461262 0.668295 0.223688 0.673979 0.2268829 0.670208 0.461334 0.684226 0.464401 0.679739 0.464595 0.687801 0.461245 0.675323 0.464401 0.679739 0.461415 0.679771 0.228406 0.686539 0.224476 0.682428 0.227607 0.682047 0.2272869 0.677566 0.224476 0.682428 0.223688 0.673979 0.461334 0.684226 0.225911 0.690074 0.228406 0.686539 0.461245 0.675323 0.223688 0.673979 0.464414 0.67169 0.461373 0.564187 0.464436 0.568642 0.461475 0.568626 0.461348 0.573048 0.464436 0.568642 0.464465 0.576505 0.2282 0.562572 0.224358 0.566645 0.225717 0.559115 0.227144 0.571415 0.224358 0.566645 0.227439 0.567003 0.461348 0.573048 0.223643 0.574945 0.227144 0.571415 0.461373 0.564187 0.225717 0.559115 0.464595 0.560614 0.461254 0.580074 0.464321 0.58452 0.461363 0.58451 0.461246 0.588928 0.464321 0.58452 0.464367 0.592375 0.22674 0.578645 0.223359 0.583165 0.223643 0.574945 0.22649 0.587806 0.223359 0.583165 0.226459 0.583239 0.461254 0.580074 0.223643 0.574945 0.464465 0.576505 0.461246 0.588928 0.223187 0.591465 0.22649 0.587806 0.461164 0.595953 0.464241 0.600392 0.461283 0.600389 0.461176 0.604807 0.464241 0.600392 0.464305 0.608245 0.2263939 0.595151 0.223159 0.599711 0.223187 0.591465 0.226334 0.60429 0.223159 0.599711 0.22623 0.599726 0.461164 0.595953 0.223187 0.591465 0.464367 0.592375 0.461176 0.604807 0.223096 0.607951 0.226334 0.60429 0.46111 0.611831 0.464197 0.616263 0.461239 0.616267 0.461143 0.620686 0.464197 0.616263 0.464279 0.624116 0.226319 0.611616 0.223122 0.616177 0.223096 0.607951 0.226306 0.620736 0.223122 0.616177 0.226182 0.616179 0.461143 0.620686 0.223087 0.6244 0.226306 0.620736 0.46111 0.611831 0.223096 0.607951 0.464305 0.608245 0.970186 0.002620995 0.96664 0.205741 0.96664 0.002614974 0.958711 0.239497 0.955165 0.442667 0.955165 0.239491 0.973731 0.002627968 0.970186 0.205748 0.970186 0.002620995 0.935852 0.002621948 0.932306 0.205792 0.932306 0.002614974 0.937997 0.442667 0.941544 0.239497 0.941544 0.442674 0.939398 0.002627968 0.935852 0.205798 0.935852 0.002621948 0.934451 0.442661 0.937997 0.239491 0.937997 0.442667 0.901707 0.002907991 0.898058 0.1987749 0.897147 0.002935945 0.95302 0.002621948 0.949473 0.205792 0.949473 0.002614974 0.905175 0.002905964 0.902034 0.20161 0.901707 0.002907991 0.915138 0.205792 0.918684 0.002621948 0.918684 0.205799 0.956566 0.002627968 0.95302 0.205799 0.95302 0.002621948 0.957205 0.713942 0.960752 0.510772 0.960752 0.713948 0.918684 0.205799 0.922231 0.002627968 0.922231 0.205805 0.953659 0.713935 0.957205 0.510765 0.957205 0.713942 0.955165 0.239491 0.951619 0.442661 0.951619 0.239484 0.89555 0.199784 0.902034 0.20161 0.901279 0.203503 0.939394 0.001504957 0.935852 0.002621948 0.935628 0.001520991 0.950113 0.510786 0.953659 0.713935 0.950113 0.713963 0.951628 0.23836 0.955165 0.239491 0.951619 0.239484 0.908609 0.199642 0.902034 0.20161 0.906038 0.198665 0.93231 0.206915 0.935852 0.205798 0.936076 0.206899 0.964298 0.71392 0.960752 0.510772 0.964298 0.510743 0.958707 0.2383739 0.955165 0.239491 0.954941 0.23839 0.89259 0.003023982 0.898058 0.1987749 0.89555 0.199784 0.915143 0.206915 0.918684 0.205799 0.918908 0.206899 0.939389 0.206929 0.935852 0.205798 0.939398 0.205805 0.951623 0.443784 0.955165 0.442667 0.955389 0.443768 0.908609 0.199642 0.905175 0.002905964 0.908609 0.00288397 0.922222 0.206929 0.918684 0.205799 0.922231 0.205805 0.92876 0.002642989 0.932306 0.205792 0.92876 0.20582 0.949482 0.00149095 0.95302 0.002621948 0.949473 0.002614974 0.958702 0.443797 0.955165 0.442667 0.958711 0.442674 0.915147 0.00149095 0.918684 0.002621948 0.915138 0.002614974 0.942944 0.205777 0.939398 0.002627968 0.942944 0.002599954 0.956561 0.001504957 0.95302 0.002621948 0.952796 0.001520991 0.962257 0.442646 0.958711 0.239497 0.962257 0.239469 0.941535 0.443797 0.937997 0.442667 0.941544 0.442674 0.922226 0.001504957 0.918684 0.002621948 0.918461 0.001520991 0.949478 0.206915 0.95302 0.205799 0.953243 0.206899 0.948073 0.239512 0.951619 0.442661 0.948073 0.442689 0.934456 0.443784 0.937997 0.442667 0.938221 0.443768 0.911592 0.002642989 0.915138 0.205792 0.911592 0.20582 0.966649 0.00149095 0.970186 0.002620995 0.96664 0.002614974 0.956557 0.206929 0.95302 0.205799 0.956566 0.205805 0.941539 0.2383739 0.937997 0.239491 0.937773 0.23839 0.925777 0.205777 0.922231 0.002627968 0.925777 0.002599954 0.973726 0.001504957 0.970186 0.002620995 0.969962 0.001520991 0.224201 0.690826 0.222092 0.68271 0.222461 0.682657 0.223856 0.690973 0.221724 0.682765 0.222092 0.68271 0.221724 0.682765 0.223151 0.691196 0.2213619 0.682819 0.222461 0.682657 0.221334 0.67412 0.221706 0.674097 0.222092 0.68271 0.220961 0.674144 0.221334 0.67412 0.220961 0.674144 0.2213619 0.682819 0.220594 0.674166 0.224133 0.55845 0.222095 0.566314 0.223803 0.558309 0.223803 0.558309 0.221738 0.566261 0.223464 0.558185 0.221738 0.566261 0.223115 0.558091 0.223464 0.558185 0.222452 0.566367 0.221323 0.574736 0.222095 0.566314 0.222095 0.566314 0.220956 0.574712 0.221738 0.566261 0.220956 0.574712 0.221381 0.566208 0.221738 0.566261 0.2214 0.583084 0.221323 0.574736 0.2216899 0.57476 0.221035 0.583074 0.220956 0.574712 0.221323 0.574736 0.220956 0.574712 0.22031 0.583055 0.220593 0.574689 0.221248 0.591405 0.221035 0.583074 0.2214 0.583084 0.220885 0.5914 0.22067 0.583064 0.221035 0.583074 0.22067 0.583064 0.220165 0.591393 0.22031 0.583055 0.221248 0.591405 0.220853 0.599665 0.220885 0.5914 0.220885 0.5914 0.220492 0.599663 0.220522 0.591396 0.220492 0.599663 0.220165 0.591393 0.220522 0.591396 0.221215 0.599667 0.2208099 0.607912 0.220853 0.599665 0.220853 0.599665 0.22045 0.607912 0.220492 0.599663 0.22045 0.607912 0.220136 0.599662 0.220492 0.599663 0.221185 0.616141 0.2208099 0.607912 0.221171 0.607914 0.220824 0.616141 0.22045 0.607912 0.2208099 0.607912 0.22045 0.607912 0.2201099 0.616141 0.220095 0.607911 0.221165 0.624367 0.220824 0.616141 0.221185 0.616141 0.220805 0.624367 0.220464 0.616141 0.220824 0.616141 0.220464 0.616141 0.220091 0.624368 0.2201099 0.616141 0.221165 0.624367 0.220836 0.63259 0.220805 0.624367 0.220805 0.624367 0.220476 0.632591 0.220445 0.624367 0.220476 0.632591 0.220091 0.624368 0.220445 0.624367 0.2211959 0.63259 0.220832 0.640822 0.220836 0.63259 0.220836 0.63259 0.220472 0.640823 0.220476 0.632591 0.220472 0.640823 0.220122 0.632591 0.220476 0.632591 0.221244 0.649067 0.220832 0.640822 0.221193 0.640821 0.2208819 0.649068 0.220472 0.640823 0.220832 0.640822 0.220472 0.640823 0.220165 0.649071 0.220117 0.640824 0.221278 0.657345 0.2208819 0.649068 0.221244 0.649067 0.220914 0.657348 0.22052 0.64907 0.2208819 0.649068 0.22052 0.64907 0.220192 0.657356 0.220165 0.649071 0.221278 0.657345 0.2210569 0.665702 0.220914 0.657348 0.220914 0.657348 0.22069 0.665711 0.22055 0.657352 0.22069 0.665711 0.220192 0.657356 0.22055 0.657352 0.2214249 0.665693 0.221334 0.67412 0.2210569 0.665702 0.2210569 0.665702 0.220961 0.674144 0.22069 0.665711 0.220961 0.674144 0.220329 0.66572 0.22069 0.665711 0.951329 0.911629 0.928016 0.903459 0.951329 0.903459 0.624343 0.513259 0.623073 0.518607 0.621613 0.515083 0.600674 0.523063 0.603894 0.518607 0.603894 0.522422 0.626293 0.517967 0.623073 0.522422 0.623073 0.518607 0.600674 0.517967 0.605354 0.515083 0.603894 0.518607 0.626293 0.523063 0.621613 0.525947 0.623073 0.522422 0.602624 0.513259 0.608051 0.512385 0.605354 0.515083 0.624343 0.527771 0.618915 0.528644 0.621613 0.525947 0.610935 0.507705 0.608051 0.512385 0.606227 0.509655 0.620739 0.531374 0.615391 0.530104 0.618915 0.528644 0.610935 0.507705 0.615391 0.510925 0.611576 0.510925 0.602624 0.527771 0.608051 0.528644 0.606227 0.531374 0.616031 0.533324 0.611576 0.530104 0.615391 0.530104 0.620739 0.509655 0.615391 0.510925 0.616031 0.507705 0.606227 0.531374 0.611576 0.530104 0.610935 0.533324 0.624343 0.513259 0.618915 0.512385 0.620739 0.509655 0.600674 0.523063 0.605354 0.525947 0.602624 0.527771 0.385647 0.371553 0.376274 0.367738 0.385647 0.367738 0.385647 0.344849 0.376274 0.341034 0.385647 0.341034 0.385647 0.382998 0.376274 0.379183 0.385647 0.379183 0.385647 0.375368 0.376274 0.371553 0.385647 0.371553 0.385647 0.348664 0.376274 0.344849 0.385647 0.344849 0.385647 0.379183 0.376274 0.375368 0.385647 0.375368 0.385647 0.352479 0.376274 0.348664 0.385647 0.348664 0.385647 0.325774 0.376274 0.32196 0.385647 0.32196 0.385647 0.356294 0.376274 0.352479 0.385647 0.352479 0.385647 0.329589 0.376274 0.325775 0.385647 0.325774 0.385647 0.360108 0.376274 0.356294 0.385647 0.356294 0.385647 0.333404 0.376274 0.329589 0.385647 0.329589 0.385647 0.363923 0.376274 0.360108 0.385647 0.360108 0.385647 0.337219 0.376274 0.333404 0.385647 0.333404 0.385647 0.367738 0.376274 0.363923 0.385647 0.363923 0.385647 0.341034 0.376274 0.337219 0.385647 0.337219 0.775944 0.641571 0.777404 0.64891 0.758225 0.645095 0.964456 0.97977 0.960152 0.975466 0.960152 0.943735 0.967853 0.939177 0.967853 0.980024 0.964456 0.97977 0.02718394 0.887355 0.02718394 0.846509 0.03058099 0.846762 0.03058099 0.846762 0.03488498 0.851066 0.03488498 0.882798 0.960152 0.975466 0.956849 0.975517 0.956849 0.943684 0.03488498 0.851066 0.03818798 0.851016 0.03818798 0.882848 0.03058099 0.927561 0.03488498 0.931865 0.03488498 0.963596 0.03488498 0.931865 0.03818798 0.931814 0.03818798 0.963647 0.551012 0.475167 0.519179 0.475167 0.519179 0.507 0.957614 0.835682 0.954312 0.835733 0.954312 0.8039 0.961918 0.839986 0.957614 0.835682 0.957614 0.803951 0.965316 0.799393 0.965316 0.84024 0.961918 0.839986 0.02718394 0.968154 0.02718394 0.927307 0.03058099 0.927561 0.965316 0.799393 0.96731 0.797916 0.96731 0.841718 0.02718394 0.968154 0.02518999 0.969632 0.02518999 0.925829 0.02418398 0.925147 0.02518999 0.925829 0.02518999 0.969632 0.968316 0.8424 0.96731 0.841718 0.96731 0.797916 0.02418398 0.844348 0.02518999 0.845031 0.02518999 0.888833 0.02718394 0.887355 0.02518999 0.888833 0.02518999 0.845031 0.970853 0.982184 0.969847 0.981502 0.969847 0.937699 0.967853 0.939177 0.969847 0.937699 0.969847 0.981502 0.972006 0.982854 0.970853 0.982184 0.970853 0.937017 0.02303194 0.843679 0.02418398 0.844348 0.02418398 0.889515 0.969468 0.84307 0.968316 0.8424 0.968316 0.797233 0.973012 0.983331 0.972006 0.982854 0.972006 0.936347 0.970474 0.843547 0.969468 0.84307 0.969468 0.796563 0.02202498 0.924 0.02303194 0.924477 0.02303194 0.970984 0.02303194 0.924477 0.02418398 0.925147 0.02418398 0.970314 0.02202498 0.843201 0.02303194 0.843679 0.02303194 0.890185 0.02202498 0.890663 0.02092099 0.891014 0.02092099 0.84285 0.02202498 0.971461 0.02092099 0.971812 0.02092099 0.923648 0.01930296 0.922939 0.02092099 0.923648 0.02092099 0.971812 0.01930296 0.84214 0.02092099 0.84285 0.02092099 0.891014 0.973197 0.844608 0.971579 0.843899 0.971579 0.795735 0.970474 0.796086 0.971579 0.795735 0.971579 0.843899 0.975734 0.984392 0.974116 0.983682 0.974116 0.935519 0.973012 0.93587 0.974116 0.935519 0.974116 0.983682 0.97757 0.985512 0.975734 0.984392 0.975735 0.934809 0.975032 0.845728 0.973197 0.844608 0.973197 0.795025 0.01746696 0.841021 0.01930296 0.84214 0.01930296 0.891723 0.979405 0.986871 0.97757 0.985512 0.97757 0.933689 0.01563197 0.839662 0.01746696 0.841021 0.01746696 0.892843 0.01563197 0.92046 0.01746696 0.921819 0.01746696 0.973642 0.01746696 0.921819 0.01930296 0.922939 0.01930296 0.972522 0.976868 0.847087 0.975032 0.845728 0.975032 0.793906 0.01401394 0.919068 0.01563197 0.92046 0.01563197 0.975001 0.978486 0.848479 0.976868 0.847087 0.976868 0.792546 0.981023 0.988263 0.979405 0.986871 0.979406 0.93233 0.978486 0.791155 0.984602 0.785533 0.984602 0.8541 0.981023 0.930938 0.987139 0.925317 0.987139 0.993884 0.987139 0.925317 0.990775 0.923463 0.990775 0.995738 0.984602 0.785533 0.988238 0.783679 0.988238 0.855954 0.990775 0.923463 0.993546 0.920693 0.993546 0.998508 0.988238 0.783679 0.991008 0.780909 0.991008 0.858725 0.685575 0.684119 0.693966 0.691132 0.693966 0.754922 0.708818 0.785177 0.71583 0.776786 0.77962 0.776786 0.559821 0.933991 0.680854 0.933992 0.670814 0.942383 0.559821 0.933991 0.566834 0.9256 0.670814 0.925601 0.71583 0.776786 0.71583 0.773973 0.77962 0.773972 0.566834 0.942382 0.670814 0.942383 0.670814 0.945197 0.77962 0.773972 0.71583 0.773973 0.710293 0.767096 0.561125 0.95193 0.566834 0.945196 0.670814 0.945197 0.696779 0.754922 0.696779 0.691132 0.703656 0.685594 0.703656 0.76046 0.703656 0.685594 0.705594 0.687334 0.785158 0.767096 0.710293 0.767096 0.712033 0.765158 0.670814 0.922787 0.566834 0.922786 0.561125 0.916051 0.693966 0.691132 0.696779 0.691132 0.696779 0.754922 0.566834 0.9256 0.566834 0.922786 0.670814 0.922787 0.9785 0.472878 0.975686 0.472878 0.975686 0.372171 0.975686 0.372171 0.975686 0.472878 0.96524 0.481711 0.986891 0.482918 0.9785 0.472878 0.9785 0.372171 0.566834 0.903069 0.670814 0.903071 0.670814 0.905884 0.559821 0.894678 0.680854 0.89468 0.670814 0.903071 0.23056 0.509412 0.22646 0.497566 0.353138 0.549557 0.986891 0.359148 0.9785 0.349108 0.9785 0.2484 0.41012 0.190548 0.406 0.178709 0.532766 0.2304829 0.559821 0.894678 0.566834 0.886287 0.670814 0.886289 0.566834 0.886287 0.566834 0.883474 0.670814 0.883475 0.9785 0.349108 0.975686 0.349108 0.975686 0.2484 0.670814 0.883475 0.566834 0.883474 0.561125 0.876738 0.975686 0.2484 0.975686 0.349108 0.96524 0.357941 0.364199 0.841337 0.364199 0.706025 0.374671 0.715251 0.206637 0.841337 0.206636 0.706025 0.217108 0.715251 0.561125 0.912618 0.566834 0.905883 0.670814 0.905884 0.354207 0.851329 0.354207 0.696033 0.364199 0.706025 0.196645 0.851329 0.196645 0.696033 0.206636 0.706025 0.351457 0.853384 0.351461 0.694179 0.354207 0.696033 0.193894 0.853384 0.193898 0.694179 0.196645 0.696033 0.348691 0.852646 0.348663 0.69665 0.351461 0.694179 0.191128 0.852646 0.191101 0.69665 0.193898 0.694179 0.342849 0.846849 0.342823 0.70245 0.348663 0.69665 0.185286 0.846849 0.185261 0.70245 0.191101 0.69665 0.33524 0.840126 0.335216 0.709176 0.342823 0.70245 0.177677 0.840125 0.177654 0.709176 0.185261 0.70245 0.177654 0.709176 0.177677 0.840125 0.17148 0.835058 0.335216 0.709176 0.33524 0.840126 0.329043 0.835058 0.256435 0.709176 0.256459 0.840125 0.250262 0.835058 0.256459 0.840125 0.256435 0.709176 0.264042 0.70245 0.413997 0.709176 0.414021 0.840126 0.407824 0.835058 0.414021 0.840126 0.413997 0.709176 0.421604 0.70245 0.42163 0.846849 0.421604 0.70245 0.427444 0.69665 0.264068 0.846849 0.264042 0.70245 0.269882 0.69665 0.427472 0.852646 0.427444 0.69665 0.430242 0.694179 0.26991 0.852646 0.269882 0.69665 0.272679 0.694179 0.430238 0.853384 0.430242 0.694179 0.432988 0.696033 0.272676 0.853384 0.272679 0.694179 0.275426 0.696033 0.432988 0.851329 0.432988 0.696033 0.44298 0.706025 0.275426 0.851329 0.275426 0.696033 0.285418 0.706025 0.44298 0.841337 0.44298 0.706025 0.453452 0.715251 0.285418 0.841337 0.285418 0.706025 0.295889 0.715251 0.977727 0.519675 0.977727 0.620382 0.967281 0.629215 0.2305369 0.866407 0.2305369 0.967114 0.220091 0.975948 0.362893 0.902639 0.258913 0.902638 0.253204 0.895903 0.253203 0.931782 0.258912 0.925047 0.362893 0.925048 0.258913 0.905452 0.258913 0.902638 0.362893 0.902639 0.98054 0.620382 0.977727 0.620382 0.977727 0.519675 0.2519 0.913843 0.258913 0.905452 0.362893 0.905453 0.988931 0.630422 0.98054 0.620382 0.98054 0.519675 0.410065 0.426489 0.405966 0.414643 0.532643 0.466634 0.241742 0.977154 0.233351 0.967114 0.233351 0.866407 0.01195996 0.558834 0.007860958 0.546988 0.1345379 0.598979 0.2519 0.913843 0.372933 0.913844 0.362893 0.922235 0.258912 0.922234 0.362893 0.922235 0.362893 0.925048 0.233351 0.967114 0.2305369 0.967114 0.2305369 0.866407 0.258913 0.866139 0.258913 0.863325 0.362893 0.863327 0.2519 0.87453 0.258913 0.866139 0.362893 0.86614 0.362893 0.863327 0.258913 0.863325 0.253204 0.85659 0.801485 0.754922 0.798671 0.754922 0.798671 0.691132 0.798671 0.691132 0.798671 0.754922 0.791794 0.760459 0.791794 0.685594 0.791794 0.760459 0.789856 0.758719 0.71583 0.672081 0.77962 0.672081 0.785158 0.678958 0.710292 0.678958 0.785158 0.678958 0.783418 0.680896 0.253203 0.892469 0.258913 0.885734 0.362893 0.885736 0.77962 0.669267 0.77962 0.672081 0.71583 0.672081 0.258913 0.882921 0.362893 0.882922 0.362893 0.885736 0.786633 0.660876 0.77962 0.669267 0.71583 0.669267 0.2519 0.87453 0.372933 0.874531 0.362893 0.882922 0.809875 0.761934 0.801485 0.754922 0.801485 0.691132 0.00426197 0.983868 0.00149095 0.986638 0.00149095 0.908823 0.00426197 0.903069 0.00149095 0.90584 0.00149095 0.828024 0.007897973 0.982014 0.00426197 0.983868 0.00426197 0.911593 0.007897973 0.901216 0.00426197 0.903069 0.00426197 0.830795 0.01401394 0.976392 0.007897973 0.982014 0.007897973 0.913447 0.01401394 0.895594 0.007897973 0.901216 0.007897973 0.832648 0.01401394 0.83827 0.01563197 0.839662 0.01563197 0.894202 0.789856 0.687334 0.789856 0.758719 0.785301 0.756052 0.712032 0.680896 0.783418 0.680896 0.78075 0.685451 0.785301 0.690002 0.785301 0.756052 0.779954 0.75106 0.7147 0.685451 0.78075 0.685451 0.775759 0.690798 0.778074 0.74944 0.778074 0.696613 0.779954 0.694993 0.774139 0.692678 0.721311 0.692678 0.719691 0.690797 0.78075 0.760602 0.714701 0.760602 0.719692 0.755256 0.721312 0.753375 0.774139 0.753375 0.775759 0.755256 0.722975 0.751144 0.772476 0.751143 0.774139 0.753375 0.775842 0.747777 0.775842 0.698276 0.778074 0.696613 0.724386 0.748843 0.771064 0.748843 0.772476 0.751143 0.773541 0.746366 0.773541 0.699688 0.775842 0.698276 0.772475 0.69491 0.722975 0.69491 0.721311 0.692678 0.771064 0.697211 0.724386 0.697211 0.722975 0.69491 0.771064 0.697211 0.764064 0.70421 0.731386 0.70421 0.773541 0.746366 0.766542 0.739366 0.766541 0.706687 0.766542 0.739366 0.764065 0.739366 0.764064 0.706687 0.764064 0.70421 0.764064 0.706687 0.731386 0.706688 0.731386 0.739366 0.731386 0.706688 0.764064 0.706687 0.728909 0.706688 0.731386 0.706688 0.731386 0.739366 0.731386 0.741843 0.731386 0.739366 0.764065 0.739366 0.724386 0.748843 0.731386 0.741843 0.764065 0.741843 0.721909 0.699688 0.728909 0.706688 0.728909 0.739366 0.721909 0.699688 0.721909 0.746366 0.719608 0.747777 0.719608 0.698276 0.719608 0.747777 0.717377 0.74944 0.717377 0.696613 0.717377 0.74944 0.715496 0.751061 0.710149 0.756052 0.710149 0.690002 0.715496 0.694993 0.705594 0.75872 0.705594 0.687334 0.710149 0.690002 0.783418 0.765157 0.712033 0.765158 0.714701 0.760602 0.405966 0.414643 0.400564 0.401719 0.545567 0.461231 0.007860958 0.546988 0.002457976 0.534064 0.147462 0.593576 0.400564 0.401719 0.401598 0.399186 0.546601 0.458698 0.002457976 0.534064 0.003491997 0.531531 0.148496 0.591043 0.003491997 0.531531 0.00149095 0.526744 0.1532829 0.589042 0.401598 0.399186 0.399597 0.394399 0.551388 0.456697 0.154364 0.58639 0.1532829 0.589042 0.00149095 0.526744 0.552469 0.454046 0.551388 0.456697 0.399597 0.394399 0.400678 0.391747 0.403206 0.38872 0.552797 0.450115 0.002572 0.524092 0.005099952 0.521065 0.154691 0.58246 0.403206 0.38872 0.412423 0.384867 0.548944 0.440897 0.005099952 0.521065 0.01431798 0.517212 0.150838 0.573242 0.412423 0.384867 0.420947 0.380635 0.545851 0.431898 0.01431798 0.517212 0.02284097 0.51298 0.147745 0.564242 0.543566 0.424406 0.545851 0.431898 0.420947 0.380635 0.14546 0.556751 0.147745 0.564242 0.02284097 0.51298 0.36406 0.507329 0.366345 0.514821 0.241441 0.463558 0.232917 0.46779 0.241441 0.463558 0.366345 0.514821 0.543617 0.188237 0.545914 0.195725 0.420923 0.144675 0.412407 0.148922 0.420923 0.144675 0.545914 0.195725 0.2237 0.471643 0.232917 0.46779 0.369438 0.523821 0.403196 0.152791 0.412407 0.148922 0.549023 0.204719 0.221172 0.474671 0.2237 0.471643 0.373291 0.533038 0.400673 0.155822 0.403196 0.152791 0.552891 0.21393 0.372963 0.536969 0.371882 0.539621 0.220091 0.477323 0.55257 0.2178609 0.551494 0.220515 0.399597 0.1584759 0.401606 0.16326 0.399597 0.1584759 0.551494 0.220515 0.222092 0.482109 0.220091 0.477323 0.371882 0.539621 0.400576 0.165794 0.401606 0.16326 0.546711 0.222524 0.221058 0.484642 0.222092 0.482109 0.367096 0.541622 0.22646 0.497566 0.221058 0.484642 0.366061 0.544155 0.406 0.178709 0.400576 0.165794 0.545681 0.225059 0.541846 0.180288 0.543617 0.188237 0.427806 0.140937 0.362303 0.499377 0.36406 0.507329 0.2483299 0.459831 0.1437039 0.548799 0.14546 0.556751 0.02973097 0.509253 0.540854 0.172466 0.541846 0.180288 0.434635 0.1365 0.142725 0.540975 0.1437039 0.548799 0.03656697 0.504828 0.54083 0.408631 0.541809 0.416454 0.434672 0.372483 0.541809 0.416454 0.543566 0.424406 0.427836 0.376908 0.361324 0.491554 0.362303 0.499377 0.255167 0.455406 0.540797 0.401526 0.54083 0.408631 0.440865 0.367603 0.361291 0.484449 0.361324 0.491554 0.261359 0.450526 0.540809 0.165362 0.540854 0.172466 0.440819 0.131609 0.541797 0.1594679 0.540809 0.165362 0.445825 0.126568 0.36229 0.478557 0.361291 0.484449 0.266374 0.445493 0.14369 0.527978 0.142692 0.533871 0.04777395 0.494915 0.142692 0.533871 0.142725 0.540975 0.04275995 0.499948 0.541796 0.395634 0.540797 0.401526 0.44588 0.36257 0.05120295 0.49002 0.05348294 0.485761 0.145059 0.523346 0.449308 0.357675 0.451588 0.353416 0.543165 0.391001 0.451588 0.353416 0.461491 0.349104 0.539146 0.380975 0.05348294 0.485761 0.06338596 0.481449 0.141041 0.51332 0.461491 0.349104 0.462551 0.346819 0.539997 0.378605 0.06338596 0.481449 0.06444597 0.479165 0.141892 0.51095 0.541271 0.373102 0.539997 0.378605 0.462551 0.346819 0.143165 0.505447 0.141892 0.51095 0.06444597 0.479165 0.361765 0.456026 0.360492 0.461528 0.283046 0.429743 0.281986 0.432028 0.283046 0.429743 0.360492 0.461528 0.541234 0.136937 0.53997 0.142442 0.46247 0.110789 0.461414 0.113076 0.46247 0.110789 0.53997 0.142442 0.272083 0.436339 0.281986 0.432028 0.359641 0.463899 0.451518 0.117404 0.461414 0.113076 0.539123 0.144814 0.269803 0.440598 0.272083 0.436339 0.363659 0.473924 0.449246 0.121667 0.451518 0.117404 0.543159 0.154833 0.362127 0.449367 0.361765 0.456026 0.286005 0.424932 0.541585 0.130278 0.541234 0.136937 0.465421 0.105973 0.143527 0.498789 0.143165 0.505447 0.06740498 0.474354 0.541059 0.122942 0.541585 0.130278 0.469832 0.1009719 0.143014 0.491452 0.143527 0.498789 0.07182496 0.469361 0.54112 0.359107 0.541633 0.366444 0.46993 0.337016 0.541633 0.366444 0.541271 0.373102 0.46551 0.342009 0.361614 0.44203 0.362127 0.449367 0.290425 0.419939 0.360338 0.434583 0.361614 0.44203 0.295944 0.415078 0.539843 0.35166 0.54112 0.359107 0.47545 0.332155 0.53977 0.115497 0.541059 0.122942 0.475343 0.09610199 0.358491 0.427589 0.360338 0.434583 0.302084 0.410674 0.537911 0.108507 0.53977 0.115497 0.481476 0.09168797 0.139891 0.477011 0.1417379 0.484004 0.08348399 0.460096 0.1417379 0.484004 0.143014 0.491452 0.077344 0.4645 0.537996 0.344666 0.539843 0.35166 0.48159 0.327751 0.08971196 0.456417 0.09777998 0.452091 0.137188 0.468264 0.487817 0.324072 0.495886 0.319746 0.535293 0.335919 0.495886 0.319746 0.49927 0.316413 0.535226 0.33117 0.09777998 0.452091 0.1011649 0.448758 0.13712 0.463515 0.49927 0.316413 0.505042 0.314001 0.532813 0.325398 0.1011649 0.448758 0.106936 0.446346 0.134707 0.457743 0.505042 0.314001 0.50652 0.3104 0.534291 0.321798 0.106936 0.446346 0.108414 0.442745 0.136185 0.454143 0.50652 0.3104 0.515011 0.305778 0.531495 0.312543 0.108414 0.442745 0.116906 0.438122 0.1333889 0.444888 0.515011 0.305778 0.517151 0.304883 0.5306 0.310403 0.116906 0.438122 0.119045 0.437228 0.132495 0.442748 0.517151 0.304883 0.517979 0.302865 0.531429 0.308385 0.119045 0.437228 0.119874 0.43521 0.133323 0.44073 0.517979 0.302865 0.51759 0.301934 0.532359 0.307996 0.119874 0.43521 0.119485 0.434279 0.134253 0.440341 0.51759 0.301934 0.518593 0.299491 0.533362 0.305553 0.119485 0.434279 0.120487 0.431836 0.135256 0.437898 0.518593 0.299491 0.519686 0.299034 0.532904 0.304459 0.120487 0.431836 0.121581 0.431379 0.134799 0.436804 0.519686 0.299034 0.52064 0.296712 0.533858 0.302137 0.121581 0.431379 0.122534 0.429057 0.135752 0.434482 0.52064 0.296712 0.520437 0.295788 0.534651 0.301622 0.122534 0.429057 0.122331 0.428133 0.136546 0.433967 0.138449 0.432865 0.136546 0.433967 0.122331 0.428133 0.536555 0.30052 0.534651 0.301622 0.520437 0.295788 0.536394 0.064363 0.534493 0.06546795 0.520268 0.05965799 0.520473 0.06058198 0.520268 0.05965799 0.534493 0.06546795 0.357049 0.383444 0.355146 0.384545 0.340931 0.378711 0.341134 0.379635 0.340931 0.378711 0.355146 0.384545 0.340181 0.381958 0.341134 0.379635 0.354352 0.38506 0.519523 0.06290596 0.520473 0.06058198 0.5337 0.06598401 0.339087 0.382415 0.340181 0.381958 0.353399 0.387383 0.51843 0.06336498 0.519523 0.06290596 0.532751 0.068309 0.338085 0.384858 0.339087 0.382415 0.353856 0.388476 0.517432 0.06580996 0.51843 0.06336498 0.53321 0.06940197 0.338474 0.385788 0.338085 0.384858 0.352854 0.390919 0.517823 0.06673997 0.517432 0.06580996 0.532211 0.071846 0.337645 0.387806 0.338474 0.385788 0.351923 0.391308 0.516998 0.06875896 0.517823 0.06673997 0.531281 0.072236 0.335506 0.388701 0.337645 0.387806 0.351095 0.393326 0.51486 0.06965696 0.516998 0.06875896 0.530456 0.074256 0.327014 0.393323 0.335506 0.388701 0.351989 0.395466 0.506376 0.07429397 0.51486 0.06965696 0.531355 0.07639396 0.325536 0.396924 0.327014 0.393323 0.354785 0.404721 0.504904 0.07789796 0.506376 0.07429397 0.534166 0.08564496 0.319765 0.399337 0.325536 0.396924 0.353307 0.408322 0.499137 0.08032 0.504904 0.07789796 0.532695 0.089248 0.31638 0.402669 0.319765 0.399337 0.35572 0.414093 0.495758 0.08365899 0.499137 0.08032 0.535117 0.09501498 0.308312 0.406995 0.31638 0.402669 0.355788 0.418843 0.487697 0.08799797 0.495758 0.08365899 0.535193 0.099765 0.538753 0.06316196 0.536394 0.064363 0.519684 0.05753797 0.35941 0.382247 0.357049 0.383444 0.34035 0.37659 0.538916 0.299323 0.536555 0.30052 0.519856 0.293667 0.541119 0.29831 0.538916 0.299323 0.519017 0.291156 0.361613 0.381233 0.35941 0.382247 0.339511 0.37408 0.143013 0.430655 0.14081 0.431668 0.120911 0.423501 0.14081 0.431668 0.138449 0.432865 0.1217499 0.426012 0.540954 0.06214499 0.538753 0.06316196 0.51884 0.05502897 0.51798 0.05276197 0.516146 0.04817599 0.545474 0.06015396 0.120055 0.421232 0.118229 0.416643 0.147536 0.428672 0.118229 0.416643 0.118821 0.415202 0.148128 0.42723 0.516146 0.04817599 0.516736 0.04673296 0.546063 0.05871194 0.118821 0.415202 0.121006 0.413766 0.1475819 0.424673 0.516736 0.04673296 0.518918 0.04529398 0.545513 0.05615496 0.544681 0.05311399 0.545513 0.05615496 0.518918 0.04529398 0.146755 0.42163 0.1475819 0.424673 0.121006 0.413766 0.365355 0.372209 0.366182 0.375251 0.339606 0.364344 0.337421 0.36578 0.339606 0.364344 0.366182 0.375251 0.544861 0.289285 0.545687 0.292328 0.519111 0.281421 0.516926 0.282857 0.519111 0.281421 0.545687 0.292328 0.516335 0.284298 0.516926 0.282857 0.546234 0.294885 0.336829 0.367222 0.337421 0.36578 0.366728 0.377808 0.518161 0.288888 0.516335 0.284298 0.545642 0.296327 0.338655 0.371811 0.336829 0.367222 0.366136 0.37925 0.543795 0.286115 0.544861 0.289285 0.521837 0.279836 0.36429 0.369038 0.365355 0.372209 0.342332 0.362759 0.14569 0.41846 0.146755 0.42163 0.123732 0.412181 0.126717 0.410673 0.130949 0.40869 0.144071 0.414075 0.524823 0.278329 0.529055 0.276345 0.542177 0.28173 0.529055 0.276345 0.529351 0.275624 0.542473 0.281009 0.130949 0.40869 0.131245 0.407969 0.144367 0.413354 0.529351 0.275624 0.529048 0.274899 0.543197 0.280706 0.131245 0.407969 0.130942 0.407244 0.145092 0.413052 0.529048 0.274899 0.529044 0.274263 0.543647 0.280257 0.130942 0.407244 0.1309379 0.406608 0.145542 0.412602 0.543932 0.279817 0.543647 0.280257 0.529044 0.274263 0.145826 0.412162 0.145542 0.412602 0.1309379 0.406608 0.364426 0.36274 0.364142 0.36318 0.349538 0.357186 0.349542 0.357822 0.349538 0.357186 0.364142 0.36318 0.543736 0.04364699 0.543452 0.04408794 0.528838 0.03811895 0.528843 0.03875499 0.528838 0.03811895 0.543452 0.04408794 0.349845 0.358547 0.349542 0.357822 0.363692 0.36363 0.529148 0.03947895 0.528843 0.03875499 0.543003 0.04453796 0.349549 0.359268 0.349845 0.358547 0.362967 0.363933 0.528853 0.04020094 0.529148 0.03947895 0.542279 0.044842 0.345317 0.361252 0.349549 0.359268 0.362671 0.364653 0.524624 0.04219096 0.528853 0.04020094 0.541984 0.04556399 0.54361 0.04994595 0.544681 0.05311399 0.521641 0.04370397 0.364532 0.362227 0.364426 0.36274 0.349644 0.356674 0.543841 0.04313498 0.543736 0.04364699 0.528944 0.037606 0.145932 0.411649 0.145826 0.412162 0.131045 0.406095 0.1313289 0.405655 0.131779 0.405206 0.145928 0.411013 0.529228 0.03716599 0.529677 0.03671497 0.543836 0.04249799 0.131779 0.405206 0.133642 0.404427 0.14515 0.409149 0.529677 0.03671497 0.531539 0.03593295 0.543054 0.040636 0.133642 0.404427 0.1356199 0.399608 0.147127 0.40433 0.531539 0.03593295 0.533508 0.03110998 0.545024 0.03581297 0.533508 0.03110998 0.536105 0.02497196 0.547466 0.029612 0.1356199 0.399608 0.1382279 0.393474 0.149581 0.398133 0.352242 0.355005 0.35422 0.350186 0.365727 0.354909 0.35422 0.350186 0.356828 0.344052 0.36818 0.348712 0.531748 0.272082 0.533726 0.267262 0.545233 0.271985 0.533726 0.267262 0.536333 0.261129 0.547686 0.265788 0.356828 0.344052 0.359123 0.338909 0.37016 0.343438 0.536333 0.261129 0.538629 0.255985 0.549666 0.260515 0.1382279 0.393474 0.140524 0.38833 0.15156 0.39286 0.538629 0.255985 0.540557 0.251872 0.551184 0.256233 0.140524 0.38833 0.142451 0.384217 0.153078 0.388578 0.536105 0.02497196 0.538392 0.01982498 0.549437 0.02433598 0.538392 0.01982498 0.540313 0.01570796 0.550947 0.020051 0.359123 0.338909 0.361051 0.334795 0.371678 0.339157 0.540313 0.01570796 0.541756 0.01332098 0.551588 0.01733696 0.361051 0.334795 0.362498 0.332411 0.372323 0.336443 0.372971 0.332523 0.372323 0.336443 0.362498 0.332411 0.552228 0.01341599 0.551588 0.01733696 0.541756 0.01332098 0.552476 0.249599 0.551829 0.25352 0.542004 0.249487 0.540557 0.251872 0.542004 0.249487 0.551829 0.25352 0.146192 0.378588 0.154371 0.381945 0.153723 0.385865 0.153078 0.388578 0.142451 0.384217 0.143898 0.381832 0.552765 0.245517 0.552476 0.249599 0.544297 0.246243 0.154659 0.377862 0.154371 0.381945 0.146192 0.378588 0.55251 0.009332954 0.552228 0.01341599 0.544044 0.01007294 0.148854 0.37548 0.150964 0.373297 0.154691 0.374827 0.546701 0.006959974 0.548807 0.004773974 0.552537 0.006296992 0.150964 0.373297 0.153132 0.371381 0.154494 0.37194 0.548807 0.004773974 0.550972 0.002853989 0.552335 0.003410995 0.369564 0.323875 0.371732 0.32196 0.373094 0.322518 0.367454 0.326058 0.369564 0.323875 0.373291 0.325405 0.549069 0.240952 0.551237 0.239036 0.552599 0.2395949 0.546959 0.243135 0.549069 0.240952 0.552797 0.242482 0.373259 0.328441 0.372971 0.332523 0.364791 0.329166 0.552891 0.002047955 0.552335 0.003410995 0.550972 0.002853989 0.529884 0.272861 0.531748 0.272082 0.543255 0.276804 0.350379 0.355784 0.352242 0.355005 0.363749 0.359728 0.529435 0.273311 0.529884 0.272861 0.544034 0.278668 0.349929 0.356234 0.350379 0.355784 0.364528 0.361591 0.544038 0.279304 0.543932 0.279817 0.52915 0.27375 0.407802 0.714246 0.407824 0.835058 0.400872 0.830223 0.25024 0.714246 0.250262 0.835058 0.243309 0.830223 0.329021 0.714246 0.329043 0.835058 0.32209 0.830223 0.400852 0.719084 0.400872 0.830223 0.393699 0.826168 0.32207 0.719084 0.32209 0.830223 0.314918 0.826168 0.164508 0.719084 0.164528 0.830223 0.157356 0.826167 0.171459 0.714246 0.17148 0.835058 0.164528 0.830223 0.2432889 0.719084 0.243309 0.830223 0.236137 0.826167 0.157337 0.723142 0.157356 0.826167 0.150343 0.823247 0.236119 0.723142 0.236137 0.826167 0.229124 0.823247 0.393681 0.723142 0.393699 0.826168 0.386687 0.823247 0.386669 0.726065 0.386687 0.823247 0.380348 0.821802 0.229107 0.726065 0.229124 0.823247 0.222786 0.821802 0.307888 0.726065 0.307905 0.823247 0.301567 0.821802 0.3149 0.723142 0.314918 0.826168 0.307905 0.823247 0.150325 0.726065 0.150343 0.823247 0.144005 0.821802 0.298889 0.821633 0.298872 0.727682 0.30155 0.727512 0.141327 0.821633 0.14131 0.727682 0.143988 0.727512 0.467578 0.815317 0.467578 0.719194 0.563701 0.719194 0.220108 0.821633 0.220091 0.727682 0.222769 0.727512 0.37767 0.821633 0.377654 0.727682 0.380331 0.727512 0.179368 0.685525 0.179512 0.659773 0.180928 0.659836 0.179368 0.685525 0.176357 0.685499 0.176566 0.660395 0.176357 0.685499 0.179368 0.685525 0.176343 0.687124 0.63802 0.200464 0.639869 0.19925 0.64288 0.200874 0.64288 0.200874 0.64288 0.231156 0.63802 0.2284809 0.64288 0.231156 0.640287 0.231931 0.63802 0.2284809 0.631608 0.200874 0.631608 0.231156 0.630191 0.231156 0.823598 0.661652 0.821005 0.661652 0.823598 0.660876 0.814275 0.661652 0.814275 0.686727 0.812859 0.686727 0.826191 0.661652 0.826191 0.686727 0.823598 0.686727 0.823598 0.661652 0.823598 0.686727 0.821005 0.686727 0.819588 0.661652 0.821005 0.661652 0.821005 0.686727 0.819588 0.661652 0.819588 0.686727 0.816932 0.686779 0.814275 0.661652 0.816932 0.661226 0.816932 0.686779 0.634061 0.1989009 0.636603 0.200464 0.636603 0.2284809 0.670336 0.1989009 0.670336 0.232213 0.667811 0.22847 0.672806 0.200863 0.672806 0.231145 0.670336 0.232213 0.634077 0.232224 0.631608 0.231156 0.631608 0.200874 0.180784 0.685532 0.180928 0.659836 0.183867 0.660504 0.1869159 0.68555 0.183796 0.68645 0.183867 0.660504 0.1590909 0.654739 0.1590909 0.624458 0.161617 0.623478 0.1615999 0.656801 0.161617 0.623478 0.164086 0.627133 0.188333 0.685549 0.1869159 0.68555 0.186917 0.661148 0.176357 0.685499 0.173346 0.685474 0.17362 0.661018 0.165503 0.627133 0.16777 0.623682 0.170363 0.624458 0.170363 0.624458 0.170363 0.65474 0.165503 0.627133 0.170363 0.65474 0.167352 0.656364 0.165503 0.65515 0.157674 0.654739 0.157674 0.624458 0.1590909 0.624458 0.470172 0.819076 0.470171 0.84415 0.467578 0.84415 0.470172 0.819076 0.467578 0.819076 0.470172 0.8183 0.480911 0.819076 0.480911 0.84415 0.479494 0.84415 0.479494 0.819076 0.479494 0.84415 0.476838 0.844098 0.474182 0.819076 0.476838 0.818545 0.476838 0.844098 0.472765 0.819076 0.474182 0.819076 0.474181 0.84415 0.147114 0.67508 0.1456969 0.67508 0.1456969 0.644798 0.143172 0.643818 0.1456969 0.644798 0.1456969 0.67508 0.137107 0.772245 0.137107 0.796828 0.135691 0.796783 0.13569 0.772244 0.135691 0.796783 0.132616 0.797295 0.129559 0.772255 0.132571 0.771321 0.132616 0.797295 0.1281419 0.77226 0.129559 0.772255 0.129649 0.797825 0.674223 0.231145 0.672806 0.231145 0.672806 0.200863 0.125131 0.772276 0.12212 0.772292 0.125122 0.770652 0.666394 0.22847 0.664127 0.23192 0.661534 0.231145 0.661534 0.231145 0.661534 0.200863 0.666394 0.22847 0.661534 0.200863 0.664545 0.199239 0.666394 0.200453 0.1281419 0.77226 0.128233 0.797874 0.125263 0.797374 0.125131 0.772276 0.125263 0.797374 0.122294 0.796875 0.139285 0.67549 0.137436 0.676704 0.134425 0.67508 0.134425 0.67508 0.134425 0.644798 0.139285 0.647473 0.134425 0.644798 0.137019 0.644022 0.139285 0.647473 0.667811 0.22847 0.666394 0.22847 0.666394 0.200453 0.140702 0.67549 0.139285 0.67549 0.139285 0.647473 0.143172 0.67713 0.140702 0.67549 0.140702 0.647473 0.164086 0.65515 0.164086 0.627133 0.165503 0.627133 0.636603 0.2284809 0.636603 0.200464 0.63802 0.200464 0.472765 0.819076 0.472765 0.84415 0.470171 0.84415 0.162958 0.687071 0.1615419 0.687134 0.1613979 0.661383 0.1613979 0.661383 0.1615419 0.687134 0.158596 0.686512 0.1583729 0.659784 0.1613979 0.661383 0.158387 0.661408 0.376274 0.387954 0.379285 0.386329 0.381134 0.387544 0.381134 0.387544 0.381134 0.41556 0.376274 0.387954 0.381134 0.41556 0.378867 0.419011 0.376274 0.418235 0.387546 0.387954 0.388963 0.387954 0.388963 0.418235 0.815452 0.747533 0.818045 0.748309 0.815452 0.748309 0.826191 0.773383 0.824775 0.773383 0.824775 0.748309 0.815452 0.773383 0.812859 0.773383 0.812859 0.748309 0.818045 0.773383 0.815452 0.773383 0.815452 0.748309 0.819462 0.748309 0.819462 0.773383 0.818045 0.773383 0.822118 0.773436 0.819462 0.773383 0.819462 0.748309 0.824775 0.748309 0.824775 0.773383 0.822118 0.773436 0.382551 0.41556 0.382551 0.387544 0.385093 0.385981 0.177232 0.623478 0.179758 0.625031 0.179758 0.653047 0.177232 0.65679 0.174763 0.655722 0.174763 0.625441 0.385076 0.419303 0.385093 0.385981 0.387546 0.387954 0.165897 0.686404 0.162958 0.687071 0.162814 0.661375 0.168946 0.661358 0.168947 0.685759 0.165897 0.686404 0.638937 0.162595 0.641463 0.1635749 0.641463 0.193857 0.638954 0.195918 0.636468 0.194267 0.636468 0.16625 0.170363 0.661358 0.170363 0.685816 0.168947 0.685759 0.158387 0.661408 0.158596 0.686512 0.155651 0.685889 0.630191 0.1635749 0.632784 0.1628 0.635051 0.16625 0.635051 0.16625 0.635051 0.194267 0.630191 0.193857 0.635051 0.194267 0.633202 0.195481 0.630191 0.193857 0.64288 0.193857 0.641463 0.193857 0.641463 0.1635749 0.137107 0.826707 0.134514 0.826707 0.134514 0.801632 0.134514 0.800857 0.137107 0.801632 0.134514 0.801632 0.125191 0.826707 0.123774 0.826707 0.123774 0.801632 0.127847 0.826654 0.125191 0.826707 0.125191 0.801632 0.130504 0.801632 0.130504 0.826707 0.127847 0.826654 0.1319209 0.801632 0.1319209 0.826707 0.130504 0.826707 0.678622 0.1635749 0.678622 0.193857 0.677206 0.193857 0.681148 0.162595 0.681148 0.1959069 0.678622 0.193857 0.706448 0.163686 0.707864 0.163641 0.707864 0.188224 0.703373 0.163174 0.706448 0.163686 0.706447 0.188225 0.700316 0.188214 0.700406 0.162644 0.703373 0.163174 0.698899 0.1882089 0.69899 0.162595 0.700406 0.162644 0.174763 0.625441 0.174763 0.655722 0.173346 0.655722 0.695879 0.189817 0.692877 0.188177 0.695888 0.188193 0.186034 0.655722 0.183441 0.656498 0.181174 0.653047 0.181174 0.653047 0.181174 0.62503 0.186034 0.625441 0.181174 0.62503 0.183023 0.623816 0.186034 0.625441 0.696021 0.1630949 0.69899 0.162595 0.698899 0.1882089 0.693051 0.163594 0.696021 0.1630949 0.695888 0.188193 0.689894 0.193857 0.686883 0.195481 0.685034 0.194267 0.685034 0.194267 0.685034 0.16625 0.689894 0.193857 0.685034 0.16625 0.687301 0.162799 0.689894 0.1635749 0.181174 0.62503 0.181174 0.653047 0.179758 0.653047 0.685034 0.16625 0.685034 0.194267 0.683617 0.194267 0.683617 0.16625 0.683617 0.194267 0.681148 0.1959069 0.636468 0.194267 0.635051 0.194267 0.635051 0.16625 0.382551 0.41556 0.381134 0.41556 0.381134 0.387544 0.134514 0.826707 0.1319209 0.826707 0.1319209 0.801632 0.683227 0.224653 0.683372 0.1989009 0.684788 0.1989639 0.683227 0.224653 0.680216 0.224627 0.680426 0.199523 0.680216 0.224627 0.683227 0.224653 0.680203 0.226252 0.384103 0.460156 0.385952 0.458941 0.388963 0.460566 0.388963 0.460566 0.388963 0.490848 0.384103 0.488172 0.388963 0.490848 0.386369 0.491623 0.384103 0.488172 0.377691 0.460566 0.377691 0.490848 0.376274 0.490848 0.823598 0.690538 0.821005 0.690538 0.823598 0.689762 0.814276 0.690538 0.814275 0.715612 0.812859 0.715612 0.826191 0.690538 0.826191 0.715612 0.823598 0.715612 0.823598 0.690538 0.823598 0.715612 0.821005 0.715612 0.819588 0.690538 0.821005 0.690538 0.821005 0.715612 0.819588 0.690538 0.819588 0.715612 0.816932 0.715665 0.814276 0.690538 0.816932 0.690112 0.816932 0.715665 0.380144 0.458592 0.382686 0.460156 0.382686 0.488172 0.654665 0.1989009 0.654665 0.232213 0.652139 0.22847 0.657134 0.200863 0.657134 0.231145 0.654665 0.232213 0.38016 0.491915 0.377691 0.490848 0.377691 0.460566 0.684644 0.22466 0.684788 0.1989639 0.687726 0.199632 0.690775 0.224678 0.687655 0.225578 0.687726 0.199632 0.541397 0.545175 0.541397 0.514893 0.543922 0.513913 0.543906 0.547236 0.543922 0.513913 0.546392 0.517568 0.692192 0.224677 0.690775 0.224678 0.690776 0.200276 0.680216 0.224627 0.677206 0.224602 0.67748 0.200146 0.547809 0.517568 0.550075 0.514118 0.552668 0.514893 0.552668 0.514893 0.552668 0.545175 0.547809 0.517568 0.552668 0.545175 0.549658 0.546799 0.547809 0.545585 0.53998 0.545175 0.53998 0.514893 0.541397 0.514893 0.494634 0.843375 0.494634 0.8183 0.497227 0.8183 0.494634 0.843375 0.497227 0.843375 0.494634 0.84415 0.483894 0.843375 0.483894 0.8183 0.485311 0.8183 0.485311 0.843375 0.485311 0.8183 0.487968 0.818353 0.490624 0.843375 0.487968 0.843906 0.487968 0.818353 0.492041 0.843375 0.490624 0.843375 0.490624 0.8183 0.674223 0.193857 0.672806 0.193857 0.672806 0.1635749 0.67028 0.162595 0.672806 0.1635749 0.672806 0.193857 0.137107 0.742039 0.137107 0.766622 0.135691 0.766577 0.13569 0.742039 0.135691 0.766577 0.132616 0.767089 0.129559 0.74205 0.132571 0.741115 0.132616 0.767089 0.1281419 0.742055 0.129559 0.74205 0.129649 0.767619 0.658551 0.231145 0.657134 0.231145 0.657134 0.200863 0.125131 0.742071 0.12212 0.742087 0.125122 0.740446 0.650723 0.22847 0.648456 0.231921 0.645863 0.231145 0.645863 0.231145 0.645863 0.200863 0.650723 0.22847 0.645863 0.200863 0.648874 0.199239 0.650722 0.200453 0.1281419 0.742055 0.128233 0.767669 0.125264 0.767169 0.125131 0.742071 0.125264 0.767169 0.122294 0.766669 0.666394 0.194267 0.664545 0.195481 0.661534 0.193857 0.661534 0.193857 0.661534 0.1635749 0.666394 0.16625 0.661534 0.1635749 0.664127 0.1628 0.666394 0.16625 0.652139 0.200453 0.652139 0.22847 0.650723 0.22847 0.667811 0.16625 0.667811 0.194267 0.666394 0.194267 0.67028 0.1959069 0.667811 0.194267 0.667811 0.16625 0.546392 0.517568 0.547809 0.517568 0.547809 0.545585 0.382686 0.460156 0.384103 0.460156 0.384103 0.488172 0.492041 0.843375 0.492041 0.8183 0.494634 0.8183 0.198898 0.68706 0.197482 0.687124 0.197337 0.661372 0.197337 0.661372 0.197482 0.687124 0.194536 0.686501 0.194313 0.659773 0.197337 0.661372 0.1943269 0.661397 0.376274 0.42426 0.379285 0.422635 0.381134 0.42385 0.381134 0.42385 0.381134 0.451866 0.376274 0.42426 0.381134 0.451866 0.378867 0.455317 0.376274 0.454542 0.387546 0.42426 0.388963 0.42426 0.388963 0.454541 0.823598 0.74455 0.821005 0.743775 0.823598 0.743775 0.812859 0.7187 0.814276 0.7187 0.814276 0.743775 0.823598 0.7187 0.826191 0.7187 0.826191 0.743775 0.821005 0.7187 0.823598 0.7187 0.823598 0.743775 0.819588 0.743775 0.819588 0.7187 0.821005 0.7187 0.816932 0.718648 0.819588 0.7187 0.819588 0.743775 0.814276 0.743775 0.814276 0.7187 0.816932 0.718648 0.382551 0.451866 0.382551 0.42385 0.385093 0.422286 0.192903 0.623478 0.195429 0.62503 0.195429 0.653047 0.1929039 0.65679 0.190434 0.655722 0.190434 0.62544 0.385076 0.455609 0.385093 0.422286 0.387546 0.42426 0.201837 0.686393 0.198898 0.68706 0.198754 0.661365 0.204886 0.661347 0.204887 0.685748 0.201837 0.686393 0.143172 0.607512 0.1456969 0.608492 0.1456969 0.638774 0.1431879 0.640835 0.140702 0.639184 0.140702 0.611167 0.206302 0.661348 0.206302 0.685805 0.204887 0.685748 0.1943269 0.661397 0.194536 0.686501 0.19159 0.685878 0.1344259 0.608492 0.137019 0.607716 0.139285 0.611167 0.139285 0.611167 0.139285 0.639184 0.134425 0.638774 0.139285 0.639184 0.137436 0.640398 0.134425 0.638774 0.147114 0.638774 0.1456969 0.638774 0.1456969 0.608492 0.513543 0.84415 0.51095 0.84415 0.51095 0.819076 0.51095 0.8183 0.513543 0.819076 0.51095 0.819076 0.501627 0.84415 0.50021 0.84415 0.50021 0.819076 0.504283 0.844098 0.501627 0.84415 0.501627 0.819076 0.50694 0.819076 0.50694 0.84415 0.504283 0.844098 0.508357 0.819076 0.508357 0.84415 0.50694 0.84415 0.64728 0.1635749 0.64728 0.193857 0.645863 0.193857 0.649805 0.162595 0.649805 0.1959069 0.64728 0.193857 0.708746 0.199992 0.710162 0.1999469 0.710162 0.22453 0.705671 0.1994799 0.708746 0.199992 0.708745 0.2245309 0.702614 0.224519 0.702704 0.1989499 0.705671 0.1994799 0.701197 0.224515 0.701288 0.1989009 0.702704 0.1989499 0.190434 0.62544 0.190434 0.655722 0.1890169 0.655722 0.698177 0.226123 0.695175 0.224483 0.698186 0.224499 0.201706 0.655722 0.199113 0.656497 0.196846 0.653047 0.196846 0.653047 0.196846 0.62503 0.201706 0.62544 0.196846 0.62503 0.198695 0.623816 0.201706 0.62544 0.698319 0.199401 0.701288 0.1989009 0.701197 0.224515 0.69535 0.1999 0.698319 0.199401 0.698186 0.224499 0.658551 0.193857 0.65554 0.195481 0.653691 0.194267 0.653691 0.194267 0.653691 0.16625 0.658551 0.193857 0.653691 0.16625 0.655958 0.1628 0.658551 0.1635749 0.195429 0.62503 0.196846 0.62503 0.196846 0.653047 0.652274 0.16625 0.653691 0.16625 0.653691 0.194267 0.652274 0.16625 0.652274 0.194267 0.649805 0.1959069 0.139285 0.639184 0.139285 0.611167 0.140702 0.611167 0.381134 0.451866 0.381134 0.42385 0.382551 0.42385 0.51095 0.84415 0.508357 0.84415 0.508357 0.819076 0.835137 0.730254 0.835137 0.697506 0.858743 0.697506 0.835137 0.664758 0.835137 0.63201 0.858743 0.63201 0.835137 0.599262 0.835137 0.566515 0.858743 0.566515 0.835137 0.533767 0.835137 0.501019 0.858743 0.501019 0.835137 0.468271 0.835137 0.435523 0.858743 0.435523 0.835137 0.402775 0.835137 0.370028 0.858743 0.370028 0.835137 0.33728 0.835137 0.304532 0.858743 0.304532 0.835137 0.271784 0.835137 0.239036 0.858743 0.239036 0.690839 0.02464795 0.713995 0.04780399 0.713995 0.08055198 0.713995 0.08055198 0.713995 0.1133 0.690839 0.136456 0.690839 0.136456 0.667683 0.1596119 0.634935 0.1596119 0.634935 0.1596119 0.602187 0.1596119 0.579031 0.136456 0.579031 0.136456 0.555874 0.1133 0.555874 0.08055198 0.555874 0.08055198 0.555874 0.04780399 0.579031 0.02464795 0.579031 0.02464795 0.602187 0.001491963 0.634935 0.00149095 0.634935 0.00149095 0.667683 0.001491963 0.690839 0.02464795 0.690839 0.02464795 0.713995 0.08055198 0.690839 0.136456 0.690839 0.136456 0.634935 0.1596119 0.579031 0.136456 0.579031 0.136456 0.555874 0.08055198 0.579031 0.02464795 0.579031 0.02464795 0.634935 0.00149095 0.690839 0.02464795 0.690839 0.02464795 0.690839 0.136456 0.579031 0.136456 0.835137 0.566515 0.835137 0.533767 0.858743 0.533767 0.835137 0.501019 0.835137 0.468271 0.858743 0.468271 0.835137 0.63201 0.835137 0.599262 0.858743 0.599262 0.835137 0.697506 0.835137 0.664758 0.858743 0.664758 0.835137 0.763002 0.835137 0.730254 0.858743 0.730254 0.835137 0.304532 0.835137 0.271784 0.858743 0.271784 0.835137 0.370028 0.835137 0.33728 0.858743 0.33728 0.835137 0.435523 0.835137 0.402775 0.858743 0.402775 0.723829 0.6333 0.744295 0.624449 0.755242 0.647865 0.546639 0.558091 0.579387 0.558091 0.573266 0.572867 0.602543 0.581247 0.595839 0.58795 0.573266 0.572867 0.602543 0.581247 0.625699 0.604403 0.610922 0.610524 0.625699 0.637151 0.616219 0.637151 0.610922 0.610524 0.625699 0.637151 0.625699 0.669899 0.610922 0.663778 0.602543 0.693055 0.595839 0.686351 0.610922 0.663778 0.602543 0.693055 0.579386 0.716211 0.573266 0.701435 0.546639 0.716211 0.546639 0.706731 0.573266 0.701435 0.546639 0.716211 0.513891 0.716211 0.520011 0.701435 0.490735 0.693055 0.497438 0.686352 0.520011 0.701435 0.490735 0.693055 0.467578 0.669899 0.482355 0.663778 0.467578 0.637151 0.477059 0.637151 0.482355 0.663778 0.467578 0.637151 0.467578 0.604403 0.482355 0.610524 0.490735 0.581247 0.497438 0.58795 0.482355 0.610524 0.490735 0.581247 0.513891 0.558091 0.520011 0.572867 0.546639 0.558091 0.546639 0.567571 0.520011 0.572867 0.682592 0.491337 0.681613 0.500219 0.65967 0.498087 0.686366 0.421328 0.708626 0.422627 0.707872 0.448465 0.723829 0.6333 0.713784 0.608078 0.734731 0.600435 0.686366 0.421328 0.688738 0.394283 0.710884 0.396877 0.705226 0.582313 0.726582 0.575904 0.734731 0.600435 0.692681 0.367422 0.714638 0.371302 0.710884 0.396877 0.705226 0.582313 0.698184 0.556094 0.719877 0.55094 0.692681 0.367422 0.698183 0.340836 0.719877 0.34599 0.692681 0.529508 0.714638 0.525627 0.719877 0.55094 0.705226 0.314617 0.726582 0.321026 0.719877 0.34599 0.692681 0.529508 0.688738 0.502647 0.710884 0.500053 0.723829 0.26363 0.735327 0.239036 0.755242 0.249064 0.705226 0.314617 0.713784 0.288852 0.734731 0.296495 0.686366 0.475602 0.708626 0.474303 0.710884 0.500053 0.723829 0.26363 0.744295 0.272481 0.734731 0.296495 0.686366 0.475602 0.685575 0.448465 0.707872 0.448465 0.00149095 0.659564 0.01138299 0.635682 0.01690697 0.639374 0.02966099 0.617404 0.03335195 0.622928 0.01690697 0.639374 0.02966099 0.617404 0.05354297 0.607512 0.05483895 0.614028 0.079391 0.607512 0.07809495 0.614028 0.05483895 0.614028 0.079391 0.607512 0.103273 0.617404 0.099581 0.622928 0.121551 0.635682 0.116026 0.639373 0.099581 0.622928 0.121551 0.635682 0.131442 0.659563 0.124926 0.660859 0.131442 0.685412 0.124926 0.684116 0.124926 0.660859 0.131442 0.685412 0.121551 0.709293 0.116026 0.705602 0.103273 0.727571 0.099581 0.722047 0.116026 0.705602 0.103273 0.727571 0.079391 0.737463 0.07809495 0.730947 0.05354297 0.737463 0.05483895 0.730947 0.07809495 0.730947 0.05354297 0.737463 0.02966099 0.727571 0.03335297 0.722047 0.01138299 0.709293 0.01690798 0.705602 0.03335297 0.722047 0.01138299 0.709293 0.001491963 0.685412 0.008007943 0.684116 0.00149095 0.659564 0.008007943 0.66086 0.008007943 0.684116 0.611723 0.270994 0.593385 0.288121 0.589744 0.28481 0.64128 0.48218 0.637381 0.49121 0.616656 0.480084 0.57221 0.356208 0.562054 0.354522 0.56815 0.330678 0.661785 0.488671 0.65967 0.498087 0.637381 0.49121 0.5708 0.378672 0.560575 0.378931 0.562054 0.354522 0.65962 0.258648 0.656673 0.248212 0.680487 0.243721 0.573635 0.400856 0.563705 0.403025 0.560575 0.378931 0.637796 0.267092 0.633095 0.257539 0.656673 0.248212 0.580557 0.421971 0.571275 0.425948 0.563705 0.403025 0.618093 0.279422 0.611723 0.270994 0.633095 0.257539 0.591269 0.441276 0.582958 0.446896 0.571275 0.425948 0.60118 0.295149 0.593385 0.288121 0.611723 0.270994 0.60534 0.458106 0.598283 0.465148 0.582958 0.446896 0.587625 0.313665 0.578702 0.308268 0.593385 0.288121 0.622223 0.471891 0.616656 0.480084 0.598283 0.465148 0.577869 0.334272 0.56815 0.330678 0.578702 0.308268 0.759157 0.410227 0.761864 0.384478 0.76484 0.384904 0.582958 0.446896 0.598283 0.465148 0.59496 0.468436 0.578702 0.308268 0.574529 0.30572 0.589744 0.28481 0.616656 0.480084 0.614031 0.483915 0.59496 0.468436 0.56815 0.330678 0.563601 0.328974 0.574529 0.30572 0.65967 0.498087 0.681613 0.500219 0.682094 0.504722 0.637381 0.49121 0.635541 0.495442 0.614031 0.483915 0.56815 0.330678 0.562054 0.354522 0.557296 0.353712 0.637381 0.49121 0.65967 0.498087 0.658709 0.502617 0.562054 0.354522 0.560575 0.378931 0.55578 0.379032 0.656673 0.248212 0.655387 0.2434689 0.680561 0.239036 0.563705 0.403025 0.559046 0.404022 0.55578 0.379032 0.633095 0.257539 0.63091 0.253066 0.655387 0.2434689 0.571275 0.425948 0.566916 0.427795 0.559046 0.404022 0.633095 0.257539 0.611723 0.270994 0.608752 0.267032 0.571275 0.425948 0.582958 0.446896 0.57905 0.449515 0.00563997 0.11515 0.02098995 0.116981 0.01874399 0.139576 0.78012 0.563442 0.78297 0.562439 0.792457 0.586437 0.758225 0.436119 0.759157 0.410227 0.762158 0.410448 0.800863 0.61114 0.78968 0.587633 0.792457 0.586437 0.766328 0.358994 0.769266 0.359623 0.76484 0.384904 0.772248 0.538669 0.775158 0.537864 0.78297 0.562439 0.772529 0.333894 0.775414 0.334724 0.769266 0.359623 0.772248 0.538669 0.7661 0.513429 0.769056 0.512826 0.772529 0.333894 0.780432 0.309299 0.783252 0.310324 0.7661 0.513429 0.761702 0.487843 0.764691 0.487445 0.813706 0.239036 0.816596 0.2402189 0.803848 0.263435 0.780432 0.309299 0.789998 0.28532 0.79274 0.286534 0.759074 0.462032 0.762081 0.46184 0.764691 0.487445 0.801769 0.582364 0.79253 0.559016 0.795307 0.558023 0.774852 0.386288 0.779153 0.361689 0.782023 0.362291 0.812631 0.60508 0.815245 0.603695 0.828335 0.626156 0.772185 0.461143 0.771358 0.436133 0.774297 0.436134 0.801976 0.290573 0.812814 0.268099 0.815414 0.269487 0.812814 0.268099 0.825999 0.245586 0.82851 0.247489 0.77473 0.486055 0.772185 0.461143 0.77512 0.460942 0.80116 0.26205 0.803848 0.263435 0.79274 0.286534 0.801976 0.290573 0.804657 0.291749 0.795505 0.314708 0.77473 0.486055 0.777646 0.485652 0.781866 0.510146 0.792748 0.31372 0.795505 0.314708 0.787949 0.338259 0.778982 0.510749 0.781866 0.510146 0.787761 0.534308 0.779153 0.361689 0.785128 0.337462 0.787949 0.338259 0.79253 0.559016 0.784924 0.535108 0.787761 0.534308 0.813306 0.63443 0.800863 0.61114 0.803574 0.60978 0.758225 0.436119 0.761236 0.436134 0.762081 0.46184 0.801769 0.582364 0.804473 0.581181 0.815245 0.603695 0.772249 0.411141 0.775179 0.411344 0.774297 0.436134 0.825797 0.628019 0.82281 0.629997 0.809698 0.606621 0.82281 0.629997 0.819445 0.631837 0.806555 0.608257 0.806555 0.608257 0.819445 0.631837 0.816202 0.633281 0.771358 0.436133 0.772185 0.461143 0.768921 0.461368 0.768921 0.461368 0.765408 0.461616 0.764568 0.436139 0.765408 0.461616 0.762081 0.46184 0.761236 0.436134 0.812814 0.268099 0.801976 0.290573 0.798992 0.289267 0.798992 0.289267 0.795779 0.287868 0.806812 0.264965 0.795779 0.287868 0.79274 0.286534 0.803848 0.263435 0.772185 0.461143 0.77473 0.486055 0.771486 0.486503 0.771486 0.486503 0.767997 0.486992 0.765408 0.461616 0.767997 0.486992 0.764691 0.487445 0.762081 0.46184 0.792748 0.31372 0.78968 0.312622 0.798992 0.289267 0.78968 0.312622 0.786376 0.311447 0.795779 0.287868 0.795779 0.287868 0.786376 0.311447 0.783252 0.310324 0.825999 0.245586 0.812814 0.268099 0.809928 0.266579 0.809928 0.266579 0.806812 0.264965 0.819815 0.241714 0.806812 0.264965 0.803848 0.263435 0.816596 0.2402189 0.778982 0.510749 0.775775 0.511419 0.771486 0.486503 0.775775 0.511419 0.772325 0.512147 0.767997 0.486992 0.767997 0.486992 0.772325 0.512147 0.769056 0.512826 0.785128 0.337462 0.781989 0.336577 0.78968 0.312622 0.781989 0.336577 0.778611 0.335631 0.786376 0.311447 0.786376 0.311447 0.778611 0.335631 0.775414 0.334724 0.784924 0.535108 0.781769 0.535998 0.775775 0.511419 0.781769 0.535998 0.778375 0.536962 0.772325 0.512147 0.772325 0.512147 0.778375 0.536962 0.775158 0.537864 0.785128 0.337462 0.779153 0.361689 0.775958 0.361022 0.775958 0.361022 0.77252 0.360309 0.778611 0.335631 0.77252 0.360309 0.769266 0.359623 0.775414 0.334724 0.784924 0.535108 0.79253 0.559016 0.789441 0.560122 0.789441 0.560122 0.786119 0.561317 0.778375 0.536962 0.786119 0.561317 0.78297 0.562439 0.775158 0.537864 0.779153 0.361689 0.774852 0.386288 0.771617 0.385841 0.771617 0.385841 0.768135 0.385365 0.77252 0.360309 0.768135 0.385365 0.76484 0.384904 0.769266 0.359623 0.79253 0.559016 0.801769 0.582364 0.79876 0.58368 0.79876 0.58368 0.795525 0.585101 0.786119 0.561317 0.795525 0.585101 0.792457 0.586437 0.78297 0.562439 0.772249 0.411141 0.768988 0.410917 0.771617 0.385841 0.768988 0.410917 0.76548 0.410682 0.768135 0.385365 0.768135 0.385365 0.76548 0.410682 0.762158 0.410448 0.812631 0.60508 0.809698 0.606621 0.79876 0.58368 0.809698 0.606621 0.806555 0.608257 0.795525 0.585101 0.795525 0.585101 0.806555 0.608257 0.803574 0.60978 0.771358 0.436133 0.768087 0.436133 0.768988 0.410917 0.768087 0.436133 0.764568 0.436139 0.76548 0.410682 0.76548 0.410682 0.764568 0.436139 0.761236 0.436134 0.774852 0.386288 0.777759 0.386691 0.775179 0.411344 0.815414 0.269487 0.82851 0.247489 0.832154 0.250805 0.815245 0.603695 0.819513 0.60146 0.832154 0.622778 0.804473 0.581181 0.808879 0.579306 0.819513 0.60146 0.804473 0.581181 0.795307 0.558023 0.799831 0.556461 0.795307 0.558023 0.787761 0.534308 0.792378 0.533061 0.781866 0.510146 0.786555 0.50922 0.792378 0.533061 0.777646 0.485652 0.782385 0.48505 0.786555 0.50922 0.777646 0.485652 0.77512 0.460942 0.779886 0.460667 0.77512 0.460942 0.774297 0.436134 0.779067 0.436187 0.775179 0.411344 0.779931 0.411724 0.779067 0.436187 0.777759 0.386691 0.782471 0.387396 0.779931 0.411724 0.777759 0.386691 0.782023 0.362291 0.786672 0.363317 0.782023 0.362291 0.787949 0.338259 0.792512 0.339601 0.795505 0.314708 0.799962 0.316359 0.792512 0.339601 0.804657 0.291749 0.808985 0.293701 0.799962 0.316359 0.804657 0.291749 0.815414 0.269487 0.819543 0.271751 0.184531 0.605722 0.18689 0.604564 0.194661 0.619551 0.008854985 0.277832 0.02411895 0.275397 0.02814298 0.297744 0.001953959 0.16163 0.003335952 0.138354 0.01874399 0.139576 0.01298499 0.30078 0.02814298 0.297744 0.03303998 0.319914 0.008856952 0.09205597 0.02411997 0.09449195 0.02098995 0.116981 0.008854985 0.277832 0.005638957 0.254737 0.020989 0.252908 0.008856952 0.09205597 0.01298695 0.06910699 0.028144 0.07214498 0.005638957 0.254737 0.003334999 0.231534 0.01874399 0.230313 0.03075999 0.368398 0.023947 0.346098 0.03881698 0.341873 0.01298695 0.06910699 0.01801896 0.04633897 0.03304195 0.04997396 0.001953959 0.208257 0.01740097 0.207646 0.01874399 0.230313 0.182438 0.201115 0.182116 0.184945 0.197573 0.184945 0.00149095 0.184944 0.01694798 0.184945 0.01740097 0.207646 0.03076499 0.00149095 0.04545396 0.006299972 0.03881996 0.02801495 0.190089 0.265288 0.187223 0.249371 0.202487 0.246936 0.184994 0.136537 0.187224 0.120519 0.202488 0.122954 0.193578 0.28108 0.208602 0.277445 0.212559 0.292494 0.182438 0.168775 0.197881 0.169386 0.197573 0.184945 0.02395099 0.02378898 0.03881996 0.02801495 0.03304195 0.04997396 0.717285 0.07975196 0.723847 0.07983398 0.723665 0.09314298 0.193579 0.08880996 0.197693 0.07316899 0.212561 0.07739299 0.197692 0.29672 0.212559 0.292494 0.217108 0.307378 0.183394 0.217259 0.182438 0.201115 0.197881 0.200503 0.197693 0.07316899 0.202419 0.05770295 0.217108 0.06251096 0.193579 0.08880996 0.208603 0.092444 0.205245 0.107638 0.183394 0.217259 0.198804 0.216038 0.20034 0.231522 0.19009 0.104602 0.205245 0.107638 0.202488 0.122954 0.184993 0.233353 0.20034 0.231522 0.202487 0.246936 0.023947 0.346098 0.01801699 0.323548 0.03303998 0.319914 0.00149095 0.184944 0.001953959 0.16163 0.01740097 0.162243 0.193578 0.28108 0.190089 0.265288 0.205243 0.26225 0.183395 0.152631 0.198804 0.153852 0.197881 0.169386 0.536997 0.546185 0.534608 0.546231 0.534366 0.53451 0.380529 0.856367 0.536101 0.862529 0.535987 0.865244 0.843422 0.832338 0.843536 0.835053 0.687964 0.841214 0.380529 0.900544 0.536101 0.906706 0.535987 0.909421 0.376647 0.516582 0.379036 0.516628 0.378673 0.53451 0.685575 0.841261 0.687964 0.841214 0.688206 0.852935 0.380529 0.941739 0.380416 0.939024 0.535987 0.932862 0.536997 0.522836 0.536746 0.535029 0.534366 0.53451 0.845925 0.870864 0.843536 0.870817 0.843899 0.852935 0.685948 0.879184 0.688337 0.87923 0.687973 0.897112 0.37915 0.513913 0.534721 0.520075 0.534608 0.52279 0.685575 0.86461 0.685825 0.852416 0.688206 0.852935 0.846298 0.885438 0.846047 0.897631 0.843667 0.897112 0.05675798 0.894893 0.05638498 0.876538 0.05878394 0.876964 0.843422 0.873532 0.68785 0.867371 0.687964 0.864656 0.68845 0.876515 0.844022 0.882677 0.843908 0.885392 0.183395 0.152631 0.184994 0.136537 0.200341 0.138366 0.177497 0.590886 0.179906 0.589852 0.18689 0.604564 0.160005 0.462886 0.162841 0.446856 0.16538 0.447409 0.17146 0.575629 0.166489 0.560009 0.1690109 0.559314 0.160005 0.462886 0.162578 0.463262 0.160875 0.479288 0.177497 0.590886 0.17146 0.575629 0.17393 0.574761 0.171777 0.415623 0.17421 0.416518 0.169264 0.431803 0.162612 0.544097 0.1651729 0.543579 0.1690109 0.559314 0.162841 0.446856 0.166772 0.431077 0.169264 0.431803 0.159844 0.527972 0.158196 0.511711 0.160799 0.51155 0.177293 0.556967 0.173588 0.54181 0.17605 0.541297 0.177827 0.400564 0.184864 0.385938 0.187192 0.387132 0.159844 0.527972 0.162432 0.527632 0.1651729 0.543579 0.177827 0.400564 0.180193 0.401621 0.17421 0.416518 0.158196 0.511711 0.157674 0.49539 0.16028 0.495409 0.725951 0.02756994 0.732724 0.02807998 0.732057 0.04077196 0.205415 0.378767 0.208212 0.381419 0.200206 0.394119 0.205233 0.613386 0.196857 0.599364 0.200193 0.597588 0.196857 0.599364 0.19012 0.585369 0.193566 0.5839 0.18441 0.570997 0.187947 0.569778 0.193566 0.5839 0.179715 0.556284 0.1833249 0.555314 0.187947 0.569778 0.179715 0.556284 0.17605 0.541297 0.179714 0.540579 0.17605 0.541297 0.173429 0.526107 0.1771309 0.525644 0.171864 0.510788 0.175586 0.510581 0.1771309 0.525644 0.17136 0.495412 0.175083 0.495463 0.175586 0.510581 0.17136 0.495412 0.171917 0.480054 0.175624 0.480361 0.171917 0.480054 0.17353 0.464787 0.1772029 0.465348 0.176189 0.449683 0.179811 0.450495 0.1772029 0.465348 0.179879 0.434814 0.1834329 0.435872 0.179811 0.450495 0.179879 0.434814 0.1845819 0.42025 0.18805 0.421551 0.1845819 0.42025 0.19028 0.406062 0.193642 0.4076 0.1970109 0.392312 0.200206 0.394119 0.193642 0.4076 0.718617 0.174107 0.725279 0.173588 0.726435 0.186964 0.71761 0.06644499 0.724137 0.06658798 0.723847 0.07983398 0.717864 0.160509 0.724525 0.160162 0.725279 0.173588 0.718076 0.053213 0.724553 0.053433 0.724137 0.06658798 0.717393 0.146955 0.724042 0.1467249 0.724525 0.160162 0.718724 0.04008299 0.725133 0.040407 0.724553 0.053433 0.717116 0.133441 0.723753 0.1332949 0.724042 0.1467249 0.722743 0.00149095 0.729093 0.002445995 0.727171 0.01498395 0.71963 0.02709197 0.725951 0.02756994 0.725133 0.040407 0.716987 0.119964 0.723609 0.119883 0.723753 0.1332949 0.720915 0.01426595 0.727171 0.01498395 0.725951 0.02756994 0.716978 0.106521 0.723584 0.106496 0.723609 0.119883 0.721625 0.201353 0.728163 0.200241 0.730845 0.213649 0.717078 0.09311497 0.723665 0.09314298 0.723584 0.106496 0.719798 0.18774 0.726435 0.186964 0.728163 0.200241 0.728163 0.200241 0.735148 0.19906 0.737735 0.211526 0.723665 0.09314298 0.730827 0.09323 0.730768 0.10653 0.769535 0.106852 0.769529 0.09374195 0.776586 0.09376895 0.723847 0.07983398 0.730979 0.079975 0.730827 0.09323 0.769529 0.09374195 0.769548 0.08064496 0.776595 0.08067697 0.726435 0.186964 0.725279 0.173588 0.732441 0.173101 0.725279 0.173588 0.724525 0.160162 0.73172 0.159853 0.770009 0.158996 0.776939 0.15893 0.777071 0.171744 0.724042 0.1467249 0.731249 0.146539 0.73172 0.159853 0.770009 0.158996 0.769817 0.146058 0.776804 0.146006 0.76958 0.119957 0.776626 0.1199499 0.776697 0.133004 0.723753 0.1332949 0.730959 0.133199 0.731249 0.146539 0.725951 0.02756994 0.727171 0.01498395 0.733691 0.01575398 0.723753 0.1332949 0.723609 0.119883 0.730807 0.119858 0.769511 0.04169595 0.769302 0.02893298 0.776192 0.02872699 0.586187 0.816829 0.584023 0.807771 0.585487 0.807537 0.009727001 0.793716 0.01324898 0.792582 0.01820194 0.80207 0.06888097 0.756839 0.06629896 0.759453 0.05758196 0.753393 0.06843596 0.809223 0.05834496 0.815711 0.05688697 0.812291 0.007968962 0.78193 0.01166397 0.782007 0.01324898 0.792582 0.774431 0.002418994 0.792512 0.001530945 0.7929 0.01479995 0.007968962 0.78193 0.01014995 0.770227 0.01361399 0.771504 0.04776197 0.746855 0.05916196 0.750076 0.05758196 0.753393 0.01014995 0.770227 0.01602494 0.759887 0.01887995 0.762222 0.04670995 0.818549 0.04644894 0.814843 0.05688697 0.812291 0.02494299 0.752037 0.02687799 0.755173 0.01887995 0.762222 0.03479796 0.817436 0.03575897 0.813852 0.04644894 0.814843 0.03592395 0.747531 0.03672897 0.751123 0.02687799 0.755173 0.03479796 0.817436 0.02391195 0.812502 0.02598798 0.80943 0.03592395 0.747531 0.04776197 0.746855 0.047351 0.75051 0.02391195 0.812502 0.01524096 0.804294 0.01820194 0.80207 0.775668 0.01580697 0.7929 0.01479995 0.793372 0.02795594 0.776934 0.196948 0.793769 0.197152 0.793654 0.210237 0.77713 0.184417 0.793925 0.18433 0.793769 0.197152 0.777071 0.171744 0.793984 0.171525 0.793925 0.18433 0.776939 0.15893 0.79398 0.158663 0.793984 0.171525 0.776804 0.146006 0.793952 0.145736 0.79398 0.158663 0.776697 0.133004 0.793924 0.132754 0.793952 0.145736 0.776626 0.1199499 0.79391 0.119729 0.793924 0.132754 0.776592 0.106865 0.793913 0.106672 0.79391 0.119729 0.776586 0.09376895 0.79393 0.09358996 0.793913 0.106672 0.776595 0.08067697 0.793947 0.08048796 0.79393 0.09358996 0.776598 0.06760799 0.793942 0.06736999 0.793947 0.08048796 0.776564 0.05458295 0.793877 0.05423998 0.793942 0.06736999 0.776451 0.04162096 0.793703 0.04110097 0.793877 0.05423998 0.776192 0.02872699 0.793372 0.02795594 0.793703 0.04110097 0.07593995 0.799653 0.06843596 0.809223 0.06592696 0.806462 0.901164 0.23836 0.901166 0.2390159 0.896268 0.2390159 0.604816 0.746296 0.612652 0.739938 0.613539 0.741289 0.583127 0.798424 0.584621 0.798394 0.585487 0.807537 0.611745 0.719194 0.621807 0.734603 0.612449 0.739633 0.583127 0.798424 0.583538 0.788965 0.585034 0.789144 0.605992 0.847131 0.606946 0.846038 0.614159 0.851393 0.585269 0.779576 0.586738 0.779964 0.585034 0.789144 0.605992 0.847131 0.599547 0.840688 0.600641 0.839745 0.585269 0.779576 0.588307 0.770442 0.589721 0.771034 0.594041 0.833424 0.595258 0.832637 0.600641 0.839745 0.592615 0.761739 0.593945 0.762528 0.589721 0.771034 0.594041 0.833424 0.589555 0.82543 0.590878 0.824814 0.592615 0.761739 0.598135 0.753636 0.599355 0.754612 0.586187 0.816829 0.587593 0.816398 0.590878 0.824814 0.604816 0.746296 0.605895 0.747455 0.599355 0.754612 0.601787 0.726144 0.612449 0.739633 0.604569 0.746035 0.604746 0.86531 0.613204 0.852939 0.621908 0.857289 0.595954 0.858871 0.605776 0.84738 0.613204 0.852939 0.587904 0.851194 0.5993 0.840903 0.605776 0.84738 0.580912 0.842357 0.593767 0.833604 0.5993 0.840903 0.575173 0.832533 0.589257 0.825571 0.593767 0.833604 0.570823 0.821913 0.585869 0.816929 0.589257 0.825571 0.567967 0.8107 0.583692 0.807826 0.585869 0.816929 0.566684 0.799104 0.582788 0.798433 0.583692 0.807826 0.567024 0.787345 0.583198 0.788926 0.582788 0.798433 0.569008 0.775651 0.584935 0.779491 0.583198 0.788926 0.572624 0.764253 0.587986 0.77031 0.584935 0.779491 0.577829 0.753383 0.592312 0.761562 0.587986 0.77031 0.584537 0.743273 0.597857 0.753416 0.592312 0.761562 0.592603 0.734141 0.604569 0.746035 0.597857 0.753416 0.622023 0.856956 0.61338 0.852652 0.614159 0.851393 0.875742 0.02576696 0.872656 0.02342498 0.879401 0.01554596 0.898275 0.777926 0.89325 0.777913 0.89338 0.77727 0.879088 0.506345 0.874085 0.506332 0.874214 0.505692 0.928016 0.51033 0.932676 0.510291 0.932676 0.77727 0.891373 0.506652 0.891371 0.505996 0.896269 0.505996 0.861726 0.51033 0.866386 0.510291 0.866386 0.77727 0.888484 0.777926 0.888482 0.77727 0.89338 0.77727 0.942469 0.509635 0.942471 0.510291 0.937573 0.510291 0.901164 0.506652 0.896139 0.506639 0.896269 0.505996 0.88084 0.77723 0.87618 0.77727 0.87618 0.510291 0.898275 0.509635 0.898277 0.510291 0.89338 0.510291 0.908809 0.239056 0.913468 0.2390159 0.913468 0.505996 0.932677 0.509635 0.937703 0.509648 0.937573 0.510291 0.866387 0.509635 0.871413 0.509648 0.871283 0.510291 0.888484 0.509635 0.893509 0.509648 0.89338 0.510291 0.927922 0.505956 0.923263 0.505996 0.923263 0.2390159 0.855498 0.06067597 0.853853 0.07084995 0.845082 0.07000398 0.859341 0.100704 0.855583 0.101545 0.853898 0.09140497 0.875742 0.02576696 0.870185 0.03398197 0.86686 0.03199398 0.859341 0.100704 0.861995 0.110194 0.858353 0.111435 0.870185 0.03398197 0.865556 0.04274696 0.862037 0.04113298 0.861995 0.110194 0.865656 0.119333 0.862172 0.120959 0.861906 0.05195397 0.858237 0.05073195 0.862037 0.04113298 0.87028 0.128017 0.866993 0.1300089 0.862172 0.120959 0.859275 0.06149494 0.855498 0.06067597 0.858237 0.05073195 0.882226 0.143654 0.889607 0.150445 0.887177 0.153681 0.875816 0.136149 0.872758 0.138489 0.866993 0.1300089 0.859275 0.06149494 0.857693 0.07125496 0.853853 0.07084995 0.875816 0.136149 0.882226 0.143654 0.879416 0.146354 0.857693 0.07125496 0.857176 0.08111995 0.853318 0.081133 0.882178 0.01822799 0.879401 0.01554596 0.887292 0.00832796 0.857728 0.09097498 0.853898 0.09140497 0.853318 0.081133 0.655847 0.640116 0.651914 0.641936 0.647672 0.631278 0.872758 0.138489 0.879416 0.146354 0.873094 0.152356 0.853853 0.07084995 0.853318 0.081133 0.844515 0.08123999 0.879401 0.01554596 0.872823 0.009470999 0.881037 0.00149095 0.853898 0.09140497 0.845165 0.09246295 0.844515 0.08123999 0.872656 0.02342498 0.865532 0.01814597 0.872823 0.009470999 0.855583 0.101545 0.847023 0.103539 0.845165 0.09246295 0.872656 0.02342498 0.86686 0.03199398 0.859226 0.02752697 0.855583 0.101545 0.858353 0.111435 0.850066 0.11434 0.86686 0.03199398 0.862037 0.04113298 0.853974 0.037521 0.858353 0.111435 0.862172 0.120959 0.854255 0.12474 0.858237 0.05073195 0.849838 0.04801499 0.853974 0.037521 0.866993 0.1300089 0.859539 0.134617 0.854255 0.12474 0.855498 0.06067597 0.846863 0.05888497 0.849838 0.04801499 0.879416 0.146354 0.887177 0.153681 0.881014 0.160154 0.872758 0.138489 0.865852 0.143856 0.859539 0.134617 0.66352 0.53267 0.655216 0.526644 0.663335 0.516827 0.6557 0.554378 0.65165 0.564705 0.647503 0.563337 0.655847 0.640116 0.660981 0.64984 0.657267 0.65207 0.65165 0.564705 0.648735 0.575395 0.64447 0.574481 0.682592 0.67507 0.679857 0.678861 0.671062 0.670452 0.660981 0.64984 0.667129 0.658959 0.663664 0.661581 0.646986 0.586323 0.642651 0.585873 0.64447 0.574481 0.674266 0.667399 0.671062 0.670452 0.663664 0.661581 0.646418 0.597364 0.642066 0.597381 0.642651 0.585873 0.682592 0.519347 0.67419 0.526826 0.671057 0.523803 0.646418 0.597364 0.647037 0.608389 0.642716 0.608872 0.67419 0.526826 0.667019 0.535299 0.66352 0.53267 0.647037 0.608389 0.648833 0.619272 0.644593 0.620215 0.66084 0.544535 0.657073 0.542307 0.66352 0.53267 0.651781 0.629888 0.647672 0.631278 0.644593 0.620215 0.6557 0.554378 0.651718 0.552571 0.657073 0.542307 0.79893 0.108502 0.810844 0.108327 0.811431 0.121249 0.644593 0.620215 0.634726 0.622541 0.632645 0.610128 0.657073 0.542307 0.648203 0.537223 0.655216 0.526644 0.647672 0.631278 0.638122 0.634645 0.634726 0.622541 0.651718 0.552571 0.642369 0.548473 0.648203 0.537223 0.651914 0.641936 0.642791 0.646301 0.638122 0.634645 0.647503 0.563337 0.637779 0.56027 0.642369 0.548473 0.657267 0.65207 0.648675 0.657377 0.642791 0.646301 0.64447 0.574481 0.634485 0.572476 0.637779 0.56027 0.679857 0.678861 0.672435 0.68615 0.663742 0.677298 0.663664 0.661581 0.6557 0.667745 0.648675 0.657377 0.642651 0.585873 0.632521 0.584951 0.634485 0.572476 0.671062 0.670452 0.663742 0.677298 0.6557 0.667745 0.642066 0.597381 0.631906 0.59755 0.632521 0.584951 0.671057 0.523803 0.663335 0.516827 0.672503 0.507705 0.642716 0.608872 0.632645 0.610128 0.631906 0.59755 0.816189 0.02665096 0.827372 0.03170394 0.822244 0.04401797 0.920957 0.8551 0.922713 0.85601 0.914983 0.865678 0.799252 0.09463 0.811207 0.09533196 0.810844 0.108327 0.823945 0.199256 0.833864 0.193575 0.84075 0.204441 0.800598 0.08074796 0.812529 0.08233296 0.811207 0.09533196 0.812182 0.1751739 0.822957 0.1708469 0.828003 0.1824139 0.80297 0.06693196 0.814813 0.06939995 0.812529 0.08233296 0.807619 0.162434 0.818745 0.158891 0.822957 0.1708469 0.806366 0.05325895 0.818054 0.05660498 0.814813 0.06939995 0.803988 0.1493279 0.815402 0.146597 0.818745 0.158891 0.810778 0.03980499 0.822244 0.04401797 0.818054 0.05660498 0.801314 0.135924 0.812956 0.134028 0.815402 0.146597 0.576137 0.167124 0.588476 0.1636 0.588818 0.167828 0.799622 0.122292 0.811431 0.121249 0.812956 0.134028 0.822554 0.01387697 0.833447 0.01972997 0.827372 0.03170394 0.817646 0.187476 0.828003 0.1824139 0.833864 0.193575 0.65353 0.712564 0.662938 0.720254 0.657989 0.727348 0.853572 0.831687 0.855325 0.844498 0.85325 0.845121 0.9141 0.801068 0.904516 0.794781 0.90529 0.792992 0.855325 0.844498 0.860813 0.856083 0.859049 0.857297 0.893219 0.792072 0.893345 0.790092 0.90529 0.792992 0.869464 0.865243 0.868198 0.866919 0.859049 0.857297 0.881418 0.793374 0.880854 0.79142 0.893345 0.790092 0.880346 0.870994 0.879719 0.872949 0.868198 0.866919 0.881418 0.793374 0.870448 0.798744 0.86924 0.797043 0.880346 0.870994 0.892222 0.872678 0.892291 0.874684 0.870448 0.798744 0.861562 0.807581 0.859843 0.806322 0.913679 0.864203 0.914983 0.865678 0.90448 0.872125 0.892222 0.872678 0.903748 0.870288 0.90448 0.872125 0.855729 0.81895 0.853677 0.818269 0.859843 0.806322 0.920965 0.810226 0.9141 0.801068 0.915424 0.799656 0.853572 0.831687 0.851398 0.831655 0.853677 0.818269 0.565947 0.174834 0.576137 0.167124 0.578017 0.1709 0.565947 0.174834 0.569067 0.177678 0.563164 0.187239 0.621551 0.179647 0.62621 0.191675 0.622024 0.192453 0.62621 0.191675 0.626211 0.204564 0.622029 0.203779 0.62156 0.216574 0.617947 0.2143329 0.622029 0.203779 0.612892 0.226085 0.610335 0.222694 0.617947 0.2143329 0.612892 0.226085 0.601384 0.23182 0.600225 0.227737 0.601384 0.23182 0.588591 0.233011 0.588985 0.228788 0.576242 0.229503 0.578132 0.22571 0.588985 0.228788 0.566 0.221778 0.56913 0.218926 0.578132 0.22571 0.566 0.221778 0.559245 0.210883 0.563191 0.209356 0.559245 0.210883 0.556883 0.1982949 0.561111 0.198296 0.559225 0.185712 0.563164 0.187239 0.561111 0.198296 0.621551 0.179647 0.617926 0.181886 0.610281 0.173507 0.612855 0.170104 0.610281 0.173507 0.600105 0.168453 0.652275 0.809604 0.662364 0.801995 0.668276 0.808734 0.638553 0.781143 0.650689 0.778092 0.653495 0.786525 0.638553 0.781143 0.636646 0.770804 0.649033 0.769395 0.668535 0.698566 0.675333 0.708474 0.668754 0.71391 0.656109 0.820836 0.656792 0.820162 0.665196 0.827633 0.636646 0.770804 0.636131 0.760344 0.648547 0.76059 0.675283 0.689133 0.675788 0.689924 0.666547 0.695804 0.637004 0.749948 0.649231 0.751831 0.648547 0.76059 0.660542 0.705075 0.668754 0.71391 0.662938 0.720254 0.63924 0.739798 0.651064 0.743273 0.649231 0.751831 0.659299 0.817673 0.668276 0.808734 0.675043 0.814594 0.63924 0.739798 0.642789 0.730074 0.654004 0.735065 0.652275 0.809604 0.646423 0.80072 0.657408 0.794542 0.642789 0.730074 0.647581 0.720943 0.657989 0.727348 0.641827 0.791175 0.653495 0.786525 0.657408 0.794542 0.953668 0.509635 0.957433 0.509665 0.957205 0.510765 0.635072 0.738585 0.635962 0.738845 0.633616 0.749436 0.648719 0.812302 0.64948 0.811727 0.656792 0.820162 0.638835 0.728324 0.639679 0.728699 0.635962 0.738845 0.642558 0.802911 0.643384 0.802444 0.64948 0.811727 0.643908 0.718691 0.644693 0.719173 0.639679 0.728699 0.637721 0.792826 0.638599 0.792474 0.643384 0.802444 0.650199 0.709848 0.65091 0.710429 0.644693 0.719173 0.63428 0.78223 0.635194 0.781999 0.638599 0.792474 0.666003 0.695053 0.666547 0.695804 0.658231 0.702607 0.657602 0.701936 0.658231 0.702607 0.65091 0.710429 0.632284 0.771312 0.633217 0.771205 0.635194 0.781999 0.667397 0.824825 0.675043 0.814594 0.682592 0.819359 0.631757 0.760269 0.632691 0.760286 0.633217 0.771205 0.664595 0.828391 0.665196 0.827633 0.674584 0.834235 0.632695 0.749295 0.633616 0.749436 0.632691 0.760286 0.564865 0.546426 0.55897 0.540531 0.561415 0.538897 0.55578 0.532829 0.558664 0.532255 0.561415 0.538897 0.55578 0.532829 0.55578 0.524492 0.558664 0.525066 0.55897 0.51679 0.561415 0.518424 0.558664 0.525066 0.55897 0.51679 0.564865 0.510895 0.566499 0.513341 0.572567 0.507705 0.573141 0.51059 0.566499 0.513341 0.572567 0.507705 0.580903 0.507705 0.58033 0.51059 0.588606 0.510895 0.586972 0.513341 0.58033 0.51059 0.588606 0.510895 0.5945 0.51679 0.592055 0.518424 0.597691 0.524492 0.594806 0.525066 0.592055 0.518424 0.597691 0.524492 0.597691 0.532829 0.594806 0.532255 0.5945 0.540531 0.592055 0.538897 0.594806 0.532255 0.5945 0.540531 0.588606 0.546426 0.586972 0.543981 0.580903 0.549616 0.58033 0.546732 0.586972 0.543981 0.580903 0.549616 0.572567 0.549616 0.573141 0.546732 0.564865 0.546426 0.566499 0.543981 0.573141 0.546732 0.951329 0.903459 0.928016 0.903459 0.928016 0.89529 0.932315 0.00149095 0.93608 0.001521944 0.935852 0.002621948 0.905168 0.001806974 0.905175 0.002905964 0.901707 0.002907991 0.960747 0.509648 0.960752 0.510772 0.957205 0.510765 0.977276 0.205727 0.973731 0.2057549 0.973731 0.002627968 0.897147 0.001491963 0.901989 0.00149095 0.901707 0.002907991 0.953664 0.715058 0.953659 0.713935 0.957205 0.713942 0.963095 0.002642989 0.96664 0.002614974 0.96664 0.205741 0.930905 0.239512 0.934451 0.239484 0.934451 0.442661 0.960743 0.715072 0.956977 0.715042 0.957205 0.713942 0.21557 0.372687 0.211195 0.372687 0.211449 0.371406 0.94509 0.442646 0.941544 0.442674 0.941544 0.239497 0.960112 0.205777 0.956566 0.205805 0.956566 0.002627968 0.966645 0.206865 0.96664 0.205741 0.970186 0.205748 0.93446 0.23836 0.938225 0.23839 0.937997 0.239491 0.945927 0.002642989 0.949473 0.002614974 0.949473 0.205792 0.951329 0.821759 0.928016 0.821759 0.928016 0.813589 0.951329 0.797249 0.928016 0.797249 0.928016 0.789079 0.951329 0.846269 0.928016 0.846269 0.928016 0.838099 0.225911 0.690074 0.224201 0.690826 0.222461 0.682657 0.951329 0.854439 0.928016 0.854439 0.928016 0.846269 0.951329 0.895289 0.928016 0.89529 0.928016 0.887119 0.951329 0.862609 0.928016 0.862609 0.928016 0.854439 0.951329 0.805419 0.928016 0.805419 0.928016 0.797249 0.951329 0.870779 0.928016 0.870779 0.928016 0.862609 0.223187 0.591465 0.221248 0.591405 0.2214 0.583084 0.951329 0.878949 0.928016 0.878949 0.928016 0.870779 0.951329 0.813589 0.928016 0.813589 0.928016 0.805419 0.951329 0.887119 0.928016 0.887119 0.928016 0.878949 0.951329 0.829929 0.928016 0.829929 0.928016 0.821759 0.951329 0.838099 0.928016 0.838099 0.928016 0.829929 0.08621299 0.7801 0.09077495 0.781039 0.08972597 0.788198 0.223222 0.657353 0.221278 0.657345 0.221244 0.649067 0.223187 0.591465 0.223159 0.599711 0.221215 0.599667 0.223399 0.665686 0.2214249 0.665693 0.221278 0.657345 0.223159 0.599711 0.223096 0.607951 0.221171 0.607914 0.224476 0.682428 0.222461 0.682657 0.221706 0.674097 0.223688 0.673979 0.221706 0.674097 0.2214249 0.665693 0.223096 0.607951 0.223122 0.616177 0.221185 0.616141 0.951329 0.789079 0.928016 0.789079 0.928016 0.780909 0.223122 0.616177 0.223087 0.6244 0.221165 0.624367 0.225717 0.559115 0.224358 0.566645 0.222452 0.566367 0.223134 0.632622 0.2211959 0.63259 0.221165 0.624367 0.224358 0.566645 0.223643 0.574945 0.2216899 0.57476 0.223119 0.640849 0.221193 0.640821 0.2211959 0.63259 0.223359 0.583165 0.2214 0.583084 0.2216899 0.57476 0.2231889 0.649093 0.221244 0.649067 0.221193 0.640821 0.465845 0.475167 0.465845 0.503693 0.460749 0.503693 0.09769296 0.839055 0.09374797 0.832407 0.09790098 0.830262 0.085092 0.787701 0.08972597 0.788198 0.08936798 0.795426 0.09769296 0.839055 0.101595 0.83647 0.105919 0.842183 0.08621299 0.7801 0.088059 0.772645 0.092507 0.774018 0.09374797 0.832407 0.09050899 0.825413 0.09485095 0.823696 0.088059 0.772645 0.090613 0.765409 0.09490197 0.767201 0.08797299 0.818144 0.09245896 0.816859 0.09485095 0.823696 0.09385299 0.758465 0.097934 0.760659 0.09490197 0.767201 0.08615297 0.810669 0.09073996 0.809824 0.09245896 0.816859 0.102294 0.745822 0.10752 0.740446 0.110334 0.743789 0.09775197 0.751898 0.101562 0.754472 0.097934 0.760659 0.08615297 0.810669 0.08506095 0.803057 0.08970695 0.802657 0.10631 0.825909 0.109048 0.824498 0.112055 0.829695 0.101581 0.776767 0.104542 0.777655 0.103107 0.783507 0.116843 0.840968 0.11307 0.836384 0.1154749 0.834582 0.09885895 0.795482 0.101951 0.795492 0.10224 0.801514 0.112976 0.754415 0.1154839 0.756223 0.112053 0.76124 0.116673 0.749564 0.119137 0.751324 0.1154839 0.756223 0.09916096 0.801801 0.10224 0.801514 0.103106 0.807481 0.09775197 0.751898 0.102294 0.745822 0.105727 0.748758 0.106299 0.765058 0.109436 0.759586 0.112053 0.76124 0.101575 0.814208 0.100069 0.808063 0.103106 0.807481 0.103665 0.7708 0.106299 0.765058 0.109045 0.766483 0.103663 0.820177 0.101575 0.814208 0.104542 0.813338 0.103665 0.7708 0.106528 0.771964 0.104542 0.777655 0.103663 0.820177 0.10653 0.819028 0.109048 0.824498 0.102399 0.845252 0.105919 0.842183 0.110836 0.847103 0.08506095 0.803057 0.08470696 0.795377 0.08936798 0.795426 0.11307 0.836384 0.109474 0.831337 0.112055 0.829695 0.09885895 0.795482 0.09916496 0.789165 0.102241 0.789472 0.116843 0.840968 0.114804 0.84275 0.110774 0.838161 0.110774 0.838161 0.114804 0.84275 0.112645 0.844969 0.112645 0.844969 0.110836 0.847103 0.105919 0.842183 0.09885895 0.795482 0.09916096 0.801801 0.096165 0.802077 0.096165 0.802077 0.09271496 0.802389 0.09238797 0.795448 0.09238797 0.795448 0.09271496 0.802389 0.08970695 0.802657 0.112976 0.754415 0.109436 0.759586 0.106916 0.757979 0.106916 0.757979 0.104045 0.756113 0.107977 0.750599 0.107977 0.750599 0.104045 0.756113 0.101562 0.754472 0.09916096 0.801801 0.100069 0.808063 0.09711295 0.808625 0.09711295 0.808625 0.09370899 0.809267 0.09271496 0.802389 0.09271496 0.802389 0.09370899 0.809267 0.09073996 0.809824 0.106299 0.765058 0.103638 0.763671 0.106916 0.757979 0.106916 0.757979 0.103638 0.763671 0.1005859 0.762065 0.1005859 0.762065 0.097934 0.760659 0.101562 0.754472 0.116673 0.749564 0.112976 0.754415 0.110614 0.752659 0.110614 0.752659 0.107977 0.750599 0.112203 0.745773 0.112203 0.745773 0.107977 0.750599 0.105727 0.748758 0.101575 0.814208 0.09868699 0.815051 0.09711295 0.808625 0.09711295 0.808625 0.09868699 0.815051 0.09536099 0.816019 0.09536099 0.816019 0.09245896 0.816859 0.09073996 0.809824 0.103665 0.7708 0.100883 0.769664 0.103638 0.763671 0.103638 0.763671 0.100883 0.769664 0.09768599 0.768351 0.09768599 0.768351 0.09490197 0.767201 0.097934 0.760659 0.103663 0.820177 0.100872 0.821293 0.09868699 0.815051 0.09868699 0.815051 0.100872 0.821293 0.09765696 0.822577 0.09765696 0.822577 0.09485095 0.823696 0.09245896 0.816859 0.103665 0.7708 0.101581 0.776767 0.09870296 0.7759 0.09870296 0.7759 0.09539198 0.774897 0.09768599 0.768351 0.09768599 0.768351 0.09539198 0.774897 0.092507 0.774018 0.103663 0.820177 0.10631 0.825909 0.103647 0.827284 0.103647 0.827284 0.100579 0.828872 0.09765696 0.822577 0.09765696 0.822577 0.100579 0.828872 0.09790098 0.830262 0.101581 0.776767 0.100075 0.782907 0.09712696 0.78232 0.09712696 0.78232 0.09373295 0.781637 0.09539198 0.774897 0.09539198 0.774897 0.09373295 0.781637 0.09077495 0.781039 0.10631 0.825909 0.109474 0.831337 0.106974 0.832944 0.106974 0.832944 0.1041 0.834816 0.100579 0.828872 0.100579 0.828872 0.1041 0.834816 0.101595 0.83647 0.09916496 0.789165 0.09617298 0.788863 0.09712696 0.78232 0.09712696 0.78232 0.09617298 0.788863 0.09272795 0.788509 0.09272795 0.788509 0.08972597 0.788198 0.09077495 0.781039 0.11307 0.836384 0.110774 0.838161 0.106974 0.832944 0.106974 0.832944 0.110774 0.838161 0.1081719 0.840272 0.1081719 0.840272 0.105919 0.842183 0.101595 0.83647 0.09885895 0.795482 0.095851 0.795469 0.09617298 0.788863 0.09617298 0.788863 0.095851 0.795469 0.09238797 0.795448 0.09238797 0.795448 0.08936798 0.795426 0.08972597 0.788198 0.09916496 0.789165 0.100075 0.782907 0.103107 0.783507 0.513754 0.500293 0.509242 0.504806 0.507412 0.502067 0.503346 0.507248 0.502704 0.504017 0.507412 0.502067 0.503346 0.507248 0.496965 0.507248 0.497608 0.504017 0.49107 0.504806 0.4929 0.502067 0.497608 0.504017 0.49107 0.504806 0.486558 0.500293 0.489296 0.498464 0.484116 0.494398 0.487346 0.493755 0.489296 0.498464 0.484116 0.494398 0.484116 0.488017 0.487346 0.488659 0.486558 0.482121 0.489296 0.483951 0.487346 0.488659 0.49107 0.477609 0.4929 0.480348 0.489296 0.483951 0.49107 0.477609 0.496965 0.475167 0.497608 0.478398 0.496965 0.475167 0.503346 0.475167 0.502704 0.478398 0.509242 0.477609 0.507412 0.480348 0.502704 0.478398 0.513754 0.482121 0.511015 0.483951 0.507412 0.480348 0.513754 0.482121 0.516196 0.488017 0.512966 0.488659 0.516196 0.488017 0.516196 0.494398 0.512966 0.493755 0.516196 0.494398 0.513754 0.500293 0.511015 0.498464 0.430173 0.475167 0.430173 0.503693 0.425077 0.503693 0.481133 0.475168 0.481133 0.503693 0.476037 0.503693 0.470941 0.475167 0.470941 0.503693 0.465845 0.503693 0.435269 0.475168 0.435269 0.503693 0.430173 0.503693 0.476037 0.475167 0.476037 0.503693 0.470941 0.503693 0.440365 0.475168 0.440365 0.503693 0.435269 0.503693 0.404693 0.475167 0.404693 0.503693 0.399597 0.503693 0.445461 0.475167 0.445461 0.503693 0.440365 0.503693 0.409789 0.475167 0.409789 0.503693 0.404693 0.503693 0.450557 0.475167 0.450557 0.503693 0.445461 0.503693 0.414885 0.475167 0.414885 0.503693 0.409789 0.503693 0.455653 0.475167 0.455653 0.503693 0.450557 0.503693 0.419981 0.475167 0.419981 0.503693 0.414885 0.503693 0.460749 0.475167 0.460749 0.503693 0.455653 0.503693 0.425077 0.475167 0.425077 0.503693 0.419981 0.503693 0.178175 0.180925 0.178421 0.1686159 0.182438 0.168775 0.02104794 0.180925 0.178175 0.180925 0.182116 0.184945 0.02104794 0.180925 0.01694798 0.184945 0.01740097 0.162243 0.02251398 0.143907 0.01874399 0.139576 0.183395 0.152631 0.179148 0.156327 0.183395 0.152631 0.182438 0.168775 0.02251398 0.143907 0.02141797 0.162402 0.01740097 0.162243 0.02753496 0.09910696 0.02411997 0.09449195 0.187224 0.120519 0.182698 0.123868 0.187224 0.120519 0.184994 0.136537 0.02753496 0.09910696 0.02498197 0.117457 0.02098995 0.116981 0.1797839 0.148312 0.181002 0.136061 0.184994 0.136537 0.02314895 0.135893 0.1797839 0.148312 0.183395 0.152631 0.02314895 0.135893 0.01874399 0.139576 0.02098995 0.116981 0.03608196 0.05484396 0.03304195 0.04997396 0.193579 0.08880996 0.188803 0.09178996 0.193579 0.08880996 0.19009 0.104602 0.03608196 0.05484396 0.03208696 0.07293498 0.028144 0.07214498 0.183965 0.115928 0.186148 0.103812 0.19009 0.104602 0.02880197 0.09116899 0.183965 0.115928 0.187224 0.120519 0.02880197 0.09116899 0.02411997 0.09449195 0.028144 0.07214498 0.04809999 0.01139497 0.04545396 0.006299972 0.202419 0.05770295 0.190693 0.08397495 0.193826 0.07207 0.197693 0.07316899 0.03797298 0.04703098 0.190693 0.08397495 0.193579 0.08880996 0.03797298 0.04703098 0.03304195 0.04997396 0.03881996 0.02801495 0.197422 0.06029695 0.202419 0.05770295 0.197693 0.07316899 0.04809999 0.01139497 0.04268699 0.02911394 0.03881996 0.02801495 0.03796994 0.322857 0.03303998 0.319914 0.193578 0.28108 0.190692 0.285913 0.193578 0.28108 0.197692 0.29672 0.03796994 0.322857 0.04268497 0.340774 0.03881698 0.341873 0.197421 0.309593 0.193825 0.297819 0.197692 0.29672 0.04809796 0.358494 0.197421 0.309593 0.202417 0.312187 0.04809796 0.358494 0.04545199 0.36359 0.03881698 0.341873 0.03608 0.315044 0.188802 0.278099 0.193578 0.28108 0.02880096 0.27872 0.02411895 0.275397 0.187223 0.249371 0.183965 0.253962 0.187223 0.249371 0.190089 0.265288 0.02880096 0.27872 0.032085 0.296954 0.02814298 0.297744 0.188802 0.278099 0.186147 0.266078 0.190089 0.265288 0.03608 0.315044 0.03303998 0.319914 0.02814298 0.297744 0.023148 0.233995 0.01874399 0.230313 0.183394 0.217259 0.179783 0.221578 0.183394 0.217259 0.184993 0.233353 0.023148 0.233995 0.02498096 0.252432 0.020989 0.252908 0.182698 0.246022 0.181001 0.233829 0.184993 0.233353 0.02753394 0.270782 0.182698 0.246022 0.187223 0.249371 0.02753394 0.270782 0.02411895 0.275397 0.020989 0.252908 0.02104794 0.188964 0.01694798 0.184945 0.182116 0.184945 0.178174 0.188965 0.182116 0.184945 0.182438 0.201115 0.02104794 0.188964 0.02141797 0.207487 0.01740097 0.207646 0.179148 0.213563 0.178421 0.201274 0.182438 0.201115 0.02251297 0.225982 0.179148 0.213563 0.183394 0.217259 0.02251297 0.225982 0.01874399 0.230313 0.01740097 0.207646 0.535746 0.876964 0.380052 0.876964 0.380416 0.859082 0.843667 0.897112 0.843908 0.908833 0.688337 0.914995 0.535746 0.876964 0.535987 0.888685 0.380416 0.894846 0.688206 0.852935 0.843899 0.852935 0.843536 0.870817 0.214477 0.921142 0.2147189 0.932862 0.059147 0.939024 0.688206 0.852935 0.687964 0.841214 0.843536 0.835053 0.843667 0.808757 0.687973 0.808757 0.688337 0.790875 0.214477 0.921142 0.05878394 0.921142 0.059147 0.90326 0.534366 0.53451 0.378673 0.53451 0.379036 0.516628 0.843667 0.808757 0.843908 0.820478 0.688337 0.82664 0.534366 0.53451 0.534608 0.546231 0.379036 0.552392 0.214477 0.876964 0.05878394 0.876964 0.059147 0.859082 0.535746 0.921142 0.380052 0.921142 0.380416 0.90326 0.214477 0.876964 0.2147189 0.888685 0.059147 0.894846 0.535746 0.921142 0.535987 0.932862 0.380416 0.939024 0.843667 0.897112 0.687973 0.897112 0.688337 0.87923 0.538376 0.909467 0.538126 0.92166 0.535746 0.921142 0.845925 0.835006 0.846298 0.853361 0.843899 0.852935 0.538376 0.86529 0.538126 0.877483 0.535746 0.876964 0.379149 0.555108 0.379036 0.552392 0.534608 0.546231 0.05926096 0.900544 0.214832 0.906706 0.2147189 0.909421 0.378026 0.903213 0.380416 0.90326 0.380052 0.921142 0.378026 0.859036 0.380416 0.859082 0.380052 0.876964 0.376647 0.552439 0.376274 0.534084 0.378673 0.53451 0.217108 0.932816 0.2147189 0.932862 0.214477 0.921142 0.538376 0.932816 0.535987 0.932862 0.535746 0.921142 0.68845 0.78816 0.844022 0.794322 0.843908 0.797037 0.538376 0.888639 0.535987 0.888685 0.535746 0.876964 0.05925995 0.941739 0.059147 0.939024 0.2147189 0.932862 0.378026 0.93907 0.377654 0.920716 0.380052 0.921142 0.846298 0.797083 0.846047 0.809276 0.843667 0.808757 0.380529 0.897561 0.380416 0.894846 0.535987 0.888685 0.05926096 0.856367 0.214832 0.862528 0.2147189 0.865243 0.05675798 0.93907 0.05638498 0.920716 0.05878394 0.921142 0.685948 0.790829 0.688337 0.790875 0.687973 0.808757 0.378026 0.894893 0.377654 0.876538 0.380052 0.876964 0.217108 0.86529 0.216857 0.877483 0.214477 0.876964 0.217108 0.909467 0.216857 0.921661 0.214477 0.921142 0.846298 0.908787 0.843908 0.908833 0.843667 0.897112 0.846298 0.820432 0.843908 0.820478 0.843667 0.808757 0.05675798 0.859035 0.059147 0.859082 0.05878394 0.876964 0.05675798 0.903213 0.059147 0.90326 0.05878394 0.921142 0.68845 0.91771 0.688337 0.914995 0.843908 0.908833 0.68845 0.829355 0.688337 0.82664 0.843908 0.820478 0.217108 0.888639 0.2147189 0.888685 0.214477 0.876964 0.685948 0.915041 0.685575 0.896686 0.687973 0.897112 0.685948 0.826686 0.685575 0.808331 0.687973 0.808757 0.05925995 0.897561 0.059147 0.894846 0.2147189 0.888685 0.203036 0.615041 0.194616 0.600567 0.196857 0.599364 0.1688539 0.495409 0.169419 0.479878 0.171917 0.480054 0.1693609 0.510957 0.171864 0.510788 0.173429 0.526107 0.177479 0.43413 0.182237 0.419403 0.1845819 0.42025 0.182237 0.419403 0.188001 0.405052 0.19028 0.406062 0.2032819 0.37707 0.205415 0.378767 0.1970109 0.392312 0.173588 0.54181 0.1709409 0.526449 0.173429 0.526107 0.177293 0.556967 0.179715 0.556284 0.18441 0.570997 0.173744 0.449166 0.176189 0.449683 0.17353 0.464787 0.177479 0.43413 0.179879 0.434814 0.176189 0.449683 0.194616 0.600567 0.187809 0.586383 0.19012 0.585369 0.158279 0.479089 0.160875 0.479288 0.16028 0.495409 0.182038 0.571846 0.18441 0.570997 0.19012 0.585369 0.169419 0.479878 0.171052 0.464439 0.17353 0.464787 0.184864 0.385938 0.192627 0.371381 0.195159 0.372377 0.1688539 0.495409 0.17136 0.495412 0.171864 0.510788 0.203036 0.615041 0.20043 0.616784 0.19211 0.601893 0.20043 0.616784 0.1975139 0.618347 0.1894569 0.603271 0.1894569 0.603271 0.1975139 0.618347 0.194661 0.619551 0.1688539 0.495409 0.1693609 0.510957 0.166589 0.511149 0.166589 0.511149 0.163644 0.51136 0.163129 0.495416 0.163644 0.51136 0.160799 0.51155 0.16028 0.495409 0.194804 0.391105 0.188001 0.405052 0.185474 0.403938 0.185474 0.403938 0.182786 0.402764 0.1897349 0.388438 0.182786 0.402764 0.180193 0.401621 0.187192 0.387132 0.1693609 0.510957 0.1709409 0.526449 0.168186 0.526832 0.168186 0.526832 0.16526 0.527246 0.163644 0.51136 0.16526 0.527246 0.162432 0.527632 0.160799 0.51155 0.182237 0.419403 0.179638 0.418468 0.185474 0.403938 0.179638 0.418468 0.1768749 0.417482 0.182786 0.402764 0.182786 0.402764 0.1768749 0.417482 0.17421 0.416518 0.2032819 0.37707 0.194804 0.391105 0.192354 0.389798 0.192354 0.389798 0.1897349 0.388438 0.197975 0.373659 0.1897349 0.388438 0.187192 0.387132 0.195159 0.372377 0.173588 0.54181 0.170863 0.542383 0.168186 0.526832 0.170863 0.542383 0.167971 0.542998 0.16526 0.527246 0.16526 0.527246 0.167971 0.542998 0.1651729 0.543579 0.177479 0.43413 0.1748189 0.433376 0.179638 0.418468 0.1748189 0.433376 0.171991 0.432582 0.1768749 0.417482 0.1768749 0.417482 0.171991 0.432582 0.169264 0.431803 0.177293 0.556967 0.174611 0.557727 0.170863 0.542383 0.174611 0.557727 0.171765 0.55854 0.167971 0.542998 0.167971 0.542998 0.171765 0.55854 0.1690109 0.559314 0.177479 0.43413 0.173744 0.449166 0.171035 0.448596 0.171035 0.448596 0.168157 0.447999 0.171991 0.432582 0.168157 0.447999 0.16538 0.447409 0.169264 0.431803 0.177293 0.556967 0.182038 0.571846 0.179413 0.57279 0.179413 0.57279 0.176626 0.573799 0.171765 0.55854 0.176626 0.573799 0.17393 0.574761 0.1690109 0.559314 0.173744 0.449166 0.171052 0.464439 0.168308 0.464058 0.168308 0.464058 0.1653929 0.46366 0.168157 0.447999 0.1653929 0.46366 0.162578 0.463262 0.16538 0.447409 0.182038 0.571846 0.187809 0.586383 0.185249 0.587509 0.185249 0.587509 0.182534 0.588708 0.176626 0.573799 0.182534 0.588708 0.179906 0.589852 0.17393 0.574761 0.169419 0.479878 0.166652 0.479687 0.168308 0.464058 0.166652 0.479687 0.163713 0.479491 0.1653929 0.46366 0.1653929 0.46366 0.163713 0.479491 0.160875 0.479288 0.194616 0.600567 0.19211 0.601893 0.185249 0.587509 0.19211 0.601893 0.1894569 0.603271 0.182534 0.588708 0.182534 0.588708 0.1894569 0.603271 0.18689 0.604564 0.1688539 0.495409 0.166077 0.495409 0.166652 0.479687 0.166077 0.495409 0.163129 0.495416 0.163713 0.479491 0.163713 0.479491 0.163129 0.495416 0.16028 0.495409 0.194804 0.391105 0.1970109 0.392312 0.19028 0.406062 0.725133 0.040407 0.732057 0.04077196 0.731575 0.05370295 0.727171 0.01498395 0.729093 0.002445995 0.735364 0.004045963 0.767415 0.003816962 0.774431 0.002418994 0.775668 0.01580697 0.769817 0.146058 0.769673 0.133034 0.776697 0.133004 0.769575 0.054591 0.769511 0.04169595 0.776451 0.04162096 0.724137 0.06658798 0.724553 0.053433 0.731575 0.05370295 0.769575 0.054591 0.776564 0.05458295 0.776598 0.06760799 0.723847 0.07983398 0.724137 0.06658798 0.731224 0.06678795 0.769573 0.067586 0.776598 0.06760799 0.776595 0.08067697 0.770225 0.171801 0.777071 0.171744 0.77713 0.184417 0.726435 0.186964 0.733522 0.186209 0.735148 0.19906 0.770407 0.196717 0.770407 0.184408 0.77713 0.184417 0.769742 0.2085109 0.770407 0.196717 0.776934 0.196948 0.723609 0.119883 0.723584 0.106496 0.730768 0.10653 0.769535 0.106852 0.776592 0.106865 0.776626 0.1199499 0.76958 0.119957 0.760758 0.119908 0.760704 0.10677 0.760704 0.10677 0.760758 0.119908 0.750281 0.119894 0.750281 0.119894 0.739752 0.119889 0.739701 0.106628 0.739701 0.106628 0.739752 0.119889 0.730807 0.119858 0.770407 0.196717 0.762392 0.196559 0.762065 0.184453 0.762392 0.196559 0.753012 0.196884 0.752185 0.1847839 0.752185 0.1847839 0.753012 0.196884 0.743503 0.197838 0.742174 0.185446 0.743503 0.197838 0.735148 0.19906 0.769573 0.067586 0.769548 0.08064496 0.760742 0.080522 0.760742 0.080522 0.750309 0.08037698 0.750428 0.06729596 0.750428 0.06729596 0.750309 0.08037698 0.739849 0.08019095 0.739849 0.08019095 0.730979 0.079975 0.731224 0.06678795 0.769573 0.067586 0.760805 0.06746298 0.760868 0.05449295 0.760868 0.05449295 0.760805 0.06746298 0.750428 0.06729596 0.750428 0.06729596 0.740036 0.06706297 0.740296 0.05404394 0.740296 0.05404394 0.740036 0.06706297 0.731224 0.06678795 0.769817 0.146058 0.761067 0.146091 0.760876 0.133025 0.760876 0.133025 0.761067 0.146091 0.750663 0.146212 0.750663 0.146212 0.740182 0.146387 0.739905 0.133149 0.739905 0.133149 0.740182 0.146387 0.731249 0.146539 0.768769 0.01631295 0.769302 0.02893298 0.760815 0.02905297 0.760815 0.02905297 0.750915 0.02899897 0.751014 0.01696699 0.751014 0.01696699 0.750915 0.02899897 0.741077 0.02863395 0.741077 0.02863395 0.732724 0.02807998 0.733691 0.01575398 0.770407 0.196717 0.769742 0.2085109 0.762353 0.207779 0.762353 0.207779 0.753955 0.208018 0.753012 0.196884 0.753012 0.196884 0.753955 0.208018 0.745441 0.209413 0.745441 0.209413 0.737735 0.211526 0.735148 0.19906 0.769529 0.09374195 0.760703 0.09363299 0.760742 0.080522 0.760703 0.09363299 0.750237 0.09352195 0.750309 0.08037698 0.750309 0.08037698 0.750237 0.09352195 0.739736 0.09338897 0.739849 0.08019095 0.739736 0.09338897 0.730827 0.09323 0.770225 0.171801 0.76168 0.171889 0.761337 0.159067 0.761337 0.159067 0.76168 0.171889 0.751524 0.172166 0.751524 0.172166 0.741254 0.172621 0.740615 0.159565 0.740615 0.159565 0.741254 0.172621 0.732441 0.173101 0.769817 0.146058 0.770009 0.158996 0.761337 0.159067 0.761337 0.159067 0.751023 0.159267 0.750663 0.146212 0.750663 0.146212 0.751023 0.159267 0.740615 0.159565 0.740615 0.159565 0.73172 0.159853 0.731249 0.146539 0.768769 0.01631295 0.760477 0.01679396 0.759583 0.005192995 0.759583 0.005192995 0.760477 0.01679396 0.751014 0.01696699 0.751014 0.01696699 0.741674 0.01655 0.742643 0.005388975 0.742643 0.005388975 0.741674 0.01655 0.733691 0.01575398 0.770225 0.171801 0.770407 0.184408 0.762065 0.184453 0.762065 0.184453 0.752185 0.1847839 0.751524 0.172166 0.751524 0.172166 0.752185 0.1847839 0.742174 0.185446 0.742174 0.185446 0.733522 0.186209 0.732441 0.173101 0.769511 0.04169595 0.769575 0.054591 0.760868 0.05449295 0.760868 0.05449295 0.750583 0.054322 0.750755 0.04151999 0.750755 0.04151999 0.750583 0.054322 0.740296 0.05404394 0.740296 0.05404394 0.731575 0.05370295 0.732057 0.04077196 0.769511 0.04169595 0.760894 0.041664 0.760815 0.02905297 0.760894 0.041664 0.750755 0.04151999 0.750915 0.02899897 0.750915 0.02899897 0.750755 0.04151999 0.740637 0.04119896 0.741077 0.02863395 0.740637 0.04119896 0.732057 0.04077196 0.76958 0.119957 0.769673 0.133034 0.760876 0.133025 0.760758 0.119908 0.760876 0.133025 0.750422 0.133074 0.750422 0.133074 0.739905 0.133149 0.739752 0.119889 0.739905 0.133149 0.730959 0.133199 0.730807 0.119858 0.769529 0.09374195 0.769535 0.106852 0.760704 0.10677 0.760704 0.10677 0.750224 0.106702 0.750237 0.09352195 0.750237 0.09352195 0.750224 0.106702 0.739701 0.106628 0.739701 0.106628 0.730768 0.10653 0.730827 0.09323 0.768769 0.01631295 0.775668 0.01580697 0.776192 0.02872699 0.7929 0.01479995 0.792512 0.001530945 0.794524 0.001551985 0.08172398 0.763545 0.07982796 0.764639 0.07186895 0.753781 0.07982796 0.764639 0.07787197 0.765621 0.07037895 0.755313 0.07787197 0.765621 0.07588797 0.766538 0.06888097 0.756839 0.793372 0.02795594 0.7929 0.01479995 0.794899 0.01473397 0.07337296 0.752226 0.07186895 0.753781 0.060992 0.746203 0.060992 0.746203 0.07186895 0.753781 0.07037895 0.755313 0.07037895 0.755313 0.06888097 0.756839 0.05916196 0.750076 0.793769 0.197152 0.795739 0.19717 0.795658 0.210175 0.08172398 0.802936 0.07282096 0.814055 0.07135897 0.812445 0.07987797 0.801766 0.07135897 0.812445 0.069898 0.810834 0.07792598 0.800676 0.069898 0.810834 0.06843596 0.809223 0.793925 0.18433 0.795879 0.184345 0.795739 0.19717 0.07282096 0.814055 0.06092196 0.821697 0.060054 0.819695 0.060054 0.819695 0.05919599 0.817702 0.069898 0.810834 0.069898 0.810834 0.05919599 0.817702 0.05834496 0.815711 0.793925 0.18433 0.793984 0.171525 0.795942 0.1715289 0.04719299 0.825041 0.04702597 0.822868 0.060054 0.819695 0.060054 0.819695 0.04702597 0.822868 0.04686498 0.820706 0.04686498 0.820706 0.04670995 0.818549 0.05834496 0.815711 0.793984 0.171525 0.79398 0.158663 0.795947 0.1586599 0.03313797 0.823724 0.03368896 0.821617 0.04702597 0.822868 0.03368896 0.821617 0.03424096 0.819523 0.04686498 0.820706 0.03424096 0.819523 0.03479796 0.817436 0.04670995 0.818549 0.793952 0.145736 0.795927 0.145732 0.795947 0.1586599 0.03313797 0.823724 0.02029496 0.817899 0.021501 0.816089 0.03368896 0.821617 0.021501 0.816089 0.02270597 0.814292 0.03424096 0.819523 0.02270597 0.814292 0.02391195 0.812502 0.793924 0.132754 0.795907 0.132751 0.795927 0.145732 0.02029496 0.817899 0.01006495 0.808212 0.01179498 0.806896 0.01179498 0.806896 0.01351797 0.805591 0.02270597 0.814292 0.02270597 0.814292 0.01351797 0.805591 0.01524096 0.804294 0.793924 0.132754 0.79391 0.119729 0.795898 0.119728 0.003562986 0.795729 0.005624949 0.79505 0.01179498 0.806896 0.01179498 0.806896 0.005624949 0.79505 0.007677972 0.79438 0.007677972 0.79438 0.009727001 0.793716 0.01524096 0.804294 0.79391 0.119729 0.793913 0.106672 0.795906 0.106673 0.00149095 0.781822 0.003659963 0.781853 0.005624949 0.79505 0.003659963 0.781853 0.005816996 0.781889 0.007677972 0.79438 0.005816996 0.781889 0.007968962 0.78193 0.009727001 0.793716 0.79393 0.09358996 0.795927 0.09359198 0.795906 0.106673 0.00149095 0.781822 0.00406897 0.768013 0.006105959 0.768749 0.003659963 0.781853 0.006105959 0.768749 0.00813198 0.769487 0.005816996 0.781889 0.00813198 0.769487 0.01014995 0.770227 0.793947 0.08048796 0.795947 0.08048796 0.795927 0.09359198 0.00406897 0.768013 0.01100397 0.755814 0.01268798 0.757173 0.01268798 0.757173 0.01435995 0.758529 0.00813198 0.769487 0.00813198 0.769487 0.01435995 0.758529 0.01602494 0.759887 0.793947 0.08048796 0.793942 0.06736999 0.795944 0.06736397 0.02152895 0.746554 0.022677 0.748386 0.01268798 0.757173 0.01268798 0.757173 0.022677 0.748386 0.02381396 0.750212 0.02381396 0.750212 0.02494299 0.752037 0.01602494 0.759887 0.793942 0.06736999 0.793877 0.05423998 0.795881 0.05422097 0.03448694 0.74124 0.03497296 0.743345 0.022677 0.748386 0.03497296 0.743345 0.03545194 0.74544 0.02381396 0.750212 0.03545194 0.74544 0.03592395 0.747531 0.02494299 0.752037 0.793703 0.04110097 0.795709 0.04106199 0.795881 0.05422097 0.03448694 0.74124 0.04845595 0.740446 0.04822897 0.742592 0.03497296 0.743345 0.04822897 0.742592 0.04799795 0.744727 0.03545194 0.74544 0.04799795 0.744727 0.04776197 0.746855 0.793372 0.02795594 0.795378 0.02789294 0.795709 0.04106199 0.04845595 0.740446 0.06190598 0.74425 0.060992 0.746203 0.060992 0.746203 0.06007897 0.748143 0.04799795 0.744727 0.04799795 0.744727 0.06007897 0.748143 0.05916196 0.750076 0.07588797 0.766538 0.07249897 0.768079 0.06629896 0.759453 0.612449 0.739633 0.621807 0.734603 0.621884 0.734779 0.612552 0.739787 0.621884 0.734779 0.621942 0.734959 0.604569 0.746035 0.612449 0.739633 0.612552 0.739787 0.612552 0.739787 0.612652 0.739938 0.604816 0.746296 0.613204 0.852939 0.613292 0.852796 0.621974 0.857127 0.613292 0.852796 0.61338 0.852652 0.622023 0.856956 0.605776 0.84738 0.605884 0.847255 0.613292 0.852796 0.613292 0.852796 0.605884 0.847255 0.605992 0.847131 0.605776 0.84738 0.5993 0.840903 0.599424 0.840795 0.599424 0.840795 0.599547 0.840688 0.605992 0.847131 0.5993 0.840903 0.593767 0.833604 0.593905 0.833513 0.599424 0.840795 0.593905 0.833513 0.594041 0.833424 0.589257 0.825571 0.589407 0.8255 0.593905 0.833513 0.589407 0.8255 0.589555 0.82543 0.594041 0.833424 0.585869 0.816929 0.586029 0.816878 0.589407 0.8255 0.589407 0.8255 0.586029 0.816878 0.586187 0.816829 0.585869 0.816929 0.583692 0.807826 0.583858 0.807798 0.583858 0.807798 0.584023 0.807771 0.586187 0.816829 0.583692 0.807826 0.582788 0.798433 0.582959 0.798428 0.583858 0.807798 0.582959 0.798428 0.583127 0.798424 0.583198 0.788926 0.583369 0.788945 0.582959 0.798428 0.583369 0.788945 0.583538 0.788965 0.583127 0.798424 0.584935 0.779491 0.585103 0.779534 0.583369 0.788945 0.583369 0.788945 0.585103 0.779534 0.585269 0.779576 0.584935 0.779491 0.587986 0.77031 0.588148 0.770376 0.588148 0.770376 0.588307 0.770442 0.585269 0.779576 0.587986 0.77031 0.592312 0.761562 0.592465 0.761651 0.588148 0.770376 0.592465 0.761651 0.592615 0.761739 0.597857 0.753416 0.597997 0.753526 0.592465 0.761651 0.597997 0.753526 0.598135 0.753636 0.592615 0.761739 0.604569 0.746035 0.604693 0.746166 0.597997 0.753526 0.597997 0.753526 0.604693 0.746166 0.604816 0.746296 0.621942 0.734959 0.622426 0.736573 0.613539 0.741289 0.312787 0.005575954 0.308356 0.001824975 0.319368 0.00199598 0.325983 0.00553596 0.31938 0.005336999 0.319368 0.00199598 0.312789 0.314849 0.319392 0.315048 0.319404 0.318389 0.325986 0.314809 0.330418 0.31856 0.319404 0.318389 0.312789 0.314849 0.308351 0.318643 0.308356 0.001824975 0.325983 0.00553596 0.33042 0.001741945 0.330418 0.31856 0.334851 0.005492985 0.33042 0.001741945 0.341432 0.001911997 0.348047 0.005451977 0.341444 0.00525397 0.341432 0.001911997 0.334855 0.314766 0.341458 0.314964 0.34147 0.318306 0.348052 0.314725 0.352484 0.318476 0.34147 0.318306 0.348047 0.005451977 0.352484 0.001657962 0.352484 0.318476 0.334855 0.314766 0.330418 0.31856 0.33042 0.001741945 0.356915 0.005408942 0.352484 0.001657962 0.363497 0.001828968 0.370113 0.005368947 0.363509 0.005169987 0.363497 0.001828968 0.35692 0.314683 0.363523 0.314881 0.363535 0.318223 0.370116 0.314642 0.374548 0.318393 0.363535 0.318223 0.35692 0.314683 0.352484 0.318476 0.352484 0.001657962 0.370113 0.005368947 0.37455 0.001574993 0.374548 0.318393 0.392177 0.005284965 0.385574 0.005086958 0.385562 0.001744985 0.378981 0.005325973 0.37455 0.001574993 0.385562 0.001744985 0.392182 0.314558 0.396614 0.318309 0.3856 0.318139 0.378985 0.314599 0.385588 0.314797 0.3856 0.318139 0.392177 0.005284965 0.396614 0.00149095 0.396614 0.318309 0.378985 0.314599 0.374548 0.318393 0.37455 0.001574993 0.224527 0.005908966 0.220095 0.002158999 0.231108 0.002328991 0.2377229 0.005868971 0.23112 0.005670964 0.231108 0.002328991 0.224528 0.315183 0.231132 0.315381 0.231144 0.318723 0.237726 0.315142 0.242157 0.318893 0.231144 0.318723 0.224528 0.315183 0.220091 0.318977 0.220095 0.002158999 0.2377229 0.005868971 0.242159 0.002074956 0.242157 0.318893 0.246591 0.005825996 0.242159 0.002074956 0.253172 0.002245962 0.259787 0.005785942 0.253184 0.005586981 0.253172 0.002245962 0.246594 0.315099 0.253198 0.315298 0.25321 0.31864 0.259792 0.315059 0.264223 0.31881 0.25321 0.31864 0.259787 0.005785942 0.264223 0.001991987 0.264223 0.31881 0.246594 0.315099 0.242157 0.318893 0.242159 0.002074956 0.268655 0.005742967 0.264223 0.001991987 0.275237 0.002161979 0.281852 0.005702972 0.275249 0.005503952 0.275237 0.002161979 0.26866 0.315016 0.275263 0.315215 0.275275 0.318556 0.281856 0.314976 0.286287 0.318726 0.275275 0.318556 0.26866 0.315016 0.264223 0.31881 0.264223 0.001991987 0.281852 0.005702972 0.286289 0.001908957 0.286287 0.318726 0.290721 0.005659997 0.286289 0.001908957 0.297303 0.00207895 0.303919 0.005618989 0.297315 0.005420982 0.297303 0.00207895 0.290724 0.314933 0.297327 0.315131 0.297339 0.318473 0.30392 0.314892 0.308351 0.318643 0.297339 0.318473 0.290724 0.314933 0.286287 0.318726 0.286289 0.001908957 0.303919 0.005618989 0.308356 0.001824975 0.308351 0.318643 0.891371 0.505996 0.891371 0.2390159 0.896268 0.2390159 0.95321 0.93025 0.686231 0.93025 0.686231 0.925352 0.89338 0.510291 0.89338 0.77727 0.888482 0.77727 0.95321 0.935147 0.686231 0.935147 0.686231 0.93025 0.932676 0.77727 0.932676 0.510291 0.937573 0.510291 0.898277 0.510291 0.898277 0.77727 0.89338 0.77727 0.915477 0.510291 0.915476 0.77727 0.910579 0.77727 0.937573 0.77727 0.937573 0.510291 0.942471 0.510291 0.920374 0.510291 0.920374 0.77727 0.915476 0.77727 0.871283 0.77727 0.871283 0.510291 0.87618 0.510291 0.874214 0.505692 0.874214 0.2398779 0.87909 0.2398779 0.866386 0.77727 0.866386 0.510291 0.871283 0.510291 0.868564 0.501757 0.867813 0.239916 0.874214 0.2398779 0.918365 0.2390159 0.918365 0.505996 0.913468 0.505996 0.896269 0.505996 0.896268 0.2390159 0.901166 0.2390159 0.923263 0.2390159 0.923263 0.505996 0.918365 0.505996 0.94713 0.77723 0.94247 0.77727 0.942471 0.510291 0.867196 0.502274 0.868564 0.501757 0.874214 0.505692 0.883823 0.51033 0.888483 0.510291 0.888482 0.77727 0.891373 0.23836 0.896398 0.238373 0.896268 0.2390159 0.879088 0.239225 0.87909 0.2398779 0.874214 0.2398779 0.902937 0.77723 0.898277 0.77727 0.898277 0.510291 0.886712 0.239056 0.891371 0.2390159 0.891371 0.505996 0.86781 0.239059 0.874378 0.239036 0.874214 0.2398779 0.910581 0.509635 0.915606 0.509648 0.915477 0.510291 0.905825 0.505956 0.901166 0.505996 0.901166 0.2390159 0.883729 0.505657 0.87909 0.505692 0.87909 0.2398779 0.920372 0.509635 0.920374 0.510291 0.915477 0.510291 0.953866 0.925354 0.953853 0.930379 0.95321 0.93025 0.861726 0.240033 0.867813 0.239916 0.868564 0.501757 0.910581 0.777926 0.910579 0.77727 0.915476 0.77727 0.953866 0.935145 0.95321 0.935147 0.95321 0.93025 0.91347 0.23836 0.918495 0.238373 0.918365 0.2390159 0.920372 0.777926 0.915347 0.777913 0.915476 0.77727 0.685575 0.925354 0.686231 0.925352 0.686231 0.93025 0.923261 0.23836 0.923263 0.2390159 0.918365 0.2390159 0.90592 0.51033 0.910579 0.510291 0.910579 0.77727 0.876179 0.777926 0.871154 0.777913 0.871283 0.77727 0.685575 0.935145 0.685588 0.93012 0.686231 0.93025 0.913469 0.506652 0.913468 0.505996 0.918365 0.505996 0.925033 0.77723 0.920374 0.77727 0.920374 0.510291 0.866388 0.777926 0.866386 0.77727 0.871283 0.77727 0.95317 0.920693 0.95321 0.925353 0.686231 0.925352 0.932678 0.777926 0.932676 0.77727 0.937573 0.77727 0.923261 0.506652 0.918235 0.506639 0.918365 0.505996 0.876179 0.509635 0.87618 0.510291 0.871283 0.510291 0.68627 0.939807 0.686231 0.935147 0.95321 0.935147 0.942469 0.777926 0.937444 0.777913 0.937573 0.77727 0.914983 0.865678 0.922713 0.85601 0.923151 0.856241 0.923151 0.856241 0.923583 0.856486 0.915596 0.866412 0.915596 0.866412 0.923583 0.856486 0.924001 0.856754 0.924001 0.856754 0.924388 0.857044 0.916186 0.867163 0.90448 0.872125 0.914983 0.865678 0.915312 0.866027 0.915312 0.866027 0.915596 0.866412 0.904816 0.873033 0.915596 0.866412 0.915878 0.866799 0.904954 0.873498 0.904954 0.873498 0.915878 0.866799 0.916186 0.867163 0.915424 0.799656 0.915733 0.799302 0.923151 0.809175 0.923151 0.809175 0.915733 0.799302 0.916081 0.798987 0.916081 0.798987 0.91643 0.798675 0.923994 0.808702 0.923994 0.808702 0.91643 0.798675 0.916759 0.798337 0.90529 0.792992 0.905465 0.792548 0.915733 0.799302 0.915733 0.799302 0.905465 0.792548 0.905692 0.792128 0.916081 0.798987 0.905692 0.792128 0.905922 0.791708 0.905922 0.791708 0.906121 0.791274 0.916759 0.798337 0.90529 0.792992 0.893345 0.790092 0.89336 0.789607 0.89336 0.789607 0.893433 0.789126 0.905692 0.792128 0.893433 0.789126 0.89351 0.788644 0.905922 0.791708 0.905922 0.791708 0.89351 0.788644 0.893552 0.78816 0.893345 0.790092 0.880854 0.79142 0.880701 0.790945 0.880701 0.790945 0.880605 0.790454 0.893433 0.789126 0.893433 0.789126 0.880605 0.790454 0.880512 0.789962 0.880512 0.789962 0.880386 0.789479 0.893552 0.78816 0.86924 0.797043 0.868932 0.796637 0.880701 0.790945 0.880701 0.790945 0.868932 0.796637 0.868674 0.796196 0.868674 0.796196 0.868418 0.795753 0.880512 0.789962 0.880512 0.789962 0.868418 0.795753 0.868132 0.79533 0.859843 0.806322 0.859413 0.806028 0.868932 0.796637 0.868932 0.796637 0.859413 0.806028 0.859021 0.805685 0.868674 0.796196 0.859021 0.805685 0.85863 0.805338 0.85863 0.805338 0.858218 0.805022 0.868132 0.79533 0.859843 0.806322 0.853677 0.818269 0.853171 0.818119 0.853171 0.818119 0.852686 0.81791 0.859021 0.805685 0.852686 0.81791 0.852201 0.817697 0.85863 0.805338 0.85863 0.805338 0.852201 0.817697 0.851705 0.81752 0.853677 0.818269 0.851398 0.831655 0.850867 0.831665 0.850867 0.831665 0.850339 0.831611 0.852686 0.81791 0.852686 0.81791 0.850339 0.831611 0.84981 0.831555 0.84981 0.831555 0.849281 0.831536 0.851705 0.81752 0.85325 0.845121 0.852748 0.84529 0.850867 0.831665 0.850867 0.831665 0.852748 0.84529 0.85223 0.845398 0.85223 0.845398 0.85171 0.845504 0.84981 0.831555 0.84981 0.831555 0.85171 0.845504 0.851202 0.845646 0.859049 0.857297 0.858629 0.857608 0.852748 0.84529 0.852748 0.84529 0.858629 0.857608 0.858174 0.857867 0.85223 0.845398 0.858174 0.857867 0.857717 0.858124 0.857717 0.858124 0.857282 0.858412 0.851202 0.845646 0.859049 0.857297 0.868198 0.866919 0.867903 0.86734 0.867903 0.86734 0.86756 0.867723 0.858174 0.857867 0.86756 0.867723 0.867214 0.868105 0.857717 0.858124 0.857717 0.858124 0.867214 0.868105 0.866898 0.868509 0.868198 0.866919 0.879719 0.872949 0.879583 0.873435 0.879583 0.873435 0.87939 0.873901 0.86756 0.867723 0.86756 0.867723 0.87939 0.873901 0.879194 0.874367 0.879194 0.874367 0.879032 0.874844 0.866898 0.868509 0.892291 0.874684 0.892326 0.875175 0.879583 0.873435 0.879583 0.873435 0.892326 0.875175 0.892301 0.875666 0.892301 0.875666 0.892274 0.876159 0.879194 0.874367 0.879194 0.874367 0.892274 0.876159 0.892283 0.87665 0.90448 0.872125 0.904675 0.872569 0.892326 0.875175 0.892326 0.875175 0.904675 0.872569 0.904816 0.873033 0.892301 0.875666 0.904816 0.873033 0.904954 0.873498 0.904954 0.873498 0.905125 0.873951 0.892283 0.87665 0.833447 0.01972997 0.840694 0.008030951 0.841127 0.008323967 0.841127 0.008323967 0.841532 0.008641958 0.834332 0.02022796 0.575688 0.166224 0.588375 0.162595 0.588433 0.163098 0.588433 0.163098 0.588476 0.1636 0.576137 0.167124 0.833447 0.01972997 0.833892 0.01997995 0.827831 0.03191494 0.827831 0.03191494 0.833892 0.01997995 0.834332 0.02022796 0.565202 0.174157 0.575688 0.166224 0.575913 0.166674 0.575913 0.166674 0.576137 0.167124 0.565947 0.174834 0.833864 0.193575 0.834275 0.193336 0.841148 0.2041659 0.841148 0.2041659 0.834275 0.193336 0.834689 0.1930969 0.613468 0.169292 0.613162 0.1696979 0.601371 0.163812 0.601371 0.163812 0.613162 0.1696979 0.612855 0.170104 0.833864 0.193575 0.828003 0.1824139 0.828431 0.182208 0.828431 0.182208 0.828859 0.182003 0.834689 0.1930969 0.622415 0.179111 0.621983 0.179379 0.613162 0.1696979 0.613162 0.1696979 0.621983 0.179379 0.621551 0.179647 0.822957 0.1708469 0.823401 0.170671 0.828431 0.182208 0.828431 0.182208 0.823401 0.170671 0.823844 0.170497 0.622415 0.179111 0.627208 0.191488 0.626709 0.191582 0.626709 0.191582 0.62621 0.191675 0.621551 0.179647 0.822957 0.1708469 0.818745 0.158891 0.819203 0.158748 0.819203 0.158748 0.819659 0.1586059 0.823844 0.170497 0.627208 0.191488 0.627208 0.20475 0.626709 0.204657 0.626709 0.204657 0.626211 0.204564 0.62621 0.191675 0.815402 0.146597 0.815871 0.1464869 0.819203 0.158748 0.819203 0.158748 0.815871 0.1464869 0.816339 0.1463789 0.622422 0.2171069 0.621991 0.216841 0.626709 0.204657 0.626709 0.204657 0.621991 0.216841 0.62156 0.216574 0.815402 0.146597 0.812956 0.134028 0.813435 0.133952 0.813435 0.133952 0.813912 0.1338779 0.816339 0.1463789 0.613503 0.226894 0.613198 0.22649 0.621991 0.216841 0.621991 0.216841 0.613198 0.22649 0.612892 0.226085 0.811431 0.121249 0.811916 0.121208 0.813435 0.133952 0.813435 0.133952 0.811916 0.121208 0.8124 0.121169 0.613503 0.226894 0.601662 0.232794 0.601522 0.232307 0.601522 0.232307 0.601384 0.23182 0.612892 0.226085 0.811431 0.121249 0.810844 0.108327 0.811333 0.108323 0.811333 0.108323 0.811821 0.108319 0.8124 0.121169 0.601662 0.232794 0.588499 0.234018 0.588544 0.233514 0.588544 0.233514 0.588591 0.233011 0.601384 0.23182 0.811207 0.09533196 0.811698 0.09536296 0.811333 0.108323 0.811333 0.108323 0.811698 0.09536296 0.812188 0.09539496 0.575792 0.230408 0.576016 0.229955 0.588544 0.233514 0.588544 0.233514 0.576016 0.229955 0.576242 0.229503 0.811207 0.09533196 0.812529 0.08233296 0.813019 0.08239996 0.813019 0.08239996 0.813507 0.08246898 0.812188 0.09539496 0.565254 0.222459 0.565627 0.222118 0.576016 0.229955 0.576016 0.229955 0.565627 0.222118 0.566 0.221778 0.814813 0.06939995 0.815299 0.06950396 0.813019 0.08239996 0.813019 0.08239996 0.815299 0.06950396 0.815783 0.06960898 0.565254 0.222459 0.558304 0.2112489 0.558775 0.211066 0.558775 0.211066 0.559245 0.210883 0.566 0.221778 0.814813 0.06939995 0.818054 0.05660498 0.818533 0.05674499 0.818533 0.05674499 0.819011 0.05688595 0.815783 0.06960898 0.558304 0.2112489 0.555874 0.198296 0.556379 0.1982949 0.556379 0.1982949 0.556883 0.1982949 0.559245 0.210883 0.822244 0.04401797 0.822714 0.04419398 0.818533 0.05674499 0.818533 0.05674499 0.822714 0.04419398 0.823183 0.04436999 0.558285 0.18535 0.558755 0.185531 0.556379 0.1982949 0.556379 0.1982949 0.558755 0.185531 0.559225 0.185712 0.822244 0.04401797 0.827372 0.03170394 0.827831 0.03191494 0.827831 0.03191494 0.828288 0.03212696 0.823183 0.04436999 0.565202 0.174157 0.565575 0.174495 0.558755 0.185531 0.558755 0.185531 0.565575 0.174495 0.565947 0.174834 0.829747 0.00149095 0.840694 0.008030951 0.833447 0.01972997 0.675788 0.689924 0.676363 0.690878 0.667184 0.696685 0.676363 0.690878 0.676982 0.691988 0.667905 0.697686 0.667905 0.697686 0.676982 0.691988 0.677492 0.692977 0.666547 0.695804 0.667184 0.696685 0.65897 0.703395 0.65897 0.703395 0.667184 0.696685 0.667905 0.697686 0.659808 0.70429 0.667905 0.697686 0.668535 0.698566 0.674584 0.834235 0.665196 0.827633 0.6659 0.826739 0.675233 0.833268 0.6659 0.826739 0.666697 0.825721 0.666697 0.825721 0.667397 0.824825 0.676525 0.831123 0.665196 0.827633 0.656792 0.820162 0.657594 0.819367 0.657594 0.819367 0.658503 0.818465 0.666697 0.825721 0.666697 0.825721 0.658503 0.818465 0.659299 0.817673 0.64948 0.811727 0.650374 0.811048 0.657594 0.819367 0.657594 0.819367 0.650374 0.811048 0.651387 0.810278 0.658503 0.818465 0.651387 0.810278 0.652275 0.809604 0.643384 0.802444 0.644356 0.801893 0.650374 0.811048 0.644356 0.801893 0.645458 0.801268 0.651387 0.810278 0.651387 0.810278 0.645458 0.801268 0.646423 0.80072 0.643384 0.802444 0.638599 0.792474 0.639631 0.792059 0.644356 0.801893 0.639631 0.792059 0.640801 0.791588 0.640801 0.791588 0.641827 0.791175 0.646423 0.80072 0.638599 0.792474 0.635194 0.781999 0.636268 0.781725 0.636268 0.781725 0.637486 0.781415 0.640801 0.791588 0.640801 0.791588 0.637486 0.781415 0.638553 0.781143 0.633217 0.771205 0.634313 0.771077 0.636268 0.781725 0.636268 0.781725 0.634313 0.771077 0.635557 0.770931 0.635557 0.770931 0.636646 0.770804 0.638553 0.781143 0.632691 0.760286 0.633791 0.760305 0.634313 0.771077 0.633791 0.760305 0.635038 0.760325 0.635557 0.770931 0.635557 0.770931 0.635038 0.760325 0.636131 0.760344 0.632691 0.760286 0.633616 0.749436 0.634699 0.7496 0.633791 0.760305 0.634699 0.7496 0.635927 0.749785 0.635927 0.749785 0.637004 0.749948 0.636131 0.760344 0.633616 0.749436 0.635962 0.738845 0.63701 0.73915 0.63701 0.73915 0.638199 0.739495 0.635927 0.749785 0.635927 0.749785 0.638199 0.739495 0.63924 0.739798 0.639679 0.728699 0.640674 0.729139 0.63701 0.73915 0.63701 0.73915 0.640674 0.729139 0.641801 0.729637 0.641801 0.729637 0.642789 0.730074 0.63924 0.739798 0.644693 0.719173 0.645616 0.719739 0.640674 0.729139 0.645616 0.719739 0.646664 0.720381 0.641801 0.729637 0.641801 0.729637 0.646664 0.720381 0.647581 0.720943 0.644693 0.719173 0.65091 0.710429 0.651748 0.711112 0.645616 0.719739 0.651748 0.711112 0.652698 0.711886 0.652698 0.711886 0.65353 0.712564 0.647581 0.720943 0.65091 0.710429 0.658231 0.702607 0.65897 0.703395 0.65897 0.703395 0.659808 0.70429 0.652698 0.711886 0.652698 0.711886 0.659808 0.70429 0.660542 0.705075 0.668535 0.698566 0.677492 0.692977 0.682592 0.704233 0.461092 0.627709 0.464279 0.624116 0.46419 0.632134 0.461146 0.636563 0.461232 0.632145 0.46419 0.632134 0.226319 0.628055 0.226194 0.632617 0.223134 0.632622 0.22633 0.637176 0.223119 0.640849 0.223134 0.632622 0.461092 0.627709 0.226319 0.628055 0.223087 0.6244 0.461146 0.636563 0.46429 0.639985 0.223119 0.640849 0.461112 0.643585 0.46429 0.639985 0.464218 0.648001 0.461187 0.652435 0.461262 0.648019 0.464218 0.648001 0.226371 0.644505 0.226263 0.649077 0.2231889 0.649093 0.226424 0.653653 0.223222 0.657353 0.2231889 0.649093 0.461112 0.643585 0.226371 0.644505 0.223119 0.640849 0.461187 0.652435 0.464334 0.655841 0.223222 0.657353 0.461166 0.65945 0.464334 0.655841 0.464281 0.663857 0.461262 0.668295 0.461326 0.663882 0.464281 0.663857 0.226639 0.661045 0.22662 0.665612 0.223536 0.665682 0.2268829 0.670208 0.223688 0.673979 0.223536 0.665682 0.461166 0.65945 0.226639 0.661045 0.223222 0.657353 0.461262 0.668295 0.464414 0.67169 0.223688 0.673979 0.461334 0.684226 0.461415 0.679771 0.464401 0.679739 0.461245 0.675323 0.464414 0.67169 0.464401 0.679739 0.228406 0.686539 0.225911 0.690074 0.224476 0.682428 0.2272869 0.677566 0.227607 0.682047 0.224476 0.682428 0.461334 0.684226 0.464595 0.687801 0.225911 0.690074 0.461245 0.675323 0.2272869 0.677566 0.223688 0.673979 0.461373 0.564187 0.464595 0.560614 0.464436 0.568642 0.461348 0.573048 0.461475 0.568626 0.464436 0.568642 0.2282 0.562572 0.227439 0.567003 0.224358 0.566645 0.227144 0.571415 0.223643 0.574945 0.224358 0.566645 0.461348 0.573048 0.464465 0.576505 0.223643 0.574945 0.461373 0.564187 0.2282 0.562572 0.225717 0.559115 0.461254 0.580074 0.464465 0.576505 0.464321 0.58452 0.461246 0.588928 0.461363 0.58451 0.464321 0.58452 0.22674 0.578645 0.226459 0.583239 0.223359 0.583165 0.22649 0.587806 0.223187 0.591465 0.223359 0.583165 0.461254 0.580074 0.22674 0.578645 0.223643 0.574945 0.461246 0.588928 0.464367 0.592375 0.223187 0.591465 0.461164 0.595953 0.464367 0.592375 0.464241 0.600392 0.461176 0.604807 0.461283 0.600389 0.464241 0.600392 0.2263939 0.595151 0.22623 0.599726 0.223159 0.599711 0.226334 0.60429 0.223096 0.607951 0.223159 0.599711 0.461164 0.595953 0.2263939 0.595151 0.223187 0.591465 0.461176 0.604807 0.464305 0.608245 0.223096 0.607951 0.46111 0.611831 0.464305 0.608245 0.464197 0.616263 0.461143 0.620686 0.461239 0.616267 0.464197 0.616263 0.226319 0.611616 0.226182 0.616179 0.223122 0.616177 0.226306 0.620736 0.223087 0.6244 0.223122 0.616177 0.461143 0.620686 0.464279 0.624116 0.223087 0.6244 0.46111 0.611831 0.226319 0.611616 0.223096 0.607951 0.970186 0.002620995 0.970186 0.205748 0.96664 0.205741 0.958711 0.239497 0.958711 0.442674 0.955165 0.442667 0.973731 0.002627968 0.973731 0.2057549 0.970186 0.205748 0.935852 0.002621948 0.935852 0.205798 0.932306 0.205792 0.937997 0.442667 0.937997 0.239491 0.941544 0.239497 0.939398 0.002627968 0.939398 0.205805 0.935852 0.205798 0.934451 0.442661 0.934451 0.239484 0.937997 0.239491 0.901707 0.002907991 0.902034 0.20161 0.898058 0.1987749 0.95302 0.002621948 0.95302 0.205799 0.949473 0.205792 0.905175 0.002905964 0.906038 0.198665 0.902034 0.20161 0.915138 0.205792 0.915138 0.002614974 0.918684 0.002621948 0.956566 0.002627968 0.956566 0.205805 0.95302 0.205799 0.957205 0.713942 0.957205 0.510765 0.960752 0.510772 0.918684 0.205799 0.918684 0.002621948 0.922231 0.002627968 0.953659 0.713935 0.953659 0.510758 0.957205 0.510765 0.955165 0.239491 0.955165 0.442667 0.951619 0.442661 0.89555 0.199784 0.898058 0.1987749 0.902034 0.20161 0.939394 0.001504957 0.939398 0.002627968 0.935852 0.002621948 0.950113 0.510786 0.953659 0.510758 0.953659 0.713935 0.951628 0.23836 0.955393 0.238391 0.955165 0.239491 0.908609 0.199642 0.902835 0.203526 0.902034 0.20161 0.93231 0.206915 0.932306 0.205792 0.935852 0.205798 0.964298 0.71392 0.960752 0.713948 0.960752 0.510772 0.958707 0.2383739 0.958711 0.239497 0.955165 0.239491 0.89259 0.003023982 0.897147 0.002935945 0.898058 0.1987749 0.915143 0.206915 0.915138 0.205792 0.918684 0.205799 0.939389 0.206929 0.935624 0.206898 0.935852 0.205798 0.951623 0.443784 0.951619 0.442661 0.955165 0.442667 0.908609 0.199642 0.906038 0.198665 0.905175 0.002905964 0.922222 0.206929 0.918456 0.206898 0.918684 0.205799 0.92876 0.002642989 0.932306 0.002614974 0.932306 0.205792 0.949482 0.00149095 0.953248 0.001521944 0.95302 0.002621948 0.958702 0.443797 0.954937 0.443767 0.955165 0.442667 0.915147 0.00149095 0.918912 0.001521944 0.918684 0.002621948 0.942944 0.205777 0.939398 0.205805 0.939398 0.002627968 0.956561 0.001504957 0.956566 0.002627968 0.95302 0.002621948 0.962257 0.442646 0.958711 0.442674 0.958711 0.239497 0.941535 0.443797 0.937769 0.443767 0.937997 0.442667 0.922226 0.001504957 0.922231 0.002627968 0.918684 0.002621948 0.949478 0.206915 0.949473 0.205792 0.95302 0.205799 0.948073 0.239512 0.951619 0.239484 0.951619 0.442661 0.934456 0.443784 0.934451 0.442661 0.937997 0.442667 0.911592 0.002642989 0.915138 0.002614974 0.915138 0.205792 0.966649 0.00149095 0.970413 0.001521944 0.970186 0.002620995 0.956557 0.206929 0.952792 0.206899 0.95302 0.205799 0.941539 0.2383739 0.941544 0.239497 0.937997 0.239491 0.925777 0.205777 0.922231 0.205805 0.922231 0.002627968 0.973726 0.001504957 0.973731 0.002627968 0.970186 0.002620995 0.224201 0.690826 0.223856 0.690973 0.222092 0.68271 0.223856 0.690973 0.223502 0.691102 0.221724 0.682765 0.221724 0.682765 0.223502 0.691102 0.223151 0.691196 0.222461 0.682657 0.222092 0.68271 0.221334 0.67412 0.222092 0.68271 0.221724 0.682765 0.220961 0.674144 0.220961 0.674144 0.221724 0.682765 0.2213619 0.682819 0.224133 0.55845 0.222452 0.566367 0.222095 0.566314 0.223803 0.558309 0.222095 0.566314 0.221738 0.566261 0.221738 0.566261 0.221381 0.566208 0.223115 0.558091 0.222452 0.566367 0.2216899 0.57476 0.221323 0.574736 0.222095 0.566314 0.221323 0.574736 0.220956 0.574712 0.220956 0.574712 0.220593 0.574689 0.221381 0.566208 0.2214 0.583084 0.221035 0.583074 0.221323 0.574736 0.221035 0.583074 0.22067 0.583064 0.220956 0.574712 0.220956 0.574712 0.22067 0.583064 0.22031 0.583055 0.221248 0.591405 0.220885 0.5914 0.221035 0.583074 0.220885 0.5914 0.220522 0.591396 0.22067 0.583064 0.22067 0.583064 0.220522 0.591396 0.220165 0.591393 0.221248 0.591405 0.221215 0.599667 0.220853 0.599665 0.220885 0.5914 0.220853 0.599665 0.220492 0.599663 0.220492 0.599663 0.220136 0.599662 0.220165 0.591393 0.221215 0.599667 0.221171 0.607914 0.2208099 0.607912 0.220853 0.599665 0.2208099 0.607912 0.22045 0.607912 0.22045 0.607912 0.220095 0.607911 0.220136 0.599662 0.221185 0.616141 0.220824 0.616141 0.2208099 0.607912 0.220824 0.616141 0.220464 0.616141 0.22045 0.607912 0.22045 0.607912 0.220464 0.616141 0.2201099 0.616141 0.221165 0.624367 0.220805 0.624367 0.220824 0.616141 0.220805 0.624367 0.220445 0.624367 0.220464 0.616141 0.220464 0.616141 0.220445 0.624367 0.220091 0.624368 0.221165 0.624367 0.2211959 0.63259 0.220836 0.63259 0.220805 0.624367 0.220836 0.63259 0.220476 0.632591 0.220476 0.632591 0.220122 0.632591 0.220091 0.624368 0.2211959 0.63259 0.221193 0.640821 0.220832 0.640822 0.220836 0.63259 0.220832 0.640822 0.220472 0.640823 0.220472 0.640823 0.220117 0.640824 0.220122 0.632591 0.221244 0.649067 0.2208819 0.649068 0.220832 0.640822 0.2208819 0.649068 0.22052 0.64907 0.220472 0.640823 0.220472 0.640823 0.22052 0.64907 0.220165 0.649071 0.221278 0.657345 0.220914 0.657348 0.2208819 0.649068 0.220914 0.657348 0.22055 0.657352 0.22052 0.64907 0.22052 0.64907 0.22055 0.657352 0.220192 0.657356 0.221278 0.657345 0.2214249 0.665693 0.2210569 0.665702 0.220914 0.657348 0.2210569 0.665702 0.22069 0.665711 0.22069 0.665711 0.220329 0.66572 0.220192 0.657356 0.2214249 0.665693 0.221706 0.674097 0.221334 0.67412 0.2210569 0.665702 0.221334 0.67412 0.220961 0.674144 0.220961 0.674144 0.220594 0.674166 0.220329 0.66572 0.951329 0.911629 0.928016 0.91163 0.928016 0.903459 0.624343 0.513259 0.626293 0.517967 0.623073 0.518607 0.600674 0.523063 0.600674 0.517967 0.603894 0.518607 0.626293 0.517967 0.626293 0.523063 0.623073 0.522422 0.600674 0.517967 0.602624 0.513259 0.605354 0.515083 0.626293 0.523063 0.624343 0.527771 0.621613 0.525947 0.602624 0.513259 0.606227 0.509655 0.608051 0.512385 0.624343 0.527771 0.620739 0.531374 0.618915 0.528644 0.610935 0.507705 0.611576 0.510925 0.608051 0.512385 0.620739 0.531374 0.616031 0.533324 0.615391 0.530104 0.610935 0.507705 0.616031 0.507705 0.615391 0.510925 0.602624 0.527771 0.605354 0.525947 0.608051 0.528644 0.616031 0.533324 0.610935 0.533324 0.611576 0.530104 0.620739 0.509655 0.618915 0.512385 0.615391 0.510925 0.606227 0.531374 0.608051 0.528644 0.611576 0.530104 0.624343 0.513259 0.621613 0.515083 0.618915 0.512385 0.600674 0.523063 0.603894 0.522422 0.605354 0.525947 0.385647 0.371553 0.376274 0.371553 0.376274 0.367738 0.385647 0.344849 0.376274 0.344849 0.376274 0.341034 0.385647 0.382998 0.376274 0.382998 0.376274 0.379183 0.385647 0.375368 0.376274 0.375368 0.376274 0.371553 0.385647 0.348664 0.376274 0.348664 0.376274 0.344849 0.385647 0.379183 0.376274 0.379183 0.376274 0.375368 0.385647 0.352479 0.376274 0.352479 0.376274 0.348664 0.385647 0.325774 0.376274 0.325775 0.376274 0.32196 0.385647 0.356294 0.376274 0.356294 0.376274 0.352479 0.385647 0.329589 0.376274 0.329589 0.376274 0.325775 0.385647 0.360108 0.376274 0.360108 0.376274 0.356294 0.385647 0.333404 0.376274 0.333404 0.376274 0.329589 0.385647 0.363923 0.376274 0.363923 0.376274 0.360108 0.385647 0.337219 0.376274 0.337219 0.376274 0.333404 0.385647 0.367738 0.376274 0.367738 0.376274 0.363923 0.385647 0.341034 0.376274 0.341034 0.376274 0.337219 0.777404 0.64891 0.775944 0.652435 0.773247 0.655132 0.773247 0.655132 0.769722 0.656592 0.765907 0.656592 0.765907 0.656592 0.762383 0.655132 0.759685 0.652435 0.759685 0.652435 0.758225 0.64891 0.758225 0.645095 0.758225 0.645095 0.759685 0.641571 0.762383 0.638873 0.762383 0.638873 0.765907 0.637413 0.769722 0.637413 0.769722 0.637413 0.773247 0.638873 0.775944 0.641571 0.775944 0.641571 0.777404 0.645095 0.777404 0.64891 0.777404 0.64891 0.773247 0.655132 0.765907 0.656592 0.765907 0.656592 0.759685 0.652435 0.777404 0.64891 0.759685 0.652435 0.758225 0.645095 0.777404 0.64891 0.758225 0.645095 0.762383 0.638873 0.769722 0.637413 0.769722 0.637413 0.775944 0.641571 0.758225 0.645095</float_array>
          <technique_common>
            <accessor source="#Lamp_Цилиндр_002-mesh-map-0-array" count="12804" stride="2">
              <param name="S" type="float"/>
              <param name="T" type="float"/>
            </accessor>
          </technique_common>
        </source>
        <vertices id="Lamp_Цилиндр_002-mesh-vertices">
          <input semantic="POSITION" source="#Lamp_Цилиндр_002-mesh-positions"/>
        </vertices>
        <triangles material="Lamp-material" count="4268">
          <input semantic="VERTEX" source="#Lamp_Цилиндр_002-mesh-vertices" offset="0"/>
          <input semantic="NORMAL" source="#Lamp_Цилиндр_002-mesh-normals" offset="1"/>
          <input semantic="TEXCOORD" source="#Lamp_Цилиндр_002-mesh-map-0" offset="2" set="0"/>
          <p>1 0 0 4 1 1 0 2 2 2 3 3 1 4 4 0 5 5 15 6 6 0 7 7 3 8 8 0 2 9 7 9 10 3 10 11 5 11 12 6 12 13 4 13 14 4 14 15 9 15 16 7 16 17 3 10 18 8 17 19 12 18 20 7 19 21 10 20 22 8 21 23 11 22 24 9 22 25 6 22 26 8 23 27 11 24 28 5 25 29 12 18 30 5 26 31 1 0 32 14 27 33 12 28 34 1 29 35 13 30 36 3 31 37 12 32 38 14 33 39 16 34 40 13 35 41 13 36 42 19 37 43 15 38 44 20 39 45 16 40 46 17 41 47 17 42 48 18 43 49 24 44 50 22 45 51 19 46 52 20 47 53 15 48 54 21 49 55 2 50 56 24 51 57 21 52 58 22 53 59 2 54 60 18 55 61 14 56 62 25 57 63 22 53 64 23 58 65 23 59 66 20 47 67 29 60 68 27 61 69 24 44 70 25 62 71 26 63 72 23 58 73 31 64 74 28 65 75 25 62 76 26 66 77 30 67 78 27 68 79 28 69 80 29 70 81 17 41 82 27 68 83 31 71 84 29 60 85 30 72 86 30 72 87 34 73 88 31 71 89 28 69 90 32 74 91 30 67 92 33 75 93 35 76 94 36 77 95 40 78 96 32 79 97 33 80 98 36 81 99 37 82 100 38 83 101 26 66 102 35 84 103 28 65 104 38 85 105 34 86 106 40 87 107 31 64 108 37 88 109 26 63 110 39 89 111 40 87 112 41 90 113 45 91 114 38 83 115 39 92 116 41 93 117 33 80 118 43 94 119 48 95 120 41 90 121 42 96 122 42 97 123 43 94 124 44 98 125 44 99 126 45 100 127 46 101 128 43 102 129 36 77 130 45 100 131 46 103 132 39 92 133 48 104 134 138 105 135 46 101 136 47 106 137 47 107 138 48 104 139 49 108 140 49 109 141 42 96 142 50 110 143 49 108 144 53 111 145 47 107 146 50 110 147 51 112 148 49 109 149 52 113 150 54 114 151 51 115 152 51 116 153 56 117 154 53 118 155 55 119 156 57 120 157 54 121 158 54 121 159 59 122 160 56 123 161 58 124 162 61 125 163 57 126 164 57 127 165 63 128 166 59 129 167 57 127 168 64 130 169 62 131 170 57 126 171 77 132 172 60 133 173 62 134 174 66 135 175 63 136 176 62 137 177 67 138 178 65 139 179 66 140 180 68 141 181 70 142 182 68 141 183 67 143 184 72 144 185 73 145 186 69 146 187 68 147 188 68 148 189 140 149 190 71 150 191 70 151 192 71 152 193 139 153 194 75 154 195 68 147 196 72 155 197 79 156 198 73 157 199 61 158 200 61 159 201 75 160 202 77 161 203 77 162 204 76 162 205 78 163 206 76 164 207 72 155 208 89 165 209 60 133 210 78 166 211 80 167 212 79 168 213 76 169 214 74 170 215 58 124 216 78 166 217 79 171 218 80 172 219 169 173 220 60 174 221 80 175 222 85 176 223 81 177 224 81 178 225 82 179 226 80 180 227 58 181 228 83 182 229 80 175 230 84 183 231 86 184 232 83 185 233 83 186 234 88 187 235 85 188 236 86 189 237 69 190 238 89 191 239 88 192 240 89 191 241 90 193 242 92 194 243 89 195 244 72 196 245 91 197 246 90 198 247 89 199 248 69 146 249 76 164 250 89 165 251 95 200 252 91 197 253 92 194 254 94 201 255 93 202 256 91 197 257 98 203 258 94 204 259 95 205 260 97 206 261 96 207 262 94 208 263 101 209 264 97 210 265 98 211 266 100 212 267 99 213 268 97 214 269 104 215 270 100 216 271 101 217 272 103 218 273 102 219 274 100 216 275 108 220 276 103 221 277 104 222 278 106 223 279 105 224 280 103 225 281 109 226 282 107 227 283 110 228 284 106 229 285 400 230 286 107 231 287 111 232 288 110 233 289 112 234 290 109 235 291 113 236 292 105 237 293 108 238 294 112 239 295 400 240 296 111 241 297 104 242 298 113 243 299 113 244 300 101 217 301 114 245 302 105 246 303 114 245 304 102 219 305 114 247 306 98 248 307 115 249 308 102 250 309 115 251 310 99 252 311 115 253 312 95 254 313 116 255 314 99 256 315 116 257 316 96 258 317 116 259 318 92 194 319 117 260 320 96 261 321 117 260 322 93 202 323 117 260 324 72 262 325 118 263 326 93 202 327 118 264 328 90 265 329 67 143 330 118 266 331 72 144 332 119 267 333 90 268 334 118 269 335 120 270 336 70 142 337 118 266 338 70 271 339 119 267 340 118 269 341 63 272 342 120 273 343 121 274 344 121 275 345 67 276 346 64 277 347 59 129 348 121 278 349 122 279 350 122 279 351 64 130 352 60 280 353 60 281 354 123 282 355 122 283 356 81 284 357 124 285 358 122 286 359 122 287 360 170 288 361 81 289 362 59 290 363 124 285 364 125 291 365 125 292 366 119 293 367 130 294 368 126 295 369 119 295 370 124 296 371 127 297 372 128 298 373 126 299 374 135 300 375 126 301 376 81 284 377 128 302 378 131 303 379 90 268 380 125 304 381 129 305 382 127 306 383 129 307 384 70 271 385 131 303 386 131 308 387 139 309 388 132 310 389 87 311 390 131 312 391 69 190 392 69 313 393 132 314 394 140 315 395 131 312 396 88 192 397 90 193 398 134 316 399 87 317 400 84 318 401 134 319 402 88 320 403 133 321 404 135 322 405 84 323 406 58 181 407 135 322 408 85 176 409 134 324 410 59 290 411 127 325 412 135 300 413 56 123 414 135 326 415 136 327 416 136 327 417 58 328 418 55 119 419 53 329 420 136 330 421 137 331 422 137 332 423 55 333 424 52 334 425 47 106 426 137 335 427 138 105 428 138 336 429 52 337 430 50 338 431 50 338 432 44 98 433 138 336 434 132 339 435 142 340 436 141 341 437 140 342 438 141 343 439 143 344 440 141 345 441 147 346 442 144 347 443 143 348 444 144 347 445 146 349 446 149 350 447 144 347 448 147 346 449 145 351 450 146 349 451 144 347 452 142 352 453 148 353 454 147 346 455 150 354 456 147 346 457 148 353 458 152 355 459 149 356 460 150 354 461 151 357 462 145 358 463 149 350 464 166 359 465 151 360 466 152 355 467 153 361 468 154 362 469 151 357 470 154 363 471 167 364 472 145 351 473 156 365 474 155 366 475 154 363 476 156 367 477 160 368 478 157 369 479 153 370 480 158 371 481 156 367 482 159 372 483 161 372 484 158 372 485 158 373 486 163 373 487 160 373 488 164 374 489 161 374 490 162 374 491 160 375 492 164 375 493 165 375 494 165 376 495 162 376 496 159 376 497 166 377 498 159 378 499 153 370 500 157 369 501 165 379 502 166 377 503 157 380 504 152 381 505 155 382 506 155 382 507 150 383 508 167 384 509 167 384 510 148 353 511 146 349 512 168 385 513 146 349 514 148 353 515 71 386 516 143 387 517 168 388 518 139 389 519 168 390 520 142 391 521 169 173 522 171 392 523 123 282 524 123 282 525 173 22 526 170 288 527 172 376 528 174 376 529 171 376 530 171 372 531 175 372 532 173 372 533 174 393 534 178 22 535 175 394 536 176 395 537 177 396 538 174 393 539 182 397 540 177 375 541 180 398 542 180 399 543 179 373 544 181 400 545 181 400 546 183 401 547 180 399 548 180 398 549 185 402 550 182 397 551 184 403 552 186 404 553 183 405 554 183 405 555 188 406 556 185 407 557 187 408 558 189 409 559 186 404 560 186 404 561 191 410 562 188 406 563 190 411 564 192 412 565 193 413 566 203 414 567 189 415 568 190 416 569 193 417 570 194 418 571 195 419 572 196 420 573 192 421 574 187 408 575 195 422 576 191 423 577 203 424 578 188 406 579 194 425 580 196 420 581 197 426 582 187 408 583 184 403 584 185 407 585 196 420 586 197 426 587 198 427 588 184 428 589 181 429 590 182 430 591 197 431 592 198 432 593 181 429 594 199 372 595 198 427 596 198 432 597 178 376 598 182 430 599 175 394 600 199 433 601 200 434 602 200 434 603 179 22 604 176 395 605 173 373 606 200 373 607 201 373 608 201 375 609 176 375 610 172 375 611 82 179 612 172 22 613 169 173 614 170 288 615 201 435 616 82 179 617 202 436 618 203 424 619 204 437 620 208 438 621 195 419 622 202 439 623 204 440 624 190 416 625 206 441 626 211 442 627 204 437 628 205 443 629 205 444 630 206 441 631 207 445 632 207 446 633 208 447 634 209 448 635 206 449 636 193 413 637 208 447 638 209 450 639 202 439 640 211 451 641 216 452 642 209 448 643 210 453 644 210 454 645 211 451 646 212 455 647 212 456 648 205 443 649 214 457 650 213 458 651 214 457 652 215 459 653 218 460 654 212 455 655 213 461 656 215 462 657 216 463 658 217 464 659 214 465 660 207 445 661 216 463 662 217 466 663 210 453 664 218 467 665 217 464 666 221 468 667 215 462 668 218 467 669 219 469 670 217 466 671 220 470 672 222 471 673 219 472 674 219 472 675 224 473 676 221 474 677 223 475 678 225 476 679 222 477 680 222 478 681 227 479 682 224 480 683 226 481 684 228 482 685 229 483 686 235 484 687 225 485 688 226 486 689 229 487 690 230 488 691 231 489 692 232 490 693 228 491 694 223 492 695 231 493 696 227 494 697 235 495 698 224 496 699 230 497 700 232 498 701 233 499 702 223 500 703 220 470 704 221 474 705 232 501 706 233 499 707 213 461 708 220 502 709 218 460 710 215 459 711 233 503 712 213 458 713 240 504 714 231 489 715 234 505 716 234 506 717 235 495 718 236 507 719 236 508 720 226 486 721 238 509 722 243 510 723 236 507 724 237 511 725 237 512 726 238 509 727 239 513 728 239 514 729 240 515 730 241 516 731 238 517 732 229 483 733 240 515 734 241 518 735 234 505 736 243 519 737 242 520 738 243 519 739 244 521 740 248 522 741 241 516 742 242 523 743 244 524 744 237 511 745 246 525 746 250 526 747 244 521 748 245 527 749 245 528 750 246 525 751 247 529 752 247 530 753 248 531 754 249 532 755 246 533 756 239 513 757 248 531 758 249 534 759 242 523 760 250 535 761 249 532 762 253 536 763 247 530 764 250 535 765 251 537 766 249 534 767 252 538 768 254 539 769 251 540 770 251 541 771 256 542 772 253 543 773 255 544 774 257 545 775 254 546 776 254 546 777 259 547 778 256 548 779 258 373 780 260 373 781 257 373 782 257 375 783 262 375 784 259 375 785 261 549 786 263 550 787 260 551 788 260 552 789 265 553 790 262 554 791 264 555 792 266 556 793 263 557 794 263 557 795 268 558 796 265 559 797 267 373 798 269 373 799 266 373 800 266 375 801 271 375 802 268 375 803 270 22 804 272 22 805 269 22 806 269 22 807 274 22 808 271 22 809 273 373 810 275 373 811 272 373 812 272 375 813 277 375 814 274 375 815 276 560 816 278 561 817 275 562 818 275 562 819 280 374 820 277 563 821 279 373 822 281 373 823 278 373 824 278 375 825 283 375 826 280 375 827 282 564 828 284 565 829 281 566 830 281 567 831 287 568 832 283 569 833 288 570 834 284 571 835 285 572 836 285 573 837 286 574 838 303 575 839 290 576 840 287 577 841 288 578 842 283 579 843 289 580 844 291 581 845 303 582 846 289 583 847 290 584 848 291 585 849 286 586 850 282 587 851 292 372 852 282 372 853 279 372 854 280 376 855 291 376 856 292 376 857 293 588 858 279 374 859 276 560 860 277 563 861 292 589 862 293 588 863 294 372 864 276 372 865 273 372 866 274 376 867 293 376 868 294 376 869 295 22 870 273 22 871 270 22 872 271 22 873 294 22 874 295 22 875 296 372 876 270 372 877 267 372 878 268 376 879 295 376 880 296 376 881 297 590 882 267 591 883 264 555 884 265 559 885 296 592 886 297 590 887 298 593 888 264 594 889 261 595 890 262 596 891 297 597 892 298 598 893 299 372 894 261 372 895 258 372 896 259 376 897 298 376 898 299 376 899 300 599 900 258 600 901 255 544 902 256 548 903 299 601 904 300 599 905 301 602 906 255 603 907 252 604 908 253 605 909 300 606 910 301 607 911 245 527 912 252 608 913 250 526 914 247 529 915 301 609 916 245 528 917 302 610 918 288 578 919 308 611 920 304 612 921 290 584 922 302 610 923 306 613 924 303 575 925 304 612 926 307 614 927 304 612 928 305 615 929 305 615 930 302 610 931 310 616 932 309 617 933 306 613 934 307 614 935 308 611 936 285 572 937 306 613 938 310 616 939 308 611 940 309 617 941 309 617 942 313 618 943 310 616 944 307 614 945 311 619 946 309 617 947 312 375 948 314 375 949 311 375 950 311 376 951 316 376 952 313 376 953 315 620 954 317 621 955 314 622 956 314 623 957 320 624 958 316 625 959 321 626 960 317 627 961 318 628 962 318 629 963 319 630 964 327 631 965 323 632 966 320 633 967 321 634 968 316 635 969 322 636 970 324 637 971 327 638 972 322 639 973 323 640 974 324 641 975 319 642 976 315 643 977 325 373 978 315 373 979 312 373 980 313 372 981 324 372 982 325 372 983 305 615 984 312 644 985 307 614 986 310 616 987 325 645 988 305 615 989 328 646 990 323 640 991 326 647 992 326 648 993 321 634 994 349 649 995 329 650 996 327 631 997 328 651 998 328 651 999 332 652 1000 329 650 1001 326 647 1002 330 653 1003 328 646 1004 331 373 1005 333 373 1006 330 373 1007 330 375 1008 335 375 1009 332 375 1010 334 22 1011 336 22 1012 333 22 1013 333 22 1014 338 22 1015 335 22 1016 337 654 1017 339 655 1018 336 656 1019 336 657 1020 341 658 1021 338 659 1022 340 660 1023 342 661 1024 343 662 1025 351 663 1026 339 664 1027 340 665 1028 343 666 1029 344 667 1030 345 668 1031 346 669 1032 342 670 1033 337 671 1034 345 672 1035 341 673 1036 351 674 1037 338 675 1038 344 676 1039 346 677 1040 347 22 1041 337 22 1042 334 22 1043 335 22 1044 346 22 1045 347 22 1046 348 372 1047 334 372 1048 331 372 1049 332 376 1050 347 376 1051 348 376 1052 349 649 1053 331 678 1054 326 648 1055 329 679 1056 348 680 1057 349 681 1058 349 681 1059 318 628 1060 329 679 1061 398 682 1062 345 668 1063 350 683 1064 350 684 1065 351 674 1066 352 685 1067 352 686 1068 340 665 1069 353 687 1070 353 687 1071 354 688 1072 352 686 1073 352 685 1074 356 689 1075 350 684 1076 355 374 1077 357 690 1078 354 691 1079 354 691 1080 359 692 1081 356 374 1082 358 375 1083 360 693 1084 357 375 1085 357 376 1086 363 694 1087 359 376 1088 360 695 1089 364 696 1090 363 694 1091 362 697 1092 361 698 1093 360 693 1094 359 372 1095 365 699 1096 366 372 1097 363 700 1098 367 701 1099 365 699 1100 366 373 1101 362 702 1102 358 373 1103 365 703 1104 369 704 1105 362 702 1106 364 705 1107 368 706 1108 367 701 1109 367 707 1110 370 708 1111 369 704 1112 369 709 1113 372 710 1114 361 698 1115 368 711 1116 371 712 1117 370 708 1118 370 713 1119 373 714 1120 372 710 1121 361 715 1122 374 716 1123 364 696 1124 372 717 1125 375 718 1126 374 716 1127 374 719 1128 376 720 1129 368 706 1130 373 721 1131 377 722 1132 375 718 1133 375 723 1134 380 724 1135 376 720 1136 381 725 1137 377 726 1138 378 727 1139 378 728 1140 379 729 1141 385 730 1142 383 731 1143 380 732 1144 381 733 1145 376 734 1146 382 735 1147 371 712 1148 383 736 1149 379 737 1150 382 738 1151 373 714 1152 382 738 1153 379 737 1154 384 739 1155 381 733 1156 395 740 1157 386 741 1158 383 736 1159 384 742 1160 387 743 1161 385 730 1162 386 744 1163 384 742 1164 388 745 1165 386 741 1166 386 744 1167 391 746 1168 387 743 1169 390 747 1170 389 748 1171 388 745 1172 388 749 1173 392 750 1174 391 746 1175 391 751 1176 394 752 1177 393 753 1178 387 754 1179 393 753 1180 395 755 1181 393 756 1182 396 757 1183 390 758 1184 395 740 1185 390 758 1186 384 739 1187 395 755 1188 378 727 1189 387 754 1190 394 374 1191 389 374 1192 396 374 1193 397 759 1194 358 760 1195 355 374 1196 356 374 1197 366 761 1198 397 759 1199 398 762 1200 355 763 1201 353 764 1202 350 683 1203 397 765 1204 398 682 1205 353 764 1206 343 662 1207 398 762 1208 400 240 1209 399 766 1210 401 767 1211 112 234 1212 405 768 1213 399 769 1214 107 231 1215 401 770 1216 403 771 1217 401 767 1218 408 772 1219 402 773 1220 403 771 1221 402 774 1222 404 775 1223 405 776 1224 404 777 1225 406 778 1226 110 228 1227 403 779 1228 405 776 1229 399 769 1230 406 780 1231 408 781 1232 406 778 1233 413 782 1234 407 783 1235 408 781 1236 407 784 1237 409 785 1238 402 773 1239 409 786 1240 411 787 1241 411 787 1242 410 788 1243 412 789 1244 409 785 1245 415 790 1246 410 791 1247 413 792 1248 412 793 1249 414 794 1250 404 775 1251 411 795 1252 413 792 1253 407 783 1254 414 796 1255 415 797 1256 417 798 1257 414 794 1258 412 793 1259 416 799 1260 415 797 1261 414 796 1262 419 22 1263 416 22 1264 417 22 1265 418 800 1266 410 791 1267 415 790 1268 419 801 1269 412 789 1270 410 788 1271 423 802 1272 421 803 1273 426 804 1274 423 805 1275 422 806 1276 420 807 1277 424 808 1278 425 809 1279 449 810 1280 475 811 1281 479 812 1282 423 805 1283 426 813 1284 427 814 1285 423 815 1286 431 816 1287 428 817 1288 427 818 1289 429 819 1290 430 820 1291 427 821 1292 427 818 1293 433 822 1294 431 816 1295 431 816 1296 434 823 1297 432 824 1298 436 825 1299 434 826 1300 435 827 1301 436 828 1302 437 829 1303 439 830 1304 429 831 1305 437 829 1306 438 832 1307 442 833 1308 440 834 1309 439 830 1310 441 835 1311 440 834 1312 477 836 1313 469 837 1314 439 830 1315 441 835 1316 439 830 1317 426 838 1318 442 833 1319 426 838 1320 446 839 1321 442 833 1322 443 840 1323 446 839 1324 447 841 1325 443 840 1326 444 842 1327 442 833 1328 442 833 1329 478 843 1330 445 844 1331 449 845 1332 447 846 1333 448 847 1334 424 808 1335 448 848 1336 422 806 1337 476 849 1338 449 810 1339 479 812 1340 449 850 1341 453 851 1342 443 852 1343 451 853 1344 454 854 1345 450 855 1346 451 853 1347 452 856 1348 461 857 1349 450 858 1350 456 859 1351 453 860 1352 453 861 1353 457 862 1354 444 842 1355 460 863 1356 457 862 1357 458 864 1358 461 865 1359 458 866 1360 459 867 1361 463 868 1362 460 869 1363 461 870 1364 444 842 1365 462 871 1366 441 835 1367 463 872 1368 464 873 1369 462 874 1370 462 871 1371 466 875 1372 441 835 1373 469 837 1374 466 875 1375 467 876 1376 470 877 1377 467 878 1378 468 879 1379 432 880 1380 469 881 1381 470 882 1382 472 883 1383 471 884 1384 470 885 1385 475 811 1386 470 885 1387 474 886 1388 470 885 1389 473 887 1390 472 883 1391 472 883 1392 465 888 1393 463 889 1394 476 849 1395 474 886 1396 463 889 1397 440 890 1398 474 891 1399 477 892 1400 477 893 1401 476 894 1402 478 895 1403 441 835 1404 478 843 1405 444 842 1406 445 896 1407 476 897 1408 479 898 1409 440 899 1410 479 900 1411 475 901 1412 461 857 1413 455 902 1414 451 853 1415 481 903 1416 483 904 1417 486 905 1418 483 906 1419 482 907 1420 484 908 1421 485 909 1422 484 908 1423 509 910 1424 483 906 1425 535 911 1426 487 912 1427 486 913 1428 487 914 1429 489 915 1430 488 916 1431 491 917 1432 487 912 1433 490 918 1434 489 919 1435 487 920 1436 493 921 1437 487 912 1438 491 917 1439 494 922 1440 491 917 1441 492 923 1442 496 924 1443 494 925 1444 492 926 1445 497 927 1446 496 928 1447 499 929 1448 489 930 1449 497 927 1450 499 929 1451 500 931 1452 502 932 1453 499 929 1454 501 933 1455 500 931 1456 499 929 1457 499 929 1458 529 934 1459 501 933 1460 499 929 1461 486 935 1462 489 930 1463 506 936 1464 486 935 1465 502 932 1466 503 937 1467 506 936 1468 502 932 1469 504 938 1470 503 937 1471 502 932 1472 502 932 1473 538 939 1474 504 938 1475 509 940 1476 507 941 1477 503 942 1478 484 908 1479 508 943 1480 509 910 1481 509 910 1482 510 944 1483 536 945 1484 509 946 1485 513 947 1486 510 948 1487 514 949 1488 511 950 1489 510 944 1490 512 951 1491 511 950 1492 521 952 1493 516 953 1494 510 954 1495 513 955 1496 517 956 1497 513 957 1498 504 938 1499 520 958 1500 517 956 1501 504 938 1502 521 959 1503 518 960 1504 520 373 1505 520 961 1506 523 962 1507 521 963 1508 504 938 1509 522 964 1510 520 958 1511 524 965 1512 523 966 1513 522 967 1514 526 968 1515 522 964 1516 501 933 1517 529 934 1518 526 968 1519 501 933 1520 530 969 1521 527 970 1522 529 971 1523 529 972 1524 492 973 1525 530 974 1526 531 975 1527 532 976 1528 530 977 1529 530 977 1530 492 923 1531 535 911 1532 533 978 1533 530 977 1534 532 976 1535 525 979 1536 532 976 1537 523 980 1538 523 980 1539 536 945 1540 521 952 1541 534 981 1542 500 982 1543 537 983 1544 536 984 1545 537 985 1546 538 986 1547 538 939 1548 501 933 1549 504 938 1550 505 987 1551 536 988 1552 538 989 1553 500 990 1554 539 991 1555 505 992 1556 515 993 1557 521 952 1558 511 950 1559 543 994 1560 541 995 1561 546 996 1562 543 997 1563 542 998 1564 540 999 1565 544 1000 1566 545 1001 1567 569 1002 1568 595 1003 1569 599 1004 1570 543 997 1571 546 1005 1572 547 1006 1573 543 1007 1574 551 1008 1575 548 1009 1576 547 1010 1577 549 1011 1578 550 1012 1579 547 372 1580 547 1010 1581 553 1013 1582 551 1008 1583 551 1008 1584 554 1014 1585 552 1015 1586 556 1016 1587 554 1017 1588 555 1018 1589 556 1019 1590 557 1020 1591 559 1021 1592 549 1022 1593 557 1020 1594 558 1023 1595 562 1024 1596 560 1025 1597 559 1021 1598 561 1026 1599 560 1025 1600 597 1027 1601 589 1028 1602 559 1021 1603 561 1026 1604 559 1021 1605 546 1029 1606 562 1024 1607 546 1029 1608 566 1030 1609 562 1024 1610 563 1031 1611 566 1030 1612 567 1032 1613 563 1031 1614 564 1033 1615 562 1024 1616 562 1024 1617 598 1034 1618 565 1035 1619 569 1036 1620 567 1037 1621 568 1038 1622 544 1000 1623 568 1039 1624 542 998 1625 596 1040 1626 569 1002 1627 599 1004 1628 569 1041 1629 573 1042 1630 563 1043 1631 571 1044 1632 574 1045 1633 570 1046 1634 571 1044 1635 572 1047 1636 581 1048 1637 570 372 1638 576 372 1639 573 372 1640 573 1049 1641 577 1050 1642 564 1033 1643 580 1051 1644 577 1050 1645 578 1052 1646 581 375 1647 578 375 1648 579 375 1649 583 1053 1650 580 1054 1651 581 1055 1652 564 1033 1653 582 1056 1654 561 1026 1655 583 1057 1656 584 1058 1657 582 1059 1658 582 1056 1659 586 1060 1660 561 1026 1661 589 1028 1662 586 1060 1663 587 1061 1664 590 1062 1665 587 1063 1666 588 1064 1667 552 1065 1668 589 1066 1669 590 1067 1670 592 1068 1671 591 1069 1672 590 1070 1673 595 1003 1674 590 1070 1675 594 1071 1676 590 1070 1677 593 1072 1678 592 1068 1679 592 1068 1680 585 1073 1681 583 1074 1682 596 1040 1683 594 1071 1684 583 1074 1685 597 1075 1686 595 1076 1687 594 1077 1688 598 1078 1689 594 1079 1690 596 1080 1691 561 1026 1692 598 1034 1693 564 1033 1694 598 1081 1695 599 1082 1696 565 1083 1697 565 1084 1698 595 1085 1699 560 1086 1700 581 1048 1701 575 1087 1702 571 1044 1703 601 1088 1704 603 1089 1705 606 1090 1706 603 1091 1707 602 1092 1708 604 1093 1709 605 1094 1710 604 1093 1711 629 1095 1712 603 1091 1713 655 1096 1714 607 1097 1715 606 1098 1716 607 1099 1717 609 1100 1718 608 1101 1719 611 1102 1720 607 1097 1721 610 1103 1722 609 1104 1723 607 1105 1724 613 1106 1725 607 1097 1726 611 1102 1727 614 1107 1728 611 1102 1729 612 1108 1730 616 1109 1731 614 1110 1732 612 375 1733 617 1111 1734 616 1112 1735 619 1113 1736 609 1114 1737 617 1111 1738 619 1113 1739 620 1115 1740 622 1116 1741 619 1113 1742 621 1117 1743 620 1115 1744 619 1113 1745 619 1113 1746 649 1118 1747 621 1117 1748 619 1113 1749 606 1119 1750 609 1114 1751 626 1120 1752 606 1119 1753 622 1116 1754 623 1121 1755 626 1120 1756 622 1116 1757 624 1122 1758 623 1121 1759 622 1116 1760 622 1116 1761 658 1123 1762 624 1122 1763 629 1124 1764 627 1125 1765 623 1126 1766 604 1093 1767 628 1127 1768 629 1095 1769 629 1095 1770 630 1128 1771 656 1129 1772 629 1130 1773 633 1131 1774 630 1132 1775 634 1133 1776 631 1134 1777 630 1128 1778 632 1135 1779 631 1134 1780 641 1136 1781 636 372 1782 630 372 1783 633 372 1784 637 1137 1785 633 1138 1786 624 1122 1787 640 1139 1788 637 1137 1789 624 1122 1790 641 375 1791 638 375 1792 640 375 1793 640 1140 1794 643 1141 1795 641 1142 1796 624 1122 1797 642 1143 1798 640 1139 1799 644 1144 1800 643 1145 1801 642 1146 1802 646 1147 1803 642 1143 1804 621 1117 1805 649 1118 1806 646 1147 1807 621 1117 1808 650 1148 1809 647 1149 1810 649 1150 1811 649 1151 1812 612 1152 1813 650 1153 1814 651 1154 1815 652 1155 1816 650 1156 1817 650 1156 1818 612 1108 1819 655 1096 1820 653 1157 1821 650 1156 1822 652 1155 1823 645 1158 1824 652 1155 1825 643 1159 1826 643 1159 1827 656 1129 1828 641 1136 1829 657 1160 1830 655 1161 1831 620 1162 1832 658 1163 1833 654 1164 1834 657 1165 1835 658 1123 1836 621 1117 1837 624 1122 1838 659 1166 1839 658 1167 1840 625 1168 1841 655 1169 1842 625 1170 1843 620 1171 1844 635 1172 1845 641 1136 1846 631 1134 1847 685 1173 1848 662 1174 1849 684 1175 1850 683 1176 1851 664 1177 1852 682 1176 1853 681 1178 1854 666 1179 1855 680 1178 1856 677 1180 1857 668 1181 1858 676 1182 1859 679 1183 1860 670 1184 1861 678 1185 1862 691 1186 1863 672 1187 1864 690 1186 1865 689 1188 1866 674 1189 1867 688 1188 1868 687 1190 1869 660 1191 1870 686 1192 1871 676 1193 1872 690 1194 1873 686 1195 1874 667 1196 1875 676 1182 1876 666 1197 1877 669 1198 1878 678 1185 1879 668 1199 1880 665 1200 1881 680 1178 1882 664 1201 1883 663 1202 1884 682 1176 1885 662 1203 1886 661 1204 1887 684 1175 1888 660 1205 1889 675 1206 1890 686 1192 1891 674 1207 1892 673 1208 1893 688 1188 1894 672 1209 1895 671 1210 1896 690 1186 1897 670 1211 1898 694 1212 1899 709 1213 1900 693 1214 1901 685 374 1902 693 374 1903 692 374 1904 687 374 1905 693 374 1906 661 374 1907 687 374 1908 695 1215 1909 694 374 1910 689 1216 1911 695 1215 1912 675 1217 1913 689 1216 1914 697 374 1915 696 1218 1916 691 1219 1917 697 374 1918 673 374 1919 691 1219 1920 699 1220 1921 698 1221 1922 679 374 1923 699 1220 1924 671 1222 1925 679 374 1926 701 374 1927 700 374 1928 677 374 1929 701 374 1930 669 374 1931 677 374 1932 703 1223 1933 702 374 1934 681 1224 1935 703 1223 1936 667 1222 1937 681 1224 1938 705 374 1939 704 1221 1940 683 1225 1941 705 374 1942 665 374 1943 683 1225 1944 707 1226 1945 706 1218 1946 685 374 1947 707 1226 1948 663 1217 1949 725 1227 1950 740 1228 1951 724 1229 1952 702 1230 1953 718 1231 1954 701 1232 1955 694 1212 1956 712 1233 1957 711 1234 1958 702 1230 1959 720 1235 1960 719 1236 1961 696 1237 1962 712 1233 1963 695 1238 1964 704 1239 1965 720 1235 1966 703 1240 1967 696 1237 1968 714 1241 1969 713 1242 1970 704 1239 1971 722 1243 1972 721 1244 1973 698 1245 1974 714 1241 1975 697 1246 1976 706 1247 1977 722 1243 1978 705 1248 1979 698 1245 1980 716 1249 1981 715 1250 1982 692 1251 1983 709 1213 1984 708 1252 1985 706 1247 1986 710 1253 1987 723 1254 1988 700 1255 1989 716 1249 1990 699 1256 1991 692 1251 1992 710 1253 1993 707 1257 1994 700 1255 1995 718 1231 1996 717 1258 1997 708 374 1998 725 374 1999 724 374 2000 711 374 2001 725 374 2002 709 374 2003 711 374 2004 727 374 2005 726 374 2006 713 374 2007 727 374 2008 712 374 2009 713 374 2010 729 374 2011 728 374 2012 715 374 2013 729 374 2014 714 374 2015 715 374 2016 731 374 2017 730 374 2018 717 374 2019 731 374 2020 716 374 2021 717 374 2022 733 374 2023 732 374 2024 719 374 2025 733 374 2026 718 374 2027 719 374 2028 735 374 2029 734 374 2030 721 374 2031 735 374 2032 720 374 2033 721 374 2034 737 374 2035 736 374 2036 723 374 2037 737 374 2038 722 374 2039 723 374 2040 739 374 2041 738 374 2042 708 374 2043 739 374 2044 710 374 2045 745 1259 2046 762 1260 2047 761 1261 2048 739 1262 2049 755 1263 2050 738 1264 2051 732 1265 2052 748 1266 2053 731 1267 2054 724 1229 2055 742 1268 2056 739 1262 2057 733 1269 2058 749 1270 2059 732 1265 2060 726 1271 2061 741 1272 2062 725 1227 2063 734 1273 2064 750 1274 2065 733 1269 2066 727 1275 2067 743 1276 2068 726 1271 2069 735 1277 2070 751 1278 2071 734 1273 2072 728 1279 2073 744 1280 2074 727 1275 2075 736 1281 2076 752 1282 2077 735 1277 2078 729 1283 2079 745 1284 2080 728 1279 2081 737 1285 2082 753 1286 2083 736 1281 2084 730 1287 2085 746 1288 2086 729 1283 2087 738 1264 2088 754 1289 2089 737 1285 2090 731 1267 2091 747 1290 2092 730 1287 2093 767 1291 2094 805 1292 2095 789 1293 2096 753 1294 2097 770 1295 2098 769 1296 2099 747 1294 2100 762 1260 2101 746 22 2102 755 1259 2103 770 1295 2104 754 22 2105 748 1297 2106 763 1296 2107 747 1294 2108 740 1298 2109 757 22 2110 756 1299 2111 742 1300 2112 771 1261 2113 755 1259 2114 748 1297 2115 765 1301 2116 764 22 2117 742 1300 2118 756 1299 2119 758 22 2120 749 1302 2121 766 22 2122 765 1301 2123 743 1298 2124 757 22 2125 741 22 2126 751 1302 2127 766 22 2128 750 22 2129 744 1300 2130 759 1299 2131 743 1298 2132 752 1297 2133 767 1301 2134 751 1302 2135 744 1300 2136 761 1261 2137 760 22 2138 752 1297 2139 769 1296 2140 768 22 2141 864 1303 2142 1295 1304 2143 863 1305 2144 761 1306 2145 797 1307 2146 760 1308 2147 766 1309 2148 789 1293 2149 792 1310 2150 759 1311 2151 797 1307 2152 800 1312 2153 769 1313 2154 805 1292 2155 768 1314 2156 762 1315 2157 809 1316 2158 761 1306 2159 770 1317 2160 813 1318 2161 769 1313 2162 762 1315 2163 825 1319 2164 817 1320 2165 770 1317 2166 829 1321 2167 821 1322 2168 763 1323 2169 833 1324 2170 825 1319 2171 757 1325 2172 840 1326 2173 756 1327 2174 771 1328 2175 845 1329 2176 829 1321 2177 765 1330 2178 833 1324 2179 764 1331 2180 796 1332 2181 777 1333 2182 776 1334 2183 804 1335 2184 785 1336 2185 784 1337 2186 801 1338 2187 773 1339 2188 836 1340 2189 848 1341 2190 782 1342 2191 781 1343 2192 844 1344 2193 772 1345 2194 774 1346 2195 841 1347 2196 773 1339 2197 772 1345 2198 832 1348 2199 781 1343 2200 780 1349 2201 756 1327 2202 845 1329 2203 758 1350 2204 844 1344 2205 787 1351 2206 828 1352 2207 832 1348 2208 779 1353 2209 824 1354 2210 828 1352 2211 786 1355 2212 820 1356 2213 824 1354 2214 778 1357 2215 816 1358 2216 812 1359 2217 786 1355 2218 785 1336 2219 808 1360 2220 778 1357 2221 777 1333 2222 757 1325 2223 800 1312 2224 837 1361 2225 766 1309 2226 849 1362 2227 765 1330 2228 796 1332 2229 775 1363 2230 801 1338 2231 788 1364 2232 782 1342 2233 793 1365 2234 836 1340 2235 803 1366 2236 801 1338 2237 838 1367 2238 802 1368 2239 803 1366 2240 802 1368 2241 837 1361 2242 800 1312 2243 793 1365 2244 850 1369 2245 795 1370 2246 850 1369 2247 794 1371 2248 795 1370 2249 851 1372 2250 792 1310 2251 794 1371 2252 841 1347 2253 846 1373 2254 843 1374 2255 846 1373 2256 842 1375 2257 843 1374 2258 847 1376 2259 840 1326 2260 842 1375 2261 848 1341 2262 834 1377 2263 850 1369 2264 834 1377 2265 851 1372 2266 850 1369 2267 835 1378 2268 849 1362 2269 851 1372 2270 828 1352 2271 846 1373 2272 844 1344 2273 830 1379 2274 847 1376 2275 846 1373 2276 847 1376 2277 829 1321 2278 845 1329 2279 836 1340 2280 843 1374 2281 838 1367 2282 843 1374 2283 839 1380 2284 838 1367 2285 842 1375 2286 837 1361 2287 839 1380 2288 824 1354 2289 834 1377 2290 832 1348 2291 826 1381 2292 835 1378 2293 834 1377 2294 835 1378 2295 825 1319 2296 833 1324 2297 820 1356 2298 830 1379 2299 828 1352 2300 822 1382 2301 831 1383 2302 830 1379 2303 831 1383 2304 821 1322 2305 829 1321 2306 816 1358 2307 826 1381 2308 824 1354 2309 818 1384 2310 827 1385 2311 826 1381 2312 827 1385 2313 817 1320 2314 825 1319 2315 820 1356 2316 814 1386 2317 822 1382 2318 814 1386 2319 823 1387 2320 822 1382 2321 815 1388 2322 821 1322 2323 823 1387 2324 816 1358 2325 810 1389 2326 818 1384 2327 810 1389 2328 819 1390 2329 818 1384 2330 811 1391 2331 817 1320 2332 819 1390 2333 812 1359 2334 806 1392 2335 814 1386 2336 806 1392 2337 815 1388 2338 814 1386 2339 807 1393 2340 813 1318 2341 815 1388 2342 808 1360 2343 798 1394 2344 810 1389 2345 798 1394 2346 811 1391 2347 810 1389 2348 799 1395 2349 809 1316 2350 811 1391 2351 788 1364 2352 806 1392 2353 804 1335 2354 790 1396 2355 807 1393 2356 806 1392 2357 807 1393 2358 789 1293 2359 805 1292 2360 801 1338 2361 798 1394 2362 796 1332 2363 803 1366 2364 799 1395 2365 798 1394 2366 799 1395 2367 800 1312 2368 797 1307 2369 793 1365 2370 790 1396 2371 788 1364 2372 795 1370 2373 791 1397 2374 790 1396 2375 791 1397 2376 792 1310 2377 789 1293 2378 804 1335 2379 783 1398 2380 788 1364 2381 772 1399 2382 853 374 2383 852 1400 2384 775 1399 2385 853 374 2386 773 374 2387 776 1401 2388 854 1400 2389 775 1399 2390 776 1401 2391 856 1402 2392 855 374 2393 777 1403 2394 857 374 2395 856 1402 2396 779 1404 2397 857 374 2398 778 374 2399 780 1405 2400 858 1406 2401 779 1404 2402 780 1405 2403 860 1407 2404 859 374 2405 781 1408 2406 861 374 2407 860 1407 2408 783 1408 2409 861 374 2410 782 374 2411 784 1405 2412 862 1407 2413 783 1408 2414 784 1405 2415 864 1406 2416 863 374 2417 785 1404 2418 865 374 2419 864 1406 2420 787 1403 2421 865 374 2422 786 374 2423 774 1401 2424 866 1402 2425 787 1403 2426 774 1401 2427 852 1400 2428 867 374 2429 871 1409 2430 1437 1410 2431 869 1411 2432 857 1412 2433 905 1413 2434 856 1414 2435 862 1415 2436 1295 1304 2437 902 1416 2438 856 1414 2439 1314 1417 2440 855 1418 2441 865 1419 2442 909 1420 2443 864 1303 2444 857 1412 2445 915 1421 2446 1325 1422 2447 865 1419 2448 917 1423 2449 1301 1424 2450 858 1425 2451 1331 1426 2452 915 1421 2453 853 1427 2454 931 1428 2455 1313 1429 2456 866 1430 2457 1306 1431 2458 917 1423 2459 860 1432 2460 1331 1426 2461 859 1433 2462 1328 1434 2463 878 1435 2464 877 1436 2465 861 1437 2466 927 1438 2467 860 1432 2468 853 1427 2469 922 1439 2470 852 1440 2471 1318 1441 2472 874 1442 2473 873 1443 2474 1292 1444 2475 882 1445 2476 881 1446 2477 1315 1447 2478 871 1448 2479 1310 1449 2480 903 1450 2481 878 1435 2482 1326 1451 2483 852 1440 2484 1306 1431 2485 867 1452 2486 943 1453 2487 959 1454 2488 942 1455 2489 1305 1456 2490 868 1457 2491 870 1458 2492 1310 1449 2493 869 1459 2494 1312 1460 2495 1330 1461 2496 877 1436 2497 876 1462 2498 923 1463 2499 869 1459 2500 868 1457 2501 1305 1456 2502 883 1464 2503 1298 1465 2504 1330 1461 2505 875 1466 2506 1322 1467 2507 1298 1465 2508 882 1445 2509 1300 1468 2510 1322 1467 2511 874 1442 2512 1324 1469 2513 854 1470 2514 1314 1417 2515 931 1428 2516 861 1437 2517 902 1416 2518 1327 1471 2519 1315 1447 2520 873 1443 2521 872 1472 2522 1294 1473 2523 879 1474 2524 903 1450 2525 1316 1475 2526 1342 1476 2527 914 1477 2528 906 1478 2529 1365 1479 2530 1364 1480 2531 1321 1481 2532 1378 1482 2533 1320 1483 2534 911 1484 2535 1370 1485 2536 1371 1486 2537 919 1487 2538 1343 1488 2539 1323 1489 2540 1320 1490 2541 1336 1491 2542 926 1492 2543 1308 1493 2544 1369 1494 2545 1309 1495 2546 918 1496 2547 1342 1476 2548 1372 1497 2549 1286 1498 2550 1337 1499 2551 1329 1500 2552 901 1501 2553 1334 1502 2554 1287 1503 2555 919 1504 2556 1372 1505 2557 1373 1506 2558 1285 1507 2559 1336 1491 2560 1376 1508 2561 900 1509 2562 1335 1510 2563 1350 1511 2564 1289 1512 2565 1345 1513 2566 1355 1514 2567 1286 1515 2568 1376 1516 2569 1377 1517 2570 901 1518 2571 1350 1519 2572 1351 1520 2573 1294 1473 2574 881 1446 2575 880 1521 2576 872 1522 2577 1424 1523 2578 871 1409 2579 880 1524 2580 1429 1525 2581 1413 1526 2582 873 1527 2583 1409 1528 2584 1393 1529 2585 880 1524 2586 1421 1530 2587 879 1531 2588 872 1522 2589 1393 1529 2590 1397 1532 2591 883 1533 2592 1389 1534 2593 882 1535 2594 875 1536 2595 1409 1528 2596 874 1537 2597 881 1538 2598 1389 1534 2599 1429 1525 2600 876 1539 2601 1441 1540 2602 1385 1541 2603 1408 1542 2604 892 1543 2605 893 1544 2606 870 1545 2607 1400 1546 2608 1381 1547 2609 876 1539 2610 1433 1548 2611 875 1536 2612 870 1545 2613 1405 1549 2614 883 1533 2615 877 1550 2616 1416 1551 2617 1441 1540 2618 950 1552 2619 1459 1553 2620 963 1554 2621 898 1555 2622 932 1556 2623 899 1557 2624 898 1555 2625 934 1556 2626 933 374 2627 896 1558 2628 935 1559 2629 934 1556 2630 894 1560 2631 935 1559 2632 895 374 2633 893 374 2634 936 1561 2635 894 1560 2636 893 374 2637 938 1562 2638 937 374 2639 892 1563 2640 939 1564 2641 938 1562 2642 890 1565 2643 939 1564 2644 891 374 2645 889 1566 2646 940 1567 2647 890 1565 2648 889 1566 2649 942 1567 2650 941 374 2651 888 1568 2652 943 1569 2653 942 1567 2654 886 1570 2655 943 1569 2656 887 374 2657 885 374 2658 944 1562 2659 886 1570 2660 885 374 2661 946 1561 2662 945 374 2663 884 1571 2664 947 1572 2665 946 1561 2666 899 1557 2667 947 1572 2668 897 374 2669 936 1573 2670 952 1574 2671 935 1575 2672 944 1576 2673 960 1577 2674 943 1453 2675 937 1578 2676 953 1579 2677 936 1573 2678 945 1580 2679 961 1581 2680 944 1576 2681 938 1582 2682 954 1583 2683 937 1578 2684 946 1584 2685 962 1585 2686 945 1580 2687 939 1586 2688 955 1587 2689 938 1582 2690 933 1588 2691 948 1589 2692 932 1590 2693 947 1591 2694 963 1554 2695 946 1584 2696 940 1592 2697 956 1593 2698 939 1586 2699 932 1590 2700 950 1552 2701 947 1591 2702 941 1594 2703 957 1595 2704 940 1592 2705 934 1596 2706 949 1597 2707 933 1588 2708 942 1455 2709 958 1598 2710 941 1594 2711 935 1575 2712 951 1599 2713 934 1596 2714 951 1599 2715 1505 1600 2716 949 1597 2717 959 1454 2718 1519 1601 2719 958 1598 2720 1520 1602 2721 975 1603 2722 974 1604 2723 960 1577 2724 1500 1605 2725 959 1454 2726 1499 1606 2727 976 1607 2728 975 1603 2729 952 1574 2730 1485 1608 2731 1494 1609 2732 953 1579 2733 1474 1610 2734 1485 1608 2735 1475 1611 2736 969 1612 2737 1484 1613 2738 955 1587 2739 1474 1610 2740 954 1583 2741 1475 1611 2742 971 1614 2743 970 1615 2744 1514 1616 2745 972 1617 2746 1455 1618 2747 956 1593 2748 1465 1619 2749 955 1587 2750 950 1552 2751 1449 1620 2752 1445 1621 2753 956 1593 2754 1515 1622 2755 1454 1623 2756 1460 1624 2757 966 1625 2758 979 1626 2759 1626 1627 2760 1695 374 2761 1694 374 2762 1570 1628 2763 987 1629 2764 1565 1630 2765 1524 1631 2766 995 1632 2767 1534 1633 2768 1540 1634 2769 983 1632 2770 982 1635 2771 1575 1636 2772 988 1637 2773 1570 1628 2774 965 1638 2775 1525 1639 2776 964 1640 2777 1575 1636 2778 990 1637 2779 989 374 2780 1600 1641 2781 995 1632 2782 994 1642 2783 1580 1643 2784 991 1629 2785 990 1637 2786 1550 1644 2787 983 1632 2788 1545 1645 2789 1590 1646 2790 991 1629 2791 1585 1647 2792 1555 1648 2793 984 1642 2794 1550 1644 2795 1595 1649 2796 992 1650 2797 1590 1646 2798 1555 1648 2799 986 1650 2800 985 374 2801 1595 1649 2802 994 1642 2803 993 374 2804 1560 1651 2805 987 1629 2806 986 1650 2807 964 1640 2808 1535 1652 2809 966 1625 2810 967 1653 2811 1529 1654 2812 965 1638 2813 968 1655 2814 1539 1656 2815 967 1653 2816 969 1612 2817 1544 1657 2818 968 1655 2819 970 1615 2820 1549 1658 2821 969 1612 2822 971 1614 2823 1554 1659 2824 970 1615 2825 972 1617 2826 1559 1660 2827 971 1614 2828 973 1661 2829 1564 1662 2830 972 1617 2831 974 1604 2832 1569 1663 2833 973 1661 2834 975 1603 2835 1574 1664 2836 974 1604 2837 976 1607 2838 1579 1665 2839 975 1603 2840 977 1666 2841 1584 1667 2842 976 1607 2843 978 1668 2844 1589 1669 2845 977 1666 2846 979 1626 2847 1594 1670 2848 978 1668 2849 966 1625 2850 1599 1671 2851 979 1626 2852 1530 1672 2853 982 1635 2854 981 374 2855 1657 1673 2856 1700 1674 2857 1025 1675 2858 1649 1676 2859 1670 374 2860 1672 374 2861 1632 1677 2862 1695 374 2863 1629 1678 2864 981 1679 2865 1605 1680 2866 980 1681 2867 1632 1677 2868 1653 374 2869 1696 374 2870 1614 1682 2871 1677 374 2872 1611 1683 2873 1638 1684 2874 1653 374 2875 1635 1685 2876 1614 1682 2877 1683 1686 2878 1682 374 2879 1638 1684 2880 1659 1687 2881 1658 374 2882 1620 1688 2883 1683 1686 2884 1617 1689 2885 1644 1690 2886 1659 1687 2887 1641 1691 2888 1620 1688 2889 1689 1687 2890 1688 374 2891 1644 1690 2892 1665 1686 2893 1664 374 2894 1626 1627 2895 1689 1687 2896 1623 1692 2897 1649 1676 2898 1665 1686 2899 1647 1693 2900 980 1681 2901 1650 1694 2902 995 1695 2903 982 1696 2904 1607 1697 2905 981 1679 2906 983 1698 2907 1610 1699 2908 982 1696 2909 984 1700 2910 1613 1701 2911 983 1698 2912 985 1702 2913 1616 1703 2914 984 1700 2915 986 1704 2916 1619 1705 2917 985 1702 2918 987 1706 2919 1622 1707 2920 986 1704 2921 988 1708 2922 1625 1709 2923 987 1706 2924 989 1710 2925 1628 1711 2926 988 1708 2927 990 1712 2928 1631 1713 2929 989 1710 2930 991 1714 2931 1634 1715 2932 990 1712 2933 992 1716 2934 1637 1717 2935 991 1714 2936 993 1718 2937 1640 1719 2938 992 1716 2939 994 1720 2940 1643 1721 2941 993 1718 2942 995 1695 2943 1646 1722 2944 994 1720 2945 1608 1723 2946 1677 374 2947 1676 374 2948 1685 1724 2949 1031 1725 2950 1680 1726 2951 1014 1727 2952 1705 1728 2953 1727 22 2954 1005 1729 2955 1712 1730 2956 1716 374 2957 1013 1731 2958 1728 1731 2959 997 1732 2960 1009 1733 2961 1701 1734 2962 1008 1735 2963 1016 1736 2964 1733 1737 2965 999 1738 2966 1663 1739 2967 1705 1728 2968 1027 1740 2969 1669 1741 2970 1706 1742 2971 1012 1743 2972 1654 1744 2973 1701 1734 2974 1720 374 2975 1671 1745 2976 1734 1745 2977 1674 1746 2978 1011 1747 2979 1704 1748 2980 1010 1749 2981 1678 1750 2982 1738 1750 2983 1681 1750 2984 1013 1751 2985 1706 1742 2986 1730 1752 2987 1016 1741 2988 1711 1753 2989 1735 22 2990 1660 1754 2991 1704 1748 2992 1724 374 2993 1018 1755 2994 1737 1756 2995 1001 1756 2996 1036 1757 2997 1053 1758 2998 1052 1759 2999 1661 1760 3000 1039 1761 3001 1656 1762 3002 1685 1724 3003 1033 1763 3004 1032 1764 3005 1661 1760 3006 1041 1765 3007 1040 1766 3008 1686 1767 3009 1034 1768 3010 1033 1763 3011 1662 1769 3012 1042 1770 3013 1041 1765 3014 1692 1771 3015 1034 1768 3016 1691 1772 3017 1668 1773 3018 1042 1770 3019 1667 1774 3020 1697 1775 3021 1035 1776 3022 1692 1771 3023 1673 1777 3024 1029 1778 3025 1028 1779 3026 1675 1780 3027 1043 1781 3028 1668 1773 3029 1697 1775 3030 1037 1782 3031 1036 1757 3032 1675 1780 3033 1028 1779 3034 1030 1783 3035 1698 1784 3036 1038 1785 3037 1037 1782 3038 1680 1726 3039 1029 1778 3040 1679 1786 3041 1656 1762 3042 1038 1785 3043 1699 1787 3044 1058 1788 3045 1073 1789 3046 1057 1790 3047 1030 1783 3048 1044 1791 3049 1046 1792 3050 1037 1782 3051 1054 1793 3052 1053 1758 3053 1031 1725 3054 1045 1794 3055 1029 1778 3056 1039 1761 3057 1054 1793 3058 1038 1785 3059 1032 1764 3060 1047 1795 3061 1031 1725 3062 1040 1766 3063 1055 1796 3064 1039 1761 3065 1032 1764 3066 1049 1797 3067 1048 1798 3068 1040 1766 3069 1057 1799 3070 1056 1800 3071 1033 1763 3072 1050 1801 3073 1049 1797 3074 1041 1765 3075 1058 1802 3076 1057 1799 3077 1035 1776 3078 1050 1801 3079 1034 1768 3080 1043 1781 3081 1058 1802 3082 1042 1770 3083 1036 1757 3084 1051 1803 3085 1035 1776 3086 1028 1779 3087 1045 1794 3088 1044 1791 3089 1030 1783 3090 1059 1804 3091 1043 1781 3092 1064 1805 3093 1079 1806 3094 1063 1807 3095 1050 1808 3096 1067 1809 3097 1066 1810 3098 1058 1788 3099 1075 1811 3100 1074 1812 3101 1051 1813 3102 1068 1814 3103 1067 1809 3104 1045 1815 3105 1060 1816 3106 1044 1817 3107 1059 1818 3108 1062 1819 3109 1075 1811 3110 1053 1820 3111 1068 1814 3112 1052 1821 3113 1044 1817 3114 1062 1819 3115 1046 1822 3116 1054 1823 3117 1069 1824 3118 1053 1820 3119 1045 1815 3120 1063 1825 3121 1061 1826 3122 1054 1823 3123 1071 1827 3124 1070 1828 3125 1047 1829 3126 1064 1830 3127 1063 1825 3128 1055 1831 3129 1072 1832 3130 1071 1827 3131 1049 1833 3132 1064 1830 3133 1048 1834 3134 1057 1790 3135 1072 1832 3136 1056 1835 3137 1050 1808 3138 1065 1836 3139 1049 1833 3140 1799 1837 3141 1873 1838 3142 1794 1839 3143 1072 1840 3144 1087 1841 3145 1071 1842 3146 1065 1843 3147 1080 1844 3148 1064 1805 3149 1073 1845 3150 1088 1846 3151 1072 1840 3152 1066 1847 3153 1081 1848 3154 1065 1843 3155 1074 1849 3156 1089 1850 3157 1073 1845 3158 1067 1851 3159 1082 1852 3160 1066 1847 3161 1075 1853 3162 1090 1854 3163 1074 1849 3164 1068 1855 3165 1083 1856 3166 1067 1851 3167 1061 1857 3168 1076 1858 3169 1060 1859 3170 1062 1860 3171 1091 1861 3172 1075 1853 3173 1069 1862 3174 1084 1863 3175 1068 1855 3176 1060 1859 3177 1078 1864 3178 1062 1860 3179 1070 1865 3180 1085 1866 3181 1069 1862 3182 1063 1807 3183 1077 1867 3184 1061 1857 3185 1071 1842 3186 1086 1868 3187 1070 1865 3188 1758 1869 3189 1903 1870 3190 1824 1871 3191 1077 1872 3192 1749 1873 3193 1076 1874 3194 1804 1875 3195 1878 1876 3196 1799 1837 3197 1764 1877 3198 1833 1878 3199 1754 1879 3200 1809 1880 3201 1883 1881 3202 1804 1875 3203 1774 1882 3204 1848 1883 3205 1769 1884 3206 1814 1885 3207 1888 1886 3208 1809 1880 3209 1779 1887 3210 1853 1888 3211 1774 1882 3212 1819 1889 3213 1893 1890 3214 1814 1885 3215 1784 1891 3216 1858 1892 3217 1779 1887 3218 1824 1871 3219 1898 1893 3220 1819 1889 3221 1789 1894 3222 1863 1895 3223 1784 1891 3224 1828 1896 3225 1093 1897 3226 1092 1898 3227 1794 1839 3228 1868 1899 3229 1789 1894 3230 1748 1900 3231 1839 1901 3232 1758 1869 3233 1769 1884 3234 1843 1902 3235 1764 1877 3236 1969 1903 3237 1122 1904 3238 1965 1905 3239 1086 1906 3240 1803 1907 3241 1798 1908 3242 1079 1909 3243 1768 1910 3244 1763 1911 3245 1087 1912 3246 1808 1913 3247 1803 1907 3248 1081 1914 3249 1768 1910 3250 1080 1915 3251 1089 1916 3252 1808 1913 3253 1088 1917 3254 1082 22 3255 1773 1918 3256 1081 1914 3257 1090 22 3258 1813 1919 3259 1089 1916 3260 1082 22 3261 1783 1920 3262 1778 1921 3263 1090 22 3264 1823 1922 3265 1818 1923 3266 1083 1924 3267 1788 1925 3268 1783 1920 3269 1076 1874 3270 1759 1926 3271 1078 1915 3272 1091 1927 3273 1759 1926 3274 1823 1922 3275 1085 1928 3276 1788 1925 3277 1084 1917 3278 1077 1872 3279 1763 1911 3280 1753 1929 3281 1086 1906 3282 1793 1930 3283 1085 1928 3284 1838 1931 3285 1092 1898 3286 1107 1932 3287 1838 1931 3288 1106 1933 3289 1904 1934 3290 1849 1935 3291 1096 1933 3292 1095 1932 3293 1854 1936 3294 1097 374 3295 1096 1933 3296 1864 1937 3297 1097 374 3298 1859 1938 3299 1869 1939 3300 1098 1940 3301 1864 1937 3302 1869 1939 3303 1100 1941 3304 1099 1942 3305 1874 1943 3306 1101 1944 3307 1100 1941 3308 1884 1945 3309 1101 1944 3310 1879 1946 3311 1889 1947 3312 1102 1941 3313 1884 1945 3314 1889 1947 3315 1104 1940 3316 1103 1942 3317 1894 1948 3318 1105 374 3319 1104 1940 3320 1904 1934 3321 1105 374 3322 1899 1949 3323 1849 1935 3324 1094 1898 3325 1844 1950 3326 1844 1950 3327 1093 1897 3328 1834 1951 3329 1929 1952 3330 1112 1953 3331 1925 1954 3332 1941 1955 3333 1115 1956 3334 1937 1957 3335 1941 1955 3336 1117 1958 3337 1116 1959 3338 1908 1960 3339 1110 1961 3340 1916 1962 3341 1095 1963 3342 1920 1964 3343 1094 1965 3344 1945 1966 3345 1118 1967 3346 1117 1958 3347 1093 1968 3348 1909 1969 3349 1092 1970 3350 1953 1971 3351 1118 1967 3352 1949 1972 3353 1916 1962 3354 1123 1973 3355 1969 1903 3356 1957 1974 3357 1119 1975 3358 1953 1971 3359 1925 1954 3360 1111 1976 3361 1921 1977 3362 1957 1974 3363 1121 1978 3364 1120 1979 3365 1929 1952 3366 1114 1980 3367 1113 1981 3368 1961 1982 3369 1122 1904 3370 1121 1978 3371 1937 1957 3372 1114 1980 3373 1933 1983 3374 1975 1984 3375 2035 1985 3376 2067 1986 3377 1103 1987 3378 1952 1988 3379 1102 1989 3380 1096 1990 3381 1924 1991 3382 1095 1963 3383 1104 1992 3384 1956 1993 3385 1103 1987 3386 1097 1994 3387 1928 1995 3388 1096 1990 3389 1105 1996 3390 1960 1997 3391 1104 1992 3392 1098 1998 3393 1932 1999 3394 1097 1994 3395 1106 2000 3396 1964 2001 3397 1105 1996 3398 1099 2002 3399 1936 2003 3400 1098 1998 3401 1092 1970 3402 1917 2004 3403 1107 2005 3404 1107 2005 3405 1968 2006 3406 1106 2000 3407 1100 2007 3408 1940 2008 3409 1099 2002 3410 1921 1977 3411 1109 2009 3412 1913 2010 3413 1101 2011 3414 1944 2012 3415 1100 2007 3416 1094 1965 3417 1912 2013 3418 1093 1968 3419 1102 1989 3420 1948 2014 3421 1101 2011 3422 1108 2015 3423 1996 374 3424 1990 374 3425 1111 2015 3426 1996 374 3427 1109 374 3428 1111 2015 3429 2002 2016 3430 1997 374 3431 1113 2017 3432 2002 2016 3433 1112 2018 3434 1113 2017 3435 2008 374 3436 2003 2019 3437 1115 2020 3438 2008 374 3439 1114 374 3440 1115 2020 3441 2014 2021 3442 2009 2022 3443 1117 2023 3444 2014 2021 3445 1116 2024 3446 1117 2023 3447 2016 374 3448 2015 374 3449 1119 2025 3450 2016 374 3451 1118 374 3452 1119 2025 3453 1978 2021 3454 1973 374 3455 1121 2020 3456 1978 2021 3457 1120 2024 3458 1121 2020 3459 1984 2026 3460 1979 2022 3461 1123 2027 3462 1984 2026 3463 1122 374 3464 1123 2027 3465 1992 2028 3466 1985 2029 3467 1108 2015 3468 1992 2028 3469 1110 2018 3470 2068 2030 3471 1158 2031 3472 2076 2032 3473 1998 374 3474 2024 2033 3475 2056 374 3476 1131 374 3477 2028 2034 3478 1130 374 3479 2013 22 3480 2035 1985 3481 1149 22 3482 1152 2035 3483 2037 2036 3484 1135 2036 3485 2004 2037 3486 2028 2034 3487 2060 2038 3488 1972 2039 3489 2034 2040 3490 1132 2041 3491 1133 2042 3492 2038 2043 3493 1150 2044 3494 1154 2045 3495 2041 2046 3496 1137 2047 3497 2010 2048 3498 2034 2040 3499 2064 374 3500 1152 22 3501 2021 22 3502 2039 22 3503 1974 2049 3504 2042 2050 3505 1977 2051 3506 1142 2052 3507 2045 2053 3508 1139 2054 3509 1150 22 3510 2021 22 3511 1151 22 3512 1154 2055 3513 2027 2056 3514 2043 22 3515 1980 2057 3516 2046 2058 3517 1983 2059 3518 2097 2060 3519 1162 2061 3520 2093 2062 3521 2085 2063 3522 1159 2064 3523 2081 2065 3524 2109 2066 3525 1165 2067 3526 2105 2068 3527 1999 2069 3528 2069 2070 3529 1993 2071 3530 2113 2072 3531 1166 2073 3532 2109 2066 3533 2076 2032 3534 1171 2074 3535 2129 2075 3536 2117 2076 3537 1167 2077 3538 2113 2072 3539 2089 2078 3540 1160 2079 3541 2085 2063 3542 2121 2080 3543 1168 2081 3544 2117 2076 3545 2011 22 3546 2088 2082 3547 2006 2083 3548 2125 2084 3549 1169 2085 3550 2121 2080 3551 2093 2062 3552 1161 2086 3553 2089 2078 3554 2129 2075 3555 1170 2087 3556 2125 2084 3557 2101 2088 3558 1163 2089 3559 2097 2060 3560 2105 2068 3561 1164 2090 3562 2101 2088 3563 1168 2091 3564 1189 2092 3565 1167 2093 3566 1987 2094 3567 2120 2095 3568 1982 2096 3569 2011 22 3570 2096 2097 3571 2092 2098 3572 1988 2099 3573 2124 2100 3574 1987 2094 3575 2012 2096 3576 2100 2101 3577 2096 2097 3578 1993 2071 3579 2077 2102 3580 1995 2103 3581 1995 2103 3582 2128 2104 3583 1988 2099 3584 2017 2105 3585 2104 2106 3586 2100 2101 3587 2081 2065 3588 1157 2107 3589 2073 2108 3590 2018 2109 3591 2108 2110 3592 2104 2106 3593 1999 2069 3594 2080 2111 3595 2072 2112 3596 1976 2109 3597 2108 2110 3598 2019 22 3599 2000 2113 3600 2084 2114 3601 2080 2111 3602 1981 2105 3603 2112 2115 3604 1976 2109 3605 2006 2083 3606 2084 2114 3607 2005 2116 3608 1982 2096 3609 2116 2117 3610 1981 2105 3611 1266 2118 3612 1282 2119 3613 1265 2120 3614 1160 2121 3615 1209 2122 3616 1197 2123 3617 1167 2093 3618 1192 2124 3619 1166 2125 3620 1160 2121 3621 1200 2126 3622 1159 2127 3623 1168 2091 3624 1213 2128 3625 1205 2129 3626 1161 2130 3627 1217 2131 3628 1209 2122 3629 1169 2132 3630 1221 2133 3631 1213 2128 3632 1163 2134 3633 1217 2131 3634 1162 2135 3635 1171 2136 3636 1221 2133 3637 1170 2137 3638 1164 2138 3639 1225 2139 3640 1163 2134 3641 1156 2140 3642 1237 2141 3643 1240 2142 3644 1158 2143 3645 1229 2144 3646 1171 2136 3647 1164 2138 3648 1249 2145 3649 1233 2146 3650 1208 2147 3651 1176 2148 3652 1196 2149 3653 1212 2150 3654 1184 2151 3655 1204 2152 3656 1236 2153 3657 1175 2154 3658 1173 2155 3659 1193 2156 3660 1181 2157 3661 1248 2158 3662 1241 2159 3663 1174 2160 3664 1244 2161 3665 1236 2153 3666 1172 2162 3667 1241 2159 3668 1248 2158 3669 1180 2163 3670 1232 2164 3671 1158 2143 3672 1240 2142 3673 1245 2165 3674 1228 2166 3675 1174 2160 3676 1187 2167 3677 1224 2168 3678 1180 2163 3679 1179 2169 3680 1220 2170 3681 1187 2167 3682 1186 2171 3683 1216 2172 3684 1179 2169 3685 1178 2173 3686 1220 2170 3687 1185 2174 3688 1212 2150 3689 1216 2172 3690 1177 2175 3691 1208 2147 3692 1159 2127 3693 1237 2141 3694 1157 2176 3695 1165 2177 3696 1192 2124 3697 1249 2145 3698 1201 2178 3699 1176 2148 3700 1175 2154 3701 1193 2156 3702 1183 2179 3703 1182 2180 3704 1236 2153 3705 1203 2181 3706 1201 2178 3707 1203 2181 3708 1239 2182 3709 1202 2183 3710 1239 2182 3711 1200 2126 3712 1202 2183 3713 1193 2156 3714 1250 2184 3715 1195 2185 3716 1250 2184 3717 1194 2186 3718 1195 2185 3719 1194 2186 3720 1249 2145 3721 1192 2124 3722 1241 2159 3723 1246 2187 3724 1243 2188 3725 1246 2187 3726 1242 2189 3727 1243 2188 3728 1242 2189 3729 1245 2165 3730 1240 2142 3731 1248 2158 3732 1234 2190 3733 1250 2184 3734 1234 2190 3735 1251 2191 3736 1250 2184 3737 1251 2191 3738 1233 2146 3739 1249 2145 3740 1228 2166 3741 1246 2187 3742 1244 2161 3743 1246 2187 3744 1231 2192 3745 1247 2193 3746 1231 2192 3747 1245 2165 3748 1247 2193 3749 1236 2153 3750 1243 2188 3751 1238 2194 3752 1243 2188 3753 1239 2182 3754 1238 2194 3755 1239 2182 3756 1240 2142 3757 1237 2141 3758 1224 2168 3759 1234 2190 3760 1232 2164 3761 1234 2190 3762 1227 2195 3763 1235 2196 3764 1227 2195 3765 1233 2146 3766 1235 2196 3767 1220 2170 3768 1230 2197 3769 1228 2166 3770 1230 2197 3771 1223 2198 3772 1231 2192 3773 1223 2198 3774 1229 2144 3775 1231 2192 3776 1216 2172 3777 1226 2199 3778 1224 2168 3779 1226 2199 3780 1219 2200 3781 1227 2195 3782 1219 2200 3783 1225 2139 3784 1227 2195 3785 1220 2170 3786 1214 2201 3787 1222 2202 3788 1214 2201 3789 1223 2198 3790 1222 2202 3791 1223 2198 3792 1213 2128 3793 1221 2133 3794 1216 2172 3795 1210 2203 3796 1218 2204 3797 1210 2203 3798 1219 2200 3799 1218 2204 3800 1219 2200 3801 1209 2122 3802 1217 2131 3803 1212 2150 3804 1206 2205 3805 1214 2201 3806 1206 2205 3807 1215 2206 3808 1214 2201 3809 1215 2206 3810 1205 2129 3811 1213 2128 3812 1208 2147 3813 1198 2207 3814 1210 2203 3815 1198 2207 3816 1211 2208 3817 1210 2203 3818 1211 2208 3819 1197 2123 3820 1209 2122 3821 1188 2209 3822 1206 2205 3823 1204 2152 3824 1206 2205 3825 1191 2210 3826 1207 2211 3827 1191 2210 3828 1205 2129 3829 1207 2211 3830 1201 2178 3831 1198 2207 3832 1196 2149 3833 1198 2207 3834 1202 2183 3835 1199 2212 3836 1202 2183 3837 1197 2123 3838 1199 2212 3839 1193 2156 3840 1190 2213 3841 1188 2209 3842 1190 2213 3843 1194 2186 3844 1191 2210 3845 1194 2186 3846 1189 2092 3847 1191 2210 3848 1188 2209 3849 1184 2151 3850 1183 2179 3851 1172 2214 3852 1253 374 3853 1252 2215 3854 1175 374 3855 1253 374 3856 1173 374 3857 1175 374 3858 1255 374 3859 1254 374 3860 1177 374 3861 1255 374 3862 1176 374 3863 1177 374 3864 1257 374 3865 1256 374 3866 1179 374 3867 1257 374 3868 1178 374 3869 1179 374 3870 1259 374 3871 1258 374 3872 1181 2216 3873 1259 374 3874 1180 374 3875 1182 2217 3876 1260 2218 3877 1181 2216 3878 1182 2217 3879 1262 2218 3880 1261 374 3881 1183 2219 3882 1263 374 3883 1262 2218 3884 1185 374 3885 1263 374 3886 1184 374 3887 1186 374 3888 1264 2220 3889 1185 374 3890 1186 374 3891 1266 2221 3892 1265 374 3893 1187 374 3894 1267 2222 3895 1266 2221 3896 1174 2223 3897 1252 2215 3898 1267 2222 3899 1259 2224 3900 1275 2225 3901 1258 2226 3902 1253 2227 3903 1268 2228 3904 1252 2229 3905 1267 2230 3906 1283 2231 3907 1266 2118 3908 1260 2232 3909 1276 2233 3910 1259 2224 3911 1252 2229 3912 1270 2234 3913 1267 2230 3914 1261 2235 3915 1277 2236 3916 1260 2232 3917 1254 2237 3918 1269 2238 3919 1253 2227 3920 1262 2239 3921 1278 2240 3922 1261 2235 3923 1255 2241 3924 1271 2242 3925 1254 2237 3926 1263 2243 3927 1279 2244 3928 1262 2239 3929 1256 2245 3930 1272 2246 3931 1255 2241 3932 1264 2247 3933 1280 2248 3934 1263 2243 3935 1257 2249 3936 1273 2250 3937 1256 2245 3938 1265 2120 3939 1281 2251 3940 1264 2247 3941 1258 2226 3942 1274 2252 3943 1257 2249 3944 928 2253 3945 903 1450 3946 1326 1451 3947 929 2254 3948 1326 1451 3949 1327 1471 3950 929 2254 3951 902 1416 3952 1287 2255 3953 901 2256 3954 1294 1473 3955 900 2257 3956 900 2257 3957 903 1450 3958 1284 2258 3959 901 2256 3960 902 1416 3961 1295 1304 3962 913 2259 3963 1300 1468 3964 912 2260 3965 912 2260 3966 1292 1444 3967 908 2261 3968 913 2259 3969 909 1420 3970 1301 1424 3971 1288 2262 3972 1292 1444 3973 1294 1473 3974 1289 2263 3975 1294 1473 3976 1295 1304 3977 1289 2263 3978 909 1420 3979 1293 2264 3980 925 2265 3981 1305 1456 3982 924 2266 3983 924 2266 3984 1298 1465 3985 916 2267 3986 925 2265 3987 917 1423 3988 1306 1431 3989 1290 2268 3990 1298 1465 3991 1300 1468 3992 1291 2269 3993 1300 1468 3994 1301 1424 3995 1291 2269 3996 917 1423 3997 1299 2270 3998 921 2271 3999 1312 1460 4000 920 2272 4001 1296 2273 4002 923 1463 4003 1305 1456 4004 1297 2274 4005 1305 1456 4006 1306 1431 4007 1297 2274 4008 922 1439 4009 1307 2275 4010 920 2272 4011 923 1463 4012 1304 2276 4013 921 2271 4014 922 1439 4015 1313 1429 4016 906 2277 4017 1315 1447 4018 907 2278 4019 907 2278 4020 1310 1449 4021 930 2279 4022 906 2277 4023 931 1428 4024 1314 1417 4025 1302 2280 4026 1310 1449 4027 1312 1460 4028 1303 2281 4029 1312 1460 4030 1313 1429 4031 1303 2281 4032 931 1428 4033 1311 2282 4034 1308 2283 4035 1315 1447 4036 1314 1417 4037 911 2284 4038 1324 1469 4039 910 2285 4040 910 2285 4041 1318 1441 4042 904 2286 4043 911 2284 4044 905 1413 4045 1325 1422 4046 1309 2287 4047 1318 1441 4048 1315 1447 4049 1308 2283 4050 905 1413 4051 1319 2288 4052 919 2289 4053 1330 1461 4054 918 2290 4055 918 2290 4056 1322 1467 4057 914 2291 4058 919 2289 4059 915 1421 4060 1331 1426 4061 1316 2292 4062 1322 1467 4063 1324 1469 4064 1317 2293 4065 1324 1469 4066 1325 1422 4067 1317 2293 4068 915 1421 4069 1323 2294 4070 1286 2295 4071 1326 1451 4072 1285 2296 4073 1285 2296 4074 1328 1434 4075 926 2297 4076 1286 2295 4077 927 1438 4078 1327 1471 4079 1320 2298 4080 1328 1434 4081 1330 1461 4082 1321 2299 4083 1330 1461 4084 1331 1426 4085 1321 2299 4086 927 1438 4087 1329 2300 4088 1332 2301 4089 1364 2302 4090 1365 2303 4091 1335 2304 4092 1349 2305 4093 1334 2306 4094 1332 2301 4095 1367 2307 4096 1333 2308 4097 1336 2309 4098 1377 2310 4099 1376 2311 4100 1339 2312 4101 1363 2313 4102 1338 2314 4103 1336 2309 4104 1379 2315 4105 1337 2316 4106 1340 2317 4107 1357 2318 4108 1356 2319 4109 1339 2312 4110 1361 2320 4111 1360 2321 4112 1342 2322 4113 1373 2323 4114 1372 2324 4115 1340 2317 4116 1359 2325 4117 1341 2326 4118 1342 2322 4119 1375 2327 4120 1343 2328 4121 1344 2329 4122 1353 2330 4123 1352 2331 4124 1346 2332 4125 1371 2333 4126 1370 2334 4127 1344 2329 4128 1355 2335 4129 1345 2336 4130 1346 2332 4131 1368 2337 4132 1347 2338 4133 1335 2304 4134 1351 2339 4135 1350 2340 4136 910 2341 4137 1346 2342 4138 1370 2343 4139 1321 2344 4140 1337 1499 4141 1379 2345 4142 907 2346 4143 1332 2347 4144 1365 2348 4145 1317 2349 4146 1374 2350 4147 1316 2351 4148 921 2352 4149 1360 2353 4150 1361 2354 4151 911 2355 4152 1347 2356 4153 1319 2357 4154 906 2358 4155 1333 2359 4156 1311 2360 4157 1317 2361 4158 1343 1488 4159 1375 2362 4160 1296 2363 4161 1339 2364 4162 1304 2365 4163 1309 2366 4164 1346 2342 4165 904 2367 4166 925 2368 4167 1356 2369 4168 1357 2370 4169 1302 2371 4170 1332 2347 4171 930 2372 4172 1297 2373 4173 1362 2374 4174 1296 2375 4175 1308 2376 4176 1347 2356 4177 1368 2377 4178 924 2378 4179 1340 2379 4180 1356 2380 4181 1303 2381 4182 1366 2382 4183 1302 2383 4184 913 2384 4185 1352 2385 4186 1353 2386 4187 1297 2387 4188 1338 2388 4189 1363 2389 4190 925 2390 4191 1341 2391 4192 1299 2392 4193 1303 2393 4194 1333 2359 4195 1367 2394 4196 912 2395 4197 1344 2396 4198 1352 2397 4199 920 2398 4200 1339 2364 4201 1360 2399 4202 928 2400 4203 1335 1510 4204 1284 2401 4205 1290 2402 4206 1340 2379 4207 916 2403 4208 913 2404 4209 1345 1513 4210 1293 2405 4211 921 2406 4212 1338 2388 4213 1307 2407 4214 929 2408 4215 1348 2409 4216 928 2410 4217 1291 2411 4218 1358 2412 4219 1290 2413 4220 1288 2414 4221 1344 2396 4222 908 2415 4223 929 2416 4224 1334 1502 4225 1349 2417 4226 1291 2418 4227 1341 2391 4228 1359 2419 4229 1289 2420 4230 1354 2421 4231 1288 2422 4232 1436 2423 4233 896 2424 4234 898 2425 4235 1417 2426 4236 888 2427 4237 889 2428 4238 1440 2429 4239 891 2430 4240 1384 2431 4241 1388 2432 4242 884 2433 4243 885 2434 4244 1404 2435 4245 897 2436 4246 884 2433 4247 1436 2423 4248 899 2437 4249 1401 2438 4250 1432 2439 4251 891 2430 4252 892 1543 4253 1408 1542 4254 894 2440 4255 1392 2441 4256 1428 2442 4257 887 2443 4258 1412 2444 4259 1388 2432 4260 886 2445 4261 1428 2442 4262 1425 2446 4263 895 2447 4264 896 2424 4265 879 1531 4266 1416 1551 4267 878 2448 4268 1392 2441 4269 895 2447 4270 1396 2449 4271 1420 2450 4272 887 2443 4273 888 2427 4274 868 2451 4275 1437 1410 4276 1400 1546 4277 1417 2426 4278 890 2452 4279 1440 2429 4280 1436 2423 4281 1427 2453 4282 1425 2446 4283 1438 2454 4284 1426 2455 4285 1427 2453 4286 1426 2455 4287 1437 1410 4288 1424 1523 4289 1417 2426 4290 1442 2456 4291 1419 2457 4292 1442 2456 4293 1418 2458 4294 1419 2457 4295 1443 2459 4296 1416 1551 4297 1418 2458 4298 1401 2438 4299 1382 2460 4300 1403 2461 4301 1382 2460 4302 1402 2462 4303 1403 2461 4304 1383 2463 4305 1400 1546 4306 1402 2462 4307 1440 2429 4308 1386 2464 4309 1442 2456 4310 1386 2464 4311 1443 2459 4312 1442 2456 4313 1387 2465 4314 1441 1540 4315 1443 2459 4316 1404 2435 4317 1382 2460 4318 1380 2466 4319 1406 2467 4320 1383 2463 4321 1382 2460 4322 1383 2463 4323 1405 1549 4324 1381 1547 4325 1436 2423 4326 1403 2461 4327 1438 2454 4328 1403 2461 4329 1439 2468 4330 1438 2454 4331 1402 2462 4332 1437 1410 4333 1439 2468 4334 1432 2439 4335 1386 2464 4336 1384 2431 4337 1434 2469 4338 1387 2465 4339 1386 2464 4340 1387 2465 4341 1433 1548 4342 1385 1541 4343 1388 2432 4344 1406 2467 4345 1404 2435 4346 1390 2470 4347 1407 2471 4348 1406 2467 4349 1407 2471 4350 1389 1534 4351 1405 1549 4352 1408 1542 4353 1434 2469 4354 1432 2439 4355 1410 2472 4356 1435 2473 4357 1434 2469 4358 1435 2473 4359 1409 1528 4360 1433 1548 4361 1388 2432 4362 1430 2474 4363 1390 2470 4364 1430 2474 4365 1391 2475 4366 1390 2470 4367 1431 2476 4368 1389 1534 4369 1391 2475 4370 1408 1542 4371 1394 2477 4372 1410 2472 4373 1394 2477 4374 1411 2478 4375 1410 2472 4376 1395 2479 4377 1409 1528 4378 1411 2478 4379 1428 2442 4380 1414 2480 4381 1430 2474 4382 1414 2480 4383 1431 2476 4384 1430 2474 4385 1415 2481 4386 1429 1525 4387 1431 2476 4388 1392 2441 4389 1398 2482 4390 1394 2477 4391 1398 2482 4392 1395 2479 4393 1394 2477 4394 1399 2483 4395 1393 1529 4396 1395 2479 4397 1420 2450 4398 1414 2480 4399 1412 2444 4400 1422 2484 4401 1415 2481 4402 1414 2480 4403 1415 2481 4404 1421 1530 4405 1413 1526 4406 1425 2446 4407 1398 2482 4408 1396 2449 4409 1427 2453 4410 1399 2483 4411 1398 2482 4412 1399 2483 4413 1424 1523 4414 1397 1532 4415 1417 2426 4416 1422 2484 4417 1420 2450 4418 1419 2457 4419 1423 2485 4420 1422 2484 4421 1423 2485 4422 1416 1551 4423 1421 1530 4424 1401 2438 4425 897 2436 4426 1380 2466 4427 963 1554 4428 1469 2486 4429 962 1585 4430 948 1589 4431 1505 1600 4432 1449 1620 4433 1504 2487 4434 964 1640 4435 1450 2488 4436 1464 2489 4437 972 1617 4438 971 1614 4439 1470 2490 4440 979 1626 4441 978 1668 4442 961 1581 4443 1469 2486 4444 1479 2491 4445 1470 2490 4446 977 1666 4447 1480 2492 4448 960 1577 4449 1479 2491 4450 1490 2493 4451 1480 2492 4452 976 1607 4453 1489 2494 4454 1484 1613 4455 968 1655 4456 1495 2495 4457 952 1574 4458 1510 2496 4459 951 1599 4460 1509 2497 4461 968 1655 4462 967 1653 4463 1504 2487 4464 967 1653 4465 965 1638 4466 957 1595 4467 1519 1601 4468 1515 1622 4469 1520 1602 4470 973 1661 4471 1514 1616 4472 1514 1616 4473 1523 2498 4474 1520 1602 4475 1523 2498 4476 1517 2499 4477 1522 2500 4478 1517 2499 4479 1521 2501 4480 1522 2500 4481 1521 2501 4482 1515 1622 4483 1519 1601 4484 1509 2497 4485 1498 2502 4486 1495 2495 4487 1511 2503 4488 1497 2504 4489 1498 2502 4490 1497 2504 4491 1513 2505 4492 1496 2506 4493 1496 2506 4494 1510 2496 4495 1494 1609 4496 1480 2492 4497 1491 2507 4498 1483 2508 4499 1491 2507 4500 1482 2509 4501 1483 2508 4502 1482 2509 4503 1493 2510 4504 1481 2511 4505 1493 2510 4506 1479 2491 4507 1481 2511 4508 1480 2492 4509 1473 2512 4510 1470 2490 4511 1473 2512 4512 1482 2509 4513 1472 2513 4514 1482 2509 4515 1471 2514 4516 1472 2513 4517 1471 2514 4518 1479 2491 4519 1469 2486 4520 1464 2489 4521 1458 2515 4522 1455 1618 4523 1458 2515 4524 1467 2516 4525 1457 2517 4526 1467 2516 4527 1456 2518 4528 1457 2517 4529 1456 2518 4530 1465 1619 4531 1454 1623 4532 1450 2488 4533 1446 2519 4534 1453 2520 4535 1446 2519 4536 1452 2521 4537 1453 2520 4538 1452 2521 4539 1448 2522 4540 1451 2523 4541 1448 2522 4542 1449 1620 4543 1451 2523 4544 1509 2497 4545 1506 2524 4546 1511 2503 4547 1506 2524 4548 1512 2525 4549 1511 2503 4550 1512 2525 4551 1508 2526 4552 1513 2505 4553 1508 2526 4554 1510 2496 4555 1513 2505 4556 1499 1606 4557 1491 2507 4558 1489 2494 4559 1501 2527 4560 1492 2528 4561 1491 2507 4562 1492 2528 4563 1503 2529 4564 1493 2510 4565 1493 2510 4566 1500 1605 4567 1490 2493 4568 1484 1613 4569 1478 2530 4570 1475 1611 4571 1478 2530 4572 1487 2531 4573 1477 2532 4574 1487 2531 4575 1476 2533 4576 1477 2532 4577 1476 2533 4578 1485 1608 4579 1474 1610 4580 1464 2489 4581 1478 2530 4582 1466 2534 4583 1478 2530 4584 1467 2516 4585 1466 2534 4586 1467 2516 4587 1476 2533 4588 1468 2535 4589 1476 2533 4590 1465 1619 4591 1468 2535 4592 1450 2488 4593 1506 2524 4594 1504 2487 4595 1506 2524 4596 1452 2521 4597 1507 2536 4598 1452 2521 4599 1508 2526 4600 1507 2536 4601 1508 2526 4602 1449 1620 4603 1505 1600 4604 1484 1613 4605 1498 2502 4606 1486 2537 4607 1498 2502 4608 1487 2531 4609 1486 2537 4610 1487 2531 4611 1496 2506 4612 1488 2538 4613 1496 2506 4614 1485 1608 4615 1488 2538 4616 1460 1624 4617 1473 2512 4618 1463 2539 4619 1473 2512 4620 1462 2540 4621 1463 2539 4622 1462 2540 4623 1471 2514 4624 1461 2541 4625 1471 2514 4626 1459 1553 4627 1461 2541 4628 1460 1624 4629 1446 2519 4630 1444 2542 4631 1463 2539 4632 1447 2543 4633 1446 2519 4634 1447 2543 4635 1461 2541 4636 1448 2522 4637 1448 2522 4638 1459 1553 4639 1445 1621 4640 1514 1616 4641 1458 2515 4642 1516 2544 4643 1516 2544 4644 1457 2517 4645 1517 2499 4646 1457 2517 4647 1518 2545 4648 1517 2499 4649 1456 2518 4650 1515 1622 4651 1518 2545 4652 1499 1606 4653 1523 2498 4654 1501 2527 4655 1523 2498 4656 1502 2546 4657 1501 2527 4658 1502 2546 4659 1521 2501 4660 1503 2529 4661 1521 2501 4662 1500 1605 4663 1503 2529 4664 1450 2488 4665 966 1625 4666 1444 2542 4667 1525 1639 4668 1531 2547 4669 1528 2548 4670 1531 2547 4671 1527 2549 4672 1528 2548 4673 1532 2550 4674 1526 2551 4675 1527 2549 4676 1533 2552 4677 1524 1631 4678 1526 2551 4679 1535 1652 4680 1528 2548 4681 1538 2553 4682 1528 2548 4683 1537 2554 4684 1538 2553 4685 1537 2554 4686 1526 2551 4687 1536 2555 4688 1526 2551 4689 1534 1633 4690 1536 2555 4691 1539 1656 4692 1531 2547 4693 1529 1654 4694 1531 2547 4695 1542 2556 4696 1532 2550 4697 1532 2550 4698 1543 2557 4699 1533 2552 4700 1533 2552 4701 1540 1634 4702 1530 1672 4703 1544 1657 4704 1541 2558 4705 1539 1656 4706 1541 2558 4707 1547 2559 4708 1542 2556 4709 1547 2559 4710 1543 2557 4711 1542 2556 4712 1543 2557 4713 1545 1645 4714 1540 1634 4715 1544 1657 4716 1551 2560 4717 1546 2561 4718 1551 2560 4719 1547 2559 4720 1546 2561 4721 1547 2559 4722 1553 2562 4723 1548 2563 4724 1553 2562 4725 1545 1645 4726 1548 2563 4727 1549 1658 4728 1556 2564 4729 1551 2560 4730 1556 2564 4731 1552 2565 4732 1551 2560 4733 1557 2566 4734 1553 2562 4735 1552 2565 4736 1558 2567 4737 1550 1644 4738 1553 2562 4739 1559 1660 4740 1556 2564 4741 1554 1659 4742 1556 2564 4743 1562 2568 4744 1557 2566 4745 1557 2566 4746 1563 2569 4747 1558 2567 4748 1558 2567 4749 1560 1651 4750 1555 1648 4751 1564 1662 4752 1561 2570 4753 1559 1660 4754 1561 2570 4755 1567 2571 4756 1562 2568 4757 1567 2571 4758 1563 2569 4759 1562 2568 4760 1563 2569 4761 1565 1630 4762 1560 1651 4763 1564 1662 4764 1571 2572 4765 1566 2573 4766 1571 2572 4767 1567 2571 4768 1566 2573 4769 1567 2571 4770 1573 2574 4771 1568 2575 4772 1573 2574 4773 1565 1630 4774 1568 2575 4775 1569 1663 4776 1576 2576 4777 1571 2572 4778 1576 2576 4779 1572 2577 4780 1571 2572 4781 1577 2578 4782 1573 2574 4783 1572 2577 4784 1578 2579 4785 1570 1628 4786 1573 2574 4787 1579 1665 4788 1576 2576 4789 1574 1664 4790 1576 2576 4791 1582 2580 4792 1577 2578 4793 1577 2578 4794 1583 2581 4795 1578 2579 4796 1578 2579 4797 1580 1643 4798 1575 1636 4799 1584 1667 4800 1581 2582 4801 1579 1665 4802 1581 2582 4803 1587 2583 4804 1582 2580 4805 1587 2583 4806 1583 2581 4807 1582 2580 4808 1583 2581 4809 1585 1647 4810 1580 1643 4811 1584 1667 4812 1591 2584 4813 1586 2585 4814 1591 2584 4815 1587 2583 4816 1586 2585 4817 1587 2583 4818 1593 2586 4819 1588 2587 4820 1593 2586 4821 1585 1647 4822 1588 2587 4823 1589 1669 4824 1596 2588 4825 1591 2584 4826 1596 2588 4827 1592 2589 4828 1591 2584 4829 1597 2590 4830 1593 2586 4831 1592 2589 4832 1598 2591 4833 1590 1646 4834 1593 2586 4835 1599 1671 4836 1596 2588 4837 1594 1670 4838 1596 2588 4839 1602 2592 4840 1597 2590 4841 1597 2590 4842 1603 2593 4843 1598 2591 4844 1598 2591 4845 1600 1641 4846 1595 1649 4847 1535 1652 4848 1601 2594 4849 1599 1671 4850 1601 2594 4851 1537 2554 4852 1602 2592 4853 1537 2554 4854 1603 2593 4855 1602 2592 4856 1603 2593 4857 1534 1633 4858 1600 1641 4859 1530 1672 4860 980 1635 4861 1524 1631 4862 1605 1680 4863 1609 2595 4864 1606 2596 4865 1606 2597 4866 1608 1723 4867 1604 2598 4868 1650 1694 4869 1606 2596 4870 1651 2599 4871 1606 2597 4872 1649 1676 4873 1651 2600 4874 1610 1699 4875 1609 2595 4876 1607 1697 4877 1612 2601 4878 1608 1723 4879 1609 2602 4880 1613 1701 4881 1612 2603 4882 1610 1699 4883 1612 2601 4884 1614 1682 4885 1611 1683 4886 1613 1701 4887 1618 2604 4888 1615 2605 4889 1618 2606 4890 1614 1682 4891 1615 2607 4892 1616 1703 4893 1621 2608 4894 1618 2604 4895 1618 2606 4896 1620 1688 4897 1617 1689 4898 1622 1707 4899 1621 2608 4900 1619 1705 4901 1624 2609 4902 1620 1688 4903 1621 2610 4904 1625 1709 4905 1624 2611 4906 1622 1707 4907 1624 2609 4908 1626 1627 4909 1623 1692 4910 1625 1709 4911 1630 2612 4912 1627 2613 4913 1630 2614 4914 1626 1627 4915 1627 2615 4916 1628 1711 4917 1633 2616 4918 1630 2612 4919 1630 2614 4920 1632 1677 4921 1629 1678 4922 1634 1715 4923 1633 2616 4924 1631 1713 4925 1636 2617 4926 1632 1677 4927 1633 2618 4928 1637 1717 4929 1636 2619 4930 1634 1715 4931 1636 2617 4932 1638 1684 4933 1635 1685 4934 1637 1717 4935 1642 2620 4936 1639 2621 4937 1642 2622 4938 1638 1684 4939 1639 2623 4940 1640 1719 4941 1645 2624 4942 1642 2620 4943 1642 2622 4944 1644 1690 4945 1641 1691 4946 1646 1722 4947 1645 2624 4948 1643 1721 4949 1648 2625 4950 1644 1690 4951 1645 2626 4952 1650 1694 4953 1648 2627 4954 1646 1722 4955 1648 2625 4956 1649 1676 4957 1647 1693 4958 1608 1723 4959 1670 374 4960 1604 2598 4961 1005 2628 4962 1653 2629 4963 1006 2630 4964 1007 2631 4965 1653 2629 4966 1658 2632 4967 1022 2633 4968 1656 2634 4969 1699 2635 4970 1024 2636 4971 1656 2634 4972 1023 2637 4973 1022 2633 4974 1696 2638 4975 1005 2628 4976 1007 2631 4977 1661 2639 4978 1024 2636 4979 1654 2640 4980 1659 2641 4981 1008 2642 4982 1009 2643 4983 1659 2641 4984 1664 2644 4985 1657 2645 4986 1662 2646 4987 1661 2639 4988 1026 2647 4989 1662 2646 4990 1025 2648 4991 1009 2643 4992 1667 2649 4993 1026 2647 4994 1657 2645 4995 1658 2632 4996 1654 2640 4997 1660 2650 4998 1665 2651 4999 1010 2652 5000 1011 2653 5001 1665 2651 5002 1672 2654 5003 1663 2655 5004 1668 2656 5005 1667 2649 5006 1014 2657 5007 1668 2656 5008 1027 2658 5009 1663 2655 5010 1664 2644 5011 1660 2650 5012 1011 2653 5013 1675 2659 5014 1014 2657 5015 997 2660 5016 1670 2661 5017 1676 2662 5018 1666 2663 5019 1670 2661 5020 996 2664 5021 1013 2665 5022 1673 2666 5023 1012 2667 5024 1669 2668 5025 1673 2666 5026 1675 2659 5027 997 2660 5028 1679 2669 5029 1013 2665 5030 1669 2668 5031 1672 2654 5032 1666 2663 5033 1671 2670 5034 1677 2671 5035 998 2672 5036 999 2673 5037 1677 2671 5038 1682 2674 5039 1674 2675 5040 1680 2676 5041 1679 2669 5042 1016 2677 5043 1680 2676 5044 1015 2678 5045 1674 2675 5046 1676 2662 5047 1671 2670 5048 999 2673 5049 1685 2679 5050 1016 2677 5051 1678 2680 5052 1683 2681 5053 1000 2682 5054 1001 2683 5055 1683 2681 5056 1688 2684 5057 1681 2685 5058 1686 2686 5059 1685 2679 5060 1018 2687 5061 1686 2686 5062 1017 2688 5063 1001 2683 5064 1691 2689 5065 1018 2687 5066 1681 2685 5067 1682 2674 5068 1678 2680 5069 1684 2690 5070 1689 2691 5071 1002 2692 5072 1003 2693 5073 1689 2691 5074 1694 2694 5075 1687 2695 5076 1692 2696 5077 1691 2689 5078 1020 2697 5079 1692 2696 5080 1019 2698 5081 1687 2695 5082 1688 2684 5083 1684 2690 5084 1003 2693 5085 1697 2699 5086 1020 2697 5087 1690 2700 5088 1695 2701 5089 1004 2702 5090 1652 2703 5091 1695 2701 5092 1696 2638 5093 1693 2704 5094 1698 2705 5095 1697 2699 5096 1655 2706 5097 1698 2705 5098 1021 2707 5099 1693 2704 5100 1694 2694 5101 1690 2700 5102 1652 2703 5103 1699 2635 5104 1655 2706 5105 1721 2708 5106 1700 2709 5107 1701 2710 5108 1702 2711 5109 1742 2712 5110 1740 2713 5111 1704 2714 5112 1726 2715 5113 1724 2716 5114 1741 2717 5115 1703 2718 5116 1702 2711 5117 1728 2719 5118 1706 2720 5119 1707 2721 5120 1725 2722 5121 1705 2723 5122 1704 2714 5123 1708 2724 5124 1746 2725 5125 1744 2726 5126 1707 2721 5127 1731 2727 5128 1729 2728 5129 1745 2729 5130 1709 2730 5131 1708 2724 5132 1710 2731 5133 1734 2732 5134 1732 2733 5135 1712 2734 5136 1718 2735 5137 1716 2736 5138 1733 2737 5139 1711 2738 5140 1710 2731 5141 1717 2739 5142 1713 2740 5143 1712 2734 5144 1714 2741 5145 1738 2742 5146 1736 2743 5147 1701 2710 5148 1722 2744 5149 1720 2745 5150 1737 2746 5151 1715 2747 5152 1714 2741 5153 1666 2748 5154 1731 2749 5155 1669 2750 5156 1007 2751 5157 1712 1730 5158 1006 2752 5159 1660 2753 5160 1726 2754 5161 1663 2755 5162 1026 2756 5163 1700 1674 5164 1723 2757 5165 1022 2758 5166 1713 2759 5167 1023 2760 5168 1014 2761 5169 1725 2761 5170 1011 2761 5171 1026 2762 5172 1721 2763 5173 1009 2763 5174 1024 2764 5175 1713 2759 5176 1719 22 5177 1690 2751 5178 1708 1730 5179 1744 374 5180 1654 2765 5181 1722 2765 5182 1657 2765 5183 1005 2766 5184 1718 2766 5185 1022 2767 5186 1652 1729 5187 1708 1730 5188 1004 2752 5189 1684 1733 5190 1702 1734 5191 1740 374 5192 1024 2768 5193 1717 2769 5194 1007 2770 5195 1693 2764 5196 1709 2771 5197 1021 2760 5198 1003 1744 5199 1702 1734 5200 1002 1735 5201 1678 1747 5202 1714 1748 5203 1736 374 5204 1655 2758 5205 1709 2771 5206 1747 2772 5207 1687 2756 5208 1703 2773 5209 1019 1675 5210 1001 1754 5211 1714 1748 5212 1000 1749 5213 1690 2774 5214 1746 2775 5215 1693 2776 5216 1671 2777 5217 1710 2778 5218 1732 374 5219 1020 1673 5220 1703 2773 5221 1743 22 5222 1681 1727 5223 1715 2779 5224 1017 1740 5225 1655 2780 5226 1745 2780 5227 1652 2781 5228 999 2782 5229 1710 2778 5230 998 2783 5231 1684 2784 5232 1742 2785 5233 1687 2786 5234 997 2777 5235 1707 2778 5236 996 2783 5237 1018 1739 5238 1715 2779 5239 1739 2787 5240 1674 1751 5241 1711 1753 5242 1015 1743 5243 1020 2788 5244 1741 2788 5245 1003 2788 5246 1666 2782 5247 1707 2778 5248 1729 374 5249 1749 1873 5250 1755 2789 5251 1752 2790 5252 1755 2789 5253 1751 2791 5254 1752 2790 5255 1751 2791 5256 1757 2792 5257 1750 2793 5258 1757 2792 5259 1748 1900 5260 1750 2793 5261 1759 1926 5262 1752 2790 5263 1762 2794 5264 1752 2790 5265 1761 2795 5266 1762 2794 5267 1751 2791 5268 1760 2796 5269 1761 2795 5270 1760 2796 5271 1748 1900 5272 1758 1869 5273 1763 1911 5274 1755 2789 5275 1753 1929 5276 1755 2789 5277 1766 2797 5278 1756 2798 5279 1766 2797 5280 1757 2792 5281 1756 2798 5282 1757 2792 5283 1764 1877 5284 1754 1879 5285 1768 1910 5286 1765 2799 5287 1763 1911 5288 1765 2799 5289 1771 2800 5290 1766 2797 5291 1766 2797 5292 1772 2801 5293 1767 2802 5294 1772 2801 5295 1764 1877 5296 1767 2802 5297 1768 1910 5298 1775 2803 5299 1770 2804 5300 1775 2803 5301 1771 2800 5302 1770 2804 5303 1776 2805 5304 1772 2801 5305 1771 2800 5306 1772 2801 5307 1774 1882 5308 1769 1884 5309 1773 1918 5310 1780 2806 5311 1775 2803 5312 1780 2806 5313 1776 2805 5314 1775 2803 5315 1776 2805 5316 1782 2807 5317 1777 2808 5318 1782 2807 5319 1774 1882 5320 1777 2808 5321 1783 1920 5322 1780 2806 5323 1778 1921 5324 1780 2806 5325 1786 2809 5326 1781 2810 5327 1786 2809 5328 1782 2807 5329 1781 2810 5330 1782 2807 5331 1784 1891 5332 1779 1887 5333 1788 1925 5334 1785 2811 5335 1783 1920 5336 1785 2811 5337 1791 2812 5338 1786 2809 5339 1786 2809 5340 1792 2813 5341 1787 2814 5342 1792 2813 5343 1784 1891 5344 1787 2814 5345 1788 1925 5346 1795 2815 5347 1790 2816 5348 1795 2815 5349 1791 2812 5350 1790 2816 5351 1796 2817 5352 1792 2813 5353 1791 2812 5354 1792 2813 5355 1794 1839 5356 1789 1894 5357 1793 1930 5358 1800 2818 5359 1795 2815 5360 1800 2818 5361 1796 2817 5362 1795 2815 5363 1796 2817 5364 1802 2819 5365 1797 2820 5366 1802 2819 5367 1794 1839 5368 1797 2820 5369 1803 1907 5370 1800 2818 5371 1798 1908 5372 1800 2818 5373 1806 2821 5374 1801 2822 5375 1806 2821 5376 1802 2819 5377 1801 2822 5378 1802 2819 5379 1804 1875 5380 1799 1837 5381 1808 1913 5382 1805 2823 5383 1803 1907 5384 1805 2823 5385 1811 2824 5386 1806 2821 5387 1806 2821 5388 1812 2825 5389 1807 2826 5390 1812 2825 5391 1804 1875 5392 1807 2826 5393 1808 1913 5394 1815 2827 5395 1810 2828 5396 1815 2827 5397 1811 2824 5398 1810 2828 5399 1816 2829 5400 1812 2825 5401 1811 2824 5402 1812 2825 5403 1814 1885 5404 1809 1880 5405 1813 1919 5406 1820 2830 5407 1815 2827 5408 1820 2830 5409 1816 2829 5410 1815 2827 5411 1816 2829 5412 1822 2831 5413 1817 2832 5414 1822 2831 5415 1814 1885 5416 1817 2832 5417 1823 1922 5418 1820 2830 5419 1818 1923 5420 1820 2830 5421 1826 2833 5422 1821 2834 5423 1826 2833 5424 1822 2831 5425 1821 2834 5426 1822 2831 5427 1824 1871 5428 1819 1889 5429 1759 1926 5430 1825 2835 5431 1823 1922 5432 1825 2835 5433 1761 2795 5434 1826 2833 5435 1826 2833 5436 1760 2796 5437 1827 2836 5438 1760 2796 5439 1824 1871 5440 1827 2836 5441 1829 2837 5442 1835 2838 5443 1832 2839 5444 1835 2838 5445 1831 2840 5446 1832 2839 5447 1831 2840 5448 1837 2841 5449 1830 2842 5450 1837 2841 5451 1828 1896 5452 1830 2842 5453 1829 2837 5454 1842 2843 5455 1839 1901 5456 1842 2843 5457 1831 2840 5458 1841 2844 5459 1841 2844 5460 1830 2842 5461 1840 2845 5462 1830 2842 5463 1838 1931 5464 1840 2845 5465 1843 1902 5466 1835 2838 5467 1833 1878 5468 1835 2838 5469 1846 2846 5470 1836 2847 5471 1846 2846 5472 1837 2841 5473 1836 2847 5474 1837 2841 5475 1844 1950 5476 1834 1951 5477 1843 1902 5478 1850 2848 5479 1845 2849 5480 1850 2848 5481 1846 2846 5482 1845 2849 5483 1851 2850 5484 1847 2851 5485 1846 2846 5486 1847 2851 5487 1849 1935 5488 1844 1950 5489 1853 1888 5490 1850 2848 5491 1848 1883 5492 1850 2848 5493 1856 2852 5494 1851 2850 5495 1851 2850 5496 1857 2853 5497 1852 2854 5498 1857 2853 5499 1849 1935 5500 1852 2854 5501 1853 1888 5502 1860 2855 5503 1855 2856 5504 1860 2855 5505 1856 2852 5506 1855 2856 5507 1856 2852 5508 1862 2857 5509 1857 2853 5510 1862 2857 5511 1854 1936 5512 1857 2853 5513 1863 1895 5514 1860 2855 5515 1858 1892 5516 1860 2855 5517 1866 2858 5518 1861 2859 5519 1866 2858 5520 1862 2857 5521 1861 2859 5522 1862 2857 5523 1864 1937 5524 1859 1938 5525 1863 1895 5526 1870 2860 5527 1865 2861 5528 1870 2860 5529 1866 2858 5530 1865 2861 5531 1871 2862 5532 1867 2863 5533 1866 2858 5534 1867 2863 5535 1869 1939 5536 1864 1937 5537 1873 1838 5538 1870 2860 5539 1868 1899 5540 1870 2860 5541 1876 2864 5542 1871 2862 5543 1871 2862 5544 1877 2865 5545 1872 2866 5546 1877 2865 5547 1869 1939 5548 1872 2866 5549 1873 1838 5550 1880 2867 5551 1875 2868 5552 1880 2867 5553 1876 2864 5554 1875 2868 5555 1876 2864 5556 1882 2869 5557 1877 2865 5558 1882 2869 5559 1874 1943 5560 1877 2865 5561 1883 1881 5562 1880 2867 5563 1878 1876 5564 1880 2867 5565 1886 2870 5566 1881 2871 5567 1886 2870 5568 1882 2869 5569 1881 2871 5570 1882 2869 5571 1884 1945 5572 1879 1946 5573 1883 1881 5574 1890 2872 5575 1885 2873 5576 1890 2872 5577 1886 2870 5578 1885 2873 5579 1891 2874 5580 1887 2875 5581 1886 2870 5582 1887 2875 5583 1889 1947 5584 1884 1945 5585 1893 1890 5586 1890 2872 5587 1888 1886 5588 1890 2872 5589 1896 2876 5590 1891 2874 5591 1891 2874 5592 1897 2877 5593 1892 2878 5594 1897 2877 5595 1889 1947 5596 1892 2878 5597 1893 1890 5598 1900 2879 5599 1895 2880 5600 1900 2879 5601 1896 2876 5602 1895 2880 5603 1896 2876 5604 1902 2881 5605 1897 2877 5606 1902 2881 5607 1894 1948 5608 1897 2877 5609 1903 1870 5610 1900 2879 5611 1898 1893 5612 1900 2879 5613 1906 2882 5614 1901 2883 5615 1906 2882 5616 1902 2881 5617 1901 2883 5618 1902 2881 5619 1904 1934 5620 1899 1949 5621 1903 1870 5622 1842 2843 5623 1905 2884 5624 1842 2843 5625 1906 2882 5626 1905 2884 5627 1841 2844 5628 1907 2885 5629 1906 2882 5630 1907 2885 5631 1838 1931 5632 1904 1934 5633 1754 1879 5634 1829 2837 5635 1748 1900 5636 1912 2013 5637 1911 2886 5638 1909 1969 5639 1914 2887 5640 1910 2888 5641 1911 2886 5642 1910 2888 5643 1913 2010 5644 1908 1960 5645 1909 1969 5646 1919 2889 5647 1917 2004 5648 1919 2889 5649 1910 2888 5650 1918 2890 5651 1918 2890 5652 1908 1960 5653 1916 1962 5654 1912 2013 5655 1922 2891 5656 1914 2887 5657 1914 2887 5658 1923 2892 5659 1915 2893 5660 1923 2892 5661 1913 2010 5662 1915 2893 5663 1920 1964 5664 1926 2894 5665 1922 2891 5666 1926 2894 5667 1923 2892 5668 1922 2891 5669 1923 2892 5670 1925 1954 5671 1921 1977 5672 1928 1995 5673 1926 2894 5674 1924 1991 5675 1926 2894 5676 1931 2895 5677 1927 2896 5678 1927 2896 5679 1929 1952 5680 1925 1954 5681 1932 1999 5682 1930 2897 5683 1928 1995 5684 1934 2898 5685 1931 2895 5686 1930 2897 5687 1931 2895 5688 1933 1983 5689 1929 1952 5690 1932 1999 5691 1938 2899 5692 1934 2898 5693 1934 2898 5694 1939 2900 5695 1935 2901 5696 1939 2900 5697 1933 1983 5698 1935 2901 5699 1936 2003 5700 1942 2902 5701 1938 2899 5702 1942 2902 5703 1939 2900 5704 1938 2899 5705 1939 2900 5706 1941 1955 5707 1937 1957 5708 1944 2012 5709 1942 2902 5710 1940 2008 5711 1942 2902 5712 1947 2903 5713 1943 2904 5714 1947 2903 5715 1941 1955 5716 1943 2904 5717 1948 2014 5718 1946 2905 5719 1944 2012 5720 1950 2906 5721 1947 2903 5722 1946 2905 5723 1947 2903 5724 1949 1972 5725 1945 1966 5726 1948 2014 5727 1954 2907 5728 1950 2906 5729 1950 2906 5730 1955 2908 5731 1951 2909 5732 1955 2908 5733 1949 1972 5734 1951 2909 5735 1952 1988 5736 1958 2910 5737 1954 2907 5738 1958 2910 5739 1955 2908 5740 1954 2907 5741 1955 2908 5742 1957 1974 5743 1953 1971 5744 1960 1997 5745 1958 2910 5746 1956 1993 5747 1958 2910 5748 1963 2911 5749 1959 2912 5750 1963 2911 5751 1957 1974 5752 1959 2912 5753 1964 2001 5754 1962 2913 5755 1960 1997 5756 1966 2914 5757 1963 2911 5758 1962 2913 5759 1963 2911 5760 1965 1905 5761 1961 1982 5762 1964 2001 5763 1970 2915 5764 1966 2914 5765 1966 2914 5766 1971 2916 5767 1967 2917 5768 1971 2916 5769 1965 1905 5770 1967 2917 5771 1968 2006 5772 1919 2889 5773 1970 2915 5774 1919 2889 5775 1971 2916 5776 1970 2915 5777 1971 2916 5778 1916 1962 5779 1969 1903 5780 1908 1960 5781 1109 2009 5782 1108 2918 5783 1133 2919 5784 1973 2920 5785 1134 2921 5786 1135 2922 5787 1973 2920 5788 1978 2923 5789 1150 2924 5790 1976 2925 5791 2019 2926 5792 1152 2927 5793 1976 2925 5794 1151 2928 5795 1133 2919 5796 2019 2926 5797 2016 2929 5798 1135 2922 5799 1981 2930 5800 1152 2927 5801 1974 2931 5802 1979 2932 5803 1136 2933 5804 1137 2934 5805 1979 2932 5806 1984 2935 5807 1977 2936 5808 1982 2937 5809 1981 2930 5810 1154 2938 5811 1982 2937 5812 1153 2939 5813 1974 2931 5814 1981 2930 5815 1978 2923 5816 1137 2934 5817 1987 2940 5818 1154 2938 5819 1980 2941 5820 1985 2942 5821 1138 2943 5822 1139 2944 5823 1985 2942 5824 1992 2945 5825 1983 2946 5826 1988 2947 5827 1987 2940 5828 1142 2948 5829 1988 2947 5830 1155 2949 5831 1980 2941 5832 1987 2940 5833 1984 2935 5834 1139 2944 5835 1995 2950 5836 1142 2948 5837 1125 2951 5838 1990 2952 5839 1996 2953 5840 1986 2954 5841 1990 2952 5842 1124 2955 5843 1141 2956 5844 1993 2957 5845 1140 2958 5846 1989 2959 5847 1993 2957 5848 1995 2950 5849 1125 2951 5850 1999 2960 5851 1141 2956 5852 1986 2954 5853 1995 2950 5854 1992 2945 5855 1991 2961 5856 1997 2962 5857 1126 2963 5858 1127 2964 5859 1997 2962 5860 2002 2965 5861 1994 2966 5862 2000 2967 5863 1999 2960 5864 1144 2968 5865 2000 2967 5866 1143 2969 5867 1127 2964 5868 2005 2970 5869 1144 2968 5870 1991 2961 5871 1999 2960 5872 1996 2953 5873 1998 2971 5874 2003 2972 5875 1128 2973 5876 1129 2974 5877 2003 2972 5878 2008 2975 5879 2001 2976 5880 2006 2977 5881 2005 2970 5882 1146 2978 5883 2006 2977 5884 1145 2979 5885 1998 2971 5886 2005 2970 5887 2002 2965 5888 1129 2974 5889 2011 2980 5890 1146 2978 5891 2004 2981 5892 2009 2982 5893 1130 2983 5894 1131 2984 5895 2009 2982 5896 2014 2985 5897 2007 2986 5898 2012 2987 5899 2011 2980 5900 1148 2988 5901 2012 2987 5902 1147 2989 5903 2004 2981 5904 2011 2980 5905 2008 2975 5906 1131 2984 5907 2017 2990 5908 1148 2988 5909 2010 2991 5910 2015 2992 5911 1132 2993 5912 1972 2994 5913 2015 2992 5914 2016 2929 5915 2013 2995 5916 2018 2996 5917 2017 2990 5918 1975 2997 5919 2018 2996 5920 1149 2998 5921 1972 2994 5922 2019 2926 5923 1975 2997 5924 2010 2991 5925 2017 2990 5926 2014 2985 5927 2020 2999 5928 2038 3000 5929 2036 3001 5930 2053 3002 5931 2022 3003 5932 2023 3004 5933 2037 3005 5934 2021 3006 5935 2020 2999 5936 2024 3007 5937 2058 3008 5938 2056 3009 5939 2026 3010 5940 2042 3011 5941 2040 3012 5942 2057 3013 5943 2025 3014 5944 2024 3007 5945 2041 3015 5946 2027 3016 5947 2026 3010 5948 2028 3017 5949 2062 3018 5950 2060 3019 5951 2030 3020 5952 2046 3021 5953 2044 3022 5954 2061 3023 5955 2029 3024 5956 2028 3017 5957 2048 3025 5958 2032 3026 5959 2033 3027 5960 2045 3028 5961 2031 3029 5962 2030 3020 5963 2034 3030 5964 2066 3031 5965 2064 3032 5966 2033 3027 5967 2051 3033 5968 2049 3034 5969 2065 3035 5970 2035 3036 5971 2034 3030 5972 2023 3004 5973 2054 3037 5974 2052 3038 5975 2007 3039 5976 2029 3040 5977 1147 3041 5978 1129 3042 5979 2024 2033 5980 1128 374 5981 1975 3043 5982 2065 3044 5983 1972 3045 5984 1991 3046 5985 2023 3047 5986 2052 3048 5987 1148 3049 5988 2029 3040 5989 2063 3050 5990 2001 3051 5991 2025 3052 5992 1145 3053 5993 2010 3054 5994 2066 3055 5995 2013 3055 5996 1127 3056 5997 2023 3047 5998 1126 3057 5999 2004 3058 6000 2062 3059 6001 2007 3060 6002 1125 3061 6003 2033 3062 6004 1124 3063 6005 1146 3064 6006 2025 3052 6007 2059 22 6008 1994 22 6009 2022 22 6010 1143 22 6011 1148 3065 6012 2061 3066 6013 1131 3067 6014 1986 3056 6015 2033 3062 6016 2049 374 6017 1998 3068 6018 2058 3069 6019 2001 3070 6020 1980 3071 6021 2030 3072 6022 2044 3073 6023 1144 22 6024 2022 22 6025 2055 22 6026 1141 3074 6027 2032 3075 6028 2050 3076 6029 1146 3077 6030 2057 3078 6031 1129 3079 6032 1139 3080 6033 2030 3072 6034 1138 3081 6035 1144 3082 6036 2053 3083 6037 1127 3083 6038 1974 374 6039 2026 3084 6040 2040 374 6041 1989 22 6042 2032 3075 6043 1140 22 6044 1983 22 6045 2031 3085 6046 1155 3086 6047 1991 3087 6048 2054 3088 6049 1994 3089 6050 1137 3090 6051 2026 3084 6052 1136 374 6053 1141 3091 6054 2048 3092 6055 1125 3093 6056 1133 3094 6057 2020 3095 6058 2036 3096 6059 1142 3097 6060 2031 3085 6061 2047 3098 6062 1977 3049 6063 2027 2056 6064 1153 3099 6065 1986 3100 6066 2051 3101 6067 1989 3101 6068 1135 2048 6069 2020 3095 6070 1134 3102 6071 2072 2112 6072 2071 3103 6073 2069 2070 6074 2074 3104 6075 2070 3105 6076 2071 3103 6077 2070 3106 6078 2073 2108 6079 2068 2030 6080 2069 2070 6081 2079 3107 6082 2077 2102 6083 2071 3103 6084 2078 3108 6085 2079 3107 6086 2078 3109 6087 2068 2030 6088 2076 2032 6089 2072 2112 6090 2082 3110 6091 2074 3104 6092 2074 3104 6093 2083 3111 6094 2075 3112 6095 2083 3113 6096 2073 2108 6097 2075 3114 6098 2080 2111 6099 2086 3115 6100 2082 3110 6101 2082 3110 6102 2087 3116 6103 2083 3111 6104 2087 3116 6105 2081 2065 6106 2083 3113 6107 2088 2082 6108 2086 3115 6109 2084 2114 6110 2090 3117 6111 2087 3116 6112 2086 3115 6113 2087 3116 6114 2089 2078 6115 2085 2063 6116 2092 2098 6117 2090 3117 6118 2088 2082 6119 2094 3118 6120 2091 3119 6121 2090 3117 6122 2091 3119 6123 2093 2062 6124 2089 2078 6125 2092 2098 6126 2098 3120 6127 2094 3121 6128 2094 3118 6129 2099 3122 6130 2095 3123 6131 2099 3122 6132 2093 2062 6133 2095 3123 6134 2096 2097 6135 2102 3124 6136 2098 3120 6137 2098 3125 6138 2103 3126 6139 2099 3122 6140 2103 3126 6141 2097 2060 6142 2099 3122 6143 2104 2106 6144 2102 3124 6145 2100 2101 6146 2106 3127 6147 2103 3126 6148 2102 3128 6149 2103 3126 6150 2105 2068 6151 2101 2088 6152 2108 2110 6153 2106 3127 6154 2104 2106 6155 2110 3129 6156 2107 3130 6157 2106 3127 6158 2107 3130 6159 2109 2066 6160 2105 2068 6161 2108 2110 6162 2114 3131 6163 2110 3129 6164 2110 3129 6165 2115 3132 6166 2111 3133 6167 2115 3132 6168 2109 2066 6169 2111 3134 6170 2112 2115 6171 2118 3135 6172 2114 3131 6173 2114 3131 6174 2119 3136 6175 2115 3132 6176 2119 3136 6177 2113 2072 6178 2115 3132 6179 2120 2095 6180 2118 3135 6181 2116 2117 6182 2122 3137 6183 2119 3136 6184 2118 3135 6185 2119 3136 6186 2121 2080 6187 2117 2076 6188 2124 2100 6189 2122 3137 6190 2120 2095 6191 2126 3138 6192 2123 3139 6193 2122 3137 6194 2123 3139 6195 2125 2084 6196 2121 2080 6197 2124 2100 6198 2130 3140 6199 2126 3141 6200 2126 3138 6201 2131 3142 6202 2127 3143 6203 2131 3142 6204 2125 2084 6205 2127 3143 6206 2128 2104 6207 2079 3107 6208 2130 3140 6209 2130 3140 6210 2078 3108 6211 2131 3142 6212 2078 3109 6213 2129 2075 6214 2131 3142 6215 2073 2108 6216 1156 3144 6217 2068 2030 6218 1278 3145 6219 2143 3146 6220 2142 374 6221 1271 3147 6222 2136 3148 6223 2135 3149 6224 1279 3150 6225 2144 3151 6226 2143 3146 6227 1272 3152 6228 2137 3153 6229 2136 3148 6230 1280 3154 6231 2145 3155 6232 2144 3151 6233 1273 3156 6234 2138 3157 6235 2137 3153 6236 1281 3158 6237 2146 3159 6238 2145 3155 6239 1275 3160 6240 2138 3157 6241 1274 374 6242 1282 3161 6243 2147 3162 6244 2146 3159 6245 1275 3160 6246 2140 3163 6247 2139 3164 6248 1269 3165 6249 2132 3166 6250 1268 3167 6251 1283 3168 6252 2134 3169 6253 2147 3162 6254 1277 3170 6255 2140 3163 6256 1276 3171 6257 1268 3167 6258 2134 3169 6259 1270 3172 6260 1278 3145 6261 2141 3146 6262 1277 3170 6263 1271 3147 6264 2133 3173 6265 1269 3165 6266 2147 3174 6267 2162 3175 6268 2146 3176 6269 2140 3177 6270 2155 3178 6271 2139 3179 6272 2133 3180 6273 2148 3181 6274 2132 3182 6275 2134 3183 6276 2163 3184 6277 2147 3174 6278 2141 3185 6279 2156 3186 6280 2140 3177 6281 2132 3182 6282 2150 3187 6283 2134 3183 6284 2142 3188 6285 2157 3189 6286 2141 3185 6287 2135 3190 6288 2149 3191 6289 2133 3180 6290 2143 3192 6291 2158 3193 6292 2142 3188 6293 2136 3194 6294 2151 3195 6295 2135 3190 6296 2144 3196 6297 2159 3197 6298 2143 3192 6299 2137 3198 6300 2152 3199 6301 2136 3194 6302 2145 3200 6303 2160 3201 6304 2144 3196 6305 2138 3202 6306 2153 3203 6307 2137 3198 6308 2146 3176 6309 2161 3204 6310 2145 3200 6311 2139 3179 6312 2154 3205 6313 2138 3202 6314 2162 3206 6315 2150 3207 6316 2156 3208 6317 1 0 6318 5 26 6319 4 1 6320 2 3 6321 14 3209 6322 1 4 6323 15 6 6324 2 3210 6325 0 7 6326 0 2 6327 4 1 6328 7 9 6329 5 11 6330 11 3211 6331 6 12 6332 4 14 6333 6 3212 6334 9 15 6335 3 10 6336 7 9 6337 8 17 6338 7 19 6339 9 3213 6340 10 20 6341 11 22 6342 10 22 6343 9 22 6344 8 23 6345 10 3214 6346 11 24 6347 12 18 6348 8 17 6349 5 26 6350 14 27 6351 13 3215 6352 12 28 6353 13 30 6354 15 3216 6355 3 31 6356 14 33 6357 18 43 6358 16 34 6359 13 36 6360 16 40 6361 19 37 6362 20 39 6363 19 37 6364 16 40 6365 17 42 6366 16 34 6367 18 43 6368 22 45 6369 21 49 6370 19 46 6371 15 48 6372 19 46 6373 21 49 6374 24 51 6375 18 55 6376 21 52 6377 2 54 6378 21 52 6379 18 55 6380 25 57 6381 24 51 6382 22 53 6383 23 59 6384 22 45 6385 20 47 6386 27 61 6387 17 42 6388 24 44 6389 26 63 6390 25 57 6391 23 58 6392 28 65 6393 27 61 6394 25 62 6395 30 67 6396 29 70 6397 27 68 6398 29 70 6399 20 39 6400 17 41 6401 31 71 6402 23 59 6403 29 60 6404 30 72 6405 32 79 6406 34 73 6407 28 69 6408 35 76 6409 32 74 6410 33 75 6411 32 74 6412 35 76 6413 40 78 6414 34 73 6415 32 79 6416 36 81 6417 35 84 6418 37 82 6419 26 66 6420 37 82 6421 35 84 6422 38 85 6423 37 88 6424 34 86 6425 31 64 6426 34 86 6427 37 88 6428 39 89 6429 38 85 6430 40 87 6431 45 91 6432 36 81 6433 38 83 6434 41 93 6435 40 78 6436 33 80 6437 48 95 6438 39 89 6439 41 90 6440 42 97 6441 41 93 6442 43 94 6443 44 99 6444 43 102 6445 45 100 6446 43 102 6447 33 75 6448 36 77 6449 46 103 6450 45 91 6451 39 92 6452 138 105 6453 44 99 6454 46 101 6455 47 107 6456 46 103 6457 48 104 6458 49 109 6459 48 95 6460 42 96 6461 49 108 6462 51 3217 6463 53 111 6464 50 110 6465 52 3218 6466 51 112 6467 52 113 6468 55 3219 6469 54 114 6470 51 116 6471 54 3220 6472 56 117 6473 55 119 6474 58 328 6475 57 120 6476 54 121 6477 57 120 6478 59 122 6479 58 124 6480 79 171 6481 61 125 6482 57 127 6483 62 131 6484 63 128 6485 57 127 6486 60 280 6487 64 130 6488 57 126 6489 61 125 6490 77 132 6491 62 134 6492 65 3221 6493 66 135 6494 62 137 6495 64 3222 6496 67 138 6497 66 140 6498 65 3223 6499 68 141 6500 68 141 6501 65 3223 6502 67 143 6503 73 145 6504 74 3224 6505 69 146 6506 68 148 6507 69 3225 6508 140 149 6509 70 151 6510 68 3226 6511 71 152 6512 75 154 6513 73 145 6514 68 147 6515 79 156 6516 74 3227 6517 73 157 6518 61 159 6519 73 3228 6520 75 160 6521 77 162 6522 75 163 6523 76 162 6524 76 164 6525 75 154 6526 72 155 6527 60 133 6528 77 132 6529 78 166 6530 79 168 6531 78 3229 6532 76 169 6533 58 124 6534 80 167 6535 78 166 6536 80 172 6537 82 179 6538 169 173 6539 80 175 6540 83 182 6541 85 176 6542 81 178 6543 170 288 6544 82 179 6545 58 181 6546 84 323 6547 83 182 6548 84 183 6549 87 3230 6550 86 184 6551 83 186 6552 86 3231 6553 88 187 6554 86 189 6555 87 311 6556 69 190 6557 88 192 6558 86 189 6559 89 191 6560 92 194 6561 91 197 6562 89 195 6563 91 197 6564 93 202 6565 90 198 6566 69 146 6567 74 3224 6568 76 164 6569 95 200 6570 94 201 6571 91 197 6572 94 201 6573 96 261 6574 93 202 6575 98 203 6576 97 204 6577 94 204 6578 97 206 6579 99 3232 6580 96 207 6581 101 209 6582 100 3233 6583 97 210 6584 100 212 6585 102 3234 6586 99 213 6587 104 215 6588 103 218 6589 100 216 6590 103 218 6591 105 246 6592 102 219 6593 108 220 6594 106 229 6595 103 221 6596 106 223 6597 109 226 6598 105 224 6599 109 226 6600 106 223 6601 107 227 6602 106 229 6603 108 220 6604 400 230 6605 111 232 6606 109 235 6607 110 233 6608 109 235 6609 111 232 6610 113 236 6611 108 238 6612 111 241 6613 112 239 6614 111 241 6615 108 238 6616 104 242 6617 113 244 6618 104 215 6619 101 217 6620 105 246 6621 113 244 6622 114 245 6623 114 247 6624 101 3235 6625 98 248 6626 102 250 6627 114 3236 6628 115 251 6629 115 253 6630 98 3237 6631 95 254 6632 99 256 6633 115 257 6634 116 257 6635 116 259 6636 95 200 6637 92 194 6638 96 261 6639 116 259 6640 117 260 6641 117 260 6642 92 194 6643 72 262 6644 93 202 6645 117 260 6646 118 264 6647 67 143 6648 120 270 6649 118 266 6650 119 267 6651 128 302 6652 90 268 6653 120 270 6654 66 140 6655 70 142 6656 70 271 6657 130 3238 6658 119 267 6659 63 272 6660 66 3239 6661 120 273 6662 121 275 6663 120 3240 6664 67 276 6665 59 129 6666 63 128 6667 121 278 6668 122 279 6669 121 278 6670 64 130 6671 60 281 6672 169 173 6673 123 282 6674 81 284 6675 126 301 6676 124 285 6677 122 287 6678 123 282 6679 170 288 6680 59 290 6681 122 286 6682 124 285 6683 125 292 6684 124 3241 6685 119 293 6686 126 295 6687 128 296 6688 119 295 6689 127 297 6690 129 3242 6691 128 298 6692 135 300 6693 127 325 6694 126 301 6695 128 302 6696 129 307 6697 131 303 6698 125 304 6699 130 3243 6700 129 305 6701 129 307 6702 130 3238 6703 70 271 6704 131 308 6705 70 3244 6706 139 309 6707 87 311 6708 133 3245 6709 131 312 6710 69 313 6711 131 3246 6712 132 314 6713 131 312 6714 133 3245 6715 88 192 6716 134 316 6717 133 3247 6718 87 317 6719 134 319 6720 85 3248 6721 88 320 6722 135 322 6723 134 324 6724 84 323 6725 135 322 6726 81 177 6727 85 176 6728 59 290 6729 125 291 6730 127 325 6731 56 123 6732 59 122 6733 135 326 6734 136 327 6735 135 326 6736 58 328 6737 53 329 6738 56 3249 6739 136 330 6740 137 332 6741 136 3250 6742 55 333 6743 47 106 6744 53 3251 6745 137 335 6746 138 336 6747 137 3252 6748 52 337 6749 50 338 6750 42 97 6751 44 98 6752 132 339 6753 139 340 6754 142 340 6755 140 342 6756 132 3253 6757 141 343 6758 141 345 6759 142 352 6760 147 346 6761 143 348 6762 141 345 6763 144 347 6764 149 350 6765 145 358 6766 144 347 6767 145 351 6768 167 364 6769 146 349 6770 142 352 6771 168 385 6772 148 353 6773 150 354 6774 149 356 6775 147 346 6776 152 355 6777 151 360 6778 149 356 6779 151 357 6780 154 362 6781 145 358 6782 166 359 6783 153 3254 6784 151 360 6785 153 361 6786 156 3255 6787 154 362 6788 154 363 6789 155 366 6790 167 364 6791 156 365 6792 157 3256 6793 155 366 6794 156 367 6795 158 371 6796 160 368 6797 153 370 6798 159 378 6799 158 371 6800 159 372 6801 162 372 6802 161 372 6803 158 373 6804 161 373 6805 163 373 6806 164 374 6807 163 374 6808 161 374 6809 160 375 6810 163 375 6811 164 375 6812 165 376 6813 164 376 6814 162 376 6815 166 377 6816 165 379 6817 159 378 6818 157 369 6819 160 368 6820 165 379 6821 157 380 6822 166 3257 6823 152 381 6824 155 382 6825 152 381 6826 150 383 6827 167 384 6828 150 383 6829 148 353 6830 168 385 6831 143 348 6832 146 349 6833 71 386 6834 140 387 6835 143 387 6836 139 389 6837 71 3258 6838 168 390 6839 169 173 6840 172 22 6841 171 392 6842 123 282 6843 171 392 6844 173 22 6845 172 376 6846 176 376 6847 174 376 6848 171 372 6849 174 372 6850 175 372 6851 174 393 6852 177 396 6853 178 22 6854 176 395 6855 179 22 6856 177 396 6857 182 397 6858 178 375 6859 177 375 6860 180 399 6861 177 373 6862 179 373 6863 181 400 6864 184 3259 6865 183 401 6866 180 398 6867 183 3260 6868 185 402 6869 184 403 6870 187 408 6871 186 404 6872 183 405 6873 186 404 6874 188 406 6875 187 408 6876 192 412 6877 189 409 6878 186 404 6879 189 415 6880 191 410 6881 190 411 6882 189 409 6883 192 412 6884 203 414 6885 191 410 6886 189 415 6887 193 417 6888 192 421 6889 194 418 6890 196 420 6891 194 418 6892 192 421 6893 195 422 6894 194 425 6895 191 423 6896 188 406 6897 191 423 6898 194 425 6899 197 426 6900 196 420 6901 187 408 6902 185 407 6903 188 406 6904 196 420 6905 198 427 6906 197 3261 6907 184 428 6908 182 430 6909 185 3262 6910 197 431 6911 181 429 6912 179 372 6913 199 372 6914 198 432 6915 199 376 6916 178 376 6917 175 394 6918 178 22 6919 199 433 6920 200 434 6921 199 433 6922 179 22 6923 173 373 6924 175 373 6925 200 373 6926 201 375 6927 200 375 6928 176 375 6929 82 179 6930 201 435 6931 172 22 6932 170 288 6933 173 22 6934 201 435 6935 202 436 6936 195 422 6937 203 424 6938 208 438 6939 193 417 6940 195 419 6941 204 440 6942 203 414 6943 190 416 6944 211 442 6945 202 436 6946 204 437 6947 205 444 6948 204 440 6949 206 441 6950 207 446 6951 206 449 6952 208 447 6953 206 449 6954 190 411 6955 193 413 6956 209 450 6957 208 438 6958 202 439 6959 216 452 6960 207 446 6961 209 448 6962 210 454 6963 209 450 6964 211 451 6965 212 456 6966 211 442 6967 205 443 6968 213 458 6969 212 456 6970 214 457 6971 218 460 6972 210 454 6973 212 455 6974 215 462 6975 214 465 6976 216 463 6977 214 465 6978 205 444 6979 207 445 6980 217 466 6981 216 452 6982 210 453 6983 217 464 6984 219 3263 6985 221 468 6986 218 467 6987 220 3264 6988 219 469 6989 220 470 6990 223 500 6991 222 471 6992 219 472 6993 222 471 6994 224 473 6995 223 475 6996 228 482 6997 225 476 6998 222 478 6999 225 485 7000 227 479 7001 226 481 7002 225 476 7003 228 482 7004 235 484 7005 227 479 7006 225 485 7007 229 487 7008 228 491 7009 230 488 7010 232 490 7011 230 488 7012 228 491 7013 231 493 7014 230 497 7015 227 494 7016 224 496 7017 227 494 7018 230 497 7019 233 499 7020 232 501 7021 223 500 7022 221 474 7023 224 473 7024 232 501 7025 213 461 7026 233 3265 7027 220 502 7028 215 459 7029 221 3266 7030 233 503 7031 240 504 7032 229 487 7033 231 489 7034 234 506 7035 231 493 7036 235 495 7037 236 508 7038 235 484 7039 226 486 7040 243 510 7041 234 506 7042 236 507 7043 237 512 7044 236 508 7045 238 509 7046 239 514 7047 238 517 7048 240 515 7049 238 517 7050 226 481 7051 229 483 7052 241 518 7053 240 504 7054 234 505 7055 242 520 7056 241 518 7057 243 519 7058 248 522 7059 239 514 7060 241 516 7061 244 524 7062 243 510 7063 237 511 7064 250 526 7065 242 520 7066 244 521 7067 245 528 7068 244 524 7069 246 525 7070 247 530 7071 246 533 7072 248 531 7073 246 533 7074 237 512 7075 239 513 7076 249 534 7077 248 522 7078 242 523 7079 249 532 7080 251 3267 7081 253 536 7082 250 535 7083 252 3268 7084 251 537 7085 252 538 7086 255 3269 7087 254 539 7088 251 541 7089 254 3270 7090 256 542 7091 255 544 7092 258 600 7093 257 545 7094 254 546 7095 257 545 7096 259 547 7097 258 373 7098 261 373 7099 260 373 7100 257 375 7101 260 375 7102 262 375 7103 261 549 7104 264 3271 7105 263 550 7106 260 552 7107 263 3272 7108 265 553 7109 264 555 7110 267 591 7111 266 556 7112 263 557 7113 266 556 7114 268 558 7115 267 373 7116 270 373 7117 269 373 7118 266 375 7119 269 375 7120 271 375 7121 270 22 7122 273 22 7123 272 22 7124 269 22 7125 272 22 7126 274 22 7127 273 373 7128 276 373 7129 275 373 7130 272 375 7131 275 375 7132 277 375 7133 276 560 7134 279 374 7135 278 561 7136 275 562 7137 278 561 7138 280 374 7139 279 373 7140 282 373 7141 281 373 7142 278 375 7143 281 375 7144 283 375 7145 282 564 7146 286 574 7147 284 565 7148 281 567 7149 284 571 7150 287 568 7151 288 570 7152 287 568 7153 284 571 7154 285 573 7155 284 565 7156 286 574 7157 290 576 7158 289 580 7159 287 577 7160 283 579 7161 287 577 7162 289 580 7163 303 582 7164 286 586 7165 289 583 7166 291 585 7167 289 583 7168 286 586 7169 292 372 7170 291 372 7171 282 372 7172 280 376 7173 283 376 7174 291 376 7175 293 588 7176 292 589 7177 279 374 7178 277 563 7179 280 374 7180 292 589 7181 294 372 7182 293 372 7183 276 372 7184 274 376 7185 277 376 7186 293 376 7187 295 22 7188 294 22 7189 273 22 7190 271 22 7191 274 22 7192 294 22 7193 296 372 7194 295 372 7195 270 372 7196 268 376 7197 271 376 7198 295 376 7199 297 590 7200 296 592 7201 267 591 7202 265 559 7203 268 558 7204 296 592 7205 298 593 7206 297 3273 7207 264 594 7208 262 596 7209 265 3274 7210 297 597 7211 299 372 7212 298 372 7213 261 372 7214 259 376 7215 262 376 7216 298 376 7217 300 599 7218 299 601 7219 258 600 7220 256 548 7221 259 547 7222 299 601 7223 301 602 7224 300 3275 7225 255 603 7226 253 605 7227 256 3276 7228 300 606 7229 245 527 7230 301 3277 7231 252 608 7232 247 529 7233 253 3278 7234 301 609 7235 302 610 7236 290 576 7237 288 578 7238 304 612 7239 303 582 7240 290 584 7241 306 613 7242 285 573 7243 303 575 7244 307 614 7245 306 613 7246 304 612 7247 305 615 7248 304 612 7249 302 610 7250 309 617 7251 308 611 7252 306 613 7253 308 611 7254 288 570 7255 285 572 7256 310 616 7257 302 610 7258 308 611 7259 309 617 7260 311 619 7261 313 618 7262 307 614 7263 312 644 7264 311 619 7265 312 375 7266 315 375 7267 314 375 7268 311 376 7269 314 376 7270 316 376 7271 315 620 7272 319 630 7273 317 621 7274 314 623 7275 317 627 7276 320 624 7277 321 626 7278 320 624 7279 317 627 7280 318 629 7281 317 621 7282 319 630 7283 323 632 7284 322 636 7285 320 633 7286 316 635 7287 320 633 7288 322 636 7289 327 638 7290 319 642 7291 322 639 7292 324 641 7293 322 639 7294 319 642 7295 325 373 7296 324 373 7297 315 373 7298 313 372 7299 316 372 7300 324 372 7301 305 615 7302 325 645 7303 312 644 7304 310 616 7305 313 618 7306 325 645 7307 328 646 7308 327 638 7309 323 640 7310 326 648 7311 323 632 7312 321 634 7313 329 650 7314 318 629 7315 327 631 7316 328 651 7317 330 3279 7318 332 652 7319 326 647 7320 331 3280 7321 330 653 7322 331 373 7323 334 373 7324 333 373 7325 330 375 7326 333 375 7327 335 375 7328 334 22 7329 337 22 7330 336 22 7331 333 22 7332 336 22 7333 338 22 7334 337 654 7335 342 661 7336 339 655 7337 336 657 7338 339 664 7339 341 658 7340 340 660 7341 339 655 7342 342 661 7343 351 663 7344 341 658 7345 339 664 7346 343 666 7347 342 670 7348 344 667 7349 346 669 7350 344 667 7351 342 670 7352 345 672 7353 344 676 7354 341 673 7355 338 675 7356 341 673 7357 344 676 7358 347 22 7359 346 22 7360 337 22 7361 335 22 7362 338 22 7363 346 22 7364 348 372 7365 347 372 7366 334 372 7367 332 376 7368 335 376 7369 347 376 7370 349 649 7371 348 3281 7372 331 678 7373 329 679 7374 332 3282 7375 348 680 7376 349 681 7377 321 626 7378 318 628 7379 398 682 7380 343 666 7381 345 668 7382 350 684 7383 345 672 7384 351 674 7385 352 686 7386 351 663 7387 340 665 7388 353 687 7389 355 3283 7390 354 688 7391 352 685 7392 354 3284 7393 356 689 7394 355 374 7395 358 760 7396 357 690 7397 354 691 7398 357 690 7399 359 692 7400 358 375 7401 362 697 7402 360 693 7403 357 376 7404 360 695 7405 363 694 7406 360 695 7407 361 715 7408 364 696 7409 362 697 7410 369 709 7411 361 698 7412 359 372 7413 363 700 7414 365 699 7415 363 700 7416 364 705 7417 367 701 7418 366 373 7419 365 703 7420 362 702 7421 365 703 7422 367 707 7423 369 704 7424 364 705 7425 374 719 7426 368 706 7427 367 707 7428 368 711 7429 370 708 7430 369 709 7431 370 713 7432 372 710 7433 368 711 7434 376 734 7435 371 712 7436 370 713 7437 371 3285 7438 373 714 7439 361 715 7440 372 717 7441 374 716 7442 372 717 7443 373 721 7444 375 718 7445 374 719 7446 375 723 7447 376 720 7448 373 721 7449 379 729 7450 377 722 7451 375 723 7452 377 726 7453 380 724 7454 381 725 7455 380 724 7456 377 726 7457 378 728 7458 377 722 7459 379 729 7460 383 731 7461 382 735 7462 380 732 7463 376 734 7464 380 732 7465 382 735 7466 383 736 7467 385 3286 7468 379 737 7469 373 714 7470 371 3285 7471 382 738 7472 384 739 7473 383 731 7474 381 733 7475 386 741 7476 385 3286 7477 383 736 7478 387 743 7479 378 728 7480 385 730 7481 384 742 7482 390 747 7483 388 745 7484 386 744 7485 388 749 7486 391 746 7487 390 747 7488 396 3287 7489 389 748 7490 388 749 7491 389 3288 7492 392 750 7493 391 751 7494 392 3289 7495 394 752 7496 387 754 7497 391 751 7498 393 753 7499 393 756 7500 394 3290 7501 396 757 7502 395 740 7503 393 756 7504 390 758 7505 395 755 7506 381 725 7507 378 727 7508 394 374 7509 392 374 7510 389 374 7511 397 759 7512 366 761 7513 358 760 7514 356 374 7515 359 692 7516 366 761 7517 398 762 7518 397 3291 7519 355 763 7520 350 683 7521 356 3292 7522 397 765 7523 353 764 7524 340 660 7525 343 662 7526 400 240 7527 112 239 7528 399 766 7529 112 234 7530 110 233 7531 405 768 7532 107 231 7533 400 230 7534 401 770 7535 401 767 7536 399 766 7537 408 772 7538 403 771 7539 401 770 7540 402 774 7541 405 776 7542 403 779 7543 404 777 7544 110 228 7545 107 227 7546 403 779 7547 399 769 7548 405 768 7549 406 780 7550 406 778 7551 404 777 7552 413 782 7553 408 781 7554 406 780 7555 407 784 7556 402 773 7557 408 772 7558 409 786 7559 411 787 7560 409 786 7561 410 788 7562 409 785 7563 407 784 7564 415 790 7565 413 792 7566 411 795 7567 412 793 7568 404 775 7569 402 774 7570 411 795 7571 407 783 7572 413 782 7573 414 796 7574 417 798 7575 416 3293 7576 414 794 7577 416 799 7578 418 3294 7579 415 797 7580 419 22 7581 418 22 7582 416 22 7583 418 800 7584 419 3295 7585 410 791 7586 419 801 7587 417 3296 7588 412 789 7589 423 802 7590 420 3297 7591 421 803 7592 423 805 7593 424 808 7594 422 806 7595 424 808 7596 423 805 7597 425 809 7598 479 812 7599 425 809 7600 423 805 7601 423 805 7602 427 818 7603 475 811 7604 427 818 7605 428 817 7606 475 811 7607 426 813 7608 429 3298 7609 427 814 7610 431 816 7611 432 824 7612 428 817 7613 429 819 7614 438 3299 7615 430 820 7616 427 818 7617 430 3300 7618 433 822 7619 431 816 7620 433 822 7621 434 823 7622 436 825 7623 432 3301 7624 434 826 7625 436 828 7626 435 3302 7627 437 829 7628 429 831 7629 439 830 7630 437 829 7631 442 833 7632 445 844 7633 440 834 7634 441 835 7635 439 830 7636 440 834 7637 469 837 7638 436 828 7639 439 830 7640 439 830 7641 429 831 7642 426 838 7643 426 838 7644 421 3303 7645 446 839 7646 443 840 7647 442 833 7648 446 839 7649 443 840 7650 453 861 7651 444 842 7652 442 833 7653 444 842 7654 478 843 7655 449 845 7656 443 3304 7657 447 846 7658 424 808 7659 449 810 7660 448 848 7661 476 849 7662 452 856 7663 450 855 7664 450 855 7665 449 810 7666 476 849 7667 449 810 7668 425 809 7669 479 812 7670 449 850 7671 450 3305 7672 453 851 7673 451 853 7674 455 902 7675 454 854 7676 451 853 7677 450 855 7678 452 856 7679 450 858 7680 454 3306 7681 456 859 7682 453 861 7683 456 3307 7684 457 862 7685 460 863 7686 444 842 7687 457 862 7688 461 865 7689 460 373 7690 458 866 7691 463 868 7692 462 3308 7693 460 869 7694 444 842 7695 460 863 7696 462 871 7697 463 872 7698 465 3309 7699 464 873 7700 462 871 7701 464 3310 7702 466 875 7703 469 837 7704 441 835 7705 466 875 7706 470 877 7707 469 3311 7708 467 878 7709 432 880 7710 436 3312 7711 469 881 7712 472 883 7713 463 889 7714 471 884 7715 475 811 7716 428 817 7717 432 824 7718 432 824 7719 470 885 7720 475 811 7721 470 885 7722 471 884 7723 474 886 7724 470 885 7725 468 3313 7726 473 887 7727 472 883 7728 473 887 7729 465 888 7730 474 886 7731 471 884 7732 463 889 7733 463 889 7734 461 857 7735 476 849 7736 461 857 7737 452 856 7738 476 849 7739 440 890 7740 475 3314 7741 474 891 7742 477 893 7743 474 3315 7744 476 894 7745 441 835 7746 477 836 7747 478 843 7748 445 896 7749 478 3316 7750 476 897 7751 440 899 7752 445 3317 7753 479 900 7754 461 857 7755 459 3318 7756 455 902 7757 481 903 7758 480 3319 7759 483 904 7760 483 906 7761 480 3320 7762 482 907 7763 485 909 7764 483 906 7765 484 908 7766 483 906 7767 485 909 7768 539 3321 7769 539 3321 7770 535 911 7771 483 906 7772 535 911 7773 488 916 7774 487 912 7775 486 913 7776 483 3322 7777 487 914 7778 488 916 7779 492 923 7780 491 917 7781 490 918 7782 498 3323 7783 489 919 7784 493 921 7785 490 3324 7786 487 912 7787 494 922 7788 493 921 7789 491 917 7790 496 924 7791 495 3325 7792 494 925 7793 497 927 7794 495 3326 7795 496 928 7796 489 930 7797 498 3327 7798 497 927 7799 500 931 7800 505 3328 7801 502 932 7802 501 933 7803 537 3329 7804 500 931 7805 499 929 7806 496 928 7807 529 934 7808 499 929 7809 502 932 7810 486 935 7811 506 936 7812 481 3330 7813 486 935 7814 503 937 7815 507 3331 7816 506 936 7817 504 938 7818 513 957 7819 503 937 7820 502 932 7821 505 3328 7822 538 939 7823 509 940 7824 508 3332 7825 507 941 7826 484 908 7827 482 907 7828 508 943 7829 510 944 7830 512 951 7831 536 945 7832 536 945 7833 539 3321 7834 509 910 7835 539 3321 7836 485 909 7837 509 910 7838 509 946 7839 503 3333 7840 513 947 7841 514 949 7842 515 993 7843 511 950 7844 512 951 7845 510 944 7846 511 950 7847 516 953 7848 514 376 7849 510 954 7850 517 956 7851 516 3334 7852 513 957 7853 520 958 7854 518 3335 7855 517 956 7856 521 959 7857 519 3336 7858 518 960 7859 520 961 7860 522 3337 7861 523 962 7862 504 938 7863 501 933 7864 522 964 7865 524 965 7866 525 3338 7867 523 966 7868 526 968 7869 524 3339 7870 522 964 7871 529 934 7872 527 3340 7873 526 968 7874 530 969 7875 528 3341 7876 527 970 7877 529 972 7878 496 3342 7879 492 973 7880 531 975 7881 523 980 7882 532 976 7883 492 923 7884 488 916 7885 535 911 7886 535 911 7887 534 3343 7888 530 977 7889 534 3343 7890 531 975 7891 530 977 7892 533 978 7893 528 3344 7894 530 977 7895 525 979 7896 533 978 7897 532 976 7898 523 980 7899 531 975 7900 534 3343 7901 534 3343 7902 536 945 7903 523 980 7904 536 945 7905 512 951 7906 521 952 7907 534 981 7908 535 3345 7909 500 982 7910 536 984 7911 534 3346 7912 537 985 7913 538 939 7914 537 3329 7915 501 933 7916 505 987 7917 539 3347 7918 536 988 7919 500 990 7920 535 3348 7921 539 991 7922 515 993 7923 519 3349 7924 521 952 7925 543 994 7926 540 3350 7927 541 995 7928 543 997 7929 544 1000 7930 542 998 7931 544 1000 7932 543 997 7933 545 1001 7934 599 1004 7935 545 1001 7936 543 997 7937 543 997 7938 547 1010 7939 595 1003 7940 547 1010 7941 548 1009 7942 595 1003 7943 546 1005 7944 549 3351 7945 547 1006 7946 551 1008 7947 552 1015 7948 548 1009 7949 549 1011 7950 558 3352 7951 550 1012 7952 547 1010 7953 550 3353 7954 553 1013 7955 551 1008 7956 553 1013 7957 554 1014 7958 556 1016 7959 552 375 7960 554 1017 7961 556 1019 7962 555 3354 7963 557 1020 7964 549 1022 7965 559 1021 7966 557 1020 7967 562 1024 7968 565 1035 7969 560 1025 7970 561 1026 7971 559 1021 7972 560 1025 7973 589 1028 7974 556 1019 7975 559 1021 7976 559 1021 7977 549 1022 7978 546 1029 7979 546 1029 7980 541 3355 7981 566 1030 7982 563 1031 7983 562 1024 7984 566 1030 7985 563 1031 7986 573 1049 7987 564 1033 7988 562 1024 7989 564 1033 7990 598 1034 7991 569 1036 7992 563 3356 7993 567 1037 7994 544 1000 7995 569 1002 7996 568 1039 7997 596 1040 7998 572 1047 7999 570 1046 8000 570 1046 8001 569 1002 8002 596 1040 8003 569 1002 8004 545 1001 8005 599 1004 8006 569 1041 8007 570 3357 8008 573 1042 8009 571 1044 8010 575 1087 8011 574 1045 8012 571 1044 8013 570 1046 8014 572 1047 8015 570 372 8016 574 372 8017 576 372 8018 573 1049 8019 576 3358 8020 577 1050 8021 580 1051 8022 564 1033 8023 577 1050 8024 581 375 8025 580 375 8026 578 375 8027 583 1053 8028 582 3359 8029 580 1054 8030 564 1033 8031 580 1051 8032 582 1056 8033 583 1057 8034 585 3360 8035 584 1058 8036 582 1056 8037 584 3361 8038 586 1060 8039 589 1028 8040 561 1026 8041 586 1060 8042 590 1062 8043 589 3362 8044 587 1063 8045 552 1065 8046 556 3363 8047 589 1066 8048 592 1068 8049 583 1074 8050 591 1069 8051 595 1003 8052 548 1009 8053 552 1015 8054 552 1015 8055 590 1070 8056 595 1003 8057 590 1070 8058 591 1069 8059 594 1071 8060 590 1070 8061 588 3364 8062 593 1072 8063 592 1068 8064 593 1072 8065 585 1073 8066 594 1071 8067 591 1069 8068 583 1074 8069 583 1074 8070 581 1048 8071 596 1040 8072 581 1048 8073 572 1047 8074 596 1040 8075 597 1075 8076 560 3365 8077 595 1076 8078 598 1078 8079 597 3366 8080 594 1079 8081 561 1026 8082 597 1027 8083 598 1034 8084 598 1081 8085 596 3367 8086 599 1082 8087 565 1084 8088 599 3368 8089 595 1085 8090 581 1048 8091 579 3369 8092 575 1087 8093 601 1088 8094 600 3370 8095 603 1089 8096 603 1091 8097 600 3371 8098 602 1092 8099 605 1094 8100 603 1091 8101 604 1093 8102 603 1091 8103 605 1094 8104 659 3372 8105 659 3372 8106 655 1096 8107 603 1091 8108 655 1096 8109 608 1101 8110 607 1097 8111 606 1098 8112 603 3373 8113 607 1099 8114 608 1101 8115 612 1108 8116 611 1102 8117 610 1103 8118 618 372 8119 609 1104 8120 613 1106 8121 610 3374 8122 607 1097 8123 614 1107 8124 613 1106 8125 611 1102 8126 616 1109 8127 615 3375 8128 614 1110 8129 617 1111 8130 615 3376 8131 616 1112 8132 609 1114 8133 618 3377 8134 617 1111 8135 620 1115 8136 625 3378 8137 622 1116 8138 621 1117 8139 657 3379 8140 620 1115 8141 619 1113 8142 616 1112 8143 649 1118 8144 619 1113 8145 622 1116 8146 606 1119 8147 626 1120 8148 601 3380 8149 606 1119 8150 623 1121 8151 627 3381 8152 626 1120 8153 624 1122 8154 633 1138 8155 623 1121 8156 622 1116 8157 625 3378 8158 658 1123 8159 629 1124 8160 628 3382 8161 627 1125 8162 604 1093 8163 602 1092 8164 628 1127 8165 630 1128 8166 632 1135 8167 656 1129 8168 656 1129 8169 659 3372 8170 629 1095 8171 659 3372 8172 605 1094 8173 629 1095 8174 629 1130 8175 623 3383 8176 633 1131 8177 634 1133 8178 635 1172 8179 631 1134 8180 632 1135 8181 630 1128 8182 631 1134 8183 636 372 8184 634 372 8185 630 372 8186 637 1137 8187 636 3384 8188 633 1138 8189 640 1139 8190 638 3385 8191 637 1137 8192 641 375 8193 639 375 8194 638 375 8195 640 1140 8196 642 3386 8197 643 1141 8198 624 1122 8199 621 1117 8200 642 1143 8201 644 1144 8202 645 3387 8203 643 1145 8204 646 1147 8205 644 3388 8206 642 1143 8207 649 1118 8208 647 3389 8209 646 1147 8210 650 1148 8211 648 3390 8212 647 1149 8213 649 1151 8214 616 3391 8215 612 1152 8216 651 1154 8217 643 1159 8218 652 1155 8219 612 1108 8220 608 1101 8221 655 1096 8222 655 1096 8223 654 3392 8224 650 1156 8225 654 3392 8226 651 1154 8227 650 1156 8228 653 1157 8229 648 3393 8230 650 1156 8231 645 1158 8232 653 1157 8233 652 1155 8234 643 1159 8235 651 1154 8236 654 3392 8237 654 3392 8238 656 1129 8239 643 1159 8240 656 1129 8241 632 1135 8242 641 1136 8243 657 1160 8244 654 3394 8245 655 1161 8246 658 1163 8247 656 3395 8248 654 1164 8249 658 1123 8250 657 3379 8251 621 1117 8252 659 1166 8253 656 3396 8254 658 1167 8255 655 1169 8256 659 3397 8257 625 1170 8258 635 1172 8259 639 3398 8260 641 1136 8261 685 1173 8262 663 3399 8263 662 1174 8264 683 1176 8265 665 3400 8266 664 1177 8267 681 1178 8268 667 3401 8269 666 1179 8270 677 1180 8271 669 3402 8272 668 1181 8273 679 1183 8274 671 3403 8275 670 1184 8276 691 1186 8277 673 3404 8278 672 1187 8279 689 1188 8280 675 3405 8281 674 1189 8282 687 1190 8283 661 3406 8284 660 1191 8285 686 1195 8286 660 22 8287 684 3407 8288 684 3407 8289 662 3408 8290 682 3409 8291 682 3409 8292 664 22 8293 680 3410 8294 680 3410 8295 666 3411 8296 676 1193 8297 676 1193 8298 668 22 8299 678 3412 8300 678 3412 8301 670 3413 8302 690 1194 8303 690 1194 8304 672 22 8305 688 3414 8306 688 3414 8307 674 3415 8308 686 1195 8309 686 1195 8310 684 3407 8311 682 3409 8312 682 3409 8313 680 3410 8314 676 1193 8315 676 1193 8316 678 3412 8317 690 1194 8318 690 1194 8319 688 3414 8320 686 1195 8321 686 1195 8322 682 3409 8323 676 1193 8324 667 1196 8325 677 1180 8326 676 1182 8327 669 1198 8328 679 1183 8329 678 1185 8330 665 1200 8331 681 1178 8332 680 1178 8333 663 1202 8334 683 1176 8335 682 1176 8336 661 1204 8337 685 1173 8338 684 1175 8339 675 1206 8340 687 1190 8341 686 1192 8342 673 1208 8343 689 1188 8344 688 1188 8345 671 1210 8346 691 1186 8347 690 1186 8348 694 1212 8349 711 1234 8350 709 1213 8351 685 374 8352 661 374 8353 693 374 8354 687 374 8355 694 374 8356 693 374 8357 687 374 8358 675 1217 8359 695 1215 8360 689 1216 8361 696 1218 8362 695 1215 8363 689 1216 8364 673 374 8365 697 374 8366 691 1219 8367 698 1221 8368 697 374 8369 691 1219 8370 671 1222 8371 699 1220 8372 679 374 8373 700 374 8374 699 1220 8375 679 374 8376 669 374 8377 701 374 8378 677 374 8379 702 374 8380 701 374 8381 677 374 8382 667 1222 8383 703 1223 8384 681 1224 8385 704 1221 8386 703 1223 8387 681 1224 8388 665 374 8389 705 374 8390 683 1225 8391 706 1218 8392 705 374 8393 683 1225 8394 663 1217 8395 707 1226 8396 685 374 8397 692 374 8398 707 1226 8399 725 1227 8400 741 1272 8401 740 1228 8402 702 1230 8403 719 1236 8404 718 1231 8405 694 1212 8406 695 1238 8407 712 1233 8408 702 1230 8409 703 1240 8410 720 1235 8411 696 1237 8412 713 1242 8413 712 1233 8414 704 1239 8415 721 1244 8416 720 1235 8417 696 1237 8418 697 1246 8419 714 1241 8420 704 1239 8421 705 1248 8422 722 1243 8423 698 1245 8424 715 1250 8425 714 1241 8426 706 1247 8427 723 1254 8428 722 1243 8429 698 1245 8430 699 1256 8431 716 1249 8432 692 1251 8433 693 1214 8434 709 1213 8435 706 1247 8436 707 1257 8437 710 1253 8438 700 1255 8439 717 1258 8440 716 1249 8441 692 1251 8442 708 1252 8443 710 1253 8444 700 1255 8445 701 1232 8446 718 1231 8447 708 374 8448 709 374 8449 725 374 8450 711 374 8451 726 374 8452 725 374 8453 711 374 8454 712 374 8455 727 374 8456 713 374 8457 728 374 8458 727 374 8459 713 374 8460 714 374 8461 729 374 8462 715 374 8463 730 374 8464 729 374 8465 715 374 8466 716 374 8467 731 374 8468 717 374 8469 732 374 8470 731 374 8471 717 374 8472 718 374 8473 733 374 8474 719 374 8475 734 374 8476 733 374 8477 719 374 8478 720 374 8479 735 374 8480 721 374 8481 736 374 8482 735 374 8483 721 374 8484 722 374 8485 737 374 8486 723 374 8487 738 374 8488 737 374 8489 723 374 8490 710 374 8491 739 374 8492 708 374 8493 724 374 8494 739 374 8495 745 1259 8496 746 22 8497 762 1260 8498 739 1262 8499 742 1268 8500 755 1263 8501 732 1265 8502 749 1270 8503 748 1266 8504 724 1229 8505 740 1228 8506 742 1268 8507 733 1269 8508 750 1274 8509 749 1270 8510 726 1271 8511 743 1276 8512 741 1272 8513 734 1273 8514 751 1278 8515 750 1274 8516 727 1275 8517 744 1280 8518 743 1276 8519 735 1277 8520 752 1282 8521 751 1278 8522 728 1279 8523 745 1284 8524 744 1280 8525 736 1281 8526 753 1286 8527 752 1282 8528 729 1283 8529 746 1288 8530 745 1284 8531 737 1285 8532 754 1289 8533 753 1286 8534 730 1287 8535 747 1290 8536 746 1288 8537 738 1264 8538 755 1263 8539 754 1289 8540 731 1267 8541 748 1266 8542 747 1290 8543 767 1291 8544 768 1314 8545 805 1292 8546 753 1294 8547 754 22 8548 770 1295 8549 747 1294 8550 763 1296 8551 762 1260 8552 755 1259 8553 771 1261 8554 770 1295 8555 748 1297 8556 764 22 8557 763 1296 8558 740 1298 8559 741 22 8560 757 22 8561 742 1300 8562 758 22 8563 771 1261 8564 748 1297 8565 749 1302 8566 765 1301 8567 742 1300 8568 740 1298 8569 756 1299 8570 749 1302 8571 750 22 8572 766 22 8573 743 1298 8574 759 1299 8575 757 22 8576 751 1302 8577 767 1301 8578 766 22 8579 744 1300 8580 760 22 8581 759 1299 8582 752 1297 8583 768 22 8584 767 1301 8585 744 1300 8586 745 1259 8587 761 1261 8588 752 1297 8589 753 1294 8590 769 1296 8591 864 1303 8592 909 1420 8593 1295 1304 8594 761 1306 8595 809 1316 8596 797 1307 8597 766 1309 8598 767 1291 8599 789 1293 8600 759 1311 8601 760 1308 8602 797 1307 8603 769 1313 8604 813 1318 8605 805 1292 8606 762 1315 8607 817 1320 8608 809 1316 8609 770 1317 8610 821 1322 8611 813 1318 8612 762 1315 8613 763 1323 8614 825 1319 8615 770 1317 8616 771 1328 8617 829 1321 8618 763 1323 8619 764 1331 8620 833 1324 8621 757 1325 8622 837 1361 8623 840 1326 8624 771 1328 8625 758 1350 8626 845 1329 8627 765 1330 8628 849 1362 8629 833 1324 8630 796 1332 8631 808 1360 8632 777 1333 8633 804 1335 8634 812 1359 8635 785 1336 8636 801 1338 8637 775 1363 8638 773 1339 8639 848 1341 8640 793 1365 8641 782 1342 8642 844 1344 8643 841 1347 8644 772 1345 8645 841 1347 8646 836 1340 8647 773 1339 8648 832 1348 8649 848 1341 8650 781 1343 8651 756 1327 8652 840 1326 8653 845 1329 8654 844 1344 8655 774 1346 8656 787 1351 8657 832 1348 8658 780 1349 8659 779 1353 8660 828 1352 8661 787 1351 8662 786 1355 8663 824 1354 8664 779 1353 8665 778 1357 8666 812 1359 8667 820 1356 8668 786 1355 8669 808 1360 8670 816 1358 8671 778 1357 8672 757 1325 8673 759 1311 8674 800 1312 8675 766 1309 8676 792 1310 8677 849 1362 8678 796 1332 8679 776 1334 8680 775 1363 8681 788 1364 8682 783 1398 8683 782 1342 8684 836 1340 8685 838 1367 8686 803 1366 8687 838 1367 8688 839 1380 8689 802 1368 8690 802 1368 8691 839 1380 8692 837 1361 8693 793 1365 8694 848 1341 8695 850 1369 8696 850 1369 8697 851 1372 8698 794 1371 8699 851 1372 8700 849 1362 8701 792 1310 8702 841 1347 8703 844 1344 8704 846 1373 8705 846 1373 8706 847 1376 8707 842 1375 8708 847 1376 8709 845 1329 8710 840 1326 8711 848 1341 8712 832 1348 8713 834 1377 8714 834 1377 8715 835 1378 8716 851 1372 8717 835 1378 8718 833 1324 8719 849 1362 8720 828 1352 8721 830 1379 8722 846 1373 8723 830 1379 8724 831 1383 8725 847 1376 8726 847 1376 8727 831 1383 8728 829 1321 8729 836 1340 8730 841 1347 8731 843 1374 8732 843 1374 8733 842 1375 8734 839 1380 8735 842 1375 8736 840 1326 8737 837 1361 8738 824 1354 8739 826 1381 8740 834 1377 8741 826 1381 8742 827 1385 8743 835 1378 8744 835 1378 8745 827 1385 8746 825 1319 8747 820 1356 8748 822 1382 8749 830 1379 8750 822 1382 8751 823 1387 8752 831 1383 8753 831 1383 8754 823 1387 8755 821 1322 8756 816 1358 8757 818 1384 8758 826 1381 8759 818 1384 8760 819 1390 8761 827 1385 8762 827 1385 8763 819 1390 8764 817 1320 8765 820 1356 8766 812 1359 8767 814 1386 8768 814 1386 8769 815 1388 8770 823 1387 8771 815 1388 8772 813 1318 8773 821 1322 8774 816 1358 8775 808 1360 8776 810 1389 8777 810 1389 8778 811 1391 8779 819 1390 8780 811 1391 8781 809 1316 8782 817 1320 8783 812 1359 8784 804 1335 8785 806 1392 8786 806 1392 8787 807 1393 8788 815 1388 8789 807 1393 8790 805 1292 8791 813 1318 8792 808 1360 8793 796 1332 8794 798 1394 8795 798 1394 8796 799 1395 8797 811 1391 8798 799 1395 8799 797 1307 8800 809 1316 8801 788 1364 8802 790 1396 8803 806 1392 8804 790 1396 8805 791 1397 8806 807 1393 8807 807 1393 8808 791 1397 8809 789 1293 8810 801 1338 8811 803 1366 8812 798 1394 8813 803 1366 8814 802 1368 8815 799 1395 8816 799 1395 8817 802 1368 8818 800 1312 8819 793 1365 8820 795 1370 8821 790 1396 8822 795 1370 8823 794 1371 8824 791 1397 8825 791 1397 8826 794 1371 8827 792 1310 8828 804 1335 8829 784 1337 8830 783 1398 8831 772 1399 8832 773 374 8833 853 374 8834 775 1399 8835 854 1400 8836 853 374 8837 776 1401 8838 855 374 8839 854 1400 8840 776 1401 8841 777 1403 8842 856 1402 8843 777 1403 8844 778 374 8845 857 374 8846 779 1404 8847 858 1406 8848 857 374 8849 780 1405 8850 859 374 8851 858 1406 8852 780 1405 8853 781 1408 8854 860 1407 8855 781 1408 8856 782 374 8857 861 374 8858 783 1408 8859 862 1407 8860 861 374 8861 784 1405 8862 863 374 8863 862 1407 8864 784 1405 8865 785 1404 8866 864 1406 8867 785 1404 8868 786 374 8869 865 374 8870 787 1403 8871 866 1402 8872 865 374 8873 774 1401 8874 867 374 8875 866 1402 8876 774 1401 8877 772 1399 8878 852 1400 8879 871 1409 8880 1424 1523 8881 1437 1410 8882 857 1412 8883 1325 1422 8884 905 1413 8885 862 1415 8886 863 1305 8887 1295 1304 8888 856 1414 8889 905 1413 8890 1314 1417 8891 865 1419 8892 1301 1424 8893 909 1420 8894 857 1412 8895 858 1425 8896 915 1421 8897 865 1419 8898 866 1430 8899 917 1423 8900 858 1425 8901 859 1433 8902 1331 1426 8903 853 1427 8904 854 1470 8905 931 1428 8906 866 1430 8907 867 1452 8908 1306 1431 8909 860 1432 8910 927 1438 8911 1331 1426 8912 1328 1434 8913 1326 1451 8914 878 1435 8915 861 1437 8916 1327 1471 8917 927 1438 8918 853 1427 8919 1313 1429 8920 922 1439 8921 1318 1441 8922 1324 1469 8923 874 1442 8924 1292 1444 8925 1300 1468 8926 882 1445 8927 1315 1447 8928 872 1472 8929 871 1448 8930 903 1450 8931 879 1474 8932 878 1435 8933 852 1440 8934 922 1439 8935 1306 1431 8936 943 1453 8937 960 1577 8938 959 1454 8939 1305 1456 8940 923 1463 8941 868 1457 8942 1310 1449 8943 871 1448 8944 869 1459 8945 1330 1461 8946 1328 1434 8947 877 1436 8948 923 1463 8949 1312 1460 8950 869 1459 8951 1305 1456 8952 870 1458 8953 883 1464 8954 1330 1461 8955 876 1462 8956 875 1466 8957 1298 1465 8958 883 1464 8959 882 1445 8960 1322 1467 8961 875 1466 8962 874 1442 8963 854 1470 8964 855 1418 8965 1314 1417 8966 861 1437 8967 862 1415 8968 902 1416 8969 1315 1447 8970 1318 1441 8971 873 1443 8972 1294 1473 8973 880 1521 8974 879 1474 8975 1316 1475 8976 1374 3416 8977 1342 1476 8978 906 1478 8979 907 3417 8980 1365 1479 8981 1321 1481 8982 1379 3418 8983 1378 1482 8984 911 1484 8985 910 3419 8986 1370 1485 8987 919 1487 8988 1373 3420 8989 1343 1488 8990 1320 1490 8991 1378 3421 8992 1336 1491 8993 1308 1493 8994 1368 3422 8995 1369 1494 8996 918 1496 8997 914 1477 8998 1342 1476 8999 1286 1498 9000 1377 3423 9001 1337 1499 9002 901 1501 9003 1351 3424 9004 1334 1502 9005 919 1504 9006 918 3425 9007 1372 1505 9008 1285 1507 9009 926 1492 9010 1336 1491 9011 900 1509 9012 1284 2401 9013 1335 1510 9014 1289 1512 9015 1293 2405 9016 1345 1513 9017 1286 1515 9018 1285 3426 9019 1376 1516 9020 901 1518 9021 900 3427 9022 1350 1519 9023 1294 1473 9024 1292 1444 9025 881 1446 9026 872 1522 9027 1397 1532 9028 1424 1523 9029 880 1524 9030 881 1538 9031 1429 1525 9032 873 1527 9033 874 1537 9034 1409 1528 9035 880 1524 9036 1413 1526 9037 1421 1530 9038 872 1522 9039 873 1527 9040 1393 1529 9041 883 1533 9042 1405 1549 9043 1389 1534 9044 875 1536 9045 1433 1548 9046 1409 1528 9047 881 1538 9048 882 1535 9049 1389 1534 9050 876 1539 9051 877 1550 9052 1441 1540 9053 1408 1542 9054 1432 2439 9055 892 1543 9056 870 1545 9057 868 2451 9058 1400 1546 9059 876 1539 9060 1385 1541 9061 1433 1548 9062 870 1545 9063 1381 1547 9064 1405 1549 9065 877 1550 9066 878 2448 9067 1416 1551 9068 950 1552 9069 1445 1621 9070 1459 1553 9071 898 1555 9072 933 374 9073 932 1556 9074 898 1555 9075 896 1558 9076 934 1556 9077 896 1558 9078 895 374 9079 935 1559 9080 894 1560 9081 936 1561 9082 935 1559 9083 893 374 9084 937 374 9085 936 1561 9086 893 374 9087 892 1563 9088 938 1562 9089 892 1563 9090 891 374 9091 939 1564 9092 890 1565 9093 940 1567 9094 939 1564 9095 889 1566 9096 941 374 9097 940 1567 9098 889 1566 9099 888 1568 9100 942 1567 9101 888 1568 9102 887 374 9103 943 1569 9104 886 1570 9105 944 1562 9106 943 1569 9107 885 374 9108 945 374 9109 944 1562 9110 885 374 9111 884 1571 9112 946 1561 9113 884 1571 9114 897 374 9115 947 1572 9116 899 1557 9117 932 1556 9118 947 1572 9119 936 1573 9120 953 1579 9121 952 1574 9122 944 1576 9123 961 1581 9124 960 1577 9125 937 1578 9126 954 1583 9127 953 1579 9128 945 1580 9129 962 1585 9130 961 1581 9131 938 1582 9132 955 1587 9133 954 1583 9134 946 1584 9135 963 1554 9136 962 1585 9137 939 1586 9138 956 1593 9139 955 1587 9140 933 1588 9141 949 1597 9142 948 1589 9143 947 1591 9144 950 1552 9145 963 1554 9146 940 1592 9147 957 1595 9148 956 1593 9149 932 1590 9150 948 1589 9151 950 1552 9152 941 1594 9153 958 1598 9154 957 1595 9155 934 1596 9156 951 1599 9157 949 1597 9158 942 1455 9159 959 1454 9160 958 1598 9161 935 1575 9162 952 1574 9163 951 1599 9164 951 1599 9165 1510 2496 9166 1505 1600 9167 959 1454 9168 1500 1605 9169 1519 1601 9170 1520 1602 9171 1499 1606 9172 975 1603 9173 960 1577 9174 1490 2493 9175 1500 1605 9176 1499 1606 9177 1489 2494 9178 976 1607 9179 952 1574 9180 953 1579 9181 1485 1608 9182 953 1579 9183 954 1583 9184 1474 1610 9185 1475 1611 9186 970 1615 9187 969 1612 9188 955 1587 9189 1465 1619 9190 1474 1610 9191 1475 1611 9192 1464 2489 9193 971 1614 9194 1514 1616 9195 973 1661 9196 972 1617 9197 956 1593 9198 1454 1623 9199 1465 1619 9200 950 1552 9201 948 1589 9202 1449 1620 9203 956 1593 9204 957 1595 9205 1515 1622 9206 1460 1624 9207 1444 2542 9208 966 1625 9209 1626 1627 9210 1629 1678 9211 1695 374 9212 1570 1628 9213 988 1637 9214 987 1629 9215 1524 1631 9216 980 1635 9217 995 1632 9218 1540 1634 9219 1545 1645 9220 983 1632 9221 1575 1636 9222 989 374 9223 988 1637 9224 965 1638 9225 1529 1654 9226 1525 1639 9227 1575 1636 9228 1580 1643 9229 990 1637 9230 1600 1641 9231 1534 1633 9232 995 1632 9233 1580 1643 9234 1585 1647 9235 991 1629 9236 1550 1644 9237 984 1642 9238 983 1632 9239 1590 1646 9240 992 1650 9241 991 1629 9242 1555 1648 9243 985 374 9244 984 1642 9245 1595 1649 9246 993 374 9247 992 1650 9248 1555 1648 9249 1560 1651 9250 986 1650 9251 1595 1649 9252 1600 1641 9253 994 1642 9254 1560 1651 9255 1565 1630 9256 987 1629 9257 964 1640 9258 1525 1639 9259 1535 1652 9260 967 1653 9261 1539 1656 9262 1529 1654 9263 968 1655 9264 1544 1657 9265 1539 1656 9266 969 1612 9267 1549 1658 9268 1544 1657 9269 970 1615 9270 1554 1659 9271 1549 1658 9272 971 1614 9273 1559 1660 9274 1554 1659 9275 972 1617 9276 1564 1662 9277 1559 1660 9278 973 1661 9279 1569 1663 9280 1564 1662 9281 974 1604 9282 1574 1664 9283 1569 1663 9284 975 1603 9285 1579 1665 9286 1574 1664 9287 976 1607 9288 1584 1667 9289 1579 1665 9290 977 1666 9291 1589 1669 9292 1584 1667 9293 978 1668 9294 1594 1670 9295 1589 1669 9296 979 1626 9297 1599 1671 9298 1594 1670 9299 966 1625 9300 1535 1652 9301 1599 1671 9302 1530 1672 9303 1540 1634 9304 982 1635 9305 1657 1673 9306 1722 22 9307 1700 1674 9308 1649 1676 9309 1604 2598 9310 1670 374 9311 1632 1677 9312 1696 374 9313 1695 374 9314 981 1679 9315 1607 1697 9316 1605 1680 9317 1632 1677 9318 1635 1685 9319 1653 374 9320 1614 1682 9321 1682 374 9322 1677 374 9323 1638 1684 9324 1658 374 9325 1653 374 9326 1614 1682 9327 1617 1689 9328 1683 1686 9329 1638 1684 9330 1641 1691 9331 1659 1687 9332 1620 1688 9333 1688 374 9334 1683 1686 9335 1644 1690 9336 1664 374 9337 1659 1687 9338 1620 1688 9339 1623 1692 9340 1689 1687 9341 1644 1690 9342 1647 1693 9343 1665 1686 9344 1626 1627 9345 1694 374 9346 1689 1687 9347 1649 1676 9348 1672 374 9349 1665 1686 9350 980 1681 9351 1605 1680 9352 1650 1694 9353 982 1696 9354 1610 1699 9355 1607 1697 9356 983 1698 9357 1613 1701 9358 1610 1699 9359 984 1700 9360 1616 1703 9361 1613 1701 9362 985 1702 9363 1619 1705 9364 1616 1703 9365 986 1704 9366 1622 1707 9367 1619 1705 9368 987 1706 9369 1625 1709 9370 1622 1707 9371 988 1708 9372 1628 1711 9373 1625 1709 9374 989 1710 9375 1631 1713 9376 1628 1711 9377 990 1712 9378 1634 1715 9379 1631 1713 9380 991 1714 9381 1637 1717 9382 1634 1715 9383 992 1716 9384 1640 1719 9385 1637 1717 9386 993 1718 9387 1643 1721 9388 1640 1719 9389 994 1720 9390 1646 1722 9391 1643 1721 9392 995 1695 9393 1650 1694 9394 1646 1722 9395 1608 1723 9396 1611 1683 9397 1677 374 9398 1685 1724 9399 1032 1764 9400 1031 1725 9401 1014 1727 9402 1027 1740 9403 1705 1728 9404 1005 1729 9405 1006 2752 9406 1712 1730 9407 1013 1731 9408 1730 1732 9409 1728 1731 9410 1009 1733 9411 1721 374 9412 1701 1734 9413 1016 1736 9414 1735 3428 9415 1733 1737 9416 1663 1739 9417 1726 2787 9418 1705 1728 9419 1669 1741 9420 1731 22 9421 1706 1742 9422 1654 1744 9423 1008 1735 9424 1701 1734 9425 1671 1745 9426 1732 1746 9427 1734 1745 9428 1011 1747 9429 1725 374 9430 1704 1748 9431 1678 1750 9432 1736 1750 9433 1738 1750 9434 1013 1751 9435 1012 1743 9436 1706 1742 9437 1016 1741 9438 1015 1743 9439 1711 1753 9440 1660 1754 9441 1010 1749 9442 1704 1748 9443 1018 1755 9444 1739 3429 9445 1737 1756 9446 1036 1757 9447 1037 1782 9448 1053 1758 9449 1661 1760 9450 1040 1766 9451 1039 1761 9452 1685 1724 9453 1686 1767 9454 1033 1763 9455 1661 1760 9456 1662 1769 9457 1041 1765 9458 1686 1767 9459 1691 1772 9460 1034 1768 9461 1662 1769 9462 1667 1774 9463 1042 1770 9464 1692 1771 9465 1035 1776 9466 1034 1768 9467 1668 1773 9468 1043 1781 9469 1042 1770 9470 1697 1775 9471 1036 1757 9472 1035 1776 9473 1673 1777 9474 1679 1786 9475 1029 1778 9476 1675 1780 9477 1030 1783 9478 1043 1781 9479 1697 1775 9480 1698 1784 9481 1037 1782 9482 1675 1780 9483 1673 1777 9484 1028 1779 9485 1698 1784 9486 1699 1787 9487 1038 1785 9488 1680 1726 9489 1031 1725 9490 1029 1778 9491 1656 1762 9492 1039 1761 9493 1038 1785 9494 1058 1788 9495 1074 1812 9496 1073 1789 9497 1030 1783 9498 1028 1779 9499 1044 1791 9500 1037 1782 9501 1038 1785 9502 1054 1793 9503 1031 1725 9504 1047 1795 9505 1045 1794 9506 1039 1761 9507 1055 1796 9508 1054 1793 9509 1032 1764 9510 1048 1798 9511 1047 1795 9512 1040 1766 9513 1056 1800 9514 1055 1796 9515 1032 1764 9516 1033 1763 9517 1049 1797 9518 1040 1766 9519 1041 1765 9520 1057 1799 9521 1033 1763 9522 1034 1768 9523 1050 1801 9524 1041 1765 9525 1042 1770 9526 1058 1802 9527 1035 1776 9528 1051 1803 9529 1050 1801 9530 1043 1781 9531 1059 1804 9532 1058 1802 9533 1036 1757 9534 1052 1759 9535 1051 1803 9536 1028 1779 9537 1029 1778 9538 1045 1794 9539 1030 1783 9540 1046 1792 9541 1059 1804 9542 1064 1805 9543 1080 1844 9544 1079 1806 9545 1050 1808 9546 1051 1813 9547 1067 1809 9548 1058 1788 9549 1059 1818 9550 1075 1811 9551 1051 1813 9552 1052 1821 9553 1068 1814 9554 1045 1815 9555 1061 1826 9556 1060 1816 9557 1059 1818 9558 1046 1822 9559 1062 1819 9560 1053 1820 9561 1069 1824 9562 1068 1814 9563 1044 1817 9564 1060 1816 9565 1062 1819 9566 1054 1823 9567 1070 1828 9568 1069 1824 9569 1045 1815 9570 1047 1829 9571 1063 1825 9572 1054 1823 9573 1055 1831 9574 1071 1827 9575 1047 1829 9576 1048 1834 9577 1064 1830 9578 1055 1831 9579 1056 1835 9580 1072 1832 9581 1049 1833 9582 1065 1836 9583 1064 1830 9584 1057 1790 9585 1073 1789 9586 1072 1832 9587 1050 1808 9588 1066 1810 9589 1065 1836 9590 1799 1837 9591 1878 1876 9592 1873 1838 9593 1072 1840 9594 1088 1846 9595 1087 1841 9596 1065 1843 9597 1081 1848 9598 1080 1844 9599 1073 1845 9600 1089 1850 9601 1088 1846 9602 1066 1847 9603 1082 1852 9604 1081 1848 9605 1074 1849 9606 1090 1854 9607 1089 1850 9608 1067 1851 9609 1083 1856 9610 1082 1852 9611 1075 1853 9612 1091 1861 9613 1090 1854 9614 1068 1855 9615 1084 1863 9616 1083 1856 9617 1061 1857 9618 1077 1867 9619 1076 1858 9620 1062 1860 9621 1078 1864 9622 1091 1861 9623 1069 1862 9624 1085 1866 9625 1084 1863 9626 1060 1859 9627 1076 1858 9628 1078 1864 9629 1070 1865 9630 1086 1868 9631 1085 1866 9632 1063 1807 9633 1079 1806 9634 1077 1867 9635 1071 1842 9636 1087 1841 9637 1086 1868 9638 1758 1869 9639 1839 1901 9640 1903 1870 9641 1077 1872 9642 1753 1929 9643 1749 1873 9644 1804 1875 9645 1883 1881 9646 1878 1876 9647 1764 1877 9648 1843 1902 9649 1833 1878 9650 1809 1880 9651 1888 1886 9652 1883 1881 9653 1774 1882 9654 1853 1888 9655 1848 1883 9656 1814 1885 9657 1893 1890 9658 1888 1886 9659 1779 1887 9660 1858 1892 9661 1853 1888 9662 1819 1889 9663 1898 1893 9664 1893 1890 9665 1784 1891 9666 1863 1895 9667 1858 1892 9668 1824 1871 9669 1903 1870 9670 1898 1893 9671 1789 1894 9672 1868 1899 9673 1863 1895 9674 1828 1896 9675 1834 1951 9676 1093 1897 9677 1794 1839 9678 1873 1838 9679 1868 1899 9680 1748 1900 9681 1829 2837 9682 1839 1901 9683 1769 1884 9684 1848 1883 9685 1843 1902 9686 1969 1903 9687 1123 1973 9688 1122 1904 9689 1086 1906 9690 1087 1912 9691 1803 1907 9692 1079 1909 9693 1080 1915 9694 1768 1910 9695 1087 1912 9696 1088 1917 9697 1808 1913 9698 1081 1914 9699 1773 1918 9700 1768 1910 9701 1089 1916 9702 1813 1919 9703 1808 1913 9704 1082 22 9705 1778 1921 9706 1773 1918 9707 1090 22 9708 1818 1923 9709 1813 1919 9710 1082 22 9711 1083 1924 9712 1783 1920 9713 1090 22 9714 1091 1927 9715 1823 1922 9716 1083 1924 9717 1084 1917 9718 1788 1925 9719 1076 1874 9720 1749 1873 9721 1759 1926 9722 1091 1927 9723 1078 1915 9724 1759 1926 9725 1085 1928 9726 1793 1930 9727 1788 1925 9728 1077 1872 9729 1079 1909 9730 1763 1911 9731 1086 1906 9732 1798 1908 9733 1793 1930 9734 1838 1931 9735 1828 1896 9736 1092 1898 9737 1838 1931 9738 1107 1932 9739 1106 1933 9740 1849 1935 9741 1854 1936 9742 1096 1933 9743 1854 1936 9744 1859 1938 9745 1097 374 9746 1864 1937 9747 1098 1940 9748 1097 374 9749 1869 1939 9750 1099 1942 9751 1098 1940 9752 1869 1939 9753 1874 1943 9754 1100 1941 9755 1874 1943 9756 1879 1946 9757 1101 1944 9758 1884 1945 9759 1102 1941 9760 1101 1944 9761 1889 1947 9762 1103 1942 9763 1102 1941 9764 1889 1947 9765 1894 1948 9766 1104 1940 9767 1894 1948 9768 1899 1949 9769 1105 374 9770 1904 1934 9771 1106 1933 9772 1105 374 9773 1849 1935 9774 1095 1932 9775 1094 1898 9776 1844 1950 9777 1094 1898 9778 1093 1897 9779 1929 1952 9780 1113 1981 9781 1112 1953 9782 1941 1955 9783 1116 1959 9784 1115 1956 9785 1941 1955 9786 1945 1966 9787 1117 1958 9788 1908 1960 9789 1108 2918 9790 1110 1961 9791 1095 1963 9792 1924 1991 9793 1920 1964 9794 1945 1966 9795 1949 1972 9796 1118 1967 9797 1093 1968 9798 1912 2013 9799 1909 1969 9800 1953 1971 9801 1119 1975 9802 1118 1967 9803 1916 1962 9804 1110 1961 9805 1123 1973 9806 1957 1974 9807 1120 1979 9808 1119 1975 9809 1925 1954 9810 1112 1953 9811 1111 1976 9812 1957 1974 9813 1961 1982 9814 1121 1978 9815 1929 1952 9816 1933 1983 9817 1114 1980 9818 1961 1982 9819 1965 1905 9820 1122 1904 9821 1937 1957 9822 1115 1956 9823 1114 1980 9824 1975 1984 9825 1149 22 9826 2035 1985 9827 1103 1987 9828 1956 1993 9829 1952 1988 9830 1096 1990 9831 1928 1995 9832 1924 1991 9833 1104 1992 9834 1960 1997 9835 1956 1993 9836 1097 1994 9837 1932 1999 9838 1928 1995 9839 1105 1996 9840 1964 2001 9841 1960 1997 9842 1098 1998 9843 1936 2003 9844 1932 1999 9845 1106 2000 9846 1968 2006 9847 1964 2001 9848 1099 2002 9849 1940 2008 9850 1936 2003 9851 1092 1970 9852 1909 1969 9853 1917 2004 9854 1107 2005 9855 1917 2004 9856 1968 2006 9857 1100 2007 9858 1944 2012 9859 1940 2008 9860 1921 1977 9861 1111 1976 9862 1109 2009 9863 1101 2011 9864 1948 2014 9865 1944 2012 9866 1094 1965 9867 1920 1964 9868 1912 2013 9869 1102 1989 9870 1952 1988 9871 1948 2014 9872 1108 2015 9873 1109 374 9874 1996 374 9875 1111 2015 9876 1997 374 9877 1996 374 9878 1111 2015 9879 1112 2018 9880 2002 2016 9881 1113 2017 9882 2003 2019 9883 2002 2016 9884 1113 2017 9885 1114 374 9886 2008 374 9887 1115 2020 9888 2009 2022 9889 2008 374 9890 1115 2020 9891 1116 2024 9892 2014 2021 9893 1117 2023 9894 2015 374 9895 2014 2021 9896 1117 2023 9897 1118 374 9898 2016 374 9899 1119 2025 9900 1973 374 9901 2016 374 9902 1119 2025 9903 1120 2024 9904 1978 2021 9905 1121 2020 9906 1979 2022 9907 1978 2021 9908 1121 2020 9909 1122 374 9910 1984 2026 9911 1123 2027 9912 1985 2029 9913 1984 2026 9914 1123 2027 9915 1110 2018 9916 1992 2028 9917 1108 2015 9918 1990 374 9919 1992 2028 9920 2068 2030 9921 1156 3144 9922 1158 2031 9923 1998 374 9924 1128 374 9925 2024 2033 9926 1131 374 9927 2061 374 9928 2028 2034 9929 2013 22 9930 2066 22 9931 2035 1985 9932 1152 2035 9933 2039 2035 9934 2037 2036 9935 2004 2037 9936 1130 374 9937 2028 2034 9938 1972 2039 9939 2065 374 9940 2034 2040 9941 1133 2042 9942 2036 3430 9943 2038 2043 9944 1154 2045 9945 2043 3431 9946 2041 2046 9947 2010 2048 9948 1132 2041 9949 2034 2040 9950 1152 22 9951 1151 22 9952 2021 22 9953 1974 2049 9954 2040 2049 9955 2042 2050 9956 1142 2052 9957 2047 2052 9958 2045 2053 9959 1150 22 9960 2038 22 9961 2021 22 9962 1154 2055 9963 1153 3099 9964 2027 2056 9965 1980 2057 9966 2044 3432 9967 2046 2058 9968 2097 2060 9969 1163 2089 9970 1162 2061 9971 2085 2063 9972 1160 2079 9973 1159 2064 9974 2109 2066 9975 1166 2073 9976 1165 2067 9977 1999 2069 9978 2072 2112 9979 2069 2070 9980 2113 2072 9981 1167 2077 9982 1166 2073 9983 2076 2032 9984 1158 2031 9985 1171 2074 9986 2117 2076 9987 1168 2081 9988 1167 2077 9989 2089 2078 9990 1161 2086 9991 1160 2079 9992 2121 2080 9993 1169 2085 9994 1168 2081 9995 2011 22 9996 2092 2098 9997 2088 2082 9998 2125 2084 9999 1170 2087 10000 1169 2085 10001 2093 2062 10002 1162 2061 10003 1161 2086 10004 2129 2075 10005 1171 2074 10006 1170 2087 10007 2101 2088 10008 1164 2090 10009 1163 2089 10010 2105 2068 10011 1165 2067 10012 1164 2090 10013 1168 2091 10014 1205 2129 10015 1189 2092 10016 1987 2094 10017 2124 2100 10018 2120 2095 10019 2011 22 10020 2012 2096 10021 2096 2097 10022 1988 2099 10023 2128 2104 10024 2124 2100 10025 2012 2096 10026 2017 2105 10027 2100 2101 10028 1993 2071 10029 2069 2070 10030 2077 2102 10031 1995 2103 10032 2077 2102 10033 2128 2104 10034 2017 2105 10035 2018 2109 10036 2104 2106 10037 2081 2065 10038 1159 2064 10039 1157 2107 10040 2018 2109 10041 2019 22 10042 2108 2110 10043 1999 2069 10044 2000 2113 10045 2080 2111 10046 1976 2109 10047 2112 2115 10048 2108 2110 10049 2000 2113 10050 2005 2116 10051 2084 2114 10052 1981 2105 10053 2116 2117 10054 2112 2115 10055 2006 2083 10056 2088 2082 10057 2084 2114 10058 1982 2096 10059 2120 2095 10060 2116 2117 10061 1266 2118 10062 1283 2231 10063 1282 2119 10064 1160 2121 10065 1161 2130 10066 1209 2122 10067 1167 2093 10068 1189 2092 10069 1192 2124 10070 1160 2121 10071 1197 2123 10072 1200 2126 10073 1168 2091 10074 1169 2132 10075 1213 2128 10076 1161 2130 10077 1162 2135 10078 1217 2131 10079 1169 2132 10080 1170 2137 10081 1221 2133 10082 1163 2134 10083 1225 2139 10084 1217 2131 10085 1171 2136 10086 1229 2144 10087 1221 2133 10088 1164 2138 10089 1233 2146 10090 1225 2139 10091 1156 2140 10092 1157 2176 10093 1237 2141 10094 1158 2143 10095 1245 2165 10096 1229 2144 10097 1164 2138 10098 1165 2177 10099 1249 2145 10100 1208 2147 10101 1177 2175 10102 1176 2148 10103 1212 2150 10104 1185 2174 10105 1184 2151 10106 1236 2153 10107 1201 2178 10108 1175 2154 10109 1193 2156 10110 1182 2180 10111 1181 2157 10112 1241 2159 10113 1172 2162 10114 1174 2160 10115 1236 2153 10116 1173 2155 10117 1172 2162 10118 1248 2158 10119 1181 2157 10120 1180 2163 10121 1158 2143 10122 1156 2140 10123 1240 2142 10124 1228 2166 10125 1244 2161 10126 1174 2160 10127 1224 2168 10128 1232 2164 10129 1180 2163 10130 1220 2170 10131 1228 2166 10132 1187 2167 10133 1216 2172 10134 1224 2168 10135 1179 2169 10136 1220 2170 10137 1186 2171 10138 1185 2174 10139 1216 2172 10140 1178 2173 10141 1177 2175 10142 1159 2127 10143 1200 2126 10144 1237 2141 10145 1165 2177 10146 1166 2125 10147 1192 2124 10148 1201 2178 10149 1196 2149 10150 1176 2148 10151 1193 2156 10152 1188 2209 10153 1183 2179 10154 1236 2153 10155 1238 2194 10156 1203 2181 10157 1203 2181 10158 1238 2194 10159 1239 2182 10160 1239 2182 10161 1237 2141 10162 1200 2126 10163 1193 2156 10164 1248 2158 10165 1250 2184 10166 1250 2184 10167 1251 2191 10168 1194 2186 10169 1194 2186 10170 1251 2191 10171 1249 2145 10172 1241 2159 10173 1244 2161 10174 1246 2187 10175 1246 2187 10176 1247 2193 10177 1242 2189 10178 1242 2189 10179 1247 2193 10180 1245 2165 10181 1248 2158 10182 1232 2164 10183 1234 2190 10184 1234 2190 10185 1235 2196 10186 1251 2191 10187 1251 2191 10188 1235 2196 10189 1233 2146 10190 1228 2166 10191 1230 2197 10192 1246 2187 10193 1246 2187 10194 1230 2197 10195 1231 2192 10196 1231 2192 10197 1229 2144 10198 1245 2165 10199 1236 2153 10200 1241 2159 10201 1243 2188 10202 1243 2188 10203 1242 2189 10204 1239 2182 10205 1239 2182 10206 1242 2189 10207 1240 2142 10208 1224 2168 10209 1226 2199 10210 1234 2190 10211 1234 2190 10212 1226 2199 10213 1227 2195 10214 1227 2195 10215 1225 2139 10216 1233 2146 10217 1220 2170 10218 1222 2202 10219 1230 2197 10220 1230 2197 10221 1222 2202 10222 1223 2198 10223 1223 2198 10224 1221 2133 10225 1229 2144 10226 1216 2172 10227 1218 2204 10228 1226 2199 10229 1226 2199 10230 1218 2204 10231 1219 2200 10232 1219 2200 10233 1217 2131 10234 1225 2139 10235 1220 2170 10236 1212 2150 10237 1214 2201 10238 1214 2201 10239 1215 2206 10240 1223 2198 10241 1223 2198 10242 1215 2206 10243 1213 2128 10244 1216 2172 10245 1208 2147 10246 1210 2203 10247 1210 2203 10248 1211 2208 10249 1219 2200 10250 1219 2200 10251 1211 2208 10252 1209 2122 10253 1212 2150 10254 1204 2152 10255 1206 2205 10256 1206 2205 10257 1207 2211 10258 1215 2206 10259 1215 2206 10260 1207 2211 10261 1205 2129 10262 1208 2147 10263 1196 2149 10264 1198 2207 10265 1198 2207 10266 1199 2212 10267 1211 2208 10268 1211 2208 10269 1199 2212 10270 1197 2123 10271 1188 2209 10272 1190 2213 10273 1206 2205 10274 1206 2205 10275 1190 2213 10276 1191 2210 10277 1191 2210 10278 1189 2092 10279 1205 2129 10280 1201 2178 10281 1203 2181 10282 1198 2207 10283 1198 2207 10284 1203 2181 10285 1202 2183 10286 1202 2183 10287 1200 2126 10288 1197 2123 10289 1193 2156 10290 1195 2185 10291 1190 2213 10292 1190 2213 10293 1195 2185 10294 1194 2186 10295 1194 2186 10296 1192 2124 10297 1189 2092 10298 1188 2209 10299 1204 2152 10300 1184 2151 10301 1172 2214 10302 1173 374 10303 1253 374 10304 1175 374 10305 1254 374 10306 1253 374 10307 1175 374 10308 1176 374 10309 1255 374 10310 1177 374 10311 1256 374 10312 1255 374 10313 1177 374 10314 1178 374 10315 1257 374 10316 1179 374 10317 1258 374 10318 1257 374 10319 1179 374 10320 1180 374 10321 1259 374 10322 1181 2216 10323 1260 2218 10324 1259 374 10325 1182 2217 10326 1261 374 10327 1260 2218 10328 1182 2217 10329 1183 2219 10330 1262 2218 10331 1183 2219 10332 1184 374 10333 1263 374 10334 1185 374 10335 1264 2220 10336 1263 374 10337 1186 374 10338 1265 374 10339 1264 2220 10340 1186 374 10341 1187 374 10342 1266 2221 10343 1187 374 10344 1174 2223 10345 1267 2222 10346 1174 2223 10347 1172 2214 10348 1252 2215 10349 1259 2224 10350 1276 2233 10351 1275 2225 10352 1253 2227 10353 1269 2238 10354 1268 2228 10355 1267 2230 10356 1270 2234 10357 1283 2231 10358 1260 2232 10359 1277 2236 10360 1276 2233 10361 1252 2229 10362 1268 2228 10363 1270 2234 10364 1261 2235 10365 1278 2240 10366 1277 2236 10367 1254 2237 10368 1271 2242 10369 1269 2238 10370 1262 2239 10371 1279 2244 10372 1278 2240 10373 1255 2241 10374 1272 2246 10375 1271 2242 10376 1263 2243 10377 1280 2248 10378 1279 2244 10379 1256 2245 10380 1273 2250 10381 1272 2246 10382 1264 2247 10383 1281 2251 10384 1280 2248 10385 1257 2249 10386 1274 2252 10387 1273 2250 10388 1265 2120 10389 1282 2119 10390 1281 2251 10391 1258 2226 10392 1275 2225 10393 1274 2252 10394 928 2253 10395 1284 2258 10396 903 1450 10397 929 2254 10398 928 2253 10399 1326 1451 10400 929 2254 10401 1327 1471 10402 902 1416 10403 901 2256 10404 1295 1304 10405 1294 1473 10406 900 2257 10407 1294 1473 10408 903 1450 10409 901 2256 10410 1287 2255 10411 902 1416 10412 913 2259 10413 1301 1424 10414 1300 1468 10415 912 2260 10416 1300 1468 10417 1292 1444 10418 913 2259 10419 1293 2264 10420 909 1420 10421 1288 2262 10422 908 2261 10423 1292 1444 10424 1289 2263 10425 1288 2262 10426 1294 1473 10427 1289 2263 10428 1295 1304 10429 909 1420 10430 925 2265 10431 1306 1431 10432 1305 1456 10433 924 2266 10434 1305 1456 10435 1298 1465 10436 925 2265 10437 1299 2270 10438 917 1423 10439 1290 2268 10440 916 2267 10441 1298 1465 10442 1291 2269 10443 1290 2268 10444 1300 1468 10445 1291 2269 10446 1301 1424 10447 917 1423 10448 921 2271 10449 1313 1429 10450 1312 1460 10451 1296 2273 10452 1304 2276 10453 923 1463 10454 1297 2274 10455 1296 2273 10456 1305 1456 10457 1297 2274 10458 1306 1431 10459 922 1439 10460 920 2272 10461 1312 1460 10462 923 1463 10463 921 2271 10464 1307 2275 10465 922 1439 10466 906 2277 10467 1314 1417 10468 1315 1447 10469 907 2278 10470 1315 1447 10471 1310 1449 10472 906 2277 10473 1311 2282 10474 931 1428 10475 1302 2280 10476 930 2279 10477 1310 1449 10478 1303 2281 10479 1302 2280 10480 1312 1460 10481 1303 2281 10482 1313 1429 10483 931 1428 10484 1308 2283 10485 1309 2287 10486 1315 1447 10487 911 2284 10488 1325 1422 10489 1324 1469 10490 910 2285 10491 1324 1469 10492 1318 1441 10493 911 2284 10494 1319 2288 10495 905 1413 10496 1309 2287 10497 904 2286 10498 1318 1441 10499 1308 2283 10500 1314 1417 10501 905 1413 10502 919 2289 10503 1331 1426 10504 1330 1461 10505 918 2290 10506 1330 1461 10507 1322 1467 10508 919 2289 10509 1323 2294 10510 915 1421 10511 1316 2292 10512 914 2291 10513 1322 1467 10514 1317 2293 10515 1316 2292 10516 1324 1469 10517 1317 2293 10518 1325 1422 10519 915 1421 10520 1286 2295 10521 1327 1471 10522 1326 1451 10523 1285 2296 10524 1326 1451 10525 1328 1434 10526 1286 2295 10527 1329 2300 10528 927 1438 10529 1320 2298 10530 926 2297 10531 1328 1434 10532 1321 2299 10533 1320 2298 10534 1330 1461 10535 1321 2299 10536 1331 1426 10537 927 1438 10538 1332 2301 10539 1333 2308 10540 1364 2302 10541 1335 2304 10542 1348 3433 10543 1349 2305 10544 1332 2301 10545 1366 3434 10546 1367 2307 10547 1336 2309 10548 1337 2316 10549 1377 2310 10550 1339 2312 10551 1362 3435 10552 1363 2313 10553 1336 2309 10554 1378 3436 10555 1379 2315 10556 1340 2317 10557 1341 2326 10558 1357 2318 10559 1339 2312 10560 1338 2314 10561 1361 2320 10562 1342 2322 10563 1343 2328 10564 1373 2323 10565 1340 2317 10566 1358 3437 10567 1359 2325 10568 1342 2322 10569 1374 3438 10570 1375 2327 10571 1344 2329 10572 1345 2336 10573 1353 2330 10574 1346 2332 10575 1347 2338 10576 1371 2333 10577 1344 2329 10578 1354 3439 10579 1355 2335 10580 1346 2332 10581 1369 3440 10582 1368 2337 10583 1335 2304 10584 1334 2306 10585 1351 2339 10586 910 2341 10587 904 2367 10588 1346 2342 10589 1321 2344 10590 1329 1500 10591 1337 1499 10592 907 2346 10593 930 2372 10594 1332 2347 10595 1317 2349 10596 1375 3441 10597 1374 2350 10598 921 2352 10599 920 3442 10600 1360 2353 10601 911 2355 10602 1371 3443 10603 1347 2356 10604 906 2358 10605 1364 3444 10606 1333 2359 10607 1317 2361 10608 1323 1489 10609 1343 1488 10610 1296 2363 10611 1362 3445 10612 1339 2364 10613 1309 2366 10614 1369 3446 10615 1346 2342 10616 925 2368 10617 924 3447 10618 1356 2369 10619 1302 2371 10620 1366 3448 10621 1332 2347 10622 1297 2373 10623 1363 3449 10624 1362 2374 10625 1308 2376 10626 1319 2357 10627 1347 2356 10628 924 2378 10629 916 2403 10630 1340 2379 10631 1303 2381 10632 1367 3450 10633 1366 2382 10634 913 2384 10635 912 3451 10636 1352 2385 10637 1297 2387 10638 1307 2407 10639 1338 2388 10640 925 2390 10641 1357 3452 10642 1341 2391 10643 1303 2393 10644 1311 2360 10645 1333 2359 10646 912 2395 10647 908 2415 10648 1344 2396 10649 920 2398 10650 1304 2365 10651 1339 2364 10652 928 2400 10653 1348 3453 10654 1335 1510 10655 1290 2402 10656 1358 3454 10657 1340 2379 10658 913 2404 10659 1353 3455 10660 1345 1513 10661 921 2406 10662 1361 3456 10663 1338 2388 10664 929 2408 10665 1349 3457 10666 1348 2409 10667 1291 2411 10668 1359 3458 10669 1358 2412 10670 1288 2414 10671 1354 3459 10672 1344 2396 10673 929 2416 10674 1287 1503 10675 1334 1502 10676 1291 2418 10677 1299 2392 10678 1341 2391 10679 1289 2420 10680 1355 3460 10681 1354 2421 10682 1436 2423 10683 1425 2446 10684 896 2424 10685 1417 2426 10686 1420 2450 10687 888 2427 10688 1440 2429 10689 890 2452 10690 891 2430 10691 1388 2432 10692 1404 2435 10693 884 2433 10694 1404 2435 10695 1380 2466 10696 897 2436 10697 1436 2423 10698 898 2425 10699 899 2437 10700 1432 2439 10701 1384 2431 10702 891 2430 10703 1408 1542 10704 893 1544 10705 894 2440 10706 1428 2442 10707 886 2445 10708 887 2443 10709 1388 2432 10710 885 2434 10711 886 2445 10712 1425 2446 10713 1396 2449 10714 895 2447 10715 879 1531 10716 1421 1530 10717 1416 1551 10718 1392 2441 10719 894 2440 10720 895 2447 10721 1420 2450 10722 1412 2444 10723 887 2443 10724 868 2451 10725 869 1411 10726 1437 1410 10727 1417 2426 10728 889 2428 10729 890 2452 10730 1436 2423 10731 1438 2454 10732 1427 2453 10733 1438 2454 10734 1439 2468 10735 1426 2455 10736 1426 2455 10737 1439 2468 10738 1437 1410 10739 1417 2426 10740 1440 2429 10741 1442 2456 10742 1442 2456 10743 1443 2459 10744 1418 2458 10745 1443 2459 10746 1441 1540 10747 1416 1551 10748 1401 2438 10749 1380 2466 10750 1382 2460 10751 1382 2460 10752 1383 2463 10753 1402 2462 10754 1383 2463 10755 1381 1547 10756 1400 1546 10757 1440 2429 10758 1384 2431 10759 1386 2464 10760 1386 2464 10761 1387 2465 10762 1443 2459 10763 1387 2465 10764 1385 1541 10765 1441 1540 10766 1404 2435 10767 1406 2467 10768 1382 2460 10769 1406 2467 10770 1407 2471 10771 1383 2463 10772 1383 2463 10773 1407 2471 10774 1405 1549 10775 1436 2423 10776 1401 2438 10777 1403 2461 10778 1403 2461 10779 1402 2462 10780 1439 2468 10781 1402 2462 10782 1400 1546 10783 1437 1410 10784 1432 2439 10785 1434 2469 10786 1386 2464 10787 1434 2469 10788 1435 2473 10789 1387 2465 10790 1387 2465 10791 1435 2473 10792 1433 1548 10793 1388 2432 10794 1390 2470 10795 1406 2467 10796 1390 2470 10797 1391 2475 10798 1407 2471 10799 1407 2471 10800 1391 2475 10801 1389 1534 10802 1408 1542 10803 1410 2472 10804 1434 2469 10805 1410 2472 10806 1411 2478 10807 1435 2473 10808 1435 2473 10809 1411 2478 10810 1409 1528 10811 1388 2432 10812 1428 2442 10813 1430 2474 10814 1430 2474 10815 1431 2476 10816 1391 2475 10817 1431 2476 10818 1429 1525 10819 1389 1534 10820 1408 1542 10821 1392 2441 10822 1394 2477 10823 1394 2477 10824 1395 2479 10825 1411 2478 10826 1395 2479 10827 1393 1529 10828 1409 1528 10829 1428 2442 10830 1412 2444 10831 1414 2480 10832 1414 2480 10833 1415 2481 10834 1431 2476 10835 1415 2481 10836 1413 1526 10837 1429 1525 10838 1392 2441 10839 1396 2449 10840 1398 2482 10841 1398 2482 10842 1399 2483 10843 1395 2479 10844 1399 2483 10845 1397 1532 10846 1393 1529 10847 1420 2450 10848 1422 2484 10849 1414 2480 10850 1422 2484 10851 1423 2485 10852 1415 2481 10853 1415 2481 10854 1423 2485 10855 1421 1530 10856 1425 2446 10857 1427 2453 10858 1398 2482 10859 1427 2453 10860 1426 2455 10861 1399 2483 10862 1399 2483 10863 1426 2455 10864 1424 1523 10865 1417 2426 10866 1419 2457 10867 1422 2484 10868 1419 2457 10869 1418 2458 10870 1423 2485 10871 1423 2485 10872 1418 2458 10873 1416 1551 10874 1401 2438 10875 899 2437 10876 897 2436 10877 963 1554 10878 1459 1553 10879 1469 2486 10880 948 1589 10881 949 1597 10882 1505 1600 10883 1504 2487 10884 965 1638 10885 964 1640 10886 1464 2489 10887 1455 1618 10888 972 1617 10889 1470 2490 10890 1460 1624 10891 979 1626 10892 961 1581 10893 962 1585 10894 1469 2486 10895 1470 2490 10896 978 1668 10897 977 1666 10898 960 1577 10899 961 1581 10900 1479 2491 10901 1480 2492 10902 977 1666 10903 976 1607 10904 1484 1613 10905 969 1612 10906 968 1655 10907 952 1574 10908 1494 1609 10909 1510 2496 10910 1509 2497 10911 1495 2495 10912 968 1655 10913 1504 2487 10914 1509 2497 10915 967 1653 10916 957 1595 10917 958 1598 10918 1519 1601 10919 1520 1602 10920 974 1604 10921 973 1661 10922 1514 1616 10923 1516 2544 10924 1523 2498 10925 1523 2498 10926 1516 2544 10927 1517 2499 10928 1517 2499 10929 1518 2545 10930 1521 2501 10931 1521 2501 10932 1518 2545 10933 1515 1622 10934 1509 2497 10935 1511 2503 10936 1498 2502 10937 1511 2503 10938 1512 2525 10939 1497 2504 10940 1497 2504 10941 1512 2525 10942 1513 2505 10943 1496 2506 10944 1513 2505 10945 1510 2496 10946 1480 2492 10947 1489 2494 10948 1491 2507 10949 1491 2507 10950 1492 2528 10951 1482 2509 10952 1482 2509 10953 1492 2528 10954 1493 2510 10955 1493 2510 10956 1490 2493 10957 1479 2491 10958 1480 2492 10959 1483 2508 10960 1473 2512 10961 1473 2512 10962 1483 2508 10963 1482 2509 10964 1482 2509 10965 1481 2511 10966 1471 2514 10967 1471 2514 10968 1481 2511 10969 1479 2491 10970 1464 2489 10971 1466 2534 10972 1458 2515 10973 1458 2515 10974 1466 2534 10975 1467 2516 10976 1467 2516 10977 1468 2535 10978 1456 2518 10979 1456 2518 10980 1468 2535 10981 1465 1619 10982 1450 2488 10983 1444 2542 10984 1446 2519 10985 1446 2519 10986 1447 2543 10987 1452 2521 10988 1452 2521 10989 1447 2543 10990 1448 2522 10991 1448 2522 10992 1445 1621 10993 1449 1620 10994 1509 2497 10995 1504 2487 10996 1506 2524 10997 1506 2524 10998 1507 2536 10999 1512 2525 11000 1512 2525 11001 1507 2536 11002 1508 2526 11003 1508 2526 11004 1505 1600 11005 1510 2496 11006 1499 1606 11007 1501 2527 11008 1491 2507 11009 1501 2527 11010 1502 2546 11011 1492 2528 11012 1492 2528 11013 1502 2546 11014 1503 2529 11015 1493 2510 11016 1503 2529 11017 1500 1605 11018 1484 1613 11019 1486 2537 11020 1478 2530 11021 1478 2530 11022 1486 2537 11023 1487 2531 11024 1487 2531 11025 1488 2538 11026 1476 2533 11027 1476 2533 11028 1488 2538 11029 1485 1608 11030 1464 2489 11031 1475 1611 11032 1478 2530 11033 1478 2530 11034 1477 2532 11035 1467 2516 11036 1467 2516 11037 1477 2532 11038 1476 2533 11039 1476 2533 11040 1474 1610 11041 1465 1619 11042 1450 2488 11043 1453 2520 11044 1506 2524 11045 1506 2524 11046 1453 2520 11047 1452 2521 11048 1452 2521 11049 1451 2523 11050 1508 2526 11051 1508 2526 11052 1451 2523 11053 1449 1620 11054 1484 1613 11055 1495 2495 11056 1498 2502 11057 1498 2502 11058 1497 2504 11059 1487 2531 11060 1487 2531 11061 1497 2504 11062 1496 2506 11063 1496 2506 11064 1494 1609 11065 1485 1608 11066 1460 1624 11067 1470 2490 11068 1473 2512 11069 1473 2512 11070 1472 2513 11071 1462 2540 11072 1462 2540 11073 1472 2513 11074 1471 2514 11075 1471 2514 11076 1469 2486 11077 1459 1553 11078 1460 1624 11079 1463 2539 11080 1446 2519 11081 1463 2539 11082 1462 2540 11083 1447 2543 11084 1447 2543 11085 1462 2540 11086 1461 2541 11087 1448 2522 11088 1461 2541 11089 1459 1553 11090 1514 1616 11091 1455 1618 11092 1458 2515 11093 1516 2544 11094 1458 2515 11095 1457 2517 11096 1457 2517 11097 1456 2518 11098 1518 2545 11099 1456 2518 11100 1454 1623 11101 1515 1622 11102 1499 1606 11103 1520 1602 11104 1523 2498 11105 1523 2498 11106 1522 2500 11107 1502 2546 11108 1502 2546 11109 1522 2500 11110 1521 2501 11111 1521 2501 11112 1519 1601 11113 1500 1605 11114 1450 2488 11115 964 1640 11116 966 1625 11117 1525 1639 11118 1529 1654 11119 1531 2547 11120 1531 2547 11121 1532 2550 11122 1527 2549 11123 1532 2550 11124 1533 2552 11125 1526 2551 11126 1533 2552 11127 1530 1672 11128 1524 1631 11129 1535 1652 11130 1525 1639 11131 1528 2548 11132 1528 2548 11133 1527 2549 11134 1537 2554 11135 1537 2554 11136 1527 2549 11137 1526 2551 11138 1526 2551 11139 1524 1631 11140 1534 1633 11141 1539 1656 11142 1541 2558 11143 1531 2547 11144 1531 2547 11145 1541 2558 11146 1542 2556 11147 1532 2550 11148 1542 2556 11149 1543 2557 11150 1533 2552 11151 1543 2557 11152 1540 1634 11153 1544 1657 11154 1546 2561 11155 1541 2558 11156 1541 2558 11157 1546 2561 11158 1547 2559 11159 1547 2559 11160 1548 2563 11161 1543 2557 11162 1543 2557 11163 1548 2563 11164 1545 1645 11165 1544 1657 11166 1549 1658 11167 1551 2560 11168 1551 2560 11169 1552 2565 11170 1547 2559 11171 1547 2559 11172 1552 2565 11173 1553 2562 11174 1553 2562 11175 1550 1644 11176 1545 1645 11177 1549 1658 11178 1554 1659 11179 1556 2564 11180 1556 2564 11181 1557 2566 11182 1552 2565 11183 1557 2566 11184 1558 2567 11185 1553 2562 11186 1558 2567 11187 1555 1648 11188 1550 1644 11189 1559 1660 11190 1561 2570 11191 1556 2564 11192 1556 2564 11193 1561 2570 11194 1562 2568 11195 1557 2566 11196 1562 2568 11197 1563 2569 11198 1558 2567 11199 1563 2569 11200 1560 1651 11201 1564 1662 11202 1566 2573 11203 1561 2570 11204 1561 2570 11205 1566 2573 11206 1567 2571 11207 1567 2571 11208 1568 2575 11209 1563 2569 11210 1563 2569 11211 1568 2575 11212 1565 1630 11213 1564 1662 11214 1569 1663 11215 1571 2572 11216 1571 2572 11217 1572 2577 11218 1567 2571 11219 1567 2571 11220 1572 2577 11221 1573 2574 11222 1573 2574 11223 1570 1628 11224 1565 1630 11225 1569 1663 11226 1574 1664 11227 1576 2576 11228 1576 2576 11229 1577 2578 11230 1572 2577 11231 1577 2578 11232 1578 2579 11233 1573 2574 11234 1578 2579 11235 1575 1636 11236 1570 1628 11237 1579 1665 11238 1581 2582 11239 1576 2576 11240 1576 2576 11241 1581 2582 11242 1582 2580 11243 1577 2578 11244 1582 2580 11245 1583 2581 11246 1578 2579 11247 1583 2581 11248 1580 1643 11249 1584 1667 11250 1586 2585 11251 1581 2582 11252 1581 2582 11253 1586 2585 11254 1587 2583 11255 1587 2583 11256 1588 2587 11257 1583 2581 11258 1583 2581 11259 1588 2587 11260 1585 1647 11261 1584 1667 11262 1589 1669 11263 1591 2584 11264 1591 2584 11265 1592 2589 11266 1587 2583 11267 1587 2583 11268 1592 2589 11269 1593 2586 11270 1593 2586 11271 1590 1646 11272 1585 1647 11273 1589 1669 11274 1594 1670 11275 1596 2588 11276 1596 2588 11277 1597 2590 11278 1592 2589 11279 1597 2590 11280 1598 2591 11281 1593 2586 11282 1598 2591 11283 1595 1649 11284 1590 1646 11285 1599 1671 11286 1601 2594 11287 1596 2588 11288 1596 2588 11289 1601 2594 11290 1602 2592 11291 1597 2590 11292 1602 2592 11293 1603 2593 11294 1598 2591 11295 1603 2593 11296 1600 1641 11297 1535 1652 11298 1538 2553 11299 1601 2594 11300 1601 2594 11301 1538 2553 11302 1537 2554 11303 1537 2554 11304 1536 2555 11305 1603 2593 11306 1603 2593 11307 1536 2555 11308 1534 1633 11309 1530 1672 11310 981 374 11311 980 1635 11312 1605 1680 11313 1607 1697 11314 1609 2595 11315 1606 2597 11316 1609 2602 11317 1608 1723 11318 1650 1694 11319 1605 1680 11320 1606 2596 11321 1606 2597 11322 1604 2598 11323 1649 1676 11324 1610 1699 11325 1612 2603 11326 1609 2595 11327 1612 2601 11328 1611 1683 11329 1608 1723 11330 1613 1701 11331 1615 2605 11332 1612 2603 11333 1612 2601 11334 1615 2607 11335 1614 1682 11336 1613 1701 11337 1616 1703 11338 1618 2604 11339 1618 2606 11340 1617 1689 11341 1614 1682 11342 1616 1703 11343 1619 1705 11344 1621 2608 11345 1618 2606 11346 1621 2610 11347 1620 1688 11348 1622 1707 11349 1624 2611 11350 1621 2608 11351 1624 2609 11352 1623 1692 11353 1620 1688 11354 1625 1709 11355 1627 2613 11356 1624 2611 11357 1624 2609 11358 1627 2615 11359 1626 1627 11360 1625 1709 11361 1628 1711 11362 1630 2612 11363 1630 2614 11364 1629 1678 11365 1626 1627 11366 1628 1711 11367 1631 1713 11368 1633 2616 11369 1630 2614 11370 1633 2618 11371 1632 1677 11372 1634 1715 11373 1636 2619 11374 1633 2616 11375 1636 2617 11376 1635 1685 11377 1632 1677 11378 1637 1717 11379 1639 2621 11380 1636 2619 11381 1636 2617 11382 1639 2623 11383 1638 1684 11384 1637 1717 11385 1640 1719 11386 1642 2620 11387 1642 2622 11388 1641 1691 11389 1638 1684 11390 1640 1719 11391 1643 1721 11392 1645 2624 11393 1642 2622 11394 1645 2626 11395 1644 1690 11396 1646 1722 11397 1648 2627 11398 1645 2624 11399 1648 2625 11400 1647 1693 11401 1644 1690 11402 1650 1694 11403 1651 2599 11404 1648 2627 11405 1648 2625 11406 1651 2600 11407 1649 1676 11408 1608 1723 11409 1676 374 11410 1670 374 11411 1005 2628 11412 1696 2638 11413 1653 2629 11414 1007 2631 11415 1006 2630 11416 1653 2629 11417 1022 2633 11418 1023 2637 11419 1656 2634 11420 1024 2636 11421 1661 2639 11422 1656 2634 11423 1022 2633 11424 1699 2635 11425 1696 2638 11426 1007 2631 11427 1658 2632 11428 1661 2639 11429 1654 2640 11430 1658 2632 11431 1659 2641 11432 1009 2643 11433 1008 2642 11434 1659 2641 11435 1657 2645 11436 1025 2648 11437 1662 2646 11438 1026 2647 11439 1667 2649 11440 1662 2646 11441 1009 2643 11442 1664 2644 11443 1667 2649 11444 1657 2645 11445 1661 2639 11446 1658 2632 11447 1660 2650 11448 1664 2644 11449 1665 2651 11450 1011 2653 11451 1010 2652 11452 1665 2651 11453 1663 2655 11454 1027 2658 11455 1668 2656 11456 1014 2657 11457 1675 2659 11458 1668 2656 11459 1663 2655 11460 1667 2649 11461 1664 2644 11462 1011 2653 11463 1672 2654 11464 1675 2659 11465 997 2660 11466 996 2664 11467 1670 2661 11468 1666 2663 11469 1672 2654 11470 1670 2661 11471 1013 2665 11472 1679 2669 11473 1673 2666 11474 1669 2668 11475 1012 2667 11476 1673 2666 11477 997 2660 11478 1676 2662 11479 1679 2669 11480 1669 2668 11481 1675 2659 11482 1672 2654 11483 1671 2670 11484 1676 2662 11485 1677 2671 11486 999 2673 11487 998 2672 11488 1677 2671 11489 1674 2675 11490 1015 2678 11491 1680 2676 11492 1016 2677 11493 1685 2679 11494 1680 2676 11495 1674 2675 11496 1679 2669 11497 1676 2662 11498 999 2673 11499 1682 2674 11500 1685 2679 11501 1678 2680 11502 1682 2674 11503 1683 2681 11504 1001 2683 11505 1000 2682 11506 1683 2681 11507 1681 2685 11508 1017 2688 11509 1686 2686 11510 1018 2687 11511 1691 2689 11512 1686 2686 11513 1001 2683 11514 1688 2684 11515 1691 2689 11516 1681 2685 11517 1685 2679 11518 1682 2674 11519 1684 2690 11520 1688 2684 11521 1689 2691 11522 1003 2693 11523 1002 2692 11524 1689 2691 11525 1687 2695 11526 1019 2698 11527 1692 2696 11528 1020 2697 11529 1697 2699 11530 1692 2696 11531 1687 2695 11532 1691 2689 11533 1688 2684 11534 1003 2693 11535 1694 2694 11536 1697 2699 11537 1690 2700 11538 1694 2694 11539 1695 2701 11540 1652 2703 11541 1004 2702 11542 1695 2701 11543 1693 2704 11544 1021 2707 11545 1698 2705 11546 1655 2706 11547 1699 2635 11548 1698 2705 11549 1693 2704 11550 1697 2699 11551 1694 2694 11552 1652 2703 11553 1696 2638 11554 1699 2635 11555 1721 2708 11556 1723 3461 11557 1700 2709 11558 1702 2711 11559 1703 2718 11560 1742 2712 11561 1704 2714 11562 1705 2723 11563 1726 2715 11564 1741 2717 11565 1743 3462 11566 1703 2718 11567 1728 2719 11568 1730 3463 11569 1706 2720 11570 1725 2722 11571 1727 3464 11572 1705 2723 11573 1708 2724 11574 1709 2730 11575 1746 2725 11576 1707 2721 11577 1706 2720 11578 1731 2727 11579 1745 2729 11580 1747 3465 11581 1709 2730 11582 1710 2731 11583 1711 2738 11584 1734 2732 11585 1712 2734 11586 1713 2740 11587 1718 2735 11588 1733 2737 11589 1735 3466 11590 1711 2738 11591 1717 2739 11592 1719 3467 11593 1713 2740 11594 1714 2741 11595 1715 2747 11596 1738 2742 11597 1701 2710 11598 1700 2709 11599 1722 2744 11600 1737 2746 11601 1739 3468 11602 1715 2747 11603 1666 2748 11604 1729 3469 11605 1731 2749 11606 1007 2751 11607 1717 374 11608 1712 1730 11609 1660 2753 11610 1724 3470 11611 1726 2754 11612 1026 2756 11613 1025 1675 11614 1700 1674 11615 1022 2758 11616 1718 2772 11617 1713 2759 11618 1014 2761 11619 1727 2761 11620 1725 2761 11621 1026 2762 11622 1723 3471 11623 1721 2763 11624 1024 2764 11625 1023 2760 11626 1713 2759 11627 1690 2751 11628 1004 2752 11629 1708 1730 11630 1654 2765 11631 1720 2765 11632 1722 2765 11633 1005 2766 11634 1716 2767 11635 1718 2766 11636 1652 1729 11637 1745 374 11638 1708 1730 11639 1684 1733 11640 1002 1735 11641 1702 1734 11642 1024 2768 11643 1719 3472 11644 1717 2769 11645 1693 2764 11646 1746 22 11647 1709 2771 11648 1003 1744 11649 1741 374 11650 1702 1734 11651 1678 1747 11652 1000 1749 11653 1714 1748 11654 1655 2758 11655 1021 2760 11656 1709 2771 11657 1687 2756 11658 1742 2757 11659 1703 2773 11660 1001 1754 11661 1737 374 11662 1714 1748 11663 1690 2774 11664 1744 3473 11665 1746 2775 11666 1671 2777 11667 998 2783 11668 1710 2778 11669 1020 1673 11670 1019 1675 11671 1703 2773 11672 1681 1727 11673 1738 22 11674 1715 2779 11675 1655 2780 11676 1747 2781 11677 1745 2780 11678 999 2782 11679 1733 374 11680 1710 2778 11681 1684 2784 11682 1740 3474 11683 1742 2785 11684 997 2777 11685 1728 374 11686 1707 2778 11687 1018 1739 11688 1017 1740 11689 1715 2779 11690 1674 1751 11691 1734 1752 11692 1711 1753 11693 1020 2788 11694 1743 2788 11695 1741 2788 11696 1666 2782 11697 996 2783 11698 1707 2778 11699 1749 1873 11700 1753 1929 11701 1755 2789 11702 1755 2789 11703 1756 2798 11704 1751 2791 11705 1751 2791 11706 1756 2798 11707 1757 2792 11708 1757 2792 11709 1754 1879 11710 1748 1900 11711 1759 1926 11712 1749 1873 11713 1752 2790 11714 1752 2790 11715 1751 2791 11716 1761 2795 11717 1751 2791 11718 1750 2793 11719 1760 2796 11720 1760 2796 11721 1750 2793 11722 1748 1900 11723 1763 1911 11724 1765 2799 11725 1755 2789 11726 1755 2789 11727 1765 2799 11728 1766 2797 11729 1766 2797 11730 1767 2802 11731 1757 2792 11732 1757 2792 11733 1767 2802 11734 1764 1877 11735 1768 1910 11736 1770 2804 11737 1765 2799 11738 1765 2799 11739 1770 2804 11740 1771 2800 11741 1766 2797 11742 1771 2800 11743 1772 2801 11744 1772 2801 11745 1769 1884 11746 1764 1877 11747 1768 1910 11748 1773 1918 11749 1775 2803 11750 1775 2803 11751 1776 2805 11752 1771 2800 11753 1776 2805 11754 1777 2808 11755 1772 2801 11756 1772 2801 11757 1777 2808 11758 1774 1882 11759 1773 1918 11760 1778 1921 11761 1780 2806 11762 1780 2806 11763 1781 2810 11764 1776 2805 11765 1776 2805 11766 1781 2810 11767 1782 2807 11768 1782 2807 11769 1779 1887 11770 1774 1882 11771 1783 1920 11772 1785 2811 11773 1780 2806 11774 1780 2806 11775 1785 2811 11776 1786 2809 11777 1786 2809 11778 1787 2814 11779 1782 2807 11780 1782 2807 11781 1787 2814 11782 1784 1891 11783 1788 1925 11784 1790 2816 11785 1785 2811 11786 1785 2811 11787 1790 2816 11788 1791 2812 11789 1786 2809 11790 1791 2812 11791 1792 2813 11792 1792 2813 11793 1789 1894 11794 1784 1891 11795 1788 1925 11796 1793 1930 11797 1795 2815 11798 1795 2815 11799 1796 2817 11800 1791 2812 11801 1796 2817 11802 1797 2820 11803 1792 2813 11804 1792 2813 11805 1797 2820 11806 1794 1839 11807 1793 1930 11808 1798 1908 11809 1800 2818 11810 1800 2818 11811 1801 2822 11812 1796 2817 11813 1796 2817 11814 1801 2822 11815 1802 2819 11816 1802 2819 11817 1799 1837 11818 1794 1839 11819 1803 1907 11820 1805 2823 11821 1800 2818 11822 1800 2818 11823 1805 2823 11824 1806 2821 11825 1806 2821 11826 1807 2826 11827 1802 2819 11828 1802 2819 11829 1807 2826 11830 1804 1875 11831 1808 1913 11832 1810 2828 11833 1805 2823 11834 1805 2823 11835 1810 2828 11836 1811 2824 11837 1806 2821 11838 1811 2824 11839 1812 2825 11840 1812 2825 11841 1809 1880 11842 1804 1875 11843 1808 1913 11844 1813 1919 11845 1815 2827 11846 1815 2827 11847 1816 2829 11848 1811 2824 11849 1816 2829 11850 1817 2832 11851 1812 2825 11852 1812 2825 11853 1817 2832 11854 1814 1885 11855 1813 1919 11856 1818 1923 11857 1820 2830 11858 1820 2830 11859 1821 2834 11860 1816 2829 11861 1816 2829 11862 1821 2834 11863 1822 2831 11864 1822 2831 11865 1819 1889 11866 1814 1885 11867 1823 1922 11868 1825 2835 11869 1820 2830 11870 1820 2830 11871 1825 2835 11872 1826 2833 11873 1826 2833 11874 1827 2836 11875 1822 2831 11876 1822 2831 11877 1827 2836 11878 1824 1871 11879 1759 1926 11880 1762 2794 11881 1825 2835 11882 1825 2835 11883 1762 2794 11884 1761 2795 11885 1826 2833 11886 1761 2795 11887 1760 2796 11888 1760 2796 11889 1758 1869 11890 1824 1871 11891 1829 2837 11892 1833 1878 11893 1835 2838 11894 1835 2838 11895 1836 2847 11896 1831 2840 11897 1831 2840 11898 1836 2847 11899 1837 2841 11900 1837 2841 11901 1834 1951 11902 1828 1896 11903 1829 2837 11904 1832 2839 11905 1842 2843 11906 1842 2843 11907 1832 2839 11908 1831 2840 11909 1841 2844 11910 1831 2840 11911 1830 2842 11912 1830 2842 11913 1828 1896 11914 1838 1931 11915 1843 1902 11916 1845 2849 11917 1835 2838 11918 1835 2838 11919 1845 2849 11920 1846 2846 11921 1846 2846 11922 1847 2851 11923 1837 2841 11924 1837 2841 11925 1847 2851 11926 1844 1950 11927 1843 1902 11928 1848 1883 11929 1850 2848 11930 1850 2848 11931 1851 2850 11932 1846 2846 11933 1851 2850 11934 1852 2854 11935 1847 2851 11936 1847 2851 11937 1852 2854 11938 1849 1935 11939 1853 1888 11940 1855 2856 11941 1850 2848 11942 1850 2848 11943 1855 2856 11944 1856 2852 11945 1851 2850 11946 1856 2852 11947 1857 2853 11948 1857 2853 11949 1854 1936 11950 1849 1935 11951 1853 1888 11952 1858 1892 11953 1860 2855 11954 1860 2855 11955 1861 2859 11956 1856 2852 11957 1856 2852 11958 1861 2859 11959 1862 2857 11960 1862 2857 11961 1859 1938 11962 1854 1936 11963 1863 1895 11964 1865 2861 11965 1860 2855 11966 1860 2855 11967 1865 2861 11968 1866 2858 11969 1866 2858 11970 1867 2863 11971 1862 2857 11972 1862 2857 11973 1867 2863 11974 1864 1937 11975 1863 1895 11976 1868 1899 11977 1870 2860 11978 1870 2860 11979 1871 2862 11980 1866 2858 11981 1871 2862 11982 1872 2866 11983 1867 2863 11984 1867 2863 11985 1872 2866 11986 1869 1939 11987 1873 1838 11988 1875 2868 11989 1870 2860 11990 1870 2860 11991 1875 2868 11992 1876 2864 11993 1871 2862 11994 1876 2864 11995 1877 2865 11996 1877 2865 11997 1874 1943 11998 1869 1939 11999 1873 1838 12000 1878 1876 12001 1880 2867 12002 1880 2867 12003 1881 2871 12004 1876 2864 12005 1876 2864 12006 1881 2871 12007 1882 2869 12008 1882 2869 12009 1879 1946 12010 1874 1943 12011 1883 1881 12012 1885 2873 12013 1880 2867 12014 1880 2867 12015 1885 2873 12016 1886 2870 12017 1886 2870 12018 1887 2875 12019 1882 2869 12020 1882 2869 12021 1887 2875 12022 1884 1945 12023 1883 1881 12024 1888 1886 12025 1890 2872 12026 1890 2872 12027 1891 2874 12028 1886 2870 12029 1891 2874 12030 1892 2878 12031 1887 2875 12032 1887 2875 12033 1892 2878 12034 1889 1947 12035 1893 1890 12036 1895 2880 12037 1890 2872 12038 1890 2872 12039 1895 2880 12040 1896 2876 12041 1891 2874 12042 1896 2876 12043 1897 2877 12044 1897 2877 12045 1894 1948 12046 1889 1947 12047 1893 1890 12048 1898 1893 12049 1900 2879 12050 1900 2879 12051 1901 2883 12052 1896 2876 12053 1896 2876 12054 1901 2883 12055 1902 2881 12056 1902 2881 12057 1899 1949 12058 1894 1948 12059 1903 1870 12060 1905 2884 12061 1900 2879 12062 1900 2879 12063 1905 2884 12064 1906 2882 12065 1906 2882 12066 1907 2885 12067 1902 2881 12068 1902 2881 12069 1907 2885 12070 1904 1934 12071 1903 1870 12072 1839 1901 12073 1842 2843 12074 1842 2843 12075 1841 2844 12076 1906 2882 12077 1841 2844 12078 1840 2845 12079 1907 2885 12080 1907 2885 12081 1840 2845 12082 1838 1931 12083 1754 1879 12084 1833 1878 12085 1829 2837 12086 1912 2013 12087 1914 2887 12088 1911 2886 12089 1914 2887 12090 1915 2893 12091 1910 2888 12092 1910 2888 12093 1915 2893 12094 1913 2010 12095 1909 1969 12096 1911 2886 12097 1919 2889 12098 1919 2889 12099 1911 2886 12100 1910 2888 12101 1918 2890 12102 1910 2888 12103 1908 1960 12104 1912 2013 12105 1920 1964 12106 1922 2891 12107 1914 2887 12108 1922 2891 12109 1923 2892 12110 1923 2892 12111 1921 1977 12112 1913 2010 12113 1920 1964 12114 1924 1991 12115 1926 2894 12116 1926 2894 12117 1927 2896 12118 1923 2892 12119 1923 2892 12120 1927 2896 12121 1925 1954 12122 1928 1995 12123 1930 2897 12124 1926 2894 12125 1926 2894 12126 1930 2897 12127 1931 2895 12128 1927 2896 12129 1931 2895 12130 1929 1952 12131 1932 1999 12132 1934 2898 12133 1930 2897 12134 1934 2898 12135 1935 2901 12136 1931 2895 12137 1931 2895 12138 1935 2901 12139 1933 1983 12140 1932 1999 12141 1936 2003 12142 1938 2899 12143 1934 2898 12144 1938 2899 12145 1939 2900 12146 1939 2900 12147 1937 1957 12148 1933 1983 12149 1936 2003 12150 1940 2008 12151 1942 2902 12152 1942 2902 12153 1943 2904 12154 1939 2900 12155 1939 2900 12156 1943 2904 12157 1941 1955 12158 1944 2012 12159 1946 2905 12160 1942 2902 12161 1942 2902 12162 1946 2905 12163 1947 2903 12164 1947 2903 12165 1945 1966 12166 1941 1955 12167 1948 2014 12168 1950 2906 12169 1946 2905 12170 1950 2906 12171 1951 2909 12172 1947 2903 12173 1947 2903 12174 1951 2909 12175 1949 1972 12176 1948 2014 12177 1952 1988 12178 1954 2907 12179 1950 2906 12180 1954 2907 12181 1955 2908 12182 1955 2908 12183 1953 1971 12184 1949 1972 12185 1952 1988 12186 1956 1993 12187 1958 2910 12188 1958 2910 12189 1959 2912 12190 1955 2908 12191 1955 2908 12192 1959 2912 12193 1957 1974 12194 1960 1997 12195 1962 2913 12196 1958 2910 12197 1958 2910 12198 1962 2913 12199 1963 2911 12200 1963 2911 12201 1961 1982 12202 1957 1974 12203 1964 2001 12204 1966 2914 12205 1962 2913 12206 1966 2914 12207 1967 2917 12208 1963 2911 12209 1963 2911 12210 1967 2917 12211 1965 1905 12212 1964 2001 12213 1968 2006 12214 1970 2915 12215 1966 2914 12216 1970 2915 12217 1971 2916 12218 1971 2916 12219 1969 1903 12220 1965 1905 12221 1968 2006 12222 1917 2004 12223 1919 2889 12224 1919 2889 12225 1918 2890 12226 1971 2916 12227 1971 2916 12228 1918 2890 12229 1916 1962 12230 1908 1960 12231 1913 2010 12232 1109 2009 12233 1133 2919 12234 2016 2929 12235 1973 2920 12236 1135 2922 12237 1134 2921 12238 1973 2920 12239 1150 2924 12240 1151 2928 12241 1976 2925 12242 1152 2927 12243 1981 2930 12244 1976 2925 12245 1133 2919 12246 1150 2924 12247 2019 2926 12248 1135 2922 12249 1978 2923 12250 1981 2930 12251 1974 2931 12252 1978 2923 12253 1979 2932 12254 1137 2934 12255 1136 2933 12256 1979 2932 12257 1977 2936 12258 1153 2939 12259 1982 2937 12260 1154 2938 12261 1987 2940 12262 1982 2937 12263 1974 2931 12264 1977 2936 12265 1981 2930 12266 1137 2934 12267 1984 2935 12268 1987 2940 12269 1980 2941 12270 1984 2935 12271 1985 2942 12272 1139 2944 12273 1138 2943 12274 1985 2942 12275 1983 2946 12276 1155 2949 12277 1988 2947 12278 1142 2948 12279 1995 2950 12280 1988 2947 12281 1980 2941 12282 1983 2946 12283 1987 2940 12284 1139 2944 12285 1992 2945 12286 1995 2950 12287 1125 2951 12288 1124 2955 12289 1990 2952 12290 1986 2954 12291 1992 2945 12292 1990 2952 12293 1141 2956 12294 1999 2960 12295 1993 2957 12296 1989 2959 12297 1140 2958 12298 1993 2957 12299 1125 2951 12300 1996 2953 12301 1999 2960 12302 1986 2954 12303 1989 2959 12304 1995 2950 12305 1991 2961 12306 1996 2953 12307 1997 2962 12308 1127 2964 12309 1126 2963 12310 1997 2962 12311 1994 2966 12312 1143 2969 12313 2000 2967 12314 1144 2968 12315 2005 2970 12316 2000 2967 12317 1127 2964 12318 2002 2965 12319 2005 2970 12320 1991 2961 12321 1994 2966 12322 1999 2960 12323 1998 2971 12324 2002 2965 12325 2003 2972 12326 1129 2974 12327 1128 2973 12328 2003 2972 12329 2001 2976 12330 1145 2979 12331 2006 2977 12332 1146 2978 12333 2011 2980 12334 2006 2977 12335 1998 2971 12336 2001 2976 12337 2005 2970 12338 1129 2974 12339 2008 2975 12340 2011 2980 12341 2004 2981 12342 2008 2975 12343 2009 2982 12344 1131 2984 12345 1130 2983 12346 2009 2982 12347 2007 2986 12348 1147 2989 12349 2012 2987 12350 1148 2988 12351 2017 2990 12352 2012 2987 12353 2004 2981 12354 2007 2986 12355 2011 2980 12356 1131 2984 12357 2014 2985 12358 2017 2990 12359 2010 2991 12360 2014 2985 12361 2015 2992 12362 1972 2994 12363 1132 2993 12364 2015 2992 12365 2013 2995 12366 1149 2998 12367 2018 2996 12368 1975 2997 12369 2019 2926 12370 2018 2996 12371 1972 2994 12372 2016 2929 12373 2019 2926 12374 2010 2991 12375 2013 2995 12376 2017 2990 12377 2020 2999 12378 2021 3006 12379 2038 3000 12380 2053 3002 12381 2055 3475 12382 2022 3003 12383 2037 3005 12384 2039 3476 12385 2021 3006 12386 2024 3007 12387 2025 3014 12388 2058 3008 12389 2026 3010 12390 2027 3016 12391 2042 3011 12392 2057 3013 12393 2059 3477 12394 2025 3014 12395 2041 3015 12396 2043 3478 12397 2027 3016 12398 2028 3017 12399 2029 3024 12400 2062 3018 12401 2030 3020 12402 2031 3029 12403 2046 3021 12404 2061 3023 12405 2063 3479 12406 2029 3024 12407 2048 3025 12408 2050 3480 12409 2032 3026 12410 2045 3028 12411 2047 3481 12412 2031 3029 12413 2034 3030 12414 2035 3036 12415 2066 3031 12416 2033 3027 12417 2032 3026 12418 2051 3033 12419 2065 3035 12420 2067 3482 12421 2035 3036 12422 2023 3004 12423 2022 3003 12424 2054 3037 12425 2007 3039 12426 2062 22 12427 2029 3040 12428 1129 3042 12429 2057 3073 12430 2024 2033 12431 1975 3043 12432 2067 3483 12433 2065 3044 12434 1991 3046 12435 1126 3057 12436 2023 3047 12437 1148 3049 12438 1147 3041 12439 2029 3040 12440 2001 3051 12441 2058 3098 12442 2025 3052 12443 2010 3054 12444 2064 3054 12445 2066 3055 12446 1127 3056 12447 2053 374 12448 2023 3047 12449 2004 3058 12450 2060 3484 12451 2062 3059 12452 1125 3061 12453 2048 374 12454 2033 3062 12455 1146 3064 12456 1145 3053 12457 2025 3052 12458 1994 22 12459 2054 22 12460 2022 22 12461 1148 3065 12462 2063 3065 12463 2061 3066 12464 1986 3056 12465 1124 3063 12466 2033 3062 12467 1998 3068 12468 2056 3068 12469 2058 3069 12470 1980 3071 12471 1138 3081 12472 2030 3072 12473 1144 22 12474 1143 22 12475 2022 22 12476 1141 3074 12477 1140 22 12478 2032 3075 12479 1146 3077 12480 2059 3485 12481 2057 3078 12482 1139 3080 12483 2045 374 12484 2030 3072 12485 1144 3082 12486 2055 3082 12487 2053 3083 12488 1974 374 12489 1136 374 12490 2026 3084 12491 1989 22 12492 2051 22 12493 2032 3075 12494 1983 22 12495 2046 22 12496 2031 3085 12497 1991 3087 12498 2052 3486 12499 2054 3088 12500 1137 3090 12501 2041 3487 12502 2026 3084 12503 1141 3091 12504 2050 3488 12505 2048 3092 12506 1133 3094 12507 1134 3102 12508 2020 3095 12509 1142 3097 12510 1155 3086 12511 2031 3085 12512 1977 3049 12513 2042 3050 12514 2027 2056 12515 1986 3100 12516 2049 3100 12517 2051 3101 12518 1135 2048 12519 2037 374 12520 2020 3095 12521 2072 2112 12522 2074 3104 12523 2071 3103 12524 2074 3104 12525 2075 3112 12526 2070 3105 12527 2070 3106 12528 2075 3114 12529 2073 2108 12530 2069 2070 12531 2071 3103 12532 2079 3107 12533 2071 3103 12534 2070 3105 12535 2078 3108 12536 2078 3109 12537 2070 3106 12538 2068 2030 12539 2072 2112 12540 2080 2111 12541 2082 3110 12542 2074 3104 12543 2082 3110 12544 2083 3111 12545 2083 3113 12546 2081 2065 12547 2073 2108 12548 2080 2111 12549 2084 2114 12550 2086 3115 12551 2082 3110 12552 2086 3115 12553 2087 3116 12554 2087 3116 12555 2085 2063 12556 2081 2065 12557 2088 2082 12558 2090 3117 12559 2086 3115 12560 2090 3117 12561 2091 3119 12562 2087 3116 12563 2087 3116 12564 2091 3119 12565 2089 2078 12566 2092 2098 12567 2094 3121 12568 2090 3117 12569 2094 3118 12570 2095 3123 12571 2091 3119 12572 2091 3119 12573 2095 3123 12574 2093 2062 12575 2092 2098 12576 2096 2097 12577 2098 3120 12578 2094 3118 12579 2098 3125 12580 2099 3122 12581 2099 3122 12582 2097 2060 12583 2093 2062 12584 2096 2097 12585 2100 2101 12586 2102 3124 12587 2098 3125 12588 2102 3128 12589 2103 3126 12590 2103 3126 12591 2101 2088 12592 2097 2060 12593 2104 2106 12594 2106 3127 12595 2102 3124 12596 2106 3127 12597 2107 3130 12598 2103 3126 12599 2103 3126 12600 2107 3130 12601 2105 2068 12602 2108 2110 12603 2110 3129 12604 2106 3127 12605 2110 3129 12606 2111 3133 12607 2107 3130 12608 2107 3130 12609 2111 3134 12610 2109 2066 12611 2108 2110 12612 2112 2115 12613 2114 3131 12614 2110 3129 12615 2114 3131 12616 2115 3132 12617 2115 3132 12618 2113 2072 12619 2109 2066 12620 2112 2115 12621 2116 2117 12622 2118 3135 12623 2114 3131 12624 2118 3135 12625 2119 3136 12626 2119 3136 12627 2117 2076 12628 2113 2072 12629 2120 2095 12630 2122 3137 12631 2118 3135 12632 2122 3137 12633 2123 3139 12634 2119 3136 12635 2119 3136 12636 2123 3139 12637 2121 2080 12638 2124 2100 12639 2126 3141 12640 2122 3137 12641 2126 3138 12642 2127 3143 12643 2123 3139 12644 2123 3139 12645 2127 3143 12646 2125 2084 12647 2124 2100 12648 2128 2104 12649 2130 3140 12650 2126 3138 12651 2130 3140 12652 2131 3142 12653 2131 3142 12654 2129 2075 12655 2125 2084 12656 2128 2104 12657 2077 2102 12658 2079 3107 12659 2130 3140 12660 2079 3107 12661 2078 3108 12662 2078 3109 12663 2076 2032 12664 2129 2075 12665 2073 2108 12666 1157 2107 12667 1156 3144 12668 1278 3145 12669 1279 3150 12670 2143 3146 12671 1271 3147 12672 1272 3152 12673 2136 3148 12674 1279 3150 12675 1280 3154 12676 2144 3151 12677 1272 3152 12678 1273 3156 12679 2137 3153 12680 1280 3154 12681 1281 3158 12682 2145 3155 12683 1273 3156 12684 1274 374 12685 2138 3157 12686 1281 3158 12687 1282 3161 12688 2146 3159 12689 1275 3160 12690 2139 3164 12691 2138 3157 12692 1282 3161 12693 1283 3168 12694 2147 3162 12695 1275 3160 12696 1276 3171 12697 2140 3163 12698 1269 3165 12699 2133 3173 12700 2132 3166 12701 1283 3168 12702 1270 3172 12703 2134 3169 12704 1277 3170 12705 2141 3146 12706 2140 3163 12707 1268 3167 12708 2132 3166 12709 2134 3169 12710 1278 3145 12711 2142 374 12712 2141 3146 12713 1271 3147 12714 2135 3149 12715 2133 3173 12716 2147 3174 12717 2163 3184 12718 2162 3175 12719 2140 3177 12720 2156 3186 12721 2155 3178 12722 2133 3180 12723 2149 3191 12724 2148 3181 12725 2134 3183 12726 2150 3187 12727 2163 3184 12728 2141 3185 12729 2157 3189 12730 2156 3186 12731 2132 3182 12732 2148 3181 12733 2150 3187 12734 2142 3188 12735 2158 3193 12736 2157 3189 12737 2135 3190 12738 2151 3195 12739 2149 3191 12740 2143 3192 12741 2159 3197 12742 2158 3193 12743 2136 3194 12744 2152 3199 12745 2151 3195 12746 2144 3196 12747 2160 3201 12748 2159 3197 12749 2137 3198 12750 2153 3203 12751 2152 3199 12752 2145 3200 12753 2161 3204 12754 2160 3201 12755 2138 3202 12756 2154 3205 12757 2153 3203 12758 2146 3176 12759 2162 3175 12760 2161 3204 12761 2139 3179 12762 2155 3178 12763 2154 3205 12764 2150 3207 12765 2148 3489 12766 2149 3490 12767 2149 3490 12768 2151 3491 12769 2152 3492 12770 2152 3492 12771 2153 3493 12772 2154 3494 12773 2154 3494 12774 2155 374 12775 2156 3208 12776 2156 3208 12777 2157 3495 12778 2158 3496 12779 2158 3496 12780 2159 3497 12781 2160 3498 12782 2160 3498 12783 2161 3499 12784 2162 3206 12785 2162 3206 12786 2163 374 12787 2150 3207 12788 2150 3207 12789 2149 3490 12790 2152 3492 12791 2152 3492 12792 2154 3494 12793 2150 3207 12794 2154 3494 12795 2156 3208 12796 2150 3207 12797 2156 3208 12798 2158 3496 12799 2160 3498 12800 2160 3498 12801 2162 3206 12802 2156 3208 12803</p>
        </triangles>
      </mesh>
    </geometry>
    <geometry id="glass_Куб_005-mesh" name="glass_Куб.005">
      <mesh>
        <source id="glass_Куб_005-mesh-positions">
          <float_array id="glass_Куб_005-mesh-positions-array" count="288">0.09734398 2.796701 0.08077698 0.09734398 2.796701 -0.08016395 0.143914 3.050639 -0.126734 0.143914 3.050639 0.127347 0.09537696 2.797062 0.08077698 0.09537696 2.797062 -0.08016395 0.141947 3.050999 -0.126734 0.141947 3.050999 0.127347 -0.09801697 2.796701 0.08077698 -0.09801697 2.796701 -0.08016395 -0.144586 3.050639 -0.126734 -0.144586 3.050639 0.127347 -0.09604901 2.797062 0.08077698 -0.09604901 2.797062 -0.08016395 -0.142619 3.050999 -0.126734 -0.142619 3.050999 0.127347 -0.08046996 2.796701 0.09768098 0.08046996 2.796701 0.09768098 0.12704 3.050639 0.14425 -0.12704 3.050639 0.14425 -0.08046996 2.797062 0.09571295 0.08046996 2.797062 0.09571295 0.12704 3.050999 0.142283 -0.12704 3.050999 0.142283 -0.08046996 2.796701 -0.09768098 0.08046996 2.796701 -0.09768098 0.12704 3.050639 -0.14425 -0.12704 3.050639 -0.14425 -0.08046996 2.797062 -0.09571295 0.08046996 2.797062 -0.09571295 0.12704 3.050999 -0.142283 -0.12704 3.050999 -0.142283 0 2.796701 0.09768098 0 3.050639 0.14425 -0.1037549 2.92367 0.120965 0.1037549 2.92367 0.120965 0.09734398 2.796701 3.06e-4 0.143914 3.050639 3.06e-4 -0.09604901 2.797062 3.07e-4 -0.142619 3.050999 3.07e-4 0 2.796701 -0.09768098 0 3.050639 -0.14425 0 2.797062 0.09571295 0 3.050999 0.142283 -0.09801697 2.796701 3.07e-4 -0.144586 3.050639 3.07e-4 0.09537696 2.797062 3.06e-4 0.141947 3.050999 3.06e-4 -0.1037549 2.924031 0.118998 0.1037549 2.924031 0.118998 -0.119334 2.924031 0.104062 -0.119334 2.924031 -0.103449 0.118732 2.924413 0.1041319 0.118732 2.924413 -0.103519 0 2.797062 -0.09571295 0 3.050999 -0.142283 -0.1037549 2.924031 -0.118998 0.1037549 2.924031 -0.118998 0.120798 2.924587 0.10423 0.120798 2.924587 -0.103617 -0.1037549 2.92367 -0.120965 0.1037549 2.92367 -0.120965 -0.121302 2.92367 0.104062 -0.121302 2.92367 -0.103449 0 2.987889 0.132743 -0.04439795 2.92367 0.120965 0 2.859451 0.109188 0.04439795 2.92367 0.120965 0 2.859812 0.107221 -0.04439795 2.924031 0.118998 0 2.98825 0.130776 0.04439795 2.924031 0.118998 -0.131112 2.98825 3.07e-4 -0.119334 2.924031 0.04498296 -0.1075569 2.859812 3.07e-4 -0.119334 2.924031 -0.04436999 0.106955 2.860193 3.06e-4 0.118732 2.924413 0.04498296 0.13051 2.988632 3.06e-4 0.118732 2.924413 -0.04436999 0 2.98825 -0.130776 -0.04439795 2.924031 -0.118998 0 2.859812 -0.107221 0.04439795 2.924031 -0.118998 0.132575 2.988806 3.06e-4 0.120798 2.924587 0.04498296 0.10902 2.860368 3.06e-4 0.120798 2.924587 -0.04436999 0 2.859451 -0.109188 -0.04439795 2.92367 -0.120965 0 2.987889 -0.132743 0.04439795 2.92367 -0.120965 -0.109524 2.859451 3.07e-4 -0.121302 2.92367 0.04498296 -0.133079 2.987889 3.07e-4 -0.121302 2.92367 -0.04436999</float_array>
          <technique_common>
            <accessor source="#glass_Куб_005-mesh-positions-array" count="96" stride="3">
              <param name="X" type="float"/>
              <param name="Y" type="float"/>
              <param name="Z" type="float"/>
            </accessor>
          </technique_common>
        </source>
        <source id="glass_Куб_005-mesh-normals">
          <float_array id="glass_Куб_005-mesh-normals-array" count="288">-6.6956e-7 -0.1803862 -0.9835959 2.54944e-6 -0.1803823 -0.9835966 -1.73656e-6 -0.1803741 -0.9835982 -0.9835966 0.1803821 -3.67715e-6 -0.9835981 0.1803745 0 -0.9835962 0.1803848 0 -0.983598 -0.1803745 1.66302e-6 -0.9835988 -0.1803706 0 -0.9835978 -0.1803755 0 -0.9835957 0.1803877 7.62018e-7 -0.9835959 0.1803859 2.27223e-6 -0.9835964 0.1803838 1.97551e-6 -4.14491e-7 0.1803881 -0.9835956 -2.26619e-6 0.180386 -0.9835959 -1.07502e-6 0.1803836 -0.9835963 4.07444e-6 0.1803815 -0.9835968 0 0.1803732 -0.9835983 0 0.1803843 -0.9835963 -4.49014e-6 -0.1803802 -0.983597 0 -0.1803721 -0.9835985 0 -0.1803835 -0.9835965 0.9835976 -0.1803767 0 0.9835983 -0.180373 0 0.9835978 -0.1803761 1.00997e-6 -1.73656e-6 -0.180374 0.9835982 -6.6956e-7 -0.1803861 0.9835959 0 -0.1803753 0.9835979 4.49014e-6 -0.1803802 0.983597 0 -0.1803836 0.9835965 2.54944e-6 -0.1803823 0.9835966 6.6956e-7 -0.1803862 0.9835959 1.73656e-6 -0.1803741 0.9835981 0.9835957 -0.1803874 2.28673e-6 0.983596 -0.1803856 8.85281e-7 0.9835954 -0.1803892 0 0.9835965 0.1803836 1.3244e-6 0.9835955 0.1803882 5.09556e-7 0.9835966 0.1803826 0 -0.9835963 -0.1803838 1.52866e-6 -0.983597 -0.1803798 -1.13308e-6 -0.9835972 -0.1803793 3.9732e-6 0.9835962 0.1803844 0 0.9835981 0.180374 0 0.9835967 0.1803817 -3.99129e-6 0 0.1803842 0.9835963 0 0.1803732 0.9835983 4.07444e-6 0.1803815 0.9835968 -3.9913e-6 0.1803815 -0.9835968 0 0.1803827 -0.9835966 1.07502e-6 0.1803836 -0.9835963 4.14491e-7 0.1803885 -0.9835954 0.9835968 0.1803815 3.99127e-6 0.9835959 0.1803859 2.26618e-6 0.9835956 0.1803881 -5.09558e-7 0.9835965 0.1803836 -1.32441e-6 -0.9835967 0.180382 4.01145e-6 -0.9835967 0.1803822 0 -0.9835963 0.1803839 -1.9755e-6 -0.9835956 0.1803877 -7.62015e-7 -1.11636e-6 0.1803836 0.9835963 -4.30433e-7 0.1803881 0.9835956 0 0.1803826 0.9835966 -4.07444e-6 0.1803815 0.9835968 -2.3134e-6 0.1803859 0.9835959 4.30432e-7 0.180388 0.9835955 1.11636e-6 0.1803835 0.9835964 0.9835978 -0.1803759 -1.00997e-6 0.9835965 -0.180383 -5.70186e-7 0.983596 -0.1803855 -8.85278e-7 0.9835957 -0.1803873 -2.28671e-6 4.49013e-6 -0.18038 -0.983597 0 -0.1803753 -0.9835979 1.73656e-6 -0.180374 -0.9835982 6.6956e-7 -0.1803861 -0.9835959 -0.9835981 -0.1803743 -1.99561e-6 -0.9835964 -0.1803833 0 -0.9835972 -0.1803793 -3.97323e-6 -0.9835963 -0.1803837 -1.52867e-6 0 -0.1803721 0.9835985 -4.49014e-6 -0.1803802 0.983597 0 -0.1803717 -0.9835985 -0.9835959 0.1803859 -2.08287e-6 -0.9835971 -0.1803799 9.4424e-7 -0.9835957 0.1803874 0 0 0.1803859 -0.9835959 2.3134e-6 0.1803861 -0.9835959 -2.54944e-6 -0.1803823 -0.9835966 0.9835965 -0.180383 5.70183e-7 0 -0.1803717 0.9835985 -2.54944e-6 -0.1803824 0.9835966 0.9835965 -0.1803832 0 0.9835959 0.1803858 0 -0.9835988 -0.1803703 0 0.9835959 0.180386 -2.26619e-6 2.3134e-6 0.1803859 0.9835959 0 0.1803859 0.9835959</float_array>
          <technique_common>
            <accessor source="#glass_Куб_005-mesh-normals-array" count="96" stride="3">
              <param name="X" type="float"/>
              <param name="Y" type="float"/>
              <param name="Z" type="float"/>
            </accessor>
          </technique_common>
        </source>
        <source id="glass_Куб_005-mesh-map-0">
          <float_array id="glass_Куб_005-mesh-map-0-array" count="672">0.460317 0.2027249 0.460317 0.271803 0.310092 0.244705 0.303664 0.305329 0.303664 0.453172 0.229873 0.453172 0.303663 0.607443 0.303663 0.755286 0.22942 0.755286 0.153891 0.505164 0.153891 0.573999 0.003213942 0.546819 0.460317 0.806955 0.460317 0.876032 0.310092 0.848934 0.610541 0.607443 0.610541 0.755287 0.536298 0.755287 0.610541 0.003213942 0.610541 0.151057 0.536298 0.151057 0.07637196 0.151057 0.003213942 0.151057 0.003213942 0.003213942 0.917418 0.244705 0.767194 0.2027249 0.843175 0.151057 0.616969 0.298901 0.691212 0.151057 0.767194 0.271803 0.767194 0.09938895 0.917418 0.05741 0.843175 0.151057 0.303664 0.244705 0.152353 0.203049 0.228335 0.151057 0.917418 0.546819 0.767194 0.505164 0.843175 0.453172 0.153439 0.807278 0.153439 0.876032 0.003213942 0.848934 0.691212 0.453172 0.616969 0.453172 0.616969 0.305329 0.384335 0.453172 0.310092 0.453172 0.310092 0.305329 0.536298 0.755287 0.610541 0.90313 0.460317 0.876032 0.384335 0.755287 0.310092 0.661639 0.460317 0.703619 0.616969 0.601015 0.691212 0.453172 0.767193 0.573917 0.767193 0.40118 0.917418 0.359524 0.843175 0.453172 0.229873 0.453172 0.303664 0.601015 0.153891 0.573999 0.07790899 0.453172 0.003213942 0.359524 0.153891 0.40118 0.610541 0.54682 0.460316 0.50484 0.536298 0.453172 0.310092 0.601015 0.384335 0.453172 0.460316 0.573918 0.460316 0.401504 0.610541 0.359525 0.536298 0.453172 0.003213942 0.298901 0.07637196 0.151057 0.152354 0.271998 0.152354 0.099065 0.303663 0.05741 0.228335 0.151057 0.536298 0.151057 0.610541 0.298901 0.460317 0.271803 0.384335 0.151057 0.310092 0.05741 0.460317 0.09938895 0.22942 0.755286 0.303663 0.90313 0.153439 0.876032 0.07745701 0.755286 0.003213942 0.661639 0.153439 0.703295 0.801457 0.773061 0.886908 0.831169 0.801457 0.864946 0.978788 0.831168 0.893337 0.773061 0.978788 0.739284 0.616969 0.772629 0.702785 0.831351 0.616969 0.864696 0.616969 0.640789 0.702785 0.69951 0.616969 0.732856 0.616969 0.904901 0.70242 0.963009 0.616969 0.996786 0.801457 0.640789 0.887274 0.699511 0.801458 0.732856 0.709578 0.831168 0.79503 0.773061 0.79503 0.864946 0.795029 0.640789 0.709213 0.69951 0.709213 0.607443 0.691212 0.151057 0.616969 0.151057 0.616969 0.003213942 0.310092 0.244705 0.310092 0.151057 0.384335 0.151057 0.384335 0.151057 0.460317 0.2027249 0.310092 0.244705 0.153891 0.40118 0.153891 0.332345 0.229873 0.453172 0.153891 0.332345 0.303664 0.305329 0.229873 0.453172 0.153439 0.703295 0.153439 0.634541 0.22942 0.755286 0.153439 0.634541 0.303663 0.607443 0.22942 0.755286 0.003213942 0.546819 0.003213942 0.453172 0.07790899 0.453172 0.07790899 0.453172 0.153891 0.505164 0.003213942 0.546819 0.310092 0.848934 0.310092 0.755287 0.384335 0.755287 0.384335 0.755287 0.460317 0.806955 0.310092 0.848934 0.460317 0.703619 0.460317 0.634541 0.536298 0.755287 0.460317 0.634541 0.610541 0.607443 0.536298 0.755287 0.460317 0.09938895 0.460317 0.030312 0.536298 0.151057 0.460317 0.030312 0.610541 0.003213942 0.536298 0.151057 0.003213942 0.003213942 0.152354 0.03011596 0.07637196 0.151057 0.152354 0.03011596 0.152354 0.099065 0.07637196 0.151057 0.843175 0.151057 0.917418 0.151057 0.917418 0.244705 0.917418 0.244705 0.767194 0.271803 0.767194 0.2027249 0.616969 0.151057 0.691212 0.151057 0.616969 0.298901 0.691212 0.151057 0.767194 0.2027249 0.767194 0.271803 0.767194 0.030312 0.917418 0.05741 0.767194 0.09938895 0.917418 0.05741 0.917418 0.151057 0.843175 0.151057 0.228335 0.151057 0.303663 0.151057 0.303664 0.244705 0.303664 0.244705 0.152354 0.271998 0.152353 0.203049 0.843175 0.453172 0.917418 0.453172 0.917418 0.546819 0.917418 0.546819 0.767193 0.573917 0.767194 0.505164 0.003213942 0.848934 0.003213942 0.755286 0.07745701 0.755286 0.07745701 0.755286 0.153439 0.807278 0.003213942 0.848934 0.616969 0.305329 0.767193 0.332426 0.691212 0.453172 0.767193 0.332426 0.767193 0.40118 0.691212 0.453172 0.310092 0.305329 0.460316 0.332427 0.384335 0.453172 0.460316 0.332427 0.460316 0.401504 0.384335 0.453172 0.460317 0.876032 0.460317 0.806955 0.536298 0.755287 0.536298 0.755287 0.610541 0.755287 0.610541 0.90313 0.310092 0.755287 0.310092 0.661639 0.384335 0.755287 0.310092 0.661639 0.460317 0.634541 0.460317 0.703619 0.616969 0.453172 0.691212 0.453172 0.616969 0.601015 0.691212 0.453172 0.767194 0.505164 0.767193 0.573917 0.767193 0.332426 0.917418 0.359524 0.767193 0.40118 0.917418 0.359524 0.917418 0.453172 0.843175 0.453172 0.153891 0.573999 0.153891 0.505164 0.229873 0.453172 0.229873 0.453172 0.303664 0.453172 0.303664 0.601015 0.003213942 0.453172 0.003213942 0.359524 0.07790899 0.453172 0.003213942 0.359524 0.153891 0.332345 0.153891 0.40118 0.536298 0.453172 0.610541 0.453172 0.610541 0.54682 0.610541 0.54682 0.460316 0.573918 0.460316 0.50484 0.310092 0.453172 0.384335 0.453172 0.310092 0.601015 0.384335 0.453172 0.460316 0.50484 0.460316 0.573918 0.460316 0.332427 0.610541 0.359525 0.460316 0.401504 0.610541 0.359525 0.610541 0.453172 0.536298 0.453172 0.003213942 0.151057 0.07637196 0.151057 0.003213942 0.298901 0.07637196 0.151057 0.152353 0.203049 0.152354 0.271998 0.152354 0.03011596 0.303663 0.05741 0.152354 0.099065 0.303663 0.05741 0.303663 0.151057 0.228335 0.151057 0.460317 0.271803 0.460317 0.2027249 0.536298 0.151057 0.536298 0.151057 0.610541 0.151057 0.610541 0.298901 0.310092 0.151057 0.310092 0.05741 0.384335 0.151057 0.310092 0.05741 0.460317 0.030312 0.460317 0.09938895 0.153439 0.876032 0.153439 0.807278 0.22942 0.755286 0.22942 0.755286 0.303663 0.755286 0.303663 0.90313 0.003213942 0.755286 0.003213942 0.661639 0.07745701 0.755286 0.003213942 0.661639 0.153439 0.634541 0.153439 0.703295 0.801457 0.773061 0.886909 0.739284 0.886908 0.831169 0.978788 0.831168 0.893337 0.864946 0.893337 0.773061 0.616969 0.772629 0.702785 0.739284 0.702785 0.831351 0.616969 0.640789 0.702785 0.607443 0.702785 0.69951 0.616969 0.904901 0.70242 0.871124 0.70242 0.963009 0.801457 0.640789 0.887274 0.607443 0.887274 0.699511 0.709578 0.831168 0.709579 0.739284 0.79503 0.773061 0.795029 0.640789 0.79503 0.732856 0.709213 0.69951 0.616969 0.003213942 0.767194 0.030312 0.691212 0.151057 0.767194 0.030312 0.767194 0.09938895 0.691212 0.151057</float_array>
          <technique_common>
            <accessor source="#glass_Куб_005-mesh-map-0-array" count="336" stride="2">
              <param name="S" type="float"/>
              <param name="T" type="float"/>
            </accessor>
          </technique_common>
        </source>
        <vertices id="glass_Куб_005-mesh-vertices">
          <input semantic="POSITION" source="#glass_Куб_005-mesh-positions"/>
        </vertices>
        <triangles material="glass-material" count="112">
          <input semantic="VERTEX" source="#glass_Куб_005-mesh-vertices" offset="0"/>
          <input semantic="NORMAL" source="#glass_Куб_005-mesh-normals" offset="1"/>
          <input semantic="TEXCOORD" source="#glass_Куб_005-mesh-map-0" offset="2" set="0"/>
          <p>91 0 0 61 1 1 25 2 2 7 3 3 47 4 4 78 5 5 11 6 6 45 7 7 94 8 8 79 9 9 53 10 10 5 11 11 71 12 12 49 13 13 21 14 14 23 15 15 43 16 16 70 17 17 27 18 18 41 19 19 90 20 20 84 21 21 37 22 22 3 23 23 17 24 24 67 25 25 66 26 26 18 27 27 64 28 28 35 29 29 65 30 30 16 31 31 66 26 32 1 32 33 87 33 34 86 34 35 13 35 36 75 36 37 74 37 38 95 38 39 63 39 40 9 40 41 72 41 42 39 42 43 15 43 44 80 44 45 55 45 46 31 46 47 70 17 48 22 47 49 49 13 50 68 48 51 20 49 52 69 50 53 14 51 54 72 41 55 51 52 56 73 53 57 12 54 58 74 37 59 78 5 60 6 55 61 53 10 62 76 56 63 4 57 64 77 58 65 29 59 66 83 60 67 82 61 68 30 62 69 80 44 70 57 63 71 81 64 72 28 65 73 82 61 74 2 66 75 84 21 76 59 67 77 85 68 78 0 69 79 86 34 80 90 20 81 26 70 82 61 1 83 88 71 84 24 72 85 89 73 86 94 8 87 10 74 88 63 39 89 92 75 90 8 76 91 93 77 92 65 30 93 67 25 94 64 28 95 69 50 96 71 12 97 68 48 98 73 53 99 75 36 100 72 41 101 77 58 102 79 9 103 76 56 104 81 64 105 83 60 106 80 44 107 85 68 108 87 33 109 84 21 110 89 73 111 91 0 112 88 71 113 93 77 114 95 38 115 92 75 116 64 28 117 33 78 118 19 79 119 25 2 120 40 80 121 88 71 122 88 71 123 91 0 124 25 2 125 77 58 126 52 81 127 78 5 128 52 81 129 7 3 130 78 5 131 93 77 132 62 82 133 94 8 134 62 82 135 11 6 136 94 8 137 5 11 138 46 83 139 76 56 140 76 56 141 79 9 142 5 11 143 21 14 144 42 84 145 68 48 146 68 48 147 71 12 148 21 14 149 69 50 150 48 85 151 70 17 152 48 85 153 23 15 154 70 17 155 89 73 156 60 86 157 90 20 158 60 86 159 27 18 160 90 20 161 3 23 162 58 87 163 84 21 164 58 87 165 85 68 166 84 21 167 66 26 168 32 88 169 17 24 170 17 24 171 35 29 172 67 25 173 33 78 174 64 28 175 18 27 176 64 28 177 67 25 178 35 29 179 34 89 180 16 31 181 65 30 182 16 31 183 32 88 184 66 26 185 86 34 186 36 90 187 1 32 188 1 32 189 59 67 190 87 33 191 74 37 192 38 91 193 13 35 194 13 35 195 51 52 196 75 36 197 9 40 198 44 92 199 92 75 200 92 75 201 95 38 202 9 40 203 15 43 204 50 93 205 72 41 206 50 93 207 73 53 208 72 41 209 31 46 210 56 94 211 80 44 212 56 94 213 81 64 214 80 44 215 49 13 216 71 12 217 70 17 218 70 17 219 43 16 220 22 47 221 42 84 222 20 49 223 68 48 224 20 49 225 48 85 226 69 50 227 39 42 228 72 41 229 14 51 230 72 41 231 75 36 232 51 52 233 50 93 234 12 54 235 73 53 236 12 54 237 38 91 238 74 37 239 53 10 240 79 9 241 78 5 242 78 5 243 47 4 244 6 55 245 46 83 246 4 57 247 76 56 248 4 57 249 52 81 250 77 58 251 82 61 252 54 95 253 29 59 254 29 59 255 57 63 256 83 60 257 55 45 258 80 44 259 30 62 260 80 44 261 83 60 262 57 63 263 56 94 264 28 65 265 81 64 266 28 65 267 54 95 268 82 61 269 37 22 270 84 21 271 2 66 272 84 21 273 87 33 274 59 67 275 58 87 276 0 69 277 85 68 278 0 69 279 36 90 280 86 34 281 61 1 282 91 0 283 90 20 284 90 20 285 41 19 286 26 70 287 40 80 288 24 72 289 88 71 290 24 72 291 60 86 292 89 73 293 63 39 294 95 38 295 94 8 296 94 8 297 45 7 298 10 74 299 44 92 300 8 76 301 92 75 302 8 76 303 62 82 304 93 77 305 65 30 306 66 26 307 67 25 308 69 50 309 70 17 310 71 12 311 73 53 312 74 37 313 75 36 314 77 58 315 78 5 316 79 9 317 81 64 318 82 61 319 83 60 320 85 68 321 86 34 322 87 33 323 89 73 324 90 20 325 91 0 326 93 77 327 94 8 328 95 38 329 19 79 330 34 89 331 64 28 332 34 89 333 65 30 334 64 28 335</p>
        </triangles>
      </mesh>
    </geometry>
    <geometry id="bulb_Сфера_001-mesh" name="bulb_Сфера.001">
      <mesh>
        <source id="bulb_Сфера_001-mesh-positions">
          <float_array id="bulb_Сфера_001-mesh-positions-array" count="1878">0 2.884436 -0.01981097 0 2.871212 -0.02809995 0.002615988 2.893327 -0.009764969 0.005127966 2.884436 -0.01913595 0.007272958 2.871212 -0.027143 0.008544981 2.856091 -0.03188997 0.009088993 2.843411 -0.033921 0.009195983 2.833153 -0.03432196 0.008960962 2.822795 -0.03344196 0.008243978 2.812487 -0.03076797 0.006901979 2.803124 -0.02575999 0.00505495 2.893327 -0.008754968 0.009905993 2.884436 -0.01715695 0.01404994 2.871212 -0.02433496 0.01650696 2.856091 -0.02859199 0.01755899 2.843411 -0.03041297 0.01776599 2.833153 -0.03077197 0.01731097 2.822795 -0.02998298 0.01592695 2.812487 -0.02758598 0.01333397 2.803124 -0.02309596 0 2.757264 -0.019216 0.007147967 2.893327 -0.007147967 0.01400899 2.884436 -0.01400899 0.01986998 2.871212 -0.01986998 0.02334499 2.856091 -0.02334499 0.02483195 2.843411 -0.02483195 0.02512496 2.833153 -0.02512496 0.02448099 2.822795 -0.02448099 0.02252399 2.812487 -0.02252399 0.01885795 2.803124 -0.01885795 -0.004973948 2.757264 -0.018561 0.008754968 2.893327 -0.00505495 0.01715695 2.884436 -0.009905993 0.02433496 2.871212 -0.01404994 0.02859199 2.856091 -0.01650696 0.03041297 2.843411 -0.01755899 0.03077197 2.833153 -0.01776599 0.02998298 2.822795 -0.01731097 0.02758598 2.812487 -0.01592695 0.02309596 2.803124 -0.01333397 -0.00960797 2.757264 -0.01664197 0.009764969 2.893327 -0.002615988 0.01913595 2.884436 -0.005127966 0.027143 2.871212 -0.007272958 0.03188997 2.856091 -0.008544981 0.033921 2.843411 -0.009088993 0.03432196 2.833153 -0.009195983 0.03344196 2.822795 -0.008960962 0.03076797 2.812487 -0.008243978 0.02575999 2.803124 -0.006901979 -0.01358795 2.757264 -0.01358795 0.01010894 2.893327 0 0.01981097 2.884436 0 0.02809995 2.871212 0 0.03301495 2.856091 0 0.03511798 2.843411 0 0.03553199 2.833153 0 0.034621 2.822795 0 0.03185296 2.812487 0 0.02666896 2.803124 0 -0.01664197 2.757264 -0.00960797 0.009764969 2.893327 0.002615988 0.01913595 2.884436 0.005127966 0.027143 2.871212 0.007272958 0.03188997 2.856091 0.008544981 0.033921 2.843411 0.009088993 0.03432196 2.833153 0.009195983 0.03344196 2.822795 0.008960962 0.03076797 2.812487 0.008243978 0.02575999 2.803124 0.006901979 -0.01856195 2.757264 -0.004973948 0.008754968 2.893327 0.00505495 0.01715695 2.884436 0.009905993 0.02433496 2.871212 0.01404994 0.02859199 2.856091 0.01650696 0.03041297 2.843411 0.01755899 0.03077197 2.833153 0.01776599 0.02998298 2.822795 0.01731097 0.02758598 2.812487 0.01592695 0.02309596 2.803124 0.01333397 -0.019216 2.757264 0 0.007147967 2.893327 0.007147967 0.01400899 2.884436 0.01400899 0.01986998 2.871212 0.01986998 0.02334499 2.856091 0.02334499 0.02483195 2.843411 0.02483195 0.02512496 2.833153 0.02512496 0.02448099 2.822795 0.02448099 0.02252399 2.812487 0.02252399 0.01885795 2.803124 0.01885795 -0.01856195 2.757264 0.004973948 0.00505495 2.893327 0.008754968 0.009905993 2.884436 0.01715695 0.01404994 2.871212 0.02433496 0.01650696 2.856091 0.02859199 0.01755899 2.843411 0.03041297 0.01776599 2.833153 0.03077197 0.01731097 2.822795 0.02998298 0.01592695 2.812487 0.02758598 0.01333397 2.803124 0.02309596 -0.01664197 2.757264 0.00960797 0.002615988 2.893327 0.009764969 0.005127966 2.884436 0.01913595 0.007272958 2.871212 0.027143 0.008544981 2.856091 0.03188997 0.009088993 2.843411 0.033921 0.009195983 2.833153 0.03432196 0.008960962 2.822795 0.03344196 0.008243978 2.812487 0.03076797 0.006901979 2.803124 0.02575999 -0.01358795 2.757264 0.01358795 0 2.893327 0.01010894 0 2.884436 0.01981097 0 2.871212 0.02809995 0 2.856091 0.03301495 0 2.843411 0.03511798 0 2.833153 0.03553199 0 2.822795 0.034621 0 2.812487 0.03185296 0 2.803124 0.02666896 -0.00960797 2.757264 0.01664197 -0.002615988 2.893327 0.009764969 -0.005127966 2.884436 0.01913595 -0.007272958 2.871212 0.027143 -0.008544981 2.856091 0.03188997 -0.009088993 2.843411 0.033921 -0.009195983 2.833153 0.03432196 -0.008960962 2.822795 0.03344196 -0.008243978 2.812487 0.03076797 -0.006901979 2.803124 0.02575999 -0.004973948 2.757264 0.01856195 -0.00505495 2.893327 0.008754968 -0.009905993 2.884436 0.01715695 -0.01404994 2.871212 0.02433496 -0.01650696 2.856091 0.02859199 -0.01755899 2.843411 0.03041297 -0.01776599 2.833153 0.03077197 -0.01731097 2.822795 0.02998298 -0.01592695 2.812487 0.02758598 -0.01333397 2.803124 0.02309596 0 2.757264 0.019216 0 2.896501 0 -0.007147967 2.893327 0.007147967 -0.01400899 2.884436 0.01400899 -0.01986998 2.871212 0.01986998 -0.02334499 2.856091 0.02334499 -0.02483195 2.843411 0.02483195 -0.02512496 2.833153 0.02512496 -0.02448099 2.822795 0.02448099 -0.02252399 2.812487 0.02252399 -0.01885795 2.803124 0.01885795 0.004973948 2.757264 0.01856195 -0.008754968 2.893327 0.00505495 -0.01715695 2.884436 0.009905993 -0.02433496 2.871212 0.01404994 -0.02859199 2.856091 0.01650696 -0.03041297 2.843411 0.01755899 -0.03077197 2.833153 0.01776599 -0.02998298 2.822795 0.01731097 -0.02758598 2.812487 0.01592695 -0.02309596 2.803124 0.01333397 0.00960797 2.757264 0.01664197 0.01358795 2.757264 0.01358795 -0.009764969 2.893327 0.002615988 -0.01913595 2.884436 0.005127966 -0.027143 2.871212 0.007272958 -0.03188997 2.856091 0.008544981 -0.033921 2.843411 0.009088993 -0.03432196 2.833153 0.009195983 -0.03344196 2.822795 0.008960962 -0.03076797 2.812487 0.008243978 -0.02575999 2.803124 0.006901979 0.01664197 2.757264 0.00960797 -0.01010894 2.893327 0 -0.01981097 2.884436 0 -0.02809995 2.871212 0 -0.03301495 2.856091 0 -0.03511798 2.843411 0 -0.03553199 2.833153 0 -0.034621 2.822795 0 -0.03185296 2.812487 0 -0.02666896 2.803124 0 0.01856195 2.757264 0.004973948 -0.009764969 2.893327 -0.002615988 -0.01913595 2.884436 -0.005127966 -0.027143 2.871212 -0.007272958 -0.03188997 2.856091 -0.008544981 -0.033921 2.843411 -0.009088993 -0.03432196 2.833153 -0.009195983 -0.03344196 2.822795 -0.008960962 -0.03076797 2.812487 -0.008243978 -0.02575999 2.803124 -0.006901979 0.019216 2.757264 0 -0.008754968 2.893327 -0.00505495 -0.01715695 2.884436 -0.009905993 -0.02433496 2.871212 -0.01404994 -0.02859199 2.856091 -0.01650696 -0.03041297 2.843411 -0.01755899 -0.03077197 2.833153 -0.01776599 -0.02998298 2.822795 -0.01731097 -0.02758598 2.812487 -0.01592695 -0.02309596 2.803124 -0.01333397 0.01856195 2.757264 -0.004973948 -0.007147967 2.893327 -0.007147967 -0.01400899 2.884436 -0.01400899 -0.01986998 2.871212 -0.01986998 -0.02334499 2.856091 -0.02334499 -0.02483195 2.843411 -0.02483195 -0.02512496 2.833153 -0.02512496 -0.02448099 2.822795 -0.02448099 -0.02252399 2.812487 -0.02252399 -0.01885795 2.803124 -0.01885795 0.01664197 2.757264 -0.00960797 -0.00505495 2.893327 -0.008754968 -0.009905993 2.884436 -0.01715695 -0.01404994 2.871212 -0.02433496 -0.01650696 2.856091 -0.02859199 -0.01755899 2.843411 -0.03041297 -0.01776599 2.833153 -0.03077197 -0.01731097 2.822795 -0.02998298 -0.01592695 2.812487 -0.02758598 -0.01333397 2.803124 -0.02309596 0.01358795 2.757264 -0.01358795 -0.002615988 2.893327 -0.009764969 -0.005127966 2.884436 -0.01913595 -0.007272958 2.871212 -0.027143 -0.008544981 2.856091 -0.03188997 -0.009088993 2.843411 -0.033921 -0.009195983 2.833153 -0.03432196 -0.008960962 2.822795 -0.03344196 -0.008243978 2.812487 -0.03076797 -0.006901979 2.803124 -0.02575999 0.00960797 2.757264 -0.01664197 0 2.893327 -0.01010894 0 2.856091 -0.03301495 0 2.843411 -0.03511798 0 2.833153 -0.03553199 0 2.822795 -0.034621 0 2.812487 -0.03185296 0 2.803124 -0.02666896 0.004973948 2.757264 -0.01856195 0.004973948 2.77492 -0.01856195 0.006065964 2.794712 -0.02263796 0.005299985 2.784896 -0.01978099 0.01171797 2.794712 -0.02029699 0.00960797 2.77492 -0.01664197 0.01023995 2.784896 -0.01773595 0.01657199 2.794712 -0.01657199 0.01358795 2.77492 -0.01358795 0.01448094 2.784896 -0.01448094 0.02029699 2.794712 -0.01171797 0.01664197 2.77492 -0.00960797 0.01773595 2.784896 -0.01023995 0.02263796 2.794712 -0.006065964 0.01856195 2.77492 -0.004973948 0.01978099 2.784896 -0.005299985 0.02343696 2.794712 0 0.019216 2.77492 0 0.02047896 2.784896 0 0.02263796 2.794712 0.006065964 0.01856195 2.77492 0.004973948 0.01978099 2.784896 0.005299985 0.02029699 2.794712 0.01171797 0.01664197 2.77492 0.00960797 0.01773595 2.784896 0.01023995 0.01657199 2.794712 0.01657199 0.01358795 2.77492 0.01358795 0.01448094 2.784896 0.01448094 0.01171797 2.794712 0.02029699 0.00960797 2.77492 0.01664197 0.01023995 2.784896 0.01773595 0.006065964 2.794712 0.02263796 0.004973948 2.77492 0.01856195 0.005299985 2.784896 0.01978099 0 2.794712 0.02343696 0 2.77492 0.019216 0 2.784896 0.02047896 -0.006065964 2.794712 0.02263796 -0.004973948 2.77492 0.01856195 -0.005299985 2.784896 0.01978099 -0.01171797 2.794712 0.02029699 -0.00960797 2.77492 0.01664197 -0.01023995 2.784896 0.01773595 -0.01657199 2.794712 0.01657199 -0.01358795 2.77492 0.01358795 -0.01448094 2.784896 0.01448094 -0.02029699 2.794712 0.01171797 -0.01664197 2.77492 0.00960797 -0.01773595 2.784896 0.01023995 -0.02263796 2.794712 0.006065964 -0.01856195 2.77492 0.004973948 -0.01978099 2.784896 0.005299985 -0.02343696 2.794712 0 -0.019216 2.77492 0 -0.02047896 2.784896 0 -0.02263796 2.794712 -0.006065964 -0.01856195 2.77492 -0.004973948 -0.01978099 2.784896 -0.005299985 -0.02029699 2.794712 -0.01171797 -0.01664197 2.77492 -0.00960797 -0.01773595 2.784896 -0.01023995 -0.01657199 2.794712 -0.01657199 -0.01358795 2.77492 -0.01358795 -0.01448094 2.784896 -0.01448094 -0.01171797 2.794712 -0.02029699 -0.00960797 2.77492 -0.01664197 -0.01023995 2.784896 -0.01773595 -0.006065964 2.794712 -0.02263796 -0.004973948 2.77492 -0.018561 -0.005299985 2.784896 -0.01978099 0 2.794712 -0.02343696 0 2.77492 -0.019216 0 2.784896 -0.02047896 0 2.883944 -0.01907294 0 2.870894 -0.02725195 0.00248599 2.892637 -0.009276986 0.004935979 2.883944 -0.01842296 0.007052958 2.870894 -0.02632296 0.008311986 2.855914 -0.03102195 0.008851945 2.843336 -0.03303694 0.008958995 2.833171 -0.03343397 0.008726 2.822924 -0.03256398 0.008019983 2.812768 -0.02993196 0.006682991 2.803445 -0.02494198 0.004801988 2.892637 -0.008317947 0.009535968 2.883944 -0.01651698 0.01362597 2.870894 -0.02360099 0.01605796 2.855914 -0.02781397 0.01710098 2.843336 -0.02961999 0.01730698 2.833171 -0.02997595 0.01685696 2.822924 -0.02919596 0.01549398 2.812768 -0.02683699 0.01291096 2.803445 -0.02236199 0 2.757264 -0.01829695 0.006790995 2.892637 -0.006790995 0.01348596 2.883944 -0.01348596 0.01927 2.870894 -0.01927 0.02270996 2.855914 -0.02270996 0.024185 2.843336 -0.024185 0.02447497 2.833171 -0.02447497 0.02383899 2.822924 -0.02383899 0.02191197 2.812768 -0.02191197 0.01825898 2.803445 -0.01825898 -0.004735946 2.757264 -0.01767396 0.008317947 2.892637 -0.004801988 0.01651698 2.883944 -0.009535968 0.02360099 2.870894 -0.01362597 0.02781397 2.855914 -0.01605796 0.02961999 2.843336 -0.01710098 0.02997595 2.833171 -0.01730698 0.02919596 2.822924 -0.01685696 0.02683699 2.812768 -0.01549398 0.02236199 2.803445 -0.01291096 -0.009147942 2.757264 -0.01584595 0.009276986 2.892637 -0.00248599 0.01842296 2.883944 -0.004935979 0.02632296 2.870894 -0.007052958 0.03102195 2.855914 -0.008311986 0.03303694 2.843336 -0.008851945 0.03343397 2.833171 -0.008958995 0.03256398 2.822924 -0.008726 0.02993196 2.812768 -0.008019983 0.02494198 2.803445 -0.006682991 -0.01293796 2.757264 -0.01293796 0.009603977 2.892637 0 0.01907294 2.883944 0 0.02725195 2.870894 0 0.03211694 2.855914 0 0.03420197 2.843336 0 0.03461295 2.833171 0 0.03371298 2.822924 0 0.03098797 2.812768 0 0.02582198 2.803445 0 -0.01584595 2.757264 -0.009147942 0.009276986 2.892637 0.00248599 0.01842296 2.883944 0.004935979 0.02632296 2.870894 0.007052958 0.03102195 2.855914 0.008311986 0.03303694 2.843336 0.008851945 0.03343397 2.833171 0.008958995 0.03256398 2.822924 0.008726 0.02993196 2.812768 0.008019983 0.02494198 2.803445 0.006682991 -0.01767396 2.757264 -0.004735946 0.008317947 2.892637 0.004801988 0.01651698 2.883944 0.009535968 0.02360099 2.870894 0.01362597 0.02781397 2.855914 0.01605796 0.02961999 2.843336 0.01710098 0.02997595 2.833171 0.01730698 0.02919596 2.822924 0.01685696 0.02683699 2.812768 0.01549398 0.02236199 2.803445 0.01291096 -0.01829695 2.757264 0 0.006790995 2.892637 0.006790995 0.01348596 2.883944 0.01348596 0.01927 2.870894 0.01927 0.02270996 2.855914 0.02270996 0.024185 2.843336 0.024185 0.02447497 2.833171 0.02447497 0.02383899 2.822924 0.02383899 0.02191197 2.812768 0.02191197 0.01825898 2.803445 0.01825898 -0.01767396 2.757264 0.004735946 0.004801988 2.892637 0.008317947 0.009535968 2.883944 0.01651698 0.01362597 2.870894 0.02360099 0.01605796 2.855914 0.02781397 0.01710098 2.843336 0.02961999 0.01730698 2.833171 0.02997595 0.01685696 2.822924 0.02919596 0.01549398 2.812768 0.02683699 0.01291096 2.803445 0.02236199 -0.01584595 2.757264 0.009147942 0.00248599 2.892637 0.009276986 0.004935979 2.883944 0.01842296 0.007052958 2.870894 0.02632296 0.008311986 2.855914 0.03102195 0.008851945 2.843336 0.03303694 0.008958995 2.833171 0.03343397 0.008726 2.822924 0.03256398 0.008019983 2.812768 0.02993196 0.006682991 2.803445 0.02494198 -0.01293796 2.757264 0.01293796 0 2.892637 0.009603977 0 2.883944 0.01907294 0 2.870894 0.02725195 0 2.855914 0.03211694 0 2.843336 0.03420197 0 2.833171 0.03461295 0 2.822924 0.03371298 0 2.812768 0.03098797 0 2.803445 0.02582198 -0.009147942 2.757264 0.01584595 -0.00248599 2.892637 0.009276986 -0.004935979 2.883944 0.01842296 -0.007052958 2.870894 0.02632296 -0.008311986 2.855914 0.03102195 -0.008851945 2.843336 0.03303694 -0.008958995 2.833171 0.03343397 -0.008726 2.822924 0.03256398 -0.008019983 2.812768 0.02993196 -0.006682991 2.803445 0.02494198 -0.004735946 2.757264 0.01767396 -0.004801988 2.892637 0.008317947 -0.009535968 2.883944 0.01651698 -0.01362597 2.870894 0.02360099 -0.01605796 2.855914 0.02781397 -0.01710098 2.843336 0.02961999 -0.01730698 2.833171 0.02997595 -0.01685696 2.822924 0.02919596 -0.01549398 2.812768 0.02683699 -0.01291096 2.803445 0.02236199 0 2.757264 0.01829695 0 2.895675 0 -0.006790995 2.892637 0.006790995 -0.01348596 2.883944 0.01348596 -0.01927 2.870894 0.01927 -0.02270996 2.855914 0.02270996 -0.024185 2.843336 0.024185 -0.02447497 2.833171 0.02447497 -0.02383899 2.822924 0.02383899 -0.02191197 2.812768 0.02191197 -0.01825898 2.803445 0.01825898 0.004735946 2.757264 0.01767396 -0.008317947 2.892637 0.004801988 -0.01651698 2.883944 0.009535968 -0.02360099 2.870894 0.01362597 -0.02781397 2.855914 0.01605796 -0.02961999 2.843336 0.01710098 -0.02997595 2.833171 0.01730698 -0.02919596 2.822924 0.01685696 -0.02683699 2.812768 0.01549398 -0.02236199 2.803445 0.01291096 0.009147942 2.757264 0.01584595 0.01293796 2.757264 0.01293796 -0.009276986 2.892637 0.00248599 -0.01842296 2.883944 0.004935979 -0.02632296 2.870894 0.007052958 -0.03102195 2.855914 0.008311986 -0.03303694 2.843336 0.008851945 -0.03343397 2.833171 0.008958995 -0.03256398 2.822924 0.008726 -0.02993196 2.812768 0.008019983 -0.02494198 2.803445 0.006682991 0.01584595 2.757264 0.009147942 -0.009603977 2.892637 0 -0.01907294 2.883944 0 -0.02725195 2.870894 0 -0.03211694 2.855914 0 -0.03420197 2.843336 0 -0.03461295 2.833171 0 -0.03371298 2.822924 0 -0.03098797 2.812768 0 -0.02582198 2.803445 0 0.01767396 2.757264 0.004735946 -0.009276986 2.892637 -0.00248599 -0.01842296 2.883944 -0.004935979 -0.02632296 2.870894 -0.007052958 -0.03102195 2.855914 -0.008311986 -0.03303694 2.843336 -0.008851945 -0.03343397 2.833171 -0.008958995 -0.03256398 2.822924 -0.008726 -0.02993196 2.812768 -0.008019983 -0.02494198 2.803445 -0.006682991 0.01829695 2.757264 0 -0.008317947 2.892637 -0.004801988 -0.01651698 2.883944 -0.009535968 -0.02360099 2.870894 -0.01362597 -0.02781397 2.855914 -0.01605796 -0.02961999 2.843336 -0.01710098 -0.02997595 2.833171 -0.01730698 -0.02919596 2.822924 -0.01685696 -0.02683699 2.812768 -0.01549398 -0.02236199 2.803445 -0.01291096 0.01767396 2.757264 -0.004735946 -0.006790995 2.892637 -0.006790995 -0.01348596 2.883944 -0.01348596 -0.01927 2.870894 -0.01927 -0.02270996 2.855914 -0.02270996 -0.024185 2.843336 -0.024185 -0.02447497 2.833171 -0.02447497 -0.02383899 2.822924 -0.02383899 -0.02191197 2.812768 -0.02191197 -0.01825898 2.803445 -0.01825898 0.01584595 2.757264 -0.009147942 -0.004801988 2.892637 -0.008317947 -0.009535968 2.883944 -0.01651698 -0.01362597 2.870894 -0.02360099 -0.01605796 2.855914 -0.02781397 -0.01710098 2.843336 -0.02961999 -0.01730698 2.833171 -0.02997595 -0.01685696 2.822924 -0.02919596 -0.01549398 2.812768 -0.02683699 -0.01291096 2.803445 -0.02236199 0.01293796 2.757264 -0.01293796 -0.00248599 2.892637 -0.009276986 -0.004935979 2.883944 -0.01842296 -0.007052958 2.870894 -0.02632296 -0.008311986 2.855914 -0.03102195 -0.008851945 2.843336 -0.03303694 -0.008958995 2.833171 -0.03343397 -0.008726 2.822924 -0.03256398 -0.008019983 2.812768 -0.02993196 -0.006682991 2.803445 -0.02494198 0.009147942 2.757264 -0.01584595 0 2.892637 -0.009603977 0 2.855914 -0.03211694 0 2.843336 -0.03420197 0 2.833171 -0.03461295 0 2.822924 -0.03371298 0 2.812768 -0.03098797 0 2.803445 -0.02582198 0.004735946 2.757264 -0.01767396 0.004735946 2.774966 -0.01767498 0.00583899 2.794955 -0.02178996 0.00506699 2.785052 -0.01890897 0.01127898 2.794955 -0.01953595 0.009148955 2.774966 -0.01584696 0.009787976 2.785052 -0.016954 0.01595097 2.794955 -0.01595097 0.01293897 2.774966 -0.01293897 0.01384299 2.785052 -0.01384299 0.01953595 2.794955 -0.01127898 0.01584696 2.774966 -0.009148955 0.016954 2.785052 -0.009787976 0.02178996 2.794955 -0.00583899 0.01767498 2.774966 -0.004735946 0.01890897 2.785052 -0.00506699 0.02255797 2.794955 0 0.01829797 2.774966 0 0.01957595 2.785052 0 0.02178996 2.794955 0.00583899 0.01767498 2.774966 0.004735946 0.01890897 2.785052 0.00506699 0.01953595 2.794955 0.01127898 0.01584696 2.774966 0.009148955 0.016954 2.785052 0.009787976 0.01595097 2.794955 0.01595097 0.01293897 2.774966 0.01293897 0.01384299 2.785052 0.01384299 0.01127898 2.794955 0.01953595 0.009148955 2.774966 0.01584696 0.009787976 2.785052 0.016954 0.00583899 2.794955 0.02178996 0.004735946 2.774966 0.01767498 0.00506699 2.785052 0.01890897 0 2.794955 0.02255797 0 2.774966 0.01829797 0 2.785052 0.01957595 -0.00583899 2.794955 0.02178996 -0.004735946 2.774966 0.01767498 -0.00506699 2.785052 0.01890897 -0.01127898 2.794955 0.01953595 -0.009148955 2.774966 0.01584696 -0.009787976 2.785052 0.016954 -0.01595097 2.794955 0.01595097 -0.01293897 2.774966 0.01293897 -0.01384299 2.785052 0.01384299 -0.01953595 2.794955 0.01127898 -0.01584696 2.774966 0.009148955 -0.016954 2.785052 0.009787976 -0.02178996 2.794955 0.00583899 -0.01767498 2.774966 0.004735946 -0.01890897 2.785052 0.00506699 -0.02255797 2.794955 0 -0.01829797 2.774966 0 -0.01957595 2.785052 0 -0.02178996 2.794955 -0.00583899 -0.01767498 2.774966 -0.004735946 -0.01890897 2.785052 -0.00506699 -0.01953595 2.794955 -0.01127898 -0.01584696 2.774966 -0.009148955 -0.016954 2.785052 -0.009787976 -0.01595097 2.794955 -0.01595097 -0.01293897 2.774966 -0.01293897 -0.01384299 2.785052 -0.01384299 -0.01127898 2.794955 -0.01953595 -0.009148955 2.774966 -0.01584696 -0.009787976 2.785052 -0.016954 -0.00583899 2.794955 -0.02178996 -0.004735946 2.774966 -0.01767498 -0.00506699 2.785052 -0.01890897 0 2.794955 -0.02255797 0 2.774966 -0.01829797 0 2.785052 -0.01957595</float_array>
          <technique_common>
            <accessor source="#bulb_Сфера_001-mesh-positions-array" count="626" stride="3">
              <param name="X" type="float"/>
              <param name="Y" type="float"/>
              <param name="Z" type="float"/>
            </accessor>
          </technique_common>
        </source>
        <source id="bulb_Сфера_001-mesh-normals">
          <float_array id="bulb_Сфера_001-mesh-normals-array" count="1878">-1.69847e-7 0.6345186 -0.7729076 0.1326676 0.8584903 -0.4953723 0.2000322 0.6345179 -0.7465751 3.21915e-7 -0.3711897 -0.928557 0.234299 -0.4247674 -0.8744579 0 -0.4247509 -0.9053103 3.22758e-7 0.1016744 -0.9948178 0.2587258 -0.02352333 -0.9656643 0 -0.02356559 -0.9997224 0 0.419454 -0.9077766 0.2349673 0.4194608 -0.8768368 0.4525994 -0.424802 -0.7840262 0.6687822 -0.3247287 -0.6687911 0.4729178 -0.3247128 -0.8190913 4.73841e-7 -0.1729163 -0.9849366 0.2548965 -0.172916 -0.9513822 0 0.2355946 -0.9718515 0.2515377 0.2355864 -0.9387374 0 0.8584974 -0.512818 0 1 0 0.240284 -0.3712188 -0.8969172 0.2574902 0.101684 -0.9609158 0.4998657 -0.02352839 -0.8657833 0.4924955 -0.1728932 -0.8529691 0.4859241 0.2356073 -0.8416454 0.2564412 0.8584922 -0.4441048 0.4642665 -0.371201 -0.8041558 0.497404 0.1016665 -0.8615412 0.3864326 0.6345092 -0.6693788 0.4539074 0.4194412 -0.7861535 0.4990197 -0.06324905 -0.8642795 0.2587838 0 -0.9659354 0.2582704 -0.06319838 -0.9640033 0.706911 -0.02353674 -0.7069109 0.546529 0.6345097 -0.5465378 0.6419068 0.4194255 -0.6419019 0.7056879 -0.06327134 -0.7056921 0.5000444 0 -0.8659999 0.6964614 -0.1728901 -0.6964558 0.6871999 0.2356109 -0.6872001 0.3625866 0.8585278 -0.3625757 0.6565968 -0.3711795 -0.656587 0.703446 0.1016641 -0.7034402 0.6401211 -0.4248372 -0.6401238 0.8041584 -0.3711982 -0.4642643 0.8615418 0.1016663 -0.4974031 0.444096 0.8584991 -0.2564332 0.6693748 0.6345076 -0.386442 0.7840198 -0.4248062 -0.4526065 0.8657782 -0.02352893 -0.4998748 0.7861582 0.4194385 -0.4539018 0.8642776 -0.06324988 -0.499023 0.707111 0 -0.7071025 0.8529674 -0.1728941 -0.492498 0.8416453 0.2356083 -0.4859239 0.9513832 -0.172916 -0.2548923 0.8768401 0.4194555 -0.2349654 0.9387386 0.2355863 -0.2515336 0.4953618 0.858497 -0.1326633 0.8969195 -0.3712145 -0.2402817 0.9609156 0.1016839 -0.2574912 0.7465751 0.634519 -0.2000284 0.8744519 -0.4247769 -0.2343043 0.9656624 -0.02352398 -0.2587332 0.964002 -0.06319957 -0.2582752 0.8660028 0 -0.5000393 0.9285571 -0.3711896 0 0.9053056 -0.4247608 0 0.9948177 0.1016749 9.75499e-7 0.9997224 -0.02356654 -1.20241e-6 0.9077777 0.4194517 -3.26442e-6 0.9979998 -0.0632174 1.63498e-6 0.9659345 0 -0.2587868 0.9849364 -0.172917 0 0.9718518 0.2355933 -8.44257e-7 0.5128074 0.8585037 -7.35274e-6 0.7729077 0.6345187 -2.31719e-6 0.4953619 0.8584975 0.132661 0.8969191 -0.3712144 0.2402831 0.9609156 0.1016839 0.2574908 0.7465754 0.6345195 0.2000256 0.874453 -0.4247775 0.2342996 0.9656618 -0.02352398 0.2587353 0.8768409 0.419456 0.2349613 0.9640017 -0.06319969 0.2582764 1 0 -2.82263e-6 0.9513825 -0.1729159 0.254895 0.9387391 0.2355864 0.2515317 0.8642763 -0.06325 0.4990252 0.9659359 0 0.2587815 0.8657804 -0.02352893 0.4998707 0.8529682 -0.1728942 0.4924965 0.8416464 0.2356086 0.4859217 0.4440957 0.8584988 0.256435 0.8041577 -0.3711979 0.4642655 0.8615435 0.1016667 0.4973999 0.6693748 0.6345078 0.3864418 0.7840221 -0.4248073 0.4526015 0.786157 0.4194374 0.4539046 0.5465286 0.6345093 0.5465387 0.6401234 -0.4248383 0.6401208 0.7069129 -0.02353692 0.7069088 0.6419035 0.4194234 0.6419065 0.7056869 -0.06327146 0.7056931 0.8660047 0 0.5000359 0.6964638 -0.1728906 0.6964532 0.6872017 0.2356113 0.6871981 0.3625866 0.8585278 0.3625756 0.6565968 -0.3711795 0.656587 0.7034464 0.1016645 0.7034398 0.2564412 0.8584921 0.4441049 0.4642655 -0.3711996 0.804157 0.4974045 0.1016668 0.8615409 0.3864326 0.6345091 0.6693788 0.4526019 -0.4248043 0.7840235 0.4998635 -0.02352845 0.8657846 0.4539069 0.4194411 0.7861537 0.4990199 -0.06324958 0.8642793 0.7071167 0 0.7070969 0.4924983 -0.1728944 0.8529672 0.4859257 0.2356081 0.8416442 0.2000325 0.6345196 0.7465735 0.2349677 0.419461 0.8768367 0.2582688 -0.06319892 0.9640037 0.5000507 0 0.8659961 0.2548951 -0.1729147 0.9513827 0.2515378 0.2355862 0.9387374 0.1326677 0.8584907 0.4953718 0.2402821 -0.3712154 0.896919 0.2574889 0.1016839 0.9609162 0.2343026 -0.4247717 0.8744549 0.2587226 -0.02352321 0.9656652 1.69847e-7 0.6345186 0.7729077 -3.24344e-7 -0.3711897 0.9285572 0 -0.4247509 0.9053103 -3.22758e-7 0.1016744 0.9948178 0 -0.02356559 0.9997224 0 0.4194541 0.9077767 -1.75479e-6 -0.06321674 0.9979999 0.2587895 0 0.9659337 -4.73841e-7 -0.1729163 0.9849366 0 0.2355946 0.9718515 0 0.8584974 0.512818 -0.2349673 0.4194608 0.876837 -0.2515377 0.2355864 0.9387374 -0.6687836 -0.3247293 0.6687896 -0.7840198 -0.4248062 0.4526065 -0.8190933 -0.3247128 0.4729143 -0.1326676 0.8584903 0.4953723 -0.240284 -0.3712188 0.8969172 -0.2574902 0.101684 0.9609158 0.9457958 -0.3247621 2.50857e-6 0.9135733 -0.3247418 -0.2447996 -0.2000322 0.6345179 0.7465751 -0.234299 -0.4247674 0.8744579 -0.2587258 -0.02352333 0.9656643 -0.2582724 -0.0631994 0.9640028 3.29626e-6 0 1 -0.2548965 -0.172916 0.9513822 -0.4539074 0.4194412 0.7861535 -0.4990202 -0.06324923 0.8642791 -0.2587838 0 0.9659354 -0.4998657 -0.02352839 0.8657833 -0.4924955 -0.1728932 0.8529691 -0.4859241 0.2356073 0.8416454 -0.9457958 -0.3247621 -3.43378e-7 -0.8744529 -0.4247775 -0.2342995 -0.9135731 -0.3247417 -0.2448 -0.2564412 0.8584922 0.4441048 -0.4642665 -0.371201 0.8041558 -0.497404 0.1016665 0.8615412 0.9135723 -0.3247415 0.2448035 -0.3864326 0.6345092 0.6693788 -0.4525995 -0.4248021 0.7840262 -0.6871999 0.2356109 0.6872001 -0.703446 0.1016641 0.7034402 0.8190919 -0.3247122 -0.4729169 -0.546529 0.6345097 0.5465378 -0.6401211 -0.4248372 0.6401238 -0.706911 -0.02353674 0.7069109 -0.6419068 0.4194255 0.6419019 -0.7056887 -0.06327146 0.7056913 -0.5000444 0 0.8659999 -0.6964614 -0.1728901 0.6964558 0.6687846 -0.3247301 0.6687881 0.8190919 -0.3247122 0.4729169 -0.3625866 0.8585278 0.3625757 -0.6565968 -0.3711795 0.656587 -0.7861582 0.4194384 0.4539018 -0.8416453 0.2356083 0.4859239 -4.30415e-7 -0.3247632 -0.9457954 0.244803 -0.3247414 -0.9135724 -0.444096 0.8584992 0.2564333 -0.8041584 -0.3711982 0.4642643 -0.8615418 0.1016663 0.4974031 -0.8744519 -0.4247769 0.2343043 -0.9135729 -0.3247417 0.2448008 -0.6693748 0.6345076 0.386442 -0.8657782 -0.02352893 0.4998748 -0.8642783 -0.06325 0.4990217 -0.707111 0 0.7071025 -0.8529674 -0.1728941 0.492498 -0.9609156 0.1016839 0.2574912 -0.9656624 -0.02352398 0.2587332 -0.7465751 0.6345191 0.2000284 -0.87684 0.4194555 0.2349654 -0.9640025 -0.06319969 0.2582731 -0.8660028 0 0.5000393 -0.9513832 -0.172916 0.2548923 -0.9387386 0.2355863 0.2515336 -0.7056869 -0.06327146 -0.7056931 -0.8660047 0 -0.5000359 -0.8642763 -0.06325 -0.4990252 -0.4953618 0.858497 0.1326633 -0.8969195 -0.3712145 0.2402817 0.2448053 -0.3247452 0.9135704 0.4729211 -0.3247154 0.8190884 -0.9718518 0.2355933 8.44257e-7 -0.9948177 0.1016749 -9.77907e-7 -0.7729077 0.6345187 2.31719e-6 -0.9285571 -0.3711896 0 -0.9053056 -0.4247608 0 -0.9997224 -0.02356654 1.20241e-6 -0.9077777 0.4194517 3.26442e-6 -0.964002 -0.06319975 -0.2582752 -1 0 2.82263e-6 -0.9979998 -0.0632174 -8.39249e-7 -0.9849364 -0.172917 0 -0.7840222 -0.4248073 -0.4526014 -0.6687846 -0.3247301 -0.6687881 -0.8190919 -0.3247122 -0.4729169 -0.5128074 0.8585037 7.35274e-6 -0.9656618 -0.02352398 -0.2587353 -0.9513825 -0.1729159 -0.254895 -0.8768409 0.4194559 -0.2349613 -0.9387391 0.2355864 -0.2515317 4.30415e-7 -0.3247632 0.9457954 -0.244803 -0.3247414 0.9135724 -0.4953619 0.8584975 -0.132661 -0.8969191 -0.3712144 -0.2402831 -0.9609156 0.1016839 -0.2574908 -0.258265 -0.06325757 -0.9640009 -0.499971 0 -0.8660421 -0.4989601 -0.06327873 -0.8643118 -0.7465754 0.6345195 -0.2000256 -0.8657804 -0.02352893 -0.4998707 -0.786157 0.4194374 -0.4539046 -0.9659359 0 -0.2587815 -0.8529682 -0.1728942 -0.4924965 -0.8416464 0.2356086 -0.4859217 -0.4440957 0.8584988 -0.256435 -0.8041577 -0.3711979 -0.4642655 -0.8615435 0.1016667 -0.4973999 -1.02004e-4 0 -1 -8.21826e-5 -0.06323498 -0.9979987 -0.6693748 0.6345078 -0.3864418 -0.6964638 -0.1728906 -0.6964532 -0.6565968 -0.3711795 -0.656587 -0.6872017 0.2356113 -0.6871981 -0.7034464 0.1016645 -0.7034398 -0.4526019 -0.4248043 -0.7840235 -0.2448053 -0.3247452 -0.9135704 -0.4729211 -0.3247154 -0.8190884 -0.5465286 0.6345093 -0.5465387 -0.6401234 -0.4248383 -0.6401208 -0.7069129 -0.02353692 -0.7069088 -0.6419035 0.4194234 -0.6419065 -0.3625866 0.8585278 -0.3625756 -0.4924983 -0.1728944 -0.8529672 -0.4539069 0.4194412 -0.7861537 -0.4859257 0.2356081 -0.8416442 -0.9659345 0 0.2587868 -0.2564412 0.8584921 -0.4441049 -0.4642655 -0.3711996 -0.804157 -0.4974045 0.1016668 -0.8615409 -0.4729178 -0.3247128 0.8190913 -0.3864326 0.6345091 -0.6693788 -0.4998635 -0.02352845 -0.8657846 -0.7071167 0 -0.7070969 -0.2402821 -0.3712154 -0.896919 -0.2343026 -0.4247717 -0.8744549 -0.2574888 0.1016839 -0.9609162 -0.2587226 -0.02352321 -0.9656652 -0.2000325 0.6345196 -0.7465735 -0.2349677 0.419461 -0.8768367 -0.258796 0 -0.9659321 -0.2548951 -0.1729147 -0.9513827 -0.2515378 0.2355862 -0.9387374 -0.1326677 0.8584907 -0.4953718 0.4889013 -0.2091906 -0.8468853 0.2530172 -0.209191 -0.9445747 0.6914622 -0.2091551 -0.6914725 0.8468834 -0.2091907 -0.4889045 0.9445733 -0.2091908 -0.253023 0.9778719 -0.2092047 0 0.9445725 -0.2091905 0.2530263 0.8468823 -0.2091904 0.4889069 0.6914604 -0.2091547 0.6914744 0.4888994 -0.20919 0.8468867 0.2530168 -0.2091909 0.9445749 0 -0.2092066 0.9778715 -0.253017 -0.209191 0.9445748 -0.4889004 -0.2091903 0.846886 -0.6914646 -0.2091554 0.69147 -0.846884 -0.2091907 0.4889038 -0.9445725 -0.2091905 0.2530263 -0.9778719 -0.2092047 -1.07723e-6 -0.9445726 -0.2091905 -0.2530254 -0.8468823 -0.2091904 -0.4889069 -0.6914604 -0.2091547 -0.6914744 -0.4889094 -0.2091805 -0.8468832 -0.2530088 -0.2091928 -0.9445766 0 -0.2092066 -0.9778715 -0.2001703 -0.6341649 0.7468379 0 -0.8577505 0.5140663 0 -0.634181 0.7731847 0 0.4250138 0.905187 -0.2402859 0.3712357 0.8969097 0 0.3712286 0.9285416 0 0.02348685 0.9997242 -0.2574536 -0.1016854 0.9609255 0 -0.1016695 0.9948183 -0.2349655 -0.4193022 0.8769133 0 -0.4193078 0.9078441 -0.6687948 0.3247151 0.6687853 -0.4526047 0.4250118 0.7839095 -0.4729467 0.3247112 0.8190752 -0.2549265 0.1727654 0.9514015 0 0.1727582 0.9849643 -0.2515359 -0.2354757 0.9387657 0 -0.2354575 0.9718847 -0.1330084 -0.857743 0.4965741 0 -1 0 -0.4998759 0.02349746 0.8657783 -0.2587298 0.02349305 0.965664 -0.4538941 -0.4193217 0.7862249 -0.2570675 -0.8577323 0.4452096 -0.4642565 0.3712441 0.8041416 -0.4859139 -0.2354731 0.8416889 -0.3866281 -0.6341709 0.6695865 -0.2342864 0.4249973 0.8743496 -0.4973838 -0.1016829 0.8615509 -0.2582625 0.06332963 0.9639968 -0.5000239 6.81165e-5 0.8660117 -0.4989832 0.06334632 0.8642935 -0.7034397 -0.1016679 0.7034461 -0.6419391 -0.4193232 0.6419365 -0.7071059 7.99094e-5 0.7071077 -0.7056871 0.06336057 0.705685 -0.4924905 0.1727499 0.8530009 -0.7069117 0.02351486 0.7069109 -0.6872276 -0.235473 0.6872196 -0.3634929 -0.8577516 0.3635041 -0.6565744 0.3712458 0.656572 -0.5467325 -0.6341739 0.546724 -0.8530009 0.1727499 0.4924905 -0.6964802 0.1727381 0.6964746 -0.8615491 -0.1016829 0.497387 -0.4452124 -0.8577339 0.2570576 -0.7839128 0.4250118 0.4525991 -0.6400701 0.4250202 0.6400532 -0.8657745 0.02349758 0.4998826 -0.6695867 -0.634167 0.3866342 -0.8642943 0.06334757 0.4989815 -0.7862249 -0.4193244 0.4538915 -0.9514002 0.1727678 0.2549297 -0.9387652 -0.2354763 0.2515372 -0.8416938 -0.2354732 0.4859052 -0.4965808 -0.8577423 0.1329877 -0.8041431 0.3712409 0.4642567 -0.9609257 -0.1016849 0.2574531 -0.8743534 0.4249932 0.2342794 -0.9656618 0.02349388 0.2587381 -0.8769114 -0.4193028 0.2349718 -0.8660104 6.81097e-5 0.5000262 -0.9639967 0.06333082 0.2582626 -0.9051873 0.4250129 0 -0.896911 0.3712355 0.2402808 -0.9997242 0.02348673 0 -0.7731868 -0.6341784 0 -0.7468337 -0.6341637 0.2001893 -1 5.64114e-5 -6.31519e-7 -0.9979922 0.06333631 -3.14713e-7 -0.907846 -0.419304 0 -0.5140659 -0.8577507 0 -0.9849646 0.1727567 0 -0.9948183 -0.1016696 0 -0.4965808 -0.8577423 -0.1329877 -0.896911 0.3712355 -0.2402809 -0.9285394 0.3712338 0 -0.9387652 -0.2354763 -0.2515372 -0.9718848 -0.2354569 0 -0.7468337 -0.6341637 -0.2001893 -0.9609257 -0.1016849 -0.2574531 -0.8769114 -0.4193028 -0.2349718 -0.9639969 0.06333076 -0.2582619 -0.9514002 0.1727678 -0.2549297 -0.8660122 6.81076e-5 -0.500023 -0.8642939 0.06334733 -0.4989823 -0.8657745 0.02349758 -0.4998825 -0.9656618 0.02349388 -0.2587381 -0.7862249 -0.4193244 -0.4538915 -0.4452124 -0.8577339 -0.2570576 -0.804143 0.3712408 -0.4642567 -0.8416938 -0.2354733 -0.4859052 -0.6695867 -0.634167 -0.3866342 -0.8743534 0.4249932 -0.2342794 -0.8615491 -0.1016829 -0.497387 -0.5467325 -0.6341739 -0.546724 -0.7839128 0.4250118 -0.4525991 -0.6565743 0.3712457 -0.656572 -0.7034397 -0.1016679 -0.7034461 -0.6419391 -0.4193232 -0.6419364 -0.7071076 7.99007e-5 -0.7071061 -0.7056859 0.06336045 -0.7056862 -0.8530009 0.17275 -0.4924905 -0.7069117 0.02351486 -0.7069109 -0.6872276 -0.235473 -0.6872196 -0.3634945 -0.8577576 -0.3634881 -0.2570686 -0.857736 -0.4452021 -0.4924905 0.1727499 -0.8530009 -0.6964802 0.1727381 -0.6964746 -0.4973838 -0.1016829 -0.8615509 -0.4526047 0.4250118 -0.7839095 -0.6400701 0.4250202 -0.6400532 -0.4998759 0.02349746 -0.8657783 -0.3866281 -0.6341709 -0.6695865 -0.4989835 0.06334632 -0.8642932 -0.4538941 -0.4193217 -0.7862249 -0.2349655 -0.4193022 -0.8769133 -0.5000251 6.81062e-5 -0.8660109 -0.2582628 0.06332957 -0.9639968 -0.2549265 0.1727654 -0.9514015 -0.2515359 -0.2354757 -0.9387657 -0.4859139 -0.2354731 -0.8416888 -0.1330079 -0.8577388 -0.4965813 -0.4642565 0.3712441 -0.8041416 -0.2574536 -0.1016854 -0.9609255 -0.2342863 0.4249973 -0.8743496 -0.2587298 0.02349305 -0.965664 -0.2001703 -0.6341649 -0.7468379 0 -0.8577505 -0.5140663 0 0.4250137 -0.905187 -0.2402859 0.3712357 -0.8969095 0 0.02348685 -0.9997242 0 -0.634181 -0.7731847 0 5.65039e-5 -1 0 0.06333631 -0.9979922 0 -0.4193078 -0.9078442 0 0.1727582 -0.9849643 0 -0.1016695 -0.9948183 0.2515359 -0.2354757 -0.9387657 0 -0.2354575 -0.9718847 0.6687948 0.3247151 -0.6687852 0.7839128 0.4250118 -0.4525991 0.6400701 0.4250202 -0.6400532 0.1330084 -0.857743 -0.4965741 0.2402859 0.3712356 -0.8969097 0 0.3712286 -0.9285416 -0.9457989 0.3247532 -6.31901e-7 -0.9135836 0.3247385 0.244765 0.2001703 -0.6341649 -0.7468379 0.2574536 -0.1016854 -0.9609255 0.2349655 -0.4193022 -0.8769133 0.2582631 0.06332981 -0.9639967 0.2549265 0.1727654 -0.9514015 0.3866281 -0.6341709 -0.6695865 0.5000239 6.81165e-5 -0.8660117 0.4989839 0.06334656 -0.864293 0.4998759 0.02349746 -0.8657783 0.2587298 0.02349305 -0.965664 0.4538941 -0.4193217 -0.7862249 0.9457988 0.3247532 0 0.8743534 0.4249932 0.2342794 0.9051873 0.4250128 0 0.2570675 -0.8577323 -0.4452096 0.4642565 0.3712441 -0.8041416 0.4859139 -0.2354731 -0.8416889 0.2342864 0.4249973 -0.8743496 0.4973838 -0.1016829 -0.8615509 0.6872276 -0.235473 -0.6872196 -0.8190754 0.32471 0.4729472 0.5467325 -0.6341739 -0.546724 0.4526047 0.4250118 -0.7839094 0.6565744 0.3712457 -0.656572 0.7034397 -0.1016679 -0.7034461 0.6419391 -0.4193232 -0.6419365 0.7071059 7.99094e-5 -0.7071077 0.7056862 0.06336045 -0.7056859 0.4924905 0.1727499 -0.8530009 0.7069117 0.02351486 -0.7069109 -0.6687948 0.3247151 -0.6687852 -0.8190749 0.3247098 -0.4729481 0.3634929 -0.8577516 -0.3635041 0.7862249 -0.4193244 -0.4538915 3.14759e-7 0.3247516 0.9457994 0.4452124 -0.857734 -0.2570576 0.8530009 0.1727499 -0.4924905 0.6964802 0.1727381 -0.6964746 0.8615491 -0.1016829 -0.497387 0.8743535 0.4249933 -0.2342794 0.9135833 0.3247383 -0.2447661 0.8657745 0.02349758 -0.4998826 0.6695867 -0.634167 -0.3866342 0.8642936 0.06334739 -0.4989826 0.9656618 0.02349388 -0.2587381 0.8769114 -0.4193028 -0.2349718 0.8660104 6.81097e-5 -0.5000262 0.9639967 0.06333082 -0.2582626 0.9514002 0.1727678 -0.2549297 0.9387652 -0.2354763 -0.2515372 0.8416938 -0.2354732 -0.4859052 0.8642939 0.06334739 0.4989823 0.7071076 7.99007e-5 0.7071061 0.7056859 0.06336045 0.7056862 0.4965808 -0.8577423 -0.1329877 0.8041431 0.3712409 -0.4642567 0.9609257 -0.1016849 -0.2574531 -0.2447707 0.3247405 -0.9135814 -0.4729467 0.3247112 -0.8190752 0.9948183 -0.1016696 0 0.7468337 -0.6341637 -0.2001893 0.5140659 -0.8577507 0 0.896911 0.3712355 -0.2402808 0.9997242 0.02348673 0 0.7731868 -0.6341784 0 1 5.64114e-5 6.31519e-7 0.9639969 0.06333076 0.2582619 0.9979922 0.06333631 3.14713e-7 0.907846 -0.419304 0 0.6687948 0.3247151 0.6687852 0.7839127 0.4250118 0.4525991 0.8190749 0.3247098 0.4729481 0.9849646 0.1727567 0 0.9514002 0.1727678 0.2549297 0.9387652 -0.2354763 0.2515372 0.9718848 -0.2354569 0 0 0.3247523 -0.9457991 0.4965808 -0.8577423 0.1329877 0.896911 0.3712355 0.2402809 0.9285394 0.3712338 0 0.5000251 6.81062e-5 0.8660109 0.2582628 0.06332957 0.9639968 0.4989835 0.06334632 0.8642932 0.7468337 -0.6341637 0.2001893 0.9609257 -0.1016849 0.2574531 0.8769114 -0.4193028 0.2349718 0.9135836 0.3247385 0.244765 0.9656619 0.02349388 0.2587381 0.8615491 -0.1016829 0.497387 0.6695867 -0.634167 0.3866342 0.8660122 6.81076e-5 0.500023 0.8657745 0.02349758 0.4998825 0.7862249 -0.4193244 0.4538915 0.8190749 0.3247097 -0.4729481 0.4452124 -0.8577339 0.2570576 0.804143 0.3712408 0.4642567 0.8416938 -0.2354733 0.4859052 0 5.65039e-5 1 0 0.06333631 0.9979922 0.6565743 0.3712458 0.656572 0.8530009 0.1727499 0.4924905 0.6872276 -0.235473 0.6872196 0.2447707 0.3247405 0.9135814 0.4526047 0.4250118 0.7839095 0.4729467 0.3247112 0.8190752 0.5467325 -0.6341739 0.546724 0.7034397 -0.1016679 0.7034461 0.6419391 -0.4193232 0.6419364 0.6400701 0.4250202 0.6400533 0.7069117 0.02351486 0.7069109 0.3634945 -0.8577576 0.3634881 0.4924905 0.1727499 0.8530009 0.6964802 0.1727381 0.6964746 0.4538941 -0.4193217 0.7862249 0.2570686 -0.857736 0.4452021 0.4973838 -0.1016829 0.8615509 0.2447693 0.3247395 -0.9135822 0.4998759 0.02349746 0.8657783 0.3866281 -0.6341709 0.6695865 0.2342863 0.4249973 0.8743496 0.4642567 0.3712441 0.8041417 0.2587298 0.02349305 0.965664 0.2349655 -0.4193022 0.8769133 0.2549265 0.1727654 0.9514015 0.2515359 -0.2354757 0.9387657 0.4859139 -0.2354731 0.8416888 0.1330079 -0.8577388 0.4965813 0.2574536 -0.1016854 0.9609255 -0.9135837 0.3247384 -0.244765 0.2402859 0.3712357 0.8969097 0.2001703 -0.6341649 0.7468379 0.4729456 0.3247103 -0.8190762 -0.2447702 0.3247396 0.9135819 -0.4888839 0.2091692 0.8469008 -0.2530431 0.2091664 0.9445732 -0.691467 0.2091541 0.691468 -0.8469004 0.2091671 0.4888854 -0.9445744 0.209166 0.2530393 -0.9778854 0.2091418 -2.23076e-6 -0.9445741 0.2091659 -0.2530407 -0.8468984 0.2091664 -0.488889 -0.6914654 0.2091535 -0.6914699 -0.4888839 0.2091692 -0.8469008 -0.253043 0.2091666 -0.9445732 0 0.2091382 -0.9778862 0.2530425 0.2091658 -0.9445737 0.4888837 0.2091684 -0.8469011 0.6914654 0.2091535 -0.6914698 0.8468982 0.2091662 -0.4888897 0.9445738 0.2091658 -0.2530419 0.9778853 0.2091418 0 0.9445744 0.209166 0.2530393 0.8468984 0.2091664 0.488889 0.6914654 0.2091535 0.6914699 0.4888839 0.2091692 0.8469008 0.253043 0.2091666 0.9445732 -1.54914e-7 0.2091383 0.9778861 -0.258813 5.45774e-5 0.9659275 -0.9659275 5.45096e-5 0.2588129 -0.9659278 5.45097e-5 -0.2588117 -0.258813 5.4582e-5 -0.9659275 0.258813 5.45774e-5 -0.9659275 0.9659275 5.45096e-5 -0.2588129 0.9659278 5.45097e-5 0.2588117 0.258813 5.4582e-5 0.9659275</float_array>
          <technique_common>
            <accessor source="#bulb_Сфера_001-mesh-normals-array" count="626" stride="3">
              <param name="X" type="float"/>
              <param name="Y" type="float"/>
              <param name="Z" type="float"/>
            </accessor>
          </technique_common>
        </source>
        <source id="bulb_Сфера_001-mesh-map-0">
          <float_array id="bulb_Сфера_001-mesh-map-0-array" count="7200">0.06843 0.18616 0.03237199 0.181767 0.06632 0.172899 0.268399 0.1731179 0.303112 0.146696 0.303746 0.1714259 0.18151 0.1779209 0.206843 0.151131 0.2087219 0.176225 0.108016 0.1831099 0.06632 0.172899 0.105515 0.164597 0.303088 0.121638 0.338594 0.09818297 0.337342 0.122354 0.237247 0.174632 0.206843 0.151131 0.235751 0.149124 0.148281 0.180181 0.105515 0.164597 0.145822 0.157976 0.03364396 0.18884 0.001633942 0.191276 0.03237199 0.181767 0.237247 0.174632 0.267329 0.147724 0.268399 0.1731179 0.148281 0.180181 0.179318 0.153766 0.18151 0.1779209 0.235751 0.149124 0.20432 0.125494 0.234106 0.123062 0.105515 0.164597 0.141665 0.135491 0.145822 0.157976 0.03237199 0.181767 0.001633942 0.191276 0.02967995 0.175011 0.235751 0.149124 0.266558 0.121849 0.267329 0.147724 0.179318 0.153766 0.141665 0.135491 0.175981 0.129149 0.06632 0.172899 0.02967995 0.175011 0.06211298 0.159907 0.267329 0.147724 0.303088 0.121638 0.303112 0.146696 0.179318 0.153766 0.20432 0.125494 0.206843 0.151131 0.06632 0.172899 0.100876 0.146094 0.105515 0.164597 0.422006 0.1259199 0.494334 0.1483 0.421515 0.147276 0.175981 0.129149 0.2011049 0.09881401 0.20432 0.125494 0.100876 0.146094 0.05570197 0.147318 0.09389698 0.127496 0.423016 0.104638 0.494923 0.1282899 0.422006 0.1259199 0.234106 0.123062 0.2011049 0.09881401 0.232363 0.09598696 0.100876 0.146094 0.13561 0.112386 0.141665 0.135491 0.02967995 0.175011 0.001633942 0.191276 0.02557599 0.168792 0.266558 0.121849 0.232363 0.09598696 0.266218 0.09515297 0.175981 0.129149 0.13561 0.112386 0.171366 0.103605 0.02967995 0.175011 0.05570197 0.147318 0.06211298 0.159907 0.266558 0.121849 0.303839 0.096098 0.303088 0.121638 0.232363 0.09598696 0.266581 0.06722199 0.266218 0.09515297 0.13561 0.112386 0.165278 0.07657498 0.171366 0.103605 0.05570197 0.147318 0.02007496 0.163359 0.04690396 0.1353279 0.303839 0.096098 0.266581 0.06722199 0.305664 0.06994098 0.2011049 0.09881401 0.165278 0.07657498 0.197152 0.07047098 0.05570197 0.147318 0.08424395 0.108722 0.09389698 0.127496 0.424534 0.08354097 0.495845 0.108222 0.423016 0.104638 0.2011049 0.09881401 0.230652 0.06731599 0.232363 0.09598696 0.13561 0.112386 0.08424395 0.108722 0.1273339 0.088283 0.02557599 0.168792 0.001633942 0.191276 0.02007496 0.163359 0.197152 0.07047098 0.229205 0.03625196 0.230652 0.06731599 0.1273339 0.088283 0.07140296 0.08973699 0.116329 0.06274896 0.02007496 0.163359 0.001633942 0.191276 0.01321196 0.159009 0.266581 0.06722199 0.229205 0.03625196 0.26814 0.03750497 0.1273339 0.088283 0.157394 0.04734998 0.165278 0.07657498 0.02007496 0.163359 0.03546398 0.124231 0.04690396 0.1353279 0.305664 0.06994098 0.26814 0.03750497 0.309059 0.04308998 0.197152 0.07047098 0.157394 0.04734998 0.192394 0.03963798 0.08424395 0.108722 0.03546398 0.124231 0.07140296 0.08973699 0.42651 0.06277298 0.497053 0.08811599 0.424534 0.08354097 0.309059 0.04308998 0.27188 0.005121946 0.314793 0.01563799 0.192394 0.03963798 0.147238 0.01500397 0.18676 0.005167961 0.03546398 0.124231 0.05469197 0.07058095 0.07140296 0.08973699 0.428857 0.04246699 0.498469 0.06799 0.42651 0.06277298 0.192394 0.03963798 0.2284629 0.001633942 0.229205 0.03625196 0.07140296 0.08973699 0.101876 0.03530895 0.116329 0.06274896 0.01321196 0.159009 0.001633942 0.191276 0.005100965 0.156105 0.26814 0.03750497 0.2284629 0.001633942 0.27188 0.005121946 0.157394 0.04734998 0.101876 0.03530895 0.147238 0.01500397 0.01321196 0.159009 0.02112197 0.114485 0.03546398 0.124231 0.01018399 0.569676 0.001633942 0.534903 0.01795196 0.565381 0.248714 0.683069 0.280664 0.646594 0.286912 0.67518 0.126511 0.671342 0.176873 0.650946 0.172506 0.682719 0.03366196 0.608865 0.01795196 0.565381 0.04613298 0.596575 0.286912 0.67518 0.317414 0.638407 0.323988 0.663119 0.172506 0.682719 0.210719 0.653128 0.210451 0.685621 0.07489997 0.645992 0.04613298 0.596575 0.08761596 0.62435 0.429107 0.61593 0.499975 0.629261 0.43178 0.635375 0.248714 0.683069 0.210719 0.653128 0.245181 0.651632 0.126511 0.671342 0.08761596 0.62435 0.135511 0.642821 0.426704 0.595884 0.498312 0.609949 0.429107 0.61593 0.245181 0.651632 0.210967 0.623665 0.242869 0.622681 0.08761596 0.62435 0.141843 0.616586 0.135511 0.642821 0.01795196 0.565381 0.001633942 0.534903 0.02413696 0.5599 0.245181 0.651632 0.276468 0.619296 0.280664 0.646594 0.176873 0.650946 0.141843 0.616586 0.179915 0.62217 0.04613298 0.596575 0.02413696 0.5599 0.05550795 0.583573 0.280664 0.646594 0.312665 0.613505 0.317414 0.638407 0.176873 0.650946 0.210967 0.623665 0.210719 0.653128 0.04613298 0.596575 0.09677898 0.603613 0.08761596 0.62435 0.02413696 0.5599 0.06217294 0.570223 0.05550795 0.583573 0.276468 0.619296 0.30922 0.588737 0.312665 0.613505 0.179915 0.62217 0.211028 0.596244 0.210967 0.623665 0.09677898 0.603613 0.06217294 0.570223 0.103048 0.58366 0.424699 0.575388 0.496844 0.590557 0.426704 0.595884 0.242869 0.622681 0.211028 0.596244 0.241228 0.595395 0.09677898 0.603613 0.146042 0.59205 0.141843 0.616586 0.02413696 0.5599 0.001633942 0.534903 0.02876299 0.553601 0.276468 0.619296 0.241228 0.595395 0.273543 0.592955 0.179915 0.62217 0.146042 0.59205 0.181848 0.595473 0.02876299 0.553601 0.001633942 0.534903 0.03186398 0.546775 0.241228 0.595395 0.271395 0.567269 0.273543 0.592955 0.146042 0.59205 0.182748 0.570152 0.181848 0.595473 0.06217294 0.570223 0.03186398 0.546775 0.06642895 0.556728 0.30922 0.588737 0.271395 0.567269 0.306721 0.564129 0.211028 0.596244 0.182748 0.570152 0.2107419 0.570153 0.06217294 0.570223 0.106859 0.564308 0.103048 0.58366 0.423153 0.554556 0.495645 0.571055 0.424699 0.575388 0.211028 0.596244 0.23988 0.569193 0.241228 0.595395 0.146042 0.59205 0.106859 0.564308 0.148418 0.568684 0.106859 0.564308 0.06847697 0.543217 0.108472 0.545385 0.422097 0.533481 0.494771 0.551436 0.423153 0.554556 0.2107419 0.570153 0.238599 0.543613 0.23988 0.569193 0.148418 0.568684 0.108472 0.545385 0.14914 0.546059 0.03186398 0.546775 0.001633942 0.534903 0.03347998 0.53966 0.271395 0.567269 0.238599 0.543613 0.269732 0.541958 0.148418 0.568684 0.182639 0.545663 0.182748 0.570152 0.03186398 0.546775 0.06847697 0.543217 0.06642895 0.556728 0.306721 0.564129 0.269732 0.541958 0.304937 0.539608 0.2107419 0.570153 0.182639 0.545663 0.21 0.544842 0.03347998 0.53966 0.06842696 0.529788 0.06847697 0.543217 0.304937 0.539608 0.268397 0.516746 0.303746 0.515053 0.21 0.544842 0.181511 0.521549 0.208721 0.519853 0.06847697 0.543217 0.108017 0.526737 0.108472 0.545385 0.421546 0.51224 0.494252 0.531701 0.422097 0.533481 0.21 0.544842 0.237244 0.51826 0.238599 0.543613 0.108472 0.545385 0.148281 0.523809 0.14914 0.546059 0.03347998 0.53966 0.001633942 0.534903 0.03364294 0.532468 0.269732 0.541958 0.237244 0.51826 0.268397 0.516746 0.182639 0.545663 0.148281 0.523809 0.181511 0.521549 0.148281 0.523809 0.105514 0.508225 0.145821 0.501604 0.338592 0.441811 0.305664 0.413568 0.340906 0.417493 0.03364294 0.532468 0.001633942 0.534903 0.03237098 0.525394 0.237244 0.51826 0.267327 0.491352 0.268397 0.516746 0.148281 0.523809 0.1793169 0.497394 0.181511 0.521549 0.309059 0.04308998 0.349955 0.02560597 0.344574 0.04955798 0.06842696 0.529788 0.03237098 0.525394 0.06631898 0.516526 0.268397 0.516746 0.303109 0.490323 0.303746 0.515053 0.181511 0.521549 0.206843 0.494759 0.208721 0.519853 0.108017 0.526737 0.06631898 0.516526 0.105514 0.508225 0.421514 0.490903 0.494107 0.511861 0.421546 0.51224 0.237244 0.51826 0.206843 0.494759 0.2357479 0.492752 0.06631898 0.516526 0.100873 0.489722 0.105514 0.508225 0.422003 0.469548 0.494333 0.491928 0.421514 0.490903 0.2357479 0.492752 0.204319 0.469121 0.234105 0.46669 0.105514 0.508225 0.141664 0.479119 0.145821 0.501604 0.35602 0.30956 0.317415 0.29478 0.350242 0.286986 0.03237098 0.525394 0.001633942 0.534903 0.029679 0.518639 0.2357479 0.492752 0.266557 0.465476 0.267327 0.491352 0.1793169 0.497394 0.141664 0.479119 0.175977 0.472777 0.356019 0.653187 0.317414 0.638407 0.350238 0.630614 0.06631898 0.516526 0.029679 0.518639 0.06211298 0.503534 0.267327 0.491352 0.303086 0.465266 0.303109 0.490323 0.1793169 0.497394 0.204319 0.469121 0.206843 0.494759 0.175977 0.472777 0.13561 0.456014 0.171364 0.447232 0.305664 0.06994098 0.344574 0.04955798 0.340908 0.07386499 0.029679 0.518639 0.05570197 0.490946 0.06211298 0.503534 0.266557 0.465476 0.303837 0.439726 0.303086 0.465266 0.175977 0.472777 0.201103 0.442441 0.204319 0.469121 0.100873 0.489722 0.05570197 0.490946 0.093894 0.471124 0.423016 0.448265 0.494922 0.471918 0.422003 0.469548 0.234105 0.46669 0.201103 0.442441 0.232363 0.439614 0.100873 0.489722 0.13561 0.456014 0.141664 0.479119 0.312665 0.613505 0.342418 0.584356 0.345778 0.60762 0.029679 0.518639 0.001633942 0.534903 0.02557396 0.51242 0.266557 0.465476 0.232363 0.439614 0.266216 0.438781 0.13561 0.456014 0.08424198 0.45235 0.127332 0.431911 0.337273 0.170132 0.303112 0.146696 0.336944 0.146334 0.02557396 0.51242 0.001633942 0.534903 0.02007395 0.506986 0.232363 0.439614 0.266579 0.410849 0.266216 0.438781 0.13561 0.456014 0.165276 0.420203 0.171364 0.447232 0.309057 0.386717 0.349953 0.369234 0.344573 0.393184 0.05570197 0.490946 0.02007395 0.506986 0.04690295 0.478956 0.303837 0.439726 0.266579 0.410849 0.305664 0.413568 0.201103 0.442441 0.165276 0.420203 0.197151 0.414098 0.05570197 0.490946 0.08424198 0.45235 0.093894 0.471124 0.424531 0.427169 0.495845 0.451849 0.423016 0.448265 0.201103 0.442441 0.230651 0.410944 0.232363 0.439614 0.197151 0.414098 0.157392 0.390977 0.192394 0.383266 0.08424198 0.45235 0.03546398 0.467859 0.071401 0.433365 0.426508 0.406401 0.497051 0.431743 0.424531 0.427169 0.197151 0.414098 0.2292039 0.37988 0.230651 0.410944 0.127332 0.431911 0.071401 0.433365 0.116328 0.406377 0.4247 0.23176 0.496845 0.246929 0.426705 0.252257 0.02007395 0.506986 0.001633942 0.534903 0.01321095 0.502637 0.266579 0.410849 0.2292039 0.37988 0.268139 0.381133 0.127332 0.431911 0.157392 0.390977 0.165276 0.420203 0.306721 0.564129 0.338275 0.537409 0.339963 0.560938 0.02007395 0.506986 0.03546398 0.467859 0.04690295 0.478956 0.305664 0.413568 0.268139 0.381133 0.309057 0.386717 0.157392 0.390977 0.101874 0.378937 0.147237 0.358631 0.342418 0.584356 0.306721 0.564129 0.339963 0.560938 0.01321095 0.502637 0.02112096 0.458112 0.03546398 0.467859 0.309057 0.386717 0.271879 0.348749 0.314792 0.359265 0.192394 0.383266 0.147237 0.358631 0.186756 0.348796 0.03546398 0.467859 0.05469197 0.414209 0.071401 0.433365 0.429108 0.272302 0.499978 0.285633 0.43178 0.291747 0.192394 0.383266 0.228462 0.345261 0.2292039 0.37988 0.071401 0.433365 0.101874 0.378937 0.116328 0.406377 0.312665 0.269878 0.342419 0.240728 0.34578 0.263992 0.01321095 0.502637 0.001633942 0.534903 0.005099952 0.499732 0.268139 0.381133 0.228462 0.345261 0.271879 0.348749 0.248714 0.339442 0.210719 0.3095 0.245182 0.308004 0.12651 0.327714 0.08761698 0.280723 0.13551 0.299193 0.337272 0.51376 0.303109 0.490323 0.336943 0.489962 0.01018399 0.2260479 0.001633942 0.191276 0.01795297 0.221753 0.248714 0.339442 0.280665 0.302966 0.286914 0.331553 0.12651 0.327714 0.1768749 0.307318 0.172508 0.339091 0.422099 0.189854 0.494773 0.207808 0.423153 0.210929 0.03366297 0.265237 0.01795297 0.221753 0.04613596 0.252947 0.286914 0.331553 0.317415 0.29478 0.32399 0.319492 0.172508 0.339091 0.210719 0.3095 0.210451 0.341993 0.07489997 0.302364 0.04613596 0.252947 0.08761698 0.280723 0.350242 0.286986 0.312665 0.269878 0.34578 0.263992 0.1768749 0.307318 0.210968 0.280038 0.210719 0.3095 0.04613596 0.252947 0.09678 0.259986 0.08761698 0.280723 0.426705 0.252257 0.498314 0.266322 0.429108 0.272302 0.245182 0.308004 0.210968 0.280038 0.242871 0.279054 0.08761698 0.280723 0.141845 0.272959 0.13551 0.299193 0.305664 0.413568 0.344573 0.393184 0.340906 0.417493 0.01795297 0.221753 0.001633942 0.191276 0.02413797 0.2162719 0.245182 0.308004 0.276468 0.275669 0.280665 0.302966 0.1768749 0.307318 0.141845 0.272959 0.179917 0.278543 0.421515 0.147276 0.494107 0.168233 0.421547 0.168612 0.04613596 0.252947 0.02413797 0.2162719 0.055507 0.2399449 0.280665 0.302966 0.312665 0.269878 0.317415 0.29478 0.276468 0.275669 0.241227 0.251768 0.273542 0.249327 0.179917 0.278543 0.146044 0.248422 0.181848 0.251846 0.306722 0.220502 0.338276 0.193781 0.339965 0.217311 0.02413797 0.2162719 0.06217396 0.2265959 0.055507 0.2399449 0.276468 0.275669 0.309221 0.245109 0.312665 0.269878 0.179917 0.278543 0.211028 0.252617 0.210968 0.280038 0.09678 0.259986 0.06217396 0.2265959 0.10305 0.240032 0.342419 0.240728 0.306722 0.220502 0.339965 0.217311 0.242871 0.279054 0.211028 0.252617 0.241227 0.251768 0.09678 0.259986 0.146044 0.248422 0.141845 0.272959 0.338594 0.09818297 0.305664 0.06994098 0.340908 0.07386499 0.02413797 0.2162719 0.001633942 0.191276 0.02876299 0.209973 0.211028 0.252617 0.239882 0.225565 0.241227 0.251768 0.146044 0.248422 0.106859 0.2206799 0.14842 0.2250559 0.428855 0.386094 0.498465 0.411618 0.426508 0.406401 0.02876299 0.209973 0.001633942 0.191276 0.03186696 0.203146 0.241227 0.251768 0.271396 0.223642 0.273542 0.249327 0.146044 0.248422 0.182749 0.226525 0.181848 0.251846 0.336943 0.489962 0.303086 0.465266 0.33734 0.465982 0.06217396 0.2265959 0.03186696 0.203146 0.06643098 0.213101 0.309221 0.245109 0.271396 0.223642 0.306722 0.220502 0.211028 0.252617 0.182749 0.226525 0.210744 0.226525 0.06217396 0.2265959 0.106859 0.2206799 0.10305 0.240032 0.423153 0.210929 0.495647 0.227428 0.4247 0.23176 0.306722 0.220502 0.269734 0.1983309 0.304939 0.19598 0.210744 0.226525 0.18264 0.202035 0.210001 0.201215 0.106859 0.2206799 0.06847798 0.199589 0.108472 0.201758 0.421547 0.168612 0.494255 0.1880739 0.422099 0.189854 0.210744 0.226525 0.238599 0.199986 0.239882 0.225565 0.14842 0.2250559 0.108472 0.201758 0.14914 0.202431 0.304939 0.19598 0.337273 0.170132 0.338276 0.193781 0.03186696 0.203146 0.001633942 0.191276 0.03348296 0.196033 0.271396 0.223642 0.238599 0.199986 0.269734 0.1983309 0.14842 0.2250559 0.18264 0.202035 0.182749 0.226525 0.350238 0.630614 0.312665 0.613505 0.345778 0.60762 0.03186696 0.203146 0.06847798 0.199589 0.06643098 0.213101 0.03348296 0.196033 0.001633942 0.191276 0.03364396 0.18884 0.269734 0.1983309 0.237247 0.174632 0.268399 0.1731179 0.18264 0.202035 0.148281 0.180181 0.18151 0.1779209 0.304937 0.539608 0.337272 0.51376 0.338275 0.537409 0.03348296 0.196033 0.06843 0.18616 0.06847798 0.199589 0.304939 0.19598 0.268399 0.1731179 0.303746 0.1714259 0.210001 0.201215 0.18151 0.1779209 0.2087219 0.176225 0.06847798 0.199589 0.108016 0.1831099 0.108472 0.201758 0.210001 0.201215 0.237247 0.174632 0.238599 0.199986 0.108472 0.201758 0.148281 0.180181 0.14914 0.202431 0.303086 0.465266 0.338592 0.441811 0.33734 0.465982 0.336944 0.146334 0.379255 0.12416 0.378742 0.146733 0.378742 0.146733 0.422006 0.1259199 0.421515 0.147276 0.423016 0.104638 0.379255 0.12416 0.380493 0.101609 0.379255 0.12416 0.338594 0.09818297 0.380493 0.101609 0.423016 0.104638 0.382532 0.07921397 0.424534 0.08354097 0.382532 0.07921397 0.338594 0.09818297 0.340908 0.07386499 0.344574 0.04955798 0.382532 0.07921397 0.340908 0.07386499 0.385462 0.05719596 0.424534 0.08354097 0.382532 0.07921397 0.428857 0.04246699 0.385462 0.05719596 0.389389 0.03589695 0.385462 0.05719596 0.349955 0.02560597 0.389389 0.03589695 0.43178 0.635375 0.389554 0.622209 0.429107 0.61593 0.389554 0.622209 0.356019 0.653187 0.350238 0.630614 0.426704 0.595884 0.389554 0.622209 0.38601 0.601088 0.38601 0.601088 0.350238 0.630614 0.345778 0.60762 0.424699 0.575388 0.38601 0.601088 0.383216 0.579459 0.38601 0.601088 0.342418 0.584356 0.383216 0.579459 0.342418 0.584356 0.381121 0.557483 0.383216 0.579459 0.381121 0.557483 0.424699 0.575388 0.383216 0.579459 0.423153 0.554556 0.37969 0.535264 0.422097 0.533481 0.381121 0.557483 0.338275 0.537409 0.37969 0.535264 0.421546 0.51224 0.37969 0.535264 0.378895 0.512872 0.37969 0.535264 0.337272 0.51376 0.378895 0.512872 0.337272 0.51376 0.378742 0.490361 0.378895 0.512872 0.378742 0.490361 0.421546 0.51224 0.378895 0.512872 0.422003 0.469548 0.378742 0.490361 0.379254 0.467788 0.379254 0.467788 0.336943 0.489962 0.33734 0.465982 0.423016 0.448265 0.379254 0.467788 0.380492 0.445236 0.379254 0.467788 0.338592 0.441811 0.380492 0.445236 0.338592 0.441811 0.382531 0.422842 0.380492 0.445236 0.382531 0.422842 0.423016 0.448265 0.380492 0.445236 0.424531 0.427169 0.385462 0.400823 0.426508 0.406401 0.382531 0.422842 0.344573 0.393184 0.385462 0.400823 0.428855 0.386094 0.385462 0.400823 0.389387 0.379524 0.385462 0.400823 0.349953 0.369234 0.389387 0.379524 0.35602 0.30956 0.389554 0.278582 0.393868 0.298987 0.389554 0.278582 0.43178 0.291747 0.393868 0.298987 0.426705 0.252257 0.389554 0.278582 0.386012 0.257461 0.386012 0.257461 0.350242 0.286986 0.34578 0.263992 0.4247 0.23176 0.386012 0.257461 0.383216 0.235832 0.386012 0.257461 0.342419 0.240728 0.383216 0.235832 0.342419 0.240728 0.381123 0.213855 0.383216 0.235832 0.381123 0.213855 0.4247 0.23176 0.383216 0.235832 0.422099 0.189854 0.381123 0.213855 0.379691 0.191636 0.381123 0.213855 0.338276 0.193781 0.379691 0.191636 0.421547 0.168612 0.379691 0.191636 0.378897 0.169244 0.379691 0.191636 0.337273 0.170132 0.378897 0.169244 0.421547 0.168612 0.378742 0.146733 0.421515 0.147276 0.378742 0.146733 0.337273 0.170132 0.336944 0.146334 0.336944 0.146334 0.303088 0.121638 0.337342 0.122354 0.565627 0.512254 0.533582 0.497198 0.56752 0.499469 0.800343 0.511658 0.764528 0.535009 0.765415 0.510356 0.706411 0.507841 0.677572 0.529866 0.679384 0.506332 0.604362 0.52002 0.56752 0.499469 0.606591 0.502072 0.836194 0.58202 0.8003 0.55994 0.83469 0.558765 0.733439 0.533953 0.706411 0.507841 0.734647 0.509129 0.644322 0.526106 0.606591 0.502072 0.646451 0.504484 0.533582 0.497198 0.532448 0.503915 0.503246 0.495213 0.764528 0.535009 0.734647 0.509129 0.765415 0.510356 0.679384 0.506332 0.644322 0.526106 0.646451 0.504484 0.733439 0.533953 0.702686 0.557207 0.704842 0.532304 0.644322 0.526106 0.600064 0.537982 0.604362 0.52002 0.532448 0.503915 0.529961 0.510339 0.503246 0.495213 0.764026 0.560109 0.733439 0.533953 0.764528 0.535009 0.677572 0.529866 0.640537 0.54802 0.644322 0.526106 0.561709 0.524804 0.532448 0.503915 0.565627 0.512254 0.799989 0.535669 0.764026 0.560109 0.764528 0.535009 0.704842 0.532304 0.674655 0.553939 0.677572 0.529866 0.604362 0.52002 0.561709 0.524804 0.565627 0.512254 0.919888 0.534449 0.993497 0.552436 0.92039 0.5548 0.702686 0.557207 0.670437 0.578816 0.674655 0.553939 0.593507 0.55604 0.561709 0.524804 0.600064 0.537982 0.92039 0.5548 0.994339 0.571531 0.921383 0.575062 0.732123 0.559277 0.699881 0.58319 0.702686 0.557207 0.634912 0.570529 0.600064 0.537982 0.640537 0.54802 0.529961 0.510339 0.526108 0.516286 0.503246 0.495213 0.763995 0.585971 0.732123 0.559277 0.764026 0.560109 0.674655 0.553939 0.634912 0.570529 0.640537 0.54802 0.555729 0.536889 0.529961 0.510339 0.561709 0.524804 0.8003 0.55994 0.763995 0.585971 0.764026 0.560109 0.763995 0.585971 0.729469 0.613428 0.730752 0.585585 0.66483 0.60515 0.634912 0.570529 0.670437 0.578816 0.555729 0.536889 0.520951 0.521481 0.526108 0.516286 0.803385 0.609753 0.763995 0.585971 0.801292 0.584561 0.696398 0.610778 0.670437 0.578816 0.699881 0.58319 0.593507 0.55604 0.547385 0.548497 0.555729 0.536889 0.994339 0.571531 0.922844 0.595133 0.921383 0.575062 0.729469 0.613428 0.699881 0.58319 0.730752 0.585585 0.634912 0.570529 0.584365 0.5743 0.593507 0.55604 0.526108 0.516286 0.520951 0.521481 0.503246 0.495213 0.728517 0.643589 0.696398 0.610778 0.729469 0.613428 0.616761 0.61889 0.584365 0.5743 0.627146 0.594014 0.520951 0.521481 0.514498 0.52566 0.503246 0.495213 0.764712 0.612992 0.728517 0.643589 0.729469 0.613428 0.657525 0.633619 0.627146 0.594014 0.66483 0.60515 0.547385 0.548497 0.514498 0.52566 0.520951 0.521481 0.807044 0.635562 0.764712 0.612992 0.803385 0.609753 0.692183 0.640783 0.66483 0.60515 0.696398 0.610778 0.572158 0.592774 0.547385 0.548497 0.584365 0.5743 0.995438 0.590645 0.924776 0.614776 0.922844 0.595133 0.812871 0.661686 0.766666 0.641662 0.807044 0.635562 0.687165 0.674318 0.657525 0.633619 0.692183 0.640783 0.572158 0.592774 0.522874 0.568741 0.536516 0.559259 0.924776 0.614776 0.998104 0.628941 0.927003 0.634043 0.728517 0.643589 0.687165 0.674318 0.692183 0.640783 0.616761 0.61889 0.556242 0.611425 0.572158 0.592774 0.514498 0.52566 0.506854 0.528485 0.503246 0.495213 0.766666 0.641662 0.72832 0.677243 0.728517 0.643589 0.648067 0.665107 0.616761 0.61889 0.657525 0.633619 0.536516 0.559259 0.506854 0.528485 0.514498 0.52566 0.511048 0.117892 0.518479 0.121878 0.503246 0.151041 0.777771 0.03985995 0.746092 0.004061996 0.783946 0.01194196 0.670165 0.004922986 0.633661 0.04433798 0.624642 0.01662999 0.54557 0.091003 0.511048 0.117892 0.533407 0.07931596 0.820962 0.02419996 0.777771 0.03985995 0.783946 0.01194196 0.707946 0.001633942 0.674714 0.03598397 0.670165 0.004922986 0.586298 0.063093 0.533407 0.07931596 0.573731 0.04220294 0.998366 0.05841594 0.927349 0.07110595 0.929866 0.05253195 0.742668 0.03485596 0.707946 0.001633942 0.746092 0.004061996 0.633661 0.04433798 0.573731 0.04220294 0.624642 0.01662999 0.927349 0.07110595 0.995498 0.09532999 0.925093 0.090231 0.742668 0.03485596 0.708816 0.06244695 0.708394 0.03341495 0.633661 0.04433798 0.59542 0.083162 0.586298 0.063093 0.518479 0.121878 0.524431 0.127014 0.503246 0.151041 0.773656 0.06649696 0.742668 0.03485596 0.777771 0.03985995 0.674714 0.03598397 0.640072 0.06982898 0.633661 0.04433798 0.554747 0.1034229 0.518479 0.121878 0.54557 0.091003 0.814447 0.048159 0.773656 0.06649696 0.777771 0.03985995 0.708394 0.03341495 0.677951 0.06386899 0.674714 0.03598397 0.586298 0.063093 0.554747 0.1034229 0.54557 0.091003 0.561449 0.116358 0.524431 0.127014 0.554747 0.1034229 0.809795 0.07229995 0.77083 0.09215998 0.773656 0.06649696 0.708816 0.06244695 0.680009 0.09004598 0.677951 0.06386899 0.60174 0.10253 0.554747 0.1034229 0.59542 0.083162 0.925093 0.090231 0.994402 0.1139129 0.923213 0.109779 0.740459 0.06321901 0.708993 0.08915299 0.708816 0.06244695 0.644389 0.09375298 0.59542 0.083162 0.640072 0.06982898 0.524431 0.127014 0.528895 0.132924 0.503246 0.151041 0.77083 0.09215998 0.740459 0.06321901 0.773656 0.06649696 0.677951 0.06386899 0.644389 0.09375298 0.640072 0.06982898 0.528895 0.132924 0.531929 0.139403 0.503246 0.151041 0.77083 0.09215998 0.737736 0.115407 0.738942 0.08985096 0.681067 0.114798 0.644389 0.09375298 0.680009 0.09004598 0.561449 0.116358 0.531929 0.139403 0.528895 0.132924 0.804112 0.120125 0.77083 0.09215998 0.806455 0.09629195 0.708867 0.1146219 0.680009 0.09004598 0.708993 0.08915299 0.60174 0.10253 0.5657 0.1293179 0.561449 0.116358 0.994402 0.1139129 0.921768 0.129642 0.923213 0.109779 0.737736 0.115407 0.708993 0.08915299 0.738942 0.08985096 0.644389 0.09375298 0.605652 0.121327 0.60174 0.10253 0.60742 0.1397269 0.5657 0.1293179 0.605652 0.121327 0.993602 0.132593 0.920855 0.149745 0.921768 0.129642 0.736636 0.140354 0.708867 0.1146219 0.737736 0.115407 0.64783 0.138626 0.605652 0.121327 0.646915 0.116549 0.531929 0.139403 0.533549 0.146172 0.503246 0.151041 0.768789 0.117167 0.736636 0.140354 0.737736 0.115407 0.681146 0.138713 0.646915 0.116549 0.681067 0.114798 0.5657 0.1293179 0.533549 0.146172 0.531929 0.139403 0.802567 0.143854 0.768789 0.117167 0.804112 0.120125 0.708321 0.139335 0.681067 0.114798 0.708867 0.1146219 0.567822 0.142339 0.533781 0.15303 0.533549 0.146172 0.801172 0.167598 0.767216 0.141786 0.802567 0.143854 0.707291 0.163747 0.681146 0.138713 0.708321 0.139335 0.60742 0.1397269 0.567917 0.155317 0.567822 0.142339 0.920855 0.149745 0.992997 0.170224 0.920384 0.169959 0.736636 0.140354 0.707291 0.163747 0.708321 0.139335 0.64783 0.138626 0.60718 0.157881 0.60742 0.1397269 0.533549 0.146172 0.533781 0.15303 0.503246 0.151041 0.767216 0.141786 0.735535 0.1650519 0.736636 0.140354 0.68023 0.162217 0.64783 0.138626 0.681146 0.138713 0.645081 0.182023 0.60718 0.157881 0.647219 0.1603389 0.837009 0.237817 0.804278 0.265562 0.802159 0.2404029 0.533781 0.15303 0.532642 0.159788 0.503246 0.151041 0.765399 0.190927 0.735535 0.1650519 0.766285 0.166293 0.68023 0.162217 0.645081 0.182023 0.647219 0.1603389 0.847876 0.651359 0.807044 0.635562 0.84249 0.62857 0.566019 0.168164 0.533781 0.15303 0.567917 0.155317 0.801172 0.167598 0.765399 0.190927 0.766285 0.166293 0.707291 0.163747 0.678409 0.185795 0.68023 0.162217 0.604952 0.175925 0.567917 0.155317 0.60718 0.157881 0.992997 0.170224 0.920421 0.1902509 0.920384 0.169959 0.734321 0.189879 0.707291 0.163747 0.735535 0.1650519 0.604952 0.175925 0.56209 0.180782 0.566019 0.168164 0.920421 0.1902509 0.993743 0.208121 0.920948 0.210538 0.734321 0.189879 0.703569 0.213165 0.705714 0.188234 0.645081 0.182023 0.600653 0.193973 0.604952 0.175925 0.852594 0.378192 0.813558 0.391934 0.820087 0.367879 0.532642 0.159788 0.530141 0.166252 0.503246 0.151041 0.764907 0.216011 0.734321 0.189879 0.765399 0.190927 0.678409 0.185795 0.641304 0.203997 0.645081 0.182023 0.853361 0.03448998 0.814447 0.048159 0.820962 0.02419996 0.56209 0.180782 0.532642 0.159788 0.566019 0.168164 0.800822 0.191574 0.764907 0.216011 0.765399 0.190927 0.705714 0.188234 0.675495 0.209919 0.678409 0.185795 0.675495 0.209919 0.635706 0.226555 0.641304 0.203997 0.84249 0.62857 0.803385 0.609753 0.838698 0.605334 0.556089 0.1929399 0.530141 0.166252 0.56209 0.180782 0.801144 0.215813 0.764902 0.241857 0.764907 0.216011 0.703569 0.213165 0.6713 0.234872 0.675495 0.209919 0.594093 0.212124 0.56209 0.180782 0.600653 0.193973 0.920948 0.210538 0.994586 0.227127 0.921973 0.230733 0.733018 0.215207 0.700797 0.239184 0.703569 0.213165 0.635706 0.226555 0.600653 0.193973 0.641304 0.203997 0.839981 0.100691 0.809795 0.07229995 0.843212 0.07823896 0.530141 0.166252 0.526267 0.172239 0.503246 0.151041 0.764902 0.241857 0.733018 0.215207 0.764907 0.216011 0.635706 0.226555 0.584957 0.230495 0.594093 0.212124 0.834495 0.512754 0.799989 0.535669 0.800343 0.511658 0.526267 0.172239 0.521084 0.17747 0.503246 0.151041 0.764902 0.241857 0.730441 0.269352 0.731675 0.241518 0.665742 0.261377 0.635706 0.226555 0.6713 0.234872 0.848804 0.307102 0.807967 0.291338 0.843377 0.2843 0.556089 0.1929399 0.521084 0.17747 0.526267 0.172239 0.804278 0.265562 0.764902 0.241857 0.802159 0.2404029 0.697375 0.266807 0.6713 0.234872 0.700797 0.239184 0.594093 0.212124 0.547712 0.204628 0.556089 0.1929399 0.994586 0.227127 0.923472 0.250734 0.921973 0.230733 0.730441 0.269352 0.700797 0.239184 0.731675 0.241518 0.693281 0.296734 0.665742 0.261377 0.697375 0.266807 0.572713 0.24914 0.547712 0.204628 0.584957 0.230495 0.995689 0.246143 0.925447 0.270313 0.923472 0.250734 0.729559 0.299457 0.697375 0.266807 0.730441 0.269352 0.617649 0.275348 0.584957 0.230495 0.627975 0.250025 0.924574 0.434087 0.994144 0.457844 0.922689 0.453702 0.521084 0.17747 0.514593 0.181682 0.503246 0.151041 0.765654 0.26885 0.729559 0.299457 0.730441 0.269352 0.658643 0.289644 0.627975 0.250025 0.665742 0.261377 0.836118 0.14593 0.804112 0.120125 0.837662 0.123267 0.547712 0.204628 0.514593 0.181682 0.521084 0.17747 0.807967 0.291338 0.765654 0.26885 0.804278 0.265562 0.649379 0.321255 0.617649 0.275348 0.658643 0.289644 0.839981 0.100691 0.804112 0.120125 0.806455 0.09629195 0.536788 0.215476 0.5069 0.184531 0.514593 0.181682 0.813807 0.317438 0.767644 0.297476 0.807967 0.291338 0.688391 0.330219 0.658643 0.289644 0.693281 0.296734 0.572713 0.24914 0.523067 0.225041 0.536788 0.215476 0.998104 0.402144 0.926835 0.414896 0.929354 0.396258 0.729559 0.299457 0.688391 0.330219 0.693281 0.296734 0.617649 0.275348 0.556745 0.26797 0.572713 0.24914 0.839211 0.444601 0.808917 0.416156 0.842437 0.422085 0.514593 0.181682 0.5069 0.184531 0.503246 0.151041 0.767644 0.297476 0.729431 0.333036 0.729559 0.299457 0.741449 0.378752 0.706171 0.345261 0.744804 0.34766 0.632626 0.388998 0.573166 0.387124 0.623545 0.361656 0.83526 0.16869 0.800822 0.191574 0.801172 0.167598 0.511003 0.462289 0.518383 0.466248 0.503246 0.495213 0.776734 0.383657 0.744804 0.34766 0.782911 0.355579 0.668391 0.349807 0.632626 0.388998 0.623545 0.361656 0.993346 0.476595 0.920309 0.49381 0.921234 0.473635 0.545277 0.435578 0.511003 0.462289 0.533197 0.423987 0.820087 0.367879 0.776734 0.383657 0.782911 0.355579 0.706171 0.345261 0.67337 0.380253 0.668391 0.349807 0.585673 0.407812 0.533197 0.423987 0.573166 0.387124 0.846945 0.399874 0.808917 0.416156 0.813558 0.391934 0.707017 0.377643 0.67681 0.408154 0.67337 0.380253 0.585673 0.407812 0.554401 0.447904 0.545277 0.435578 0.926835 0.414896 0.99524 0.439193 0.924574 0.434087 0.741449 0.378752 0.707641 0.406604 0.707017 0.377643 0.632626 0.388998 0.594775 0.427721 0.585673 0.407812 0.843377 0.2843 0.804278 0.265562 0.839546 0.261091 0.518383 0.466248 0.524293 0.471349 0.503246 0.495213 0.772659 0.410396 0.741449 0.378752 0.776734 0.383657 0.67337 0.380253 0.639121 0.414311 0.632626 0.388998 0.99275 0.514376 0.919888 0.534449 0.919875 0.514101 0.554401 0.447904 0.518383 0.466248 0.545277 0.435578 0.813558 0.391934 0.772659 0.410396 0.776734 0.383657 0.769881 0.436127 0.73936 0.407214 0.772659 0.410396 0.67681 0.408154 0.643507 0.438119 0.639121 0.414311 0.835353 0.489947 0.803269 0.464104 0.836892 0.467233 0.561068 0.460751 0.524293 0.471349 0.554401 0.447904 0.808917 0.416156 0.769881 0.436127 0.772659 0.410396 0.707641 0.406604 0.678999 0.434291 0.67681 0.408154 0.601093 0.446962 0.554401 0.447904 0.594775 0.427721 0.839211 0.444601 0.803269 0.464104 0.805594 0.440216 0.73936 0.407214 0.707947 0.433295 0.707641 0.406604 0.643507 0.438119 0.594775 0.427721 0.639121 0.414311 0.836194 0.58202 0.803385 0.609753 0.801292 0.584561 0.524293 0.471349 0.52873 0.47722 0.503246 0.495213 0.736784 0.459469 0.707947 0.433295 0.737931 0.43389 0.643507 0.438119 0.605005 0.465655 0.601093 0.446962 0.925447 0.270313 0.998365 0.284195 0.92776 0.289323 0.52873 0.47722 0.531743 0.483657 0.503246 0.495213 0.769881 0.436127 0.736784 0.459469 0.737931 0.43389 0.680136 0.458999 0.643507 0.438119 0.678999 0.434291 0.835086 0.191546 0.801144 0.215813 0.800822 0.191574 0.561068 0.460751 0.531743 0.483657 0.52873 0.47722 0.803269 0.464104 0.769881 0.436127 0.805594 0.440216 0.707905 0.458751 0.678999 0.434291 0.707947 0.433295 0.601093 0.446962 0.565302 0.473629 0.561068 0.460751 0.994144 0.457844 0.921234 0.473635 0.922689 0.453702 0.801738 0.487876 0.767878 0.461179 0.803269 0.464104 0.707412 0.483449 0.680136 0.458999 0.707905 0.458751 0.606774 0.483969 0.565302 0.473629 0.605005 0.465655 0.920309 0.49381 0.99275 0.514376 0.919875 0.514101 0.735725 0.484428 0.707905 0.458751 0.736784 0.459469 0.647035 0.482833 0.605005 0.465655 0.646086 0.460828 0.834495 0.512754 0.801738 0.487876 0.835353 0.489947 0.531743 0.483657 0.533354 0.490383 0.503246 0.495213 0.767878 0.461179 0.735725 0.484428 0.736784 0.459469 0.680269 0.482869 0.646086 0.460828 0.680136 0.458999 0.847719 0.05609899 0.809795 0.07229995 0.814447 0.048159 0.565302 0.473629 0.533354 0.490383 0.531743 0.483657 0.533354 0.490383 0.533582 0.497198 0.503246 0.495213 0.76633 0.48583 0.734647 0.509129 0.735725 0.484428 0.679384 0.506332 0.647035 0.482833 0.680269 0.482869 0.83526 0.16869 0.802567 0.143854 0.836118 0.14593 0.567414 0.48657 0.533582 0.497198 0.533354 0.490383 0.800343 0.511658 0.76633 0.48583 0.801738 0.487876 0.706411 0.507841 0.680269 0.482869 0.707412 0.483449 0.606774 0.483969 0.56752 0.499469 0.567414 0.48657 0.735725 0.484428 0.706411 0.507841 0.707412 0.483449 0.647035 0.482833 0.606591 0.502072 0.606774 0.483969 0.837009 0.237817 0.801144 0.215813 0.83548 0.214607 0.834312 0.535657 0.87715 0.556699 0.83469 0.558765 0.876615 0.535108 0.92039 0.5548 0.87715 0.556699 0.921383 0.575062 0.87715 0.556699 0.92039 0.5548 0.878428 0.57823 0.83469 0.558765 0.87715 0.556699 0.880491 0.599549 0.921383 0.575062 0.922844 0.595133 0.838698 0.605334 0.878428 0.57823 0.880491 0.599549 0.880491 0.599549 0.84249 0.62857 0.838698 0.605334 0.922844 0.595133 0.883466 0.620534 0.880491 0.599549 0.88731 0.640758 0.924776 0.614776 0.927003 0.634043 0.847876 0.651359 0.883466 0.620534 0.88731 0.640758 0.927349 0.07110595 0.891402 0.04516398 0.929866 0.05253195 0.887303 0.06481099 0.853361 0.03448998 0.891402 0.04516398 0.925093 0.090231 0.887303 0.06481099 0.927349 0.07110595 0.883887 0.08499199 0.847719 0.05609899 0.887303 0.06481099 0.923213 0.109779 0.883887 0.08499199 0.925093 0.090231 0.881206 0.105688 0.843212 0.07823896 0.883887 0.08499199 0.881206 0.105688 0.837662 0.123267 0.839981 0.100691 0.923213 0.109779 0.879212 0.126726 0.881206 0.105688 0.877896 0.147984 0.921768 0.129642 0.920855 0.149745 0.836118 0.14593 0.879212 0.126726 0.877896 0.147984 0.877151 0.16945 0.920855 0.149745 0.920384 0.169959 0.83526 0.16869 0.877896 0.147984 0.877151 0.16945 0.83526 0.16869 0.877283 0.19097 0.835086 0.191546 0.877151 0.16945 0.920421 0.1902509 0.877283 0.19097 0.920948 0.210538 0.877283 0.19097 0.920421 0.1902509 0.877844 0.212495 0.835086 0.191546 0.877283 0.19097 0.921973 0.230733 0.877844 0.212495 0.920948 0.210538 0.879154 0.233959 0.83548 0.214607 0.877844 0.212495 0.879154 0.233959 0.839546 0.261091 0.837009 0.237817 0.921973 0.230733 0.88126 0.255206 0.879154 0.233959 0.884292 0.276106 0.923472 0.250734 0.925447 0.270313 0.843377 0.2843 0.88126 0.255206 0.884292 0.276106 0.888278 0.296407 0.925447 0.270313 0.92776 0.289323 0.848804 0.307102 0.884292 0.276106 0.888278 0.296407 0.852594 0.378192 0.886656 0.408595 0.846945 0.399874 0.89076 0.388882 0.926835 0.414896 0.886656 0.408595 0.924574 0.434087 0.886656 0.408595 0.926835 0.414896 0.883234 0.428839 0.846945 0.399874 0.886656 0.408595 0.922689 0.453702 0.883234 0.428839 0.924574 0.434087 0.880549 0.449598 0.842437 0.422085 0.883234 0.428839 0.880549 0.449598 0.836892 0.467233 0.839211 0.444601 0.922689 0.453702 0.878549 0.470695 0.880549 0.449598 0.877222 0.492008 0.921234 0.473635 0.920309 0.49381 0.835353 0.489947 0.878549 0.470695 0.877222 0.492008 0.8765 0.513514 0.920309 0.49381 0.919875 0.514101 0.834495 0.512754 0.877222 0.492008 0.8765 0.513514 0.919888 0.534449 0.8765 0.513514 0.919875 0.514101 0.876615 0.535108 0.834495 0.512754 0.8765 0.513514 0.834312 0.535657 0.8003 0.55994 0.799989 0.535669 0.06843 0.18616 0.03364396 0.18884 0.03237199 0.181767 0.268399 0.1731179 0.267329 0.147724 0.303112 0.146696 0.18151 0.1779209 0.179318 0.153766 0.206843 0.151131 0.108016 0.1831099 0.06843 0.18616 0.06632 0.172899 0.303088 0.121638 0.303839 0.096098 0.338594 0.09818297 0.237247 0.174632 0.2087219 0.176225 0.206843 0.151131 0.148281 0.180181 0.108016 0.1831099 0.105515 0.164597 0.237247 0.174632 0.235751 0.149124 0.267329 0.147724 0.148281 0.180181 0.145822 0.157976 0.179318 0.153766 0.235751 0.149124 0.206843 0.151131 0.20432 0.125494 0.105515 0.164597 0.100876 0.146094 0.141665 0.135491 0.235751 0.149124 0.234106 0.123062 0.266558 0.121849 0.179318 0.153766 0.145822 0.157976 0.141665 0.135491 0.06632 0.172899 0.03237199 0.181767 0.02967995 0.175011 0.267329 0.147724 0.266558 0.121849 0.303088 0.121638 0.179318 0.153766 0.175981 0.129149 0.20432 0.125494 0.06632 0.172899 0.06211298 0.159907 0.100876 0.146094 0.422006 0.1259199 0.494923 0.1282899 0.494334 0.1483 0.175981 0.129149 0.171366 0.103605 0.2011049 0.09881401 0.100876 0.146094 0.06211298 0.159907 0.05570197 0.147318 0.423016 0.104638 0.495845 0.108222 0.494923 0.1282899 0.234106 0.123062 0.20432 0.125494 0.2011049 0.09881401 0.100876 0.146094 0.09389698 0.127496 0.13561 0.112386 0.266558 0.121849 0.234106 0.123062 0.232363 0.09598696 0.175981 0.129149 0.141665 0.135491 0.13561 0.112386 0.02967995 0.175011 0.02557599 0.168792 0.05570197 0.147318 0.266558 0.121849 0.266218 0.09515297 0.303839 0.096098 0.232363 0.09598696 0.230652 0.06731599 0.266581 0.06722199 0.13561 0.112386 0.1273339 0.088283 0.165278 0.07657498 0.05570197 0.147318 0.02557599 0.168792 0.02007496 0.163359 0.303839 0.096098 0.266218 0.09515297 0.266581 0.06722199 0.2011049 0.09881401 0.171366 0.103605 0.165278 0.07657498 0.05570197 0.147318 0.04690396 0.1353279 0.08424395 0.108722 0.424534 0.08354097 0.497053 0.08811599 0.495845 0.108222 0.2011049 0.09881401 0.197152 0.07047098 0.230652 0.06731599 0.13561 0.112386 0.09389698 0.127496 0.08424395 0.108722 0.197152 0.07047098 0.192394 0.03963798 0.229205 0.03625196 0.1273339 0.088283 0.08424395 0.108722 0.07140296 0.08973699 0.266581 0.06722199 0.230652 0.06731599 0.229205 0.03625196 0.1273339 0.088283 0.116329 0.06274896 0.157394 0.04734998 0.02007496 0.163359 0.01321196 0.159009 0.03546398 0.124231 0.305664 0.06994098 0.266581 0.06722199 0.26814 0.03750497 0.197152 0.07047098 0.165278 0.07657498 0.157394 0.04734998 0.08424395 0.108722 0.04690396 0.1353279 0.03546398 0.124231 0.42651 0.06277298 0.498469 0.06799 0.497053 0.08811599 0.309059 0.04308998 0.26814 0.03750497 0.27188 0.005121946 0.192394 0.03963798 0.157394 0.04734998 0.147238 0.01500397 0.03546398 0.124231 0.02112197 0.114485 0.05469197 0.07058095 0.428857 0.04246699 0.499977 0.047782 0.498469 0.06799 0.192394 0.03963798 0.18676 0.005167961 0.2284629 0.001633942 0.07140296 0.08973699 0.05469197 0.07058095 0.101876 0.03530895 0.26814 0.03750497 0.229205 0.03625196 0.2284629 0.001633942 0.157394 0.04734998 0.116329 0.06274896 0.101876 0.03530895 0.01321196 0.159009 0.005100965 0.156105 0.02112197 0.114485 0.248714 0.683069 0.245181 0.651632 0.280664 0.646594 0.126511 0.671342 0.135511 0.642821 0.176873 0.650946 0.03366196 0.608865 0.01018399 0.569676 0.01795196 0.565381 0.286912 0.67518 0.280664 0.646594 0.317414 0.638407 0.172506 0.682719 0.176873 0.650946 0.210719 0.653128 0.07489997 0.645992 0.03366196 0.608865 0.04613298 0.596575 0.429107 0.61593 0.498312 0.609949 0.499975 0.629261 0.248714 0.683069 0.210451 0.685621 0.210719 0.653128 0.126511 0.671342 0.07489997 0.645992 0.08761596 0.62435 0.426704 0.595884 0.496844 0.590557 0.498312 0.609949 0.245181 0.651632 0.210719 0.653128 0.210967 0.623665 0.08761596 0.62435 0.09677898 0.603613 0.141843 0.616586 0.245181 0.651632 0.242869 0.622681 0.276468 0.619296 0.176873 0.650946 0.135511 0.642821 0.141843 0.616586 0.04613298 0.596575 0.01795196 0.565381 0.02413696 0.5599 0.280664 0.646594 0.276468 0.619296 0.312665 0.613505 0.176873 0.650946 0.179915 0.62217 0.210967 0.623665 0.04613298 0.596575 0.05550795 0.583573 0.09677898 0.603613 0.02413696 0.5599 0.02876299 0.553601 0.06217294 0.570223 0.276468 0.619296 0.273543 0.592955 0.30922 0.588737 0.179915 0.62217 0.181848 0.595473 0.211028 0.596244 0.09677898 0.603613 0.05550795 0.583573 0.06217294 0.570223 0.424699 0.575388 0.495645 0.571055 0.496844 0.590557 0.242869 0.622681 0.210967 0.623665 0.211028 0.596244 0.09677898 0.603613 0.103048 0.58366 0.146042 0.59205 0.276468 0.619296 0.242869 0.622681 0.241228 0.595395 0.179915 0.62217 0.141843 0.616586 0.146042 0.59205 0.241228 0.595395 0.23988 0.569193 0.271395 0.567269 0.146042 0.59205 0.148418 0.568684 0.182748 0.570152 0.06217294 0.570223 0.02876299 0.553601 0.03186398 0.546775 0.30922 0.588737 0.273543 0.592955 0.271395 0.567269 0.211028 0.596244 0.181848 0.595473 0.182748 0.570152 0.06217294 0.570223 0.06642895 0.556728 0.106859 0.564308 0.423153 0.554556 0.494771 0.551436 0.495645 0.571055 0.211028 0.596244 0.2107419 0.570153 0.23988 0.569193 0.146042 0.59205 0.103048 0.58366 0.106859 0.564308 0.106859 0.564308 0.06642895 0.556728 0.06847697 0.543217 0.422097 0.533481 0.494252 0.531701 0.494771 0.551436 0.2107419 0.570153 0.21 0.544842 0.238599 0.543613 0.148418 0.568684 0.106859 0.564308 0.108472 0.545385 0.271395 0.567269 0.23988 0.569193 0.238599 0.543613 0.148418 0.568684 0.14914 0.546059 0.182639 0.545663 0.03186398 0.546775 0.03347998 0.53966 0.06847697 0.543217 0.306721 0.564129 0.271395 0.567269 0.269732 0.541958 0.2107419 0.570153 0.182748 0.570152 0.182639 0.545663 0.03347998 0.53966 0.03364294 0.532468 0.06842696 0.529788 0.304937 0.539608 0.269732 0.541958 0.268397 0.516746 0.21 0.544842 0.182639 0.545663 0.181511 0.521549 0.06847697 0.543217 0.06842696 0.529788 0.108017 0.526737 0.421546 0.51224 0.494107 0.511861 0.494252 0.531701 0.21 0.544842 0.208721 0.519853 0.237244 0.51826 0.108472 0.545385 0.108017 0.526737 0.148281 0.523809 0.269732 0.541958 0.238599 0.543613 0.237244 0.51826 0.182639 0.545663 0.14914 0.546059 0.148281 0.523809 0.148281 0.523809 0.108017 0.526737 0.105514 0.508225 0.338592 0.441811 0.303837 0.439726 0.305664 0.413568 0.237244 0.51826 0.2357479 0.492752 0.267327 0.491352 0.148281 0.523809 0.145821 0.501604 0.1793169 0.497394 0.309059 0.04308998 0.314793 0.01563799 0.349955 0.02560597 0.06842696 0.529788 0.03364294 0.532468 0.03237098 0.525394 0.268397 0.516746 0.267327 0.491352 0.303109 0.490323 0.181511 0.521549 0.1793169 0.497394 0.206843 0.494759 0.108017 0.526737 0.06842696 0.529788 0.06631898 0.516526 0.421514 0.490903 0.494333 0.491928 0.494107 0.511861 0.237244 0.51826 0.208721 0.519853 0.206843 0.494759 0.06631898 0.516526 0.06211298 0.503534 0.100873 0.489722 0.422003 0.469548 0.494922 0.471918 0.494333 0.491928 0.2357479 0.492752 0.206843 0.494759 0.204319 0.469121 0.105514 0.508225 0.100873 0.489722 0.141664 0.479119 0.35602 0.30956 0.32399 0.319492 0.317415 0.29478 0.2357479 0.492752 0.234105 0.46669 0.266557 0.465476 0.1793169 0.497394 0.145821 0.501604 0.141664 0.479119 0.356019 0.653187 0.323988 0.663119 0.317414 0.638407 0.06631898 0.516526 0.03237098 0.525394 0.029679 0.518639 0.267327 0.491352 0.266557 0.465476 0.303086 0.465266 0.1793169 0.497394 0.175977 0.472777 0.204319 0.469121 0.175977 0.472777 0.141664 0.479119 0.13561 0.456014 0.305664 0.06994098 0.309059 0.04308998 0.344574 0.04955798 0.029679 0.518639 0.02557396 0.51242 0.05570197 0.490946 0.266557 0.465476 0.266216 0.438781 0.303837 0.439726 0.175977 0.472777 0.171364 0.447232 0.201103 0.442441 0.100873 0.489722 0.06211298 0.503534 0.05570197 0.490946 0.423016 0.448265 0.495845 0.451849 0.494922 0.471918 0.234105 0.46669 0.204319 0.469121 0.201103 0.442441 0.100873 0.489722 0.093894 0.471124 0.13561 0.456014 0.312665 0.613505 0.30922 0.588737 0.342418 0.584356 0.266557 0.465476 0.234105 0.46669 0.232363 0.439614 0.13561 0.456014 0.093894 0.471124 0.08424198 0.45235 0.337273 0.170132 0.303746 0.1714259 0.303112 0.146696 0.232363 0.439614 0.230651 0.410944 0.266579 0.410849 0.13561 0.456014 0.127332 0.431911 0.165276 0.420203 0.309057 0.386717 0.314792 0.359265 0.349953 0.369234 0.05570197 0.490946 0.02557396 0.51242 0.02007395 0.506986 0.303837 0.439726 0.266216 0.438781 0.266579 0.410849 0.201103 0.442441 0.171364 0.447232 0.165276 0.420203 0.05570197 0.490946 0.04690295 0.478956 0.08424198 0.45235 0.424531 0.427169 0.497051 0.431743 0.495845 0.451849 0.201103 0.442441 0.197151 0.414098 0.230651 0.410944 0.197151 0.414098 0.165276 0.420203 0.157392 0.390977 0.08424198 0.45235 0.04690295 0.478956 0.03546398 0.467859 0.426508 0.406401 0.498465 0.411618 0.497051 0.431743 0.197151 0.414098 0.192394 0.383266 0.2292039 0.37988 0.127332 0.431911 0.08424198 0.45235 0.071401 0.433365 0.4247 0.23176 0.495647 0.227428 0.496845 0.246929 0.266579 0.410849 0.230651 0.410944 0.2292039 0.37988 0.127332 0.431911 0.116328 0.406377 0.157392 0.390977 0.306721 0.564129 0.304937 0.539608 0.338275 0.537409 0.02007395 0.506986 0.01321095 0.502637 0.03546398 0.467859 0.305664 0.413568 0.266579 0.410849 0.268139 0.381133 0.157392 0.390977 0.116328 0.406377 0.101874 0.378937 0.342418 0.584356 0.30922 0.588737 0.306721 0.564129 0.01321095 0.502637 0.005099952 0.499732 0.02112096 0.458112 0.309057 0.386717 0.268139 0.381133 0.271879 0.348749 0.192394 0.383266 0.157392 0.390977 0.147237 0.358631 0.03546398 0.467859 0.02112096 0.458112 0.05469197 0.414209 0.429108 0.272302 0.498314 0.266322 0.499978 0.285633 0.192394 0.383266 0.186756 0.348796 0.228462 0.345261 0.071401 0.433365 0.05469197 0.414209 0.101874 0.378937 0.312665 0.269878 0.309221 0.245109 0.342419 0.240728 0.268139 0.381133 0.2292039 0.37988 0.228462 0.345261 0.248714 0.339442 0.210451 0.341993 0.210719 0.3095 0.12651 0.327714 0.07489997 0.302364 0.08761698 0.280723 0.337272 0.51376 0.303746 0.515053 0.303109 0.490323 0.248714 0.339442 0.245182 0.308004 0.280665 0.302966 0.12651 0.327714 0.13551 0.299193 0.1768749 0.307318 0.422099 0.189854 0.494255 0.1880739 0.494773 0.207808 0.03366297 0.265237 0.01018399 0.2260479 0.01795297 0.221753 0.286914 0.331553 0.280665 0.302966 0.317415 0.29478 0.172508 0.339091 0.1768749 0.307318 0.210719 0.3095 0.07489997 0.302364 0.03366297 0.265237 0.04613596 0.252947 0.350242 0.286986 0.317415 0.29478 0.312665 0.269878 0.1768749 0.307318 0.179917 0.278543 0.210968 0.280038 0.04613596 0.252947 0.055507 0.2399449 0.09678 0.259986 0.426705 0.252257 0.496845 0.246929 0.498314 0.266322 0.245182 0.308004 0.210719 0.3095 0.210968 0.280038 0.08761698 0.280723 0.09678 0.259986 0.141845 0.272959 0.305664 0.413568 0.309057 0.386717 0.344573 0.393184 0.245182 0.308004 0.242871 0.279054 0.276468 0.275669 0.1768749 0.307318 0.13551 0.299193 0.141845 0.272959 0.421515 0.147276 0.494334 0.1483 0.494107 0.168233 0.04613596 0.252947 0.01795297 0.221753 0.02413797 0.2162719 0.280665 0.302966 0.276468 0.275669 0.312665 0.269878 0.276468 0.275669 0.242871 0.279054 0.241227 0.251768 0.179917 0.278543 0.141845 0.272959 0.146044 0.248422 0.306722 0.220502 0.304939 0.19598 0.338276 0.193781 0.02413797 0.2162719 0.02876299 0.209973 0.06217396 0.2265959 0.276468 0.275669 0.273542 0.249327 0.309221 0.245109 0.179917 0.278543 0.181848 0.251846 0.211028 0.252617 0.09678 0.259986 0.055507 0.2399449 0.06217396 0.2265959 0.342419 0.240728 0.309221 0.245109 0.306722 0.220502 0.242871 0.279054 0.210968 0.280038 0.211028 0.252617 0.09678 0.259986 0.10305 0.240032 0.146044 0.248422 0.338594 0.09818297 0.303839 0.096098 0.305664 0.06994098 0.211028 0.252617 0.210744 0.226525 0.239882 0.225565 0.146044 0.248422 0.10305 0.240032 0.106859 0.2206799 0.428855 0.386094 0.499976 0.391409 0.498465 0.411618 0.241227 0.251768 0.239882 0.225565 0.271396 0.223642 0.146044 0.248422 0.14842 0.2250559 0.182749 0.226525 0.336943 0.489962 0.303109 0.490323 0.303086 0.465266 0.06217396 0.2265959 0.02876299 0.209973 0.03186696 0.203146 0.309221 0.245109 0.273542 0.249327 0.271396 0.223642 0.211028 0.252617 0.181848 0.251846 0.182749 0.226525 0.06217396 0.2265959 0.06643098 0.213101 0.106859 0.2206799 0.423153 0.210929 0.494773 0.207808 0.495647 0.227428 0.306722 0.220502 0.271396 0.223642 0.269734 0.1983309 0.210744 0.226525 0.182749 0.226525 0.18264 0.202035 0.106859 0.2206799 0.06643098 0.213101 0.06847798 0.199589 0.421547 0.168612 0.494107 0.168233 0.494255 0.1880739 0.210744 0.226525 0.210001 0.201215 0.238599 0.199986 0.14842 0.2250559 0.106859 0.2206799 0.108472 0.201758 0.304939 0.19598 0.303746 0.1714259 0.337273 0.170132 0.271396 0.223642 0.239882 0.225565 0.238599 0.199986 0.14842 0.2250559 0.14914 0.202431 0.18264 0.202035 0.350238 0.630614 0.317414 0.638407 0.312665 0.613505 0.03186696 0.203146 0.03348296 0.196033 0.06847798 0.199589 0.269734 0.1983309 0.238599 0.199986 0.237247 0.174632 0.18264 0.202035 0.14914 0.202431 0.148281 0.180181 0.304937 0.539608 0.303746 0.515053 0.337272 0.51376 0.03348296 0.196033 0.03364396 0.18884 0.06843 0.18616 0.304939 0.19598 0.269734 0.1983309 0.268399 0.1731179 0.210001 0.201215 0.18264 0.202035 0.18151 0.1779209 0.06847798 0.199589 0.06843 0.18616 0.108016 0.1831099 0.210001 0.201215 0.2087219 0.176225 0.237247 0.174632 0.108472 0.201758 0.108016 0.1831099 0.148281 0.180181 0.303086 0.465266 0.303837 0.439726 0.338592 0.441811 0.336944 0.146334 0.337342 0.122354 0.379255 0.12416 0.378742 0.146733 0.379255 0.12416 0.422006 0.1259199 0.423016 0.104638 0.422006 0.1259199 0.379255 0.12416 0.379255 0.12416 0.337342 0.122354 0.338594 0.09818297 0.423016 0.104638 0.380493 0.101609 0.382532 0.07921397 0.382532 0.07921397 0.380493 0.101609 0.338594 0.09818297 0.344574 0.04955798 0.385462 0.05719596 0.382532 0.07921397 0.385462 0.05719596 0.42651 0.06277298 0.424534 0.08354097 0.428857 0.04246699 0.42651 0.06277298 0.385462 0.05719596 0.385462 0.05719596 0.344574 0.04955798 0.349955 0.02560597 0.43178 0.635375 0.393867 0.642614 0.389554 0.622209 0.389554 0.622209 0.393867 0.642614 0.356019 0.653187 0.426704 0.595884 0.429107 0.61593 0.389554 0.622209 0.38601 0.601088 0.389554 0.622209 0.350238 0.630614 0.424699 0.575388 0.426704 0.595884 0.38601 0.601088 0.38601 0.601088 0.345778 0.60762 0.342418 0.584356 0.342418 0.584356 0.339963 0.560938 0.381121 0.557483 0.381121 0.557483 0.423153 0.554556 0.424699 0.575388 0.423153 0.554556 0.381121 0.557483 0.37969 0.535264 0.381121 0.557483 0.339963 0.560938 0.338275 0.537409 0.421546 0.51224 0.422097 0.533481 0.37969 0.535264 0.37969 0.535264 0.338275 0.537409 0.337272 0.51376 0.337272 0.51376 0.336943 0.489962 0.378742 0.490361 0.378742 0.490361 0.421514 0.490903 0.421546 0.51224 0.422003 0.469548 0.421514 0.490903 0.378742 0.490361 0.379254 0.467788 0.378742 0.490361 0.336943 0.489962 0.423016 0.448265 0.422003 0.469548 0.379254 0.467788 0.379254 0.467788 0.33734 0.465982 0.338592 0.441811 0.338592 0.441811 0.340906 0.417493 0.382531 0.422842 0.382531 0.422842 0.424531 0.427169 0.423016 0.448265 0.424531 0.427169 0.382531 0.422842 0.385462 0.400823 0.382531 0.422842 0.340906 0.417493 0.344573 0.393184 0.428855 0.386094 0.426508 0.406401 0.385462 0.400823 0.385462 0.400823 0.344573 0.393184 0.349953 0.369234 0.35602 0.30956 0.350242 0.286986 0.389554 0.278582 0.389554 0.278582 0.429108 0.272302 0.43178 0.291747 0.426705 0.252257 0.429108 0.272302 0.389554 0.278582 0.386012 0.257461 0.389554 0.278582 0.350242 0.286986 0.4247 0.23176 0.426705 0.252257 0.386012 0.257461 0.386012 0.257461 0.34578 0.263992 0.342419 0.240728 0.342419 0.240728 0.339965 0.217311 0.381123 0.213855 0.381123 0.213855 0.423153 0.210929 0.4247 0.23176 0.422099 0.189854 0.423153 0.210929 0.381123 0.213855 0.381123 0.213855 0.339965 0.217311 0.338276 0.193781 0.421547 0.168612 0.422099 0.189854 0.379691 0.191636 0.379691 0.191636 0.338276 0.193781 0.337273 0.170132 0.421547 0.168612 0.378897 0.169244 0.378742 0.146733 0.378742 0.146733 0.378897 0.169244 0.337273 0.170132 0.336944 0.146334 0.303112 0.146696 0.303088 0.121638 0.565627 0.512254 0.532448 0.503915 0.533582 0.497198 0.800343 0.511658 0.799989 0.535669 0.764528 0.535009 0.706411 0.507841 0.704842 0.532304 0.677572 0.529866 0.604362 0.52002 0.565627 0.512254 0.56752 0.499469 0.836194 0.58202 0.801292 0.584561 0.8003 0.55994 0.733439 0.533953 0.704842 0.532304 0.706411 0.507841 0.644322 0.526106 0.604362 0.52002 0.606591 0.502072 0.764528 0.535009 0.733439 0.533953 0.734647 0.509129 0.679384 0.506332 0.677572 0.529866 0.644322 0.526106 0.733439 0.533953 0.732123 0.559277 0.702686 0.557207 0.644322 0.526106 0.640537 0.54802 0.600064 0.537982 0.764026 0.560109 0.732123 0.559277 0.733439 0.533953 0.677572 0.529866 0.674655 0.553939 0.640537 0.54802 0.561709 0.524804 0.529961 0.510339 0.532448 0.503915 0.799989 0.535669 0.8003 0.55994 0.764026 0.560109 0.704842 0.532304 0.702686 0.557207 0.674655 0.553939 0.604362 0.52002 0.600064 0.537982 0.561709 0.524804 0.919888 0.534449 0.992959 0.533379 0.993497 0.552436 0.702686 0.557207 0.699881 0.58319 0.670437 0.578816 0.593507 0.55604 0.555729 0.536889 0.561709 0.524804 0.92039 0.5548 0.993497 0.552436 0.994339 0.571531 0.732123 0.559277 0.730752 0.585585 0.699881 0.58319 0.634912 0.570529 0.593507 0.55604 0.600064 0.537982 0.763995 0.585971 0.730752 0.585585 0.732123 0.559277 0.674655 0.553939 0.670437 0.578816 0.634912 0.570529 0.555729 0.536889 0.526108 0.516286 0.529961 0.510339 0.8003 0.55994 0.801292 0.584561 0.763995 0.585971 0.763995 0.585971 0.764712 0.612992 0.729469 0.613428 0.66483 0.60515 0.627146 0.594014 0.634912 0.570529 0.555729 0.536889 0.547385 0.548497 0.520951 0.521481 0.803385 0.609753 0.764712 0.612992 0.763995 0.585971 0.696398 0.610778 0.66483 0.60515 0.670437 0.578816 0.593507 0.55604 0.584365 0.5743 0.547385 0.548497 0.994339 0.571531 0.995438 0.590645 0.922844 0.595133 0.729469 0.613428 0.696398 0.610778 0.699881 0.58319 0.634912 0.570529 0.627146 0.594014 0.584365 0.5743 0.728517 0.643589 0.692183 0.640783 0.696398 0.610778 0.616761 0.61889 0.572158 0.592774 0.584365 0.5743 0.764712 0.612992 0.766666 0.641662 0.728517 0.643589 0.657525 0.633619 0.616761 0.61889 0.627146 0.594014 0.547385 0.548497 0.536516 0.559259 0.514498 0.52566 0.807044 0.635562 0.766666 0.641662 0.764712 0.612992 0.692183 0.640783 0.657525 0.633619 0.66483 0.60515 0.572158 0.592774 0.536516 0.559259 0.547385 0.548497 0.995438 0.590645 0.996729 0.609756 0.924776 0.614776 0.812871 0.661686 0.771013 0.673151 0.766666 0.641662 0.687165 0.674318 0.648067 0.665107 0.657525 0.633619 0.572158 0.592774 0.556242 0.611425 0.522874 0.568741 0.924776 0.614776 0.996729 0.609756 0.998104 0.628941 0.728517 0.643589 0.72832 0.677243 0.687165 0.674318 0.616761 0.61889 0.603076 0.64561 0.556242 0.611425 0.766666 0.641662 0.771013 0.673151 0.72832 0.677243 0.648067 0.665107 0.603076 0.64561 0.616761 0.61889 0.536516 0.559259 0.522874 0.568741 0.506854 0.528485 0.777771 0.03985995 0.742668 0.03485596 0.746092 0.004061996 0.670165 0.004922986 0.674714 0.03598397 0.633661 0.04433798 0.54557 0.091003 0.518479 0.121878 0.511048 0.117892 0.820962 0.02419996 0.814447 0.048159 0.777771 0.03985995 0.707946 0.001633942 0.708394 0.03341495 0.674714 0.03598397 0.586298 0.063093 0.54557 0.091003 0.533407 0.07931596 0.998366 0.05841594 0.996843 0.07683795 0.927349 0.07110595 0.742668 0.03485596 0.708394 0.03341495 0.707946 0.001633942 0.633661 0.04433798 0.586298 0.063093 0.573731 0.04220294 0.927349 0.07110595 0.996843 0.07683795 0.995498 0.09532999 0.742668 0.03485596 0.740459 0.06321901 0.708816 0.06244695 0.633661 0.04433798 0.640072 0.06982898 0.59542 0.083162 0.773656 0.06649696 0.740459 0.06321901 0.742668 0.03485596 0.674714 0.03598397 0.677951 0.06386899 0.640072 0.06982898 0.554747 0.1034229 0.524431 0.127014 0.518479 0.121878 0.814447 0.048159 0.809795 0.07229995 0.773656 0.06649696 0.708394 0.03341495 0.708816 0.06244695 0.677951 0.06386899 0.586298 0.063093 0.59542 0.083162 0.554747 0.1034229 0.561449 0.116358 0.528895 0.132924 0.524431 0.127014 0.809795 0.07229995 0.806455 0.09629195 0.77083 0.09215998 0.708816 0.06244695 0.708993 0.08915299 0.680009 0.09004598 0.60174 0.10253 0.561449 0.116358 0.554747 0.1034229 0.925093 0.090231 0.995498 0.09532999 0.994402 0.1139129 0.740459 0.06321901 0.738942 0.08985096 0.708993 0.08915299 0.644389 0.09375298 0.60174 0.10253 0.59542 0.083162 0.77083 0.09215998 0.738942 0.08985096 0.740459 0.06321901 0.677951 0.06386899 0.680009 0.09004598 0.644389 0.09375298 0.77083 0.09215998 0.768789 0.117167 0.737736 0.115407 0.681067 0.114798 0.646915 0.116549 0.644389 0.09375298 0.561449 0.116358 0.5657 0.1293179 0.531929 0.139403 0.804112 0.120125 0.768789 0.117167 0.77083 0.09215998 0.708867 0.1146219 0.681067 0.114798 0.680009 0.09004598 0.60174 0.10253 0.605652 0.121327 0.5657 0.1293179 0.994402 0.1139129 0.993602 0.132593 0.921768 0.129642 0.737736 0.115407 0.708867 0.1146219 0.708993 0.08915299 0.644389 0.09375298 0.646915 0.116549 0.605652 0.121327 0.60742 0.1397269 0.567822 0.142339 0.5657 0.1293179 0.993602 0.132593 0.99313 0.151368 0.920855 0.149745 0.736636 0.140354 0.708321 0.139335 0.708867 0.1146219 0.64783 0.138626 0.60742 0.1397269 0.605652 0.121327 0.768789 0.117167 0.767216 0.141786 0.736636 0.140354 0.681146 0.138713 0.64783 0.138626 0.646915 0.116549 0.5657 0.1293179 0.567822 0.142339 0.533549 0.146172 0.802567 0.143854 0.767216 0.141786 0.768789 0.117167 0.708321 0.139335 0.681146 0.138713 0.681067 0.114798 0.567822 0.142339 0.567917 0.155317 0.533781 0.15303 0.801172 0.167598 0.766285 0.166293 0.767216 0.141786 0.707291 0.163747 0.68023 0.162217 0.681146 0.138713 0.60742 0.1397269 0.60718 0.157881 0.567917 0.155317 0.920855 0.149745 0.99313 0.151368 0.992997 0.170224 0.736636 0.140354 0.735535 0.1650519 0.707291 0.163747 0.64783 0.138626 0.647219 0.1603389 0.60718 0.157881 0.767216 0.141786 0.766285 0.166293 0.735535 0.1650519 0.68023 0.162217 0.647219 0.1603389 0.64783 0.138626 0.645081 0.182023 0.604952 0.175925 0.60718 0.157881 0.837009 0.237817 0.839546 0.261091 0.804278 0.265562 0.765399 0.190927 0.734321 0.189879 0.735535 0.1650519 0.68023 0.162217 0.678409 0.185795 0.645081 0.182023 0.847876 0.651359 0.812871 0.661686 0.807044 0.635562 0.566019 0.168164 0.532642 0.159788 0.533781 0.15303 0.801172 0.167598 0.800822 0.191574 0.765399 0.190927 0.707291 0.163747 0.705714 0.188234 0.678409 0.185795 0.604952 0.175925 0.566019 0.168164 0.567917 0.155317 0.992997 0.170224 0.993205 0.189148 0.920421 0.1902509 0.734321 0.189879 0.705714 0.188234 0.707291 0.163747 0.604952 0.175925 0.600653 0.193973 0.56209 0.180782 0.920421 0.1902509 0.993205 0.189148 0.993743 0.208121 0.734321 0.189879 0.733018 0.215207 0.703569 0.213165 0.645081 0.182023 0.641304 0.203997 0.600653 0.193973 0.852594 0.378192 0.846945 0.399874 0.813558 0.391934 0.764907 0.216011 0.733018 0.215207 0.734321 0.189879 0.678409 0.185795 0.675495 0.209919 0.641304 0.203997 0.853361 0.03448998 0.847719 0.05609899 0.814447 0.048159 0.56209 0.180782 0.530141 0.166252 0.532642 0.159788 0.800822 0.191574 0.801144 0.215813 0.764907 0.216011 0.705714 0.188234 0.703569 0.213165 0.675495 0.209919 0.675495 0.209919 0.6713 0.234872 0.635706 0.226555 0.84249 0.62857 0.807044 0.635562 0.803385 0.609753 0.556089 0.1929399 0.526267 0.172239 0.530141 0.166252 0.801144 0.215813 0.802159 0.2404029 0.764902 0.241857 0.703569 0.213165 0.700797 0.239184 0.6713 0.234872 0.594093 0.212124 0.556089 0.1929399 0.56209 0.180782 0.920948 0.210538 0.993743 0.208121 0.994586 0.227127 0.733018 0.215207 0.731675 0.241518 0.700797 0.239184 0.635706 0.226555 0.594093 0.212124 0.600653 0.193973 0.839981 0.100691 0.806455 0.09629195 0.809795 0.07229995 0.764902 0.241857 0.731675 0.241518 0.733018 0.215207 0.635706 0.226555 0.627975 0.250025 0.584957 0.230495 0.834495 0.512754 0.834312 0.535657 0.799989 0.535669 0.764902 0.241857 0.765654 0.26885 0.730441 0.269352 0.665742 0.261377 0.627975 0.250025 0.635706 0.226555 0.848804 0.307102 0.813807 0.317438 0.807967 0.291338 0.556089 0.1929399 0.547712 0.204628 0.521084 0.17747 0.804278 0.265562 0.765654 0.26885 0.764902 0.241857 0.697375 0.266807 0.665742 0.261377 0.6713 0.234872 0.594093 0.212124 0.584957 0.230495 0.547712 0.204628 0.994586 0.227127 0.995689 0.246143 0.923472 0.250734 0.730441 0.269352 0.697375 0.266807 0.700797 0.239184 0.693281 0.296734 0.658643 0.289644 0.665742 0.261377 0.572713 0.24914 0.536788 0.215476 0.547712 0.204628 0.995689 0.246143 0.996982 0.265144 0.925447 0.270313 0.729559 0.299457 0.693281 0.296734 0.697375 0.266807 0.617649 0.275348 0.572713 0.24914 0.584957 0.230495 0.924574 0.434087 0.99524 0.439193 0.994144 0.457844 0.765654 0.26885 0.767644 0.297476 0.729559 0.299457 0.658643 0.289644 0.617649 0.275348 0.627975 0.250025 0.836118 0.14593 0.802567 0.143854 0.804112 0.120125 0.547712 0.204628 0.536788 0.215476 0.514593 0.181682 0.807967 0.291338 0.767644 0.297476 0.765654 0.26885 0.649379 0.321255 0.604089 0.302222 0.617649 0.275348 0.839981 0.100691 0.837662 0.123267 0.804112 0.120125 0.536788 0.215476 0.523067 0.225041 0.5069 0.184531 0.813807 0.317438 0.77202 0.328906 0.767644 0.297476 0.688391 0.330219 0.649379 0.321255 0.658643 0.289644 0.572713 0.24914 0.556745 0.26797 0.523067 0.225041 0.998104 0.402144 0.996585 0.420634 0.926835 0.414896 0.729559 0.299457 0.729431 0.333036 0.688391 0.330219 0.617649 0.275348 0.604089 0.302222 0.556745 0.26797 0.839211 0.444601 0.805594 0.440216 0.808917 0.416156 0.767644 0.297476 0.77202 0.328906 0.729431 0.333036 0.741449 0.378752 0.707017 0.377643 0.706171 0.345261 0.632626 0.388998 0.585673 0.407812 0.573166 0.387124 0.83526 0.16869 0.835086 0.191546 0.800822 0.191574 0.776734 0.383657 0.741449 0.378752 0.744804 0.34766 0.668391 0.349807 0.67337 0.380253 0.632626 0.388998 0.993346 0.476595 0.992879 0.495443 0.920309 0.49381 0.545277 0.435578 0.518383 0.466248 0.511003 0.462289 0.820087 0.367879 0.813558 0.391934 0.776734 0.383657 0.706171 0.345261 0.707017 0.377643 0.67337 0.380253 0.585673 0.407812 0.545277 0.435578 0.533197 0.423987 0.846945 0.399874 0.842437 0.422085 0.808917 0.416156 0.707017 0.377643 0.707641 0.406604 0.67681 0.408154 0.585673 0.407812 0.594775 0.427721 0.554401 0.447904 0.926835 0.414896 0.996585 0.420634 0.99524 0.439193 0.741449 0.378752 0.73936 0.407214 0.707641 0.406604 0.632626 0.388998 0.639121 0.414311 0.594775 0.427721 0.843377 0.2843 0.807967 0.291338 0.804278 0.265562 0.772659 0.410396 0.73936 0.407214 0.741449 0.378752 0.67337 0.380253 0.67681 0.408154 0.639121 0.414311 0.99275 0.514376 0.992959 0.533379 0.919888 0.534449 0.554401 0.447904 0.524293 0.471349 0.518383 0.466248 0.813558 0.391934 0.808917 0.416156 0.772659 0.410396 0.769881 0.436127 0.737931 0.43389 0.73936 0.407214 0.67681 0.408154 0.678999 0.434291 0.643507 0.438119 0.835353 0.489947 0.801738 0.487876 0.803269 0.464104 0.561068 0.460751 0.52873 0.47722 0.524293 0.471349 0.808917 0.416156 0.805594 0.440216 0.769881 0.436127 0.707641 0.406604 0.707947 0.433295 0.678999 0.434291 0.601093 0.446962 0.561068 0.460751 0.554401 0.447904 0.839211 0.444601 0.836892 0.467233 0.803269 0.464104 0.73936 0.407214 0.737931 0.43389 0.707947 0.433295 0.643507 0.438119 0.601093 0.446962 0.594775 0.427721 0.836194 0.58202 0.838698 0.605334 0.803385 0.609753 0.736784 0.459469 0.707905 0.458751 0.707947 0.433295 0.643507 0.438119 0.646086 0.460828 0.605005 0.465655 0.925447 0.270313 0.996982 0.265144 0.998365 0.284195 0.769881 0.436127 0.767878 0.461179 0.736784 0.459469 0.680136 0.458999 0.646086 0.460828 0.643507 0.438119 0.835086 0.191546 0.83548 0.214607 0.801144 0.215813 0.561068 0.460751 0.565302 0.473629 0.531743 0.483657 0.803269 0.464104 0.767878 0.461179 0.769881 0.436127 0.707905 0.458751 0.680136 0.458999 0.678999 0.434291 0.601093 0.446962 0.605005 0.465655 0.565302 0.473629 0.994144 0.457844 0.993346 0.476595 0.921234 0.473635 0.801738 0.487876 0.76633 0.48583 0.767878 0.461179 0.707412 0.483449 0.680269 0.482869 0.680136 0.458999 0.606774 0.483969 0.567414 0.48657 0.565302 0.473629 0.920309 0.49381 0.992879 0.495443 0.99275 0.514376 0.735725 0.484428 0.707412 0.483449 0.707905 0.458751 0.647035 0.482833 0.606774 0.483969 0.605005 0.465655 0.834495 0.512754 0.800343 0.511658 0.801738 0.487876 0.767878 0.461179 0.76633 0.48583 0.735725 0.484428 0.680269 0.482869 0.647035 0.482833 0.646086 0.460828 0.847719 0.05609899 0.843212 0.07823896 0.809795 0.07229995 0.565302 0.473629 0.567414 0.48657 0.533354 0.490383 0.76633 0.48583 0.765415 0.510356 0.734647 0.509129 0.679384 0.506332 0.646451 0.504484 0.647035 0.482833 0.83526 0.16869 0.801172 0.167598 0.802567 0.143854 0.567414 0.48657 0.56752 0.499469 0.533582 0.497198 0.800343 0.511658 0.765415 0.510356 0.76633 0.48583 0.706411 0.507841 0.679384 0.506332 0.680269 0.482869 0.606774 0.483969 0.606591 0.502072 0.56752 0.499469 0.735725 0.484428 0.734647 0.509129 0.706411 0.507841 0.647035 0.482833 0.646451 0.504484 0.606591 0.502072 0.837009 0.237817 0.802159 0.2404029 0.801144 0.215813 0.834312 0.535657 0.876615 0.535108 0.87715 0.556699 0.876615 0.535108 0.919888 0.534449 0.92039 0.5548 0.921383 0.575062 0.878428 0.57823 0.87715 0.556699 0.878428 0.57823 0.836194 0.58202 0.83469 0.558765 0.880491 0.599549 0.878428 0.57823 0.921383 0.575062 0.838698 0.605334 0.836194 0.58202 0.878428 0.57823 0.880491 0.599549 0.883466 0.620534 0.84249 0.62857 0.922844 0.595133 0.924776 0.614776 0.883466 0.620534 0.88731 0.640758 0.883466 0.620534 0.924776 0.614776 0.847876 0.651359 0.84249 0.62857 0.883466 0.620534 0.927349 0.07110595 0.887303 0.06481099 0.891402 0.04516398 0.887303 0.06481099 0.847719 0.05609899 0.853361 0.03448998 0.925093 0.090231 0.883887 0.08499199 0.887303 0.06481099 0.883887 0.08499199 0.843212 0.07823896 0.847719 0.05609899 0.923213 0.109779 0.881206 0.105688 0.883887 0.08499199 0.881206 0.105688 0.839981 0.100691 0.843212 0.07823896 0.881206 0.105688 0.879212 0.126726 0.837662 0.123267 0.923213 0.109779 0.921768 0.129642 0.879212 0.126726 0.877896 0.147984 0.879212 0.126726 0.921768 0.129642 0.836118 0.14593 0.837662 0.123267 0.879212 0.126726 0.877151 0.16945 0.877896 0.147984 0.920855 0.149745 0.83526 0.16869 0.836118 0.14593 0.877896 0.147984 0.83526 0.16869 0.877151 0.16945 0.877283 0.19097 0.877151 0.16945 0.920384 0.169959 0.920421 0.1902509 0.920948 0.210538 0.877844 0.212495 0.877283 0.19097 0.877844 0.212495 0.83548 0.214607 0.835086 0.191546 0.921973 0.230733 0.879154 0.233959 0.877844 0.212495 0.879154 0.233959 0.837009 0.237817 0.83548 0.214607 0.879154 0.233959 0.88126 0.255206 0.839546 0.261091 0.921973 0.230733 0.923472 0.250734 0.88126 0.255206 0.884292 0.276106 0.88126 0.255206 0.923472 0.250734 0.843377 0.2843 0.839546 0.261091 0.88126 0.255206 0.888278 0.296407 0.884292 0.276106 0.925447 0.270313 0.848804 0.307102 0.843377 0.2843 0.884292 0.276106 0.852594 0.378192 0.89076 0.388882 0.886656 0.408595 0.89076 0.388882 0.929354 0.396258 0.926835 0.414896 0.924574 0.434087 0.883234 0.428839 0.886656 0.408595 0.883234 0.428839 0.842437 0.422085 0.846945 0.399874 0.922689 0.453702 0.880549 0.449598 0.883234 0.428839 0.880549 0.449598 0.839211 0.444601 0.842437 0.422085 0.880549 0.449598 0.878549 0.470695 0.836892 0.467233 0.922689 0.453702 0.921234 0.473635 0.878549 0.470695 0.877222 0.492008 0.878549 0.470695 0.921234 0.473635 0.835353 0.489947 0.836892 0.467233 0.878549 0.470695 0.8765 0.513514 0.877222 0.492008 0.920309 0.49381 0.834495 0.512754 0.835353 0.489947 0.877222 0.492008 0.919888 0.534449 0.876615 0.535108 0.8765 0.513514 0.876615 0.535108 0.834312 0.535657 0.834495 0.512754 0.834312 0.535657 0.83469 0.558765 0.8003 0.55994</float_array>
          <technique_common>
            <accessor source="#bulb_Сфера_001-mesh-map-0-array" count="3600" stride="2">
              <param name="S" type="float"/>
              <param name="T" type="float"/>
            </accessor>
          </technique_common>
        </source>
        <vertices id="bulb_Сфера_001-mesh-vertices">
          <input semantic="POSITION" source="#bulb_Сфера_001-mesh-positions"/>
        </vertices>
        <triangles material="bulb-material" count="1200">
          <input semantic="VERTEX" source="#bulb_Сфера_001-mesh-vertices" offset="0"/>
          <input semantic="NORMAL" source="#bulb_Сфера_001-mesh-normals" offset="1"/>
          <input semantic="TEXCOORD" source="#bulb_Сфера_001-mesh-map-0" offset="2" set="0"/>
          <p>0 0 0 2 1 1 3 2 2 238 3 3 10 4 4 239 5 5 235 6 6 7 7 7 236 8 8 1 9 9 3 2 10 4 10 11 19 11 12 247 12 13 244 13 14 237 14 15 7 7 16 8 15 17 234 16 18 4 10 19 5 17 20 233 18 21 141 19 22 2 1 23 237 14 24 9 20 25 238 3 26 234 16 27 6 21 28 235 6 29 8 15 30 16 22 31 17 23 32 4 10 33 14 24 34 5 17 35 2 1 36 141 19 37 11 25 38 8 15 39 18 26 40 9 20 41 6 21 42 14 24 43 15 27 44 3 2 45 11 25 46 12 28 47 9 20 48 19 11 49 10 4 50 6 21 51 16 22 52 7 7 53 3 2 54 13 29 55 4 10 56 245 30 57 240 31 58 241 32 59 15 27 60 26 33 61 16 22 62 13 29 63 22 34 64 23 35 65 248 36 66 232 37 67 245 30 68 17 23 69 26 33 70 27 38 71 13 29 72 24 39 73 14 24 74 11 25 75 141 19 76 21 40 77 18 26 78 27 38 79 28 41 80 15 27 81 24 39 82 25 42 83 11 25 84 22 34 85 12 28 86 18 26 87 29 43 88 19 11 89 27 38 90 38 44 91 28 41 92 24 39 93 35 45 94 25 42 95 22 34 96 31 46 97 32 47 98 29 43 99 38 44 100 39 48 101 26 33 102 35 45 103 36 49 104 22 34 105 33 50 106 23 35 107 251 51 108 222 52 109 248 36 110 26 33 111 37 53 112 27 38 113 24 39 114 33 50 115 34 54 116 21 40 117 141 19 118 31 46 119 36 49 120 47 55 121 37 53 122 34 54 123 43 56 124 44 57 125 31 46 126 141 19 127 41 58 128 38 44 129 47 55 130 48 59 131 34 54 132 45 60 133 35 45 134 31 46 135 42 61 136 32 47 137 39 48 138 48 59 139 49 62 140 36 49 141 45 60 142 46 63 143 33 50 144 42 61 145 43 56 146 254 64 147 212 65 148 251 51 149 49 62 150 58 66 151 59 67 152 46 63 153 55 68 154 56 69 155 42 61 156 53 70 157 43 56 158 257 71 159 202 72 160 254 64 161 46 63 162 57 73 163 47 55 164 43 56 165 54 74 166 44 57 167 41 58 168 141 19 169 51 75 170 48 59 171 57 73 172 58 66 173 45 60 174 54 74 175 55 68 176 41 58 177 52 76 178 42 61 179 51 75 180 141 19 181 61 77 182 57 73 183 68 78 184 58 66 185 54 74 186 65 79 187 55 68 188 52 76 189 61 77 190 62 80 191 58 66 192 69 81 193 59 67 194 55 68 195 66 82 196 56 69 197 53 70 198 62 80 199 63 83 200 260 84 201 192 85 202 257 71 203 57 73 204 66 82 205 67 86 206 54 74 207 63 83 208 64 87 209 263 88 210 182 89 211 260 84 212 67 86 213 76 90 214 77 91 215 63 83 216 74 92 217 64 87 218 61 77 219 141 19 220 71 93 221 67 86 222 78 94 223 68 78 224 65 79 225 74 92 226 75 95 227 62 80 228 71 93 229 72 96 230 68 78 231 79 97 232 69 81 233 65 79 234 76 90 235 66 82 236 62 80 237 73 98 238 63 83 239 71 93 240 82 99 241 72 96 242 78 94 243 89 100 244 79 97 245 75 95 246 86 101 247 76 90 248 73 98 249 82 99 250 83 102 251 266 103 252 172 104 253 263 88 254 77 91 255 86 101 256 87 105 257 73 98 258 84 106 259 74 92 260 71 93 261 141 19 262 81 107 263 78 94 264 87 105 265 88 108 266 75 95 267 84 106 268 85 109 269 81 107 270 141 19 271 91 110 272 87 105 273 98 111 274 88 108 275 84 106 276 95 112 277 85 109 278 82 99 279 91 110 280 92 113 281 89 100 282 98 111 283 99 114 284 86 101 285 95 112 286 96 115 287 82 99 288 93 116 289 83 102 290 269 117 291 162 118 292 266 103 293 86 101 294 97 119 295 87 105 296 84 106 297 93 116 298 94 120 299 93 116 300 102 121 301 103 122 302 272 123 303 161 124 304 269 117 305 96 115 306 107 125 307 97 119 308 94 120 309 103 122 310 104 126 311 91 110 312 141 19 313 101 127 314 98 111 315 107 125 316 108 128 317 94 120 318 105 129 319 95 112 320 91 110 321 102 121 322 92 113 323 99 114 324 108 128 325 109 130 326 96 115 327 105 129 328 106 131 329 101 127 330 112 132 331 102 121 332 109 130 333 118 133 334 119 134 335 106 131 336 115 135 337 116 136 338 102 121 339 113 137 340 103 122 341 275 138 342 151 139 343 272 123 344 106 131 345 117 140 346 107 125 347 103 122 348 114 141 349 104 126 350 101 127 351 141 19 352 111 142 353 108 128 354 117 140 355 118 133 356 105 129 357 114 141 358 115 135 359 114 141 360 123 143 361 124 144 362 283 145 363 160 146 364 286 147 365 111 142 366 141 19 367 121 148 368 117 140 369 128 149 370 118 133 371 114 141 372 125 150 373 115 135 374 49 62 375 256 151 376 253 152 377 112 132 378 121 148 379 122 153 380 118 133 381 129 154 382 119 134 383 115 135 384 126 155 385 116 136 386 113 137 387 122 153 388 123 143 389 278 156 390 140 157 391 275 138 392 117 140 393 126 155 394 127 158 395 122 153 396 133 159 397 123 143 398 281 160 399 130 161 400 278 156 401 127 158 402 136 162 403 137 163 404 123 143 405 134 164 406 124 144 407 292 165 408 191 166 409 295 167 410 121 148 411 141 19 412 131 168 413 127 158 414 138 169 415 128 149 416 125 150 417 134 164 418 135 170 419 256 151 420 69 81 421 259 171 422 122 153 423 131 168 424 132 172 425 128 149 426 139 173 427 129 154 428 125 150 429 136 162 430 126 155 431 135 170 432 145 174 433 146 175 434 39 48 435 253 152 436 250 176 437 131 168 438 143 177 439 132 172 440 138 169 441 150 178 442 139 173 443 135 170 444 147 179 445 136 162 446 133 159 447 143 177 448 144 180 449 284 181 450 120 182 451 281 160 452 137 163 453 147 179 454 148 183 455 133 159 456 145 174 457 134 164 458 79 97 459 265 184 460 262 185 461 131 168 462 141 19 463 142 186 464 138 169 465 148 183 466 149 187 467 145 174 468 154 188 469 155 189 470 310 190 471 10 4 472 242 191 473 142 186 474 141 19 475 152 192 476 148 183 477 159 193 478 149 187 479 145 174 480 156 194 481 146 175 482 171 195 483 292 165 484 289 196 485 143 177 486 152 192 487 153 197 488 150 178 489 159 193 490 160 146 491 147 179 492 156 194 493 157 198 494 143 177 495 154 188 496 144 180 497 287 199 498 110 200 499 284 181 500 147 179 501 158 201 502 148 183 503 157 198 504 167 202 505 168 203 506 154 188 507 164 204 508 165 205 509 290 206 510 100 207 511 287 199 512 157 198 513 169 208 514 158 201 515 155 189 516 165 205 517 166 209 518 302 210 519 60 211 520 299 212 521 152 192 522 141 19 523 163 213 524 159 193 525 169 208 526 170 214 527 155 189 528 167 202 529 156 194 530 99 114 531 271 215 532 268 216 533 152 192 534 164 204 535 153 197 536 160 146 537 170 214 538 171 195 539 167 202 540 176 217 541 177 218 542 265 184 543 99 114 544 268 216 545 163 213 546 174 219 547 164 204 548 171 195 549 180 220 550 181 221 551 168 203 552 177 218 553 178 222 554 164 204 555 175 223 556 165 205 557 296 224 558 80 225 559 293 226 560 168 203 561 179 227 562 169 208 563 165 205 564 176 217 565 166 209 566 201 228 567 301 229 568 298 230 569 163 213 570 141 19 571 173 231 572 170 214 573 179 227 574 180 220 575 179 227 576 188 232 577 189 233 578 176 217 579 185 234 580 186 235 581 274 236 582 129 154 583 277 237 584 173 231 585 141 19 586 183 238 587 179 227 588 190 239 589 180 220 590 176 217 591 187 240 592 177 218 593 308 241 594 40 242 595 305 243 596 174 219 597 183 238 598 184 244 599 180 220 600 191 166 601 181 221 602 177 218 603 188 232 604 178 222 605 175 223 606 184 244 607 185 234 608 295 167 609 201 228 610 298 230 611 187 240 612 198 245 613 188 232 614 184 244 615 195 246 616 185 234 617 299 212 618 70 247 619 296 224 620 189 233 621 198 245 622 199 248 623 185 234 624 196 249 625 186 235 626 160 146 627 289 196 628 286 147 629 183 238 630 141 19 631 193 250 632 189 233 633 200 251 634 190 239 635 187 240 636 196 249 637 197 252 638 241 32 639 20 253 640 311 254 641 184 244 642 193 250 643 194 255 644 190 239 645 201 228 646 191 166 647 200 251 648 209 256 649 210 257 650 197 252 651 206 258 652 207 259 653 221 260 654 307 261 655 304 262 656 193 250 657 204 263 658 194 255 659 200 251 660 211 264 661 201 228 662 197 252 663 208 265 664 198 245 665 195 246 666 204 263 667 205 266 668 301 229 669 221 260 670 304 262 671 199 248 672 208 265 673 209 256 674 195 246 675 206 258 676 196 249 677 247 12 678 39 48 679 250 176 680 193 250 681 141 19 682 203 267 683 208 265 684 219 268 685 209 256 686 206 258 687 215 269 688 216 270 689 293 226 690 90 271 691 290 206 692 203 267 693 141 19 694 213 272 695 209 256 696 220 273 697 210 257 698 206 258 699 217 274 700 207 259 701 277 237 702 139 173 703 280 275 704 204 263 705 213 272 706 214 276 707 211 264 708 220 273 709 221 260 710 208 265 711 217 274 712 218 277 713 204 263 714 215 269 715 205 266 716 305 243 717 50 278 718 302 210 719 221 260 720 230 279 721 231 280 722 218 277 723 227 281 724 228 282 725 215 269 726 224 283 727 225 284 728 311 254 729 30 285 730 308 241 731 218 277 732 229 286 733 219 268 734 216 270 735 225 284 736 226 287 737 231 280 738 310 190 739 307 261 740 213 272 741 141 19 742 223 288 743 220 273 744 229 286 745 230 279 746 216 270 747 227 281 748 217 274 749 259 171 750 79 97 751 262 185 752 213 272 753 224 283 754 214 276 755 223 288 756 141 19 757 233 18 758 230 279 759 237 14 760 238 3 761 227 281 762 234 16 763 235 6 764 109 130 765 274 236 766 271 215 767 223 288 768 0 0 769 224 283 770 231 280 771 238 3 772 239 5 773 228 282 774 235 6 775 236 8 776 224 283 777 1 9 778 225 284 779 228 282 780 237 14 781 229 286 782 225 284 783 234 16 784 226 287 785 139 173 786 283 145 787 280 275 788 242 191 789 246 289 790 243 290 791 243 290 792 245 30 793 241 32 794 248 36 795 246 289 796 249 291 797 246 289 798 247 12 799 249 291 800 248 36 801 252 292 802 251 51 803 252 292 804 247 12 805 250 176 806 253 152 807 252 292 808 250 176 809 255 293 810 251 51 811 252 292 812 257 71 813 255 293 814 258 294 815 255 293 816 256 151 817 258 294 818 257 71 819 261 295 820 260 84 821 261 295 822 256 151 823 259 171 824 263 88 825 261 295 826 264 296 827 264 296 828 259 171 829 262 185 830 266 103 831 264 296 832 267 297 833 264 296 834 265 184 835 267 297 836 265 184 837 270 298 838 267 297 839 270 298 840 266 103 841 267 297 842 269 117 843 273 299 844 272 123 845 270 298 846 271 215 847 273 299 848 275 138 849 273 299 850 276 300 851 273 299 852 274 236 853 276 300 854 274 236 855 279 301 856 276 300 857 279 301 858 275 138 859 276 300 860 281 160 861 279 301 862 282 302 863 282 302 864 277 237 865 280 275 866 284 181 867 282 302 868 285 303 869 282 302 870 283 145 871 285 303 872 283 145 873 288 304 874 285 303 875 288 304 876 284 181 877 285 303 878 287 199 879 291 305 880 290 206 881 288 304 882 289 196 883 291 305 884 293 226 885 291 305 886 294 306 887 291 305 888 292 165 889 294 306 890 292 165 891 297 307 892 294 306 893 297 307 894 293 226 895 294 306 896 299 212 897 297 307 898 300 308 899 300 308 900 295 167 901 298 230 902 302 210 903 300 308 904 303 309 905 300 308 906 301 229 907 303 309 908 301 229 909 306 310 910 303 309 911 306 310 912 302 210 913 303 309 914 308 241 915 306 310 916 309 311 917 306 310 918 307 261 919 309 311 920 311 254 921 309 311 922 312 312 923 309 311 924 310 190 925 312 312 926 311 254 927 243 290 928 241 32 929 243 290 930 310 190 931 242 191 932 242 191 933 19 11 934 244 13 935 316 313 936 546 314 937 313 315 938 552 316 939 322 317 940 551 318 941 549 319 942 319 320 943 548 321 944 317 322 945 313 315 946 314 323 947 560 324 948 332 325 949 557 326 950 321 327 951 549 319 952 550 328 953 318 329 954 314 323 955 547 330 956 546 314 957 315 331 958 454 332 959 322 317 960 550 328 961 551 318 962 548 321 963 318 329 964 547 330 965 321 327 966 329 333 967 320 334 968 318 329 969 326 335 970 317 322 971 315 331 972 324 336 973 454 332 974 331 337 975 321 327 976 322 317 977 319 320 978 327 338 979 318 329 980 325 339 981 315 331 982 316 313 983 323 340 984 331 337 985 322 317 986 320 334 987 328 341 988 319 320 989 317 322 990 325 339 991 316 313 992 554 342 993 545 343 994 558 344 995 329 333 996 338 345 997 328 341 998 336 346 999 325 339 1000 326 335 1001 558 344 1002 535 347 1003 561 348 1004 330 349 1005 339 350 1006 329 333 1007 337 351 1008 326 335 1009 327 338 1010 324 336 1011 334 352 1012 454 332 1013 341 353 1014 330 349 1015 331 337 1016 328 341 1017 337 351 1018 327 338 1019 335 354 1020 324 336 1021 325 339 1022 332 325 1023 341 353 1024 331 337 1025 341 353 1026 350 355 1027 340 356 1028 348 357 1029 337 351 1030 338 345 1031 335 354 1032 344 358 1033 334 352 1034 352 359 1035 341 353 1036 342 360 1037 349 361 1038 338 345 1039 339 350 1040 336 346 1041 345 362 1042 335 354 1043 535 347 1044 564 363 1045 561 348 1046 350 355 1047 339 350 1048 340 356 1049 337 351 1050 346 364 1051 336 346 1052 334 352 1053 344 358 1054 454 332 1055 360 365 1056 349 361 1057 350 355 1058 357 366 1059 346 364 1060 347 367 1061 344 358 1062 354 368 1063 454 332 1064 351 369 1065 360 365 1066 350 355 1067 358 370 1068 347 367 1069 348 357 1070 345 362 1071 354 368 1072 344 358 1073 362 371 1074 351 369 1075 352 359 1076 359 372 1077 348 357 1078 349 361 1079 356 373 1080 345 362 1081 346 364 1082 525 374 1083 567 375 1084 564 363 1085 372 376 1086 361 377 1087 362 371 1088 369 378 1089 358 370 1090 359 372 1091 356 373 1092 365 379 1093 355 380 1094 567 375 1095 505 381 1096 570 382 1097 360 365 1098 369 378 1099 359 372 1100 357 366 1101 366 383 1102 356 373 1103 354 368 1104 364 384 1105 454 332 1106 361 377 1107 370 385 1108 360 365 1109 368 386 1110 357 366 1111 358 370 1112 355 380 1113 364 384 1114 354 368 1115 364 384 1116 374 387 1117 454 332 1118 381 388 1119 370 385 1120 371 389 1121 368 386 1122 377 390 1123 367 391 1124 375 392 1125 364 384 1126 365 379 1127 372 376 1128 381 388 1129 371 389 1130 369 378 1131 378 393 1132 368 386 1133 376 394 1134 365 379 1135 366 383 1136 505 381 1137 573 395 1138 570 382 1139 380 396 1140 369 378 1141 370 385 1142 377 390 1143 366 383 1144 367 391 1145 573 395 1146 485 397 1147 576 398 1148 380 396 1149 389 399 1150 379 400 1151 377 390 1152 386 401 1153 376 394 1154 374 387 1155 384 402 1156 454 332 1157 391 403 1158 380 396 1159 381 388 1160 378 393 1161 387 404 1162 377 390 1163 385 405 1164 374 387 1165 375 392 1166 382 406 1167 391 403 1168 381 388 1169 379 400 1170 388 407 1171 378 393 1172 376 394 1173 385 405 1174 375 392 1175 395 408 1176 384 402 1177 385 405 1178 392 409 1179 401 410 1180 391 403 1181 389 399 1182 398 411 1183 388 407 1184 396 412 1185 385 405 1186 386 401 1187 576 398 1188 475 413 1189 579 414 1190 390 415 1191 399 416 1192 389 399 1193 397 417 1194 386 401 1195 387 404 1196 384 402 1197 394 418 1198 454 332 1199 401 410 1200 390 415 1201 391 403 1202 388 407 1203 397 417 1204 387 404 1205 394 418 1206 404 419 1207 454 332 1208 401 410 1209 410 420 1210 400 421 1211 408 422 1212 397 417 1213 398 411 1214 395 408 1215 404 419 1216 394 418 1217 412 423 1218 401 410 1219 402 424 1220 409 425 1221 398 411 1222 399 416 1223 396 412 1224 405 426 1225 395 408 1226 475 413 1227 582 427 1228 579 414 1229 410 420 1230 399 416 1231 400 421 1232 397 417 1233 406 428 1234 396 412 1235 416 429 1236 405 426 1237 406 428 1238 474 430 1239 585 431 1240 582 427 1241 420 432 1242 409 425 1243 410 420 1244 417 433 1245 406 428 1246 407 434 1247 404 419 1248 414 435 1249 454 332 1250 411 436 1251 420 432 1252 410 420 1253 418 437 1254 407 434 1255 408 422 1256 405 426 1257 414 435 1258 404 419 1259 422 438 1260 411 436 1261 412 423 1262 419 439 1263 408 422 1264 409 425 1265 415 440 1266 424 441 1267 414 435 1268 432 442 1269 421 443 1270 422 438 1271 429 444 1272 418 437 1273 419 439 1274 416 429 1275 425 445 1276 415 440 1277 585 431 1278 453 446 1279 588 447 1280 420 432 1281 429 444 1282 419 439 1283 417 433 1284 426 448 1285 416 429 1286 414 435 1287 424 441 1288 454 332 1289 421 443 1290 430 449 1291 420 432 1292 428 450 1293 417 433 1294 418 437 1295 437 451 1296 426 448 1297 427 452 1298 596 453 1299 473 454 1300 463 455 1301 424 441 1302 434 456 1303 454 332 1304 441 457 1305 430 449 1306 431 458 1307 428 450 1308 437 451 1309 427 452 1310 569 459 1311 362 371 1312 566 460 1313 435 461 1314 424 441 1315 425 445 1316 432 442 1317 441 457 1318 431 458 1319 429 444 1320 438 462 1321 428 450 1322 436 463 1323 425 445 1324 426 448 1325 453 446 1326 591 464 1327 588 447 1328 440 465 1329 429 444 1330 430 449 1331 436 463 1332 445 466 1333 435 461 1334 591 464 1335 433 467 1336 594 468 1337 440 465 1338 449 469 1339 439 470 1340 437 451 1341 446 471 1342 436 463 1343 605 472 1344 504 473 1345 494 474 1346 434 456 1347 444 475 1348 454 332 1349 451 476 1350 440 465 1351 441 457 1352 438 462 1353 447 477 1354 437 451 1355 569 459 1356 382 406 1357 372 376 1358 445 466 1359 434 456 1360 435 461 1361 442 478 1362 451 476 1363 441 457 1364 439 470 1365 448 479 1366 438 462 1367 448 479 1368 458 480 1369 447 477 1370 566 460 1371 352 359 1372 563 481 1373 456 482 1374 444 475 1375 445 466 1376 452 483 1377 462 484 1378 451 476 1379 449 469 1380 459 485 1381 448 479 1382 457 486 1383 445 466 1384 446 471 1385 594 468 1386 423 487 1387 597 488 1388 450 489 1389 460 490 1390 449 469 1391 458 480 1392 446 471 1393 447 477 1394 578 491 1395 392 409 1396 575 492 1397 444 475 1398 455 493 1399 454 332 1400 462 484 1401 450 489 1402 451 476 1403 458 480 1404 467 494 1405 457 486 1406 623 495 1407 323 340 1408 552 316 1409 455 493 1410 465 496 1411 454 332 1412 462 484 1413 471 497 1414 461 498 1415 469 499 1416 458 480 1417 459 485 1418 605 472 1419 484 500 1420 602 501 1421 456 482 1422 465 496 1423 455 493 1424 473 454 1425 462 484 1426 463 455 1427 470 502 1428 459 485 1429 460 490 1430 457 486 1431 466 503 1432 456 482 1433 423 487 1434 600 504 1435 597 488 1436 471 497 1437 460 490 1438 461 498 1439 481 505 1440 469 499 1441 470 502 1442 478 506 1443 466 503 1444 467 494 1445 413 507 1446 603 508 1447 600 504 1448 482 509 1449 470 502 1450 471 497 1451 479 510 1452 467 494 1453 468 511 1454 612 512 1455 363 513 1456 615 514 1457 465 496 1458 476 515 1459 454 332 1460 472 516 1461 482 509 1462 471 497 1463 480 517 1464 468 511 1465 469 499 1466 584 518 1467 412 423 1468 581 519 1469 466 503 1470 476 515 1471 465 496 1472 484 500 1473 472 516 1474 473 454 1475 490 520 1476 479 510 1477 480 517 1478 578 491 1479 412 423 1480 402 424 1481 477 521 1482 486 522 1483 476 515 1484 494 474 1485 483 523 1486 484 500 1487 491 524 1488 480 517 1489 481 505 1490 478 506 1491 487 525 1492 477 521 1493 393 526 1494 609 527 1495 606 528 1496 482 509 1497 491 524 1498 481 505 1499 479 510 1500 488 529 1501 478 506 1502 614 530 1503 514 531 1504 611 532 1505 476 515 1506 486 522 1507 454 332 1508 483 523 1509 492 533 1510 482 509 1511 502 534 1512 491 524 1513 492 533 1514 499 535 1515 488 529 1516 489 536 1517 587 537 1518 442 478 1519 432 442 1520 486 522 1521 496 538 1522 454 332 1523 503 539 1524 492 533 1525 493 540 1526 490 520 1527 499 535 1528 489 536 1529 353 541 1530 621 542 1531 618 543 1532 497 544 1533 486 522 1534 487 525 1535 494 474 1536 503 539 1537 493 540 1538 491 524 1539 500 545 1540 490 520 1541 498 546 1542 487 525 1543 488 529 1544 608 547 1545 514 531 1546 504 473 1547 501 548 1548 510 549 1549 500 545 1550 498 546 1551 507 550 1552 497 544 1553 609 527 1554 373 551 1555 612 512 1556 502 534 1557 511 552 1558 501 548 1559 499 535 1560 508 553 1561 498 546 1562 602 501 1563 473 454 1564 599 554 1565 496 538 1566 506 555 1567 454 332 1568 513 556 1569 502 534 1570 503 539 1571 500 545 1572 509 557 1573 499 535 1574 333 558 1575 554 342 1576 624 559 1577 507 550 1578 496 538 1579 497 544 1580 504 473 1581 513 556 1582 503 539 1583 523 560 1584 512 561 1585 513 556 1586 510 549 1587 519 562 1588 509 557 1589 620 563 1590 534 564 1591 617 565 1592 517 566 1593 506 555 1594 507 550 1595 514 531 1596 523 560 1597 513 556 1598 511 552 1599 520 567 1600 510 549 1601 518 568 1602 507 550 1603 508 553 1604 614 530 1605 534 564 1606 524 569 1607 512 561 1608 521 570 1609 511 552 1610 519 562 1611 508 553 1612 509 557 1613 560 324 1614 352 359 1615 342 360 1616 506 555 1617 516 571 1618 454 332 1619 532 572 1620 521 570 1621 522 573 1622 519 562 1623 528 574 1624 518 568 1625 603 508 1626 393 526 1627 606 528 1628 516 571 1629 526 575 1630 454 332 1631 523 560 1632 532 572 1633 522 573 1634 530 576 1635 519 562 1636 520 567 1637 590 577 1638 452 483 1639 442 478 1640 517 566 1641 526 575 1642 516 571 1643 534 564 1644 523 560 1645 524 569 1646 531 578 1647 520 567 1648 521 570 1649 518 568 1650 527 579 1651 517 566 1652 363 513 1653 618 543 1654 615 514 1655 544 580 1656 533 581 1657 534 564 1658 541 582 1659 530 576 1660 531 578 1661 538 583 1662 527 579 1663 528 574 1664 621 542 1665 333 558 1666 624 559 1667 542 584 1668 531 578 1669 532 572 1670 539 585 1671 528 574 1672 529 586 1673 623 495 1674 544 580 1675 620 563 1676 526 575 1677 536 587 1678 454 332 1679 533 581 1680 542 584 1681 532 572 1682 540 588 1683 529 586 1684 530 576 1685 572 589 1686 392 409 1687 382 406 1688 527 579 1689 536 587 1690 526 575 1691 536 587 1692 546 314 1693 454 332 1694 543 590 1695 550 328 1696 542 584 1697 548 321 1698 539 585 1699 540 588 1700 587 537 1701 422 438 1702 584 518 1703 537 591 1704 546 314 1705 536 587 1706 552 316 1707 543 590 1708 544 580 1709 549 319 1710 540 588 1711 541 582 1712 538 583 1713 313 315 1714 537 591 1715 542 584 1716 549 319 1717 541 582 1718 539 585 1719 314 323 1720 538 583 1721 596 453 1722 452 483 1723 593 592 1724 555 593 1725 559 594 1726 557 326 1727 556 595 1728 558 344 1729 559 594 1730 561 348 1731 559 594 1732 558 344 1733 562 596 1734 557 326 1735 559 594 1736 565 597 1737 561 348 1738 564 363 1739 563 481 1740 562 596 1741 565 597 1742 565 597 1743 566 460 1744 563 481 1745 564 363 1746 568 598 1747 565 597 1748 571 599 1749 567 375 1750 570 382 1751 569 459 1752 568 598 1753 571 599 1754 573 395 1755 571 599 1756 570 382 1757 574 600 1758 569 459 1759 571 599 1760 576 398 1761 574 600 1762 573 395 1763 577 601 1764 572 589 1765 574 600 1766 579 414 1767 577 601 1768 576 398 1769 580 602 1770 575 492 1771 577 601 1772 580 602 1773 581 519 1774 578 491 1775 579 414 1776 583 603 1777 580 602 1778 586 604 1779 582 427 1780 585 431 1781 584 518 1782 583 603 1783 586 604 1784 589 605 1785 585 431 1786 588 447 1787 587 537 1788 586 604 1789 589 605 1790 587 537 1791 592 606 1792 590 577 1793 589 605 1794 591 464 1795 592 606 1796 594 468 1797 592 606 1798 591 464 1799 595 607 1800 590 577 1801 592 606 1802 597 488 1803 595 607 1804 594 468 1805 598 608 1806 593 592 1807 595 607 1808 598 608 1809 599 554 1810 596 453 1811 597 488 1812 601 609 1813 598 608 1814 604 610 1815 600 504 1816 603 508 1817 602 501 1818 601 609 1819 604 610 1820 607 611 1821 603 508 1822 606 528 1823 605 472 1824 604 610 1825 607 611 1826 605 472 1827 610 612 1828 608 547 1829 607 611 1830 609 527 1831 610 612 1832 612 512 1833 610 612 1834 609 527 1835 613 613 1836 608 547 1837 610 612 1838 615 514 1839 613 613 1840 612 512 1841 616 614 1842 611 532 1843 613 613 1844 616 614 1845 617 565 1846 614 530 1847 615 514 1848 619 615 1849 616 614 1850 622 616 1851 618 543 1852 621 542 1853 620 563 1854 619 615 1855 622 616 1856 625 617 1857 621 542 1858 624 559 1859 623 495 1860 622 616 1861 625 617 1862 554 342 1863 625 617 1864 624 559 1865 556 595 1866 623 495 1867 625 617 1868 555 593 1869 332 325 1870 323 340 1871 0 0 1872 233 18 1873 2 1 1874 238 3 1875 9 20 1876 10 4 1877 235 6 1878 6 21 1879 7 7 1880 1 9 1881 0 0 1882 3 2 1883 19 11 1884 29 43 1885 247 12 1886 237 14 1887 236 8 1888 7 7 1889 234 16 1890 1 9 1891 4 10 1892 237 14 1893 8 15 1894 9 20 1895 234 16 1896 5 17 1897 6 21 1898 8 15 1899 7 7 1900 16 22 1901 4 10 1902 13 29 1903 14 24 1904 8 15 1905 17 23 1906 18 26 1907 6 21 1908 5 17 1909 14 24 1910 3 2 1911 2 1 1912 11 25 1913 9 20 1914 18 26 1915 19 11 1916 6 21 1917 15 27 1918 16 22 1919 3 2 1920 12 28 1921 13 29 1922 245 30 1923 232 37 1924 240 31 1925 15 27 1926 25 42 1927 26 33 1928 13 29 1929 12 28 1930 22 34 1931 248 36 1932 222 52 1933 232 37 1934 17 23 1935 16 22 1936 26 33 1937 13 29 1938 23 35 1939 24 39 1940 18 26 1941 17 23 1942 27 38 1943 15 27 1944 14 24 1945 24 39 1946 11 25 1947 21 40 1948 22 34 1949 18 26 1950 28 41 1951 29 43 1952 27 38 1953 37 53 1954 38 44 1955 24 39 1956 34 54 1957 35 45 1958 22 34 1959 21 40 1960 31 46 1961 29 43 1962 28 41 1963 38 44 1964 26 33 1965 25 42 1966 35 45 1967 22 34 1968 32 47 1969 33 50 1970 251 51 1971 212 65 1972 222 52 1973 26 33 1974 36 49 1975 37 53 1976 24 39 1977 23 35 1978 33 50 1979 36 49 1980 46 63 1981 47 55 1982 34 54 1983 33 50 1984 43 56 1985 38 44 1986 37 53 1987 47 55 1988 34 54 1989 44 57 1990 45 60 1991 31 46 1992 41 58 1993 42 61 1994 39 48 1995 38 44 1996 48 59 1997 36 49 1998 35 45 1999 45 60 2000 33 50 2001 32 47 2002 42 61 2003 254 64 2004 202 72 2005 212 65 2006 49 62 2007 48 59 2008 58 66 2009 46 63 2010 45 60 2011 55 68 2012 42 61 2013 52 76 2014 53 70 2015 257 71 2016 192 85 2017 202 72 2018 46 63 2019 56 69 2020 57 73 2021 43 56 2022 53 70 2023 54 74 2024 48 59 2025 47 55 2026 57 73 2027 45 60 2028 44 57 2029 54 74 2030 41 58 2031 51 75 2032 52 76 2033 57 73 2034 67 86 2035 68 78 2036 54 74 2037 64 87 2038 65 79 2039 52 76 2040 51 75 2041 61 77 2042 58 66 2043 68 78 2044 69 81 2045 55 68 2046 65 79 2047 66 82 2048 53 70 2049 52 76 2050 62 80 2051 260 84 2052 182 89 2053 192 85 2054 57 73 2055 56 69 2056 66 82 2057 54 74 2058 53 70 2059 63 83 2060 263 88 2061 172 104 2062 182 89 2063 67 86 2064 66 82 2065 76 90 2066 63 83 2067 73 98 2068 74 92 2069 67 86 2070 77 91 2071 78 94 2072 65 79 2073 64 87 2074 74 92 2075 62 80 2076 61 77 2077 71 93 2078 68 78 2079 78 94 2080 79 97 2081 65 79 2082 75 95 2083 76 90 2084 62 80 2085 72 96 2086 73 98 2087 71 93 2088 81 107 2089 82 99 2090 78 94 2091 88 108 2092 89 100 2093 75 95 2094 85 109 2095 86 101 2096 73 98 2097 72 96 2098 82 99 2099 266 103 2100 162 118 2101 172 104 2102 77 91 2103 76 90 2104 86 101 2105 73 98 2106 83 102 2107 84 106 2108 78 94 2109 77 91 2110 87 105 2111 75 95 2112 74 92 2113 84 106 2114 87 105 2115 97 119 2116 98 111 2117 84 106 2118 94 120 2119 95 112 2120 82 99 2121 81 107 2122 91 110 2123 89 100 2124 88 108 2125 98 111 2126 86 101 2127 85 109 2128 95 112 2129 82 99 2130 92 113 2131 93 116 2132 269 117 2133 161 124 2134 162 118 2135 86 101 2136 96 115 2137 97 119 2138 84 106 2139 83 102 2140 93 116 2141 93 116 2142 92 113 2143 102 121 2144 272 123 2145 151 139 2146 161 124 2147 96 115 2148 106 131 2149 107 125 2150 94 120 2151 93 116 2152 103 122 2153 98 111 2154 97 119 2155 107 125 2156 94 120 2157 104 126 2158 105 129 2159 91 110 2160 101 127 2161 102 121 2162 99 114 2163 98 111 2164 108 128 2165 96 115 2166 95 112 2167 105 129 2168 101 127 2169 111 142 2170 112 132 2171 109 130 2172 108 128 2173 118 133 2174 106 131 2175 105 129 2176 115 135 2177 102 121 2178 112 132 2179 113 137 2180 275 138 2181 140 157 2182 151 139 2183 106 131 2184 116 136 2185 117 140 2186 103 122 2187 113 137 2188 114 141 2189 108 128 2190 107 125 2191 117 140 2192 105 129 2193 104 126 2194 114 141 2195 114 141 2196 113 137 2197 123 143 2198 283 145 2199 150 178 2200 160 146 2201 117 140 2202 127 158 2203 128 149 2204 114 141 2205 124 144 2206 125 150 2207 49 62 2208 59 67 2209 256 151 2210 112 132 2211 111 142 2212 121 148 2213 118 133 2214 128 149 2215 129 154 2216 115 135 2217 125 150 2218 126 155 2219 113 137 2220 112 132 2221 122 153 2222 278 156 2223 130 161 2224 140 157 2225 117 140 2226 116 136 2227 126 155 2228 122 153 2229 132 172 2230 133 159 2231 281 160 2232 120 182 2233 130 161 2234 127 158 2235 126 155 2236 136 162 2237 123 143 2238 133 159 2239 134 164 2240 292 165 2241 181 221 2242 191 166 2243 127 158 2244 137 163 2245 138 169 2246 125 150 2247 124 144 2248 134 164 2249 256 151 2250 59 67 2251 69 81 2252 122 153 2253 121 148 2254 131 168 2255 128 149 2256 138 169 2257 139 173 2258 125 150 2259 135 170 2260 136 162 2261 135 170 2262 134 164 2263 145 174 2264 39 48 2265 49 62 2266 253 152 2267 131 168 2268 142 186 2269 143 177 2270 138 169 2271 149 187 2272 150 178 2273 135 170 2274 146 175 2275 147 179 2276 133 159 2277 132 172 2278 143 177 2279 284 181 2280 110 200 2281 120 182 2282 137 163 2283 136 162 2284 147 179 2285 133 159 2286 144 180 2287 145 174 2288 79 97 2289 89 100 2290 265 184 2291 138 169 2292 137 163 2293 148 183 2294 145 174 2295 144 180 2296 154 188 2297 310 190 2298 239 5 2299 10 4 2300 148 183 2301 158 201 2302 159 193 2303 145 174 2304 155 189 2305 156 194 2306 171 195 2307 181 221 2308 292 165 2309 143 177 2310 142 186 2311 152 192 2312 150 178 2313 149 187 2314 159 193 2315 147 179 2316 146 175 2317 156 194 2318 143 177 2319 153 197 2320 154 188 2321 287 199 2322 100 207 2323 110 200 2324 147 179 2325 157 198 2326 158 201 2327 157 198 2328 156 194 2329 167 202 2330 154 188 2331 153 197 2332 164 204 2333 290 206 2334 90 271 2335 100 207 2336 157 198 2337 168 203 2338 169 208 2339 155 189 2340 154 188 2341 165 205 2342 302 210 2343 50 278 2344 60 211 2345 159 193 2346 158 201 2347 169 208 2348 155 189 2349 166 209 2350 167 202 2351 99 114 2352 109 130 2353 271 215 2354 152 192 2355 163 213 2356 164 204 2357 160 146 2358 159 193 2359 170 214 2360 167 202 2361 166 209 2362 176 217 2363 265 184 2364 89 100 2365 99 114 2366 163 213 2367 173 231 2368 174 219 2369 171 195 2370 170 214 2371 180 220 2372 168 203 2373 167 202 2374 177 218 2375 164 204 2376 174 219 2377 175 223 2378 296 224 2379 70 247 2380 80 225 2381 168 203 2382 178 222 2383 179 227 2384 165 205 2385 175 223 2386 176 217 2387 201 228 2388 211 264 2389 301 229 2390 170 214 2391 169 208 2392 179 227 2393 179 227 2394 178 222 2395 188 232 2396 176 217 2397 175 223 2398 185 234 2399 274 236 2400 119 134 2401 129 154 2402 179 227 2403 189 233 2404 190 239 2405 176 217 2406 186 235 2407 187 240 2408 308 241 2409 30 285 2410 40 242 2411 174 219 2412 173 231 2413 183 238 2414 180 220 2415 190 239 2416 191 166 2417 177 218 2418 187 240 2419 188 232 2420 175 223 2421 174 219 2422 184 244 2423 295 167 2424 191 166 2425 201 228 2426 187 240 2427 197 252 2428 198 245 2429 184 244 2430 194 255 2431 195 246 2432 299 212 2433 60 211 2434 70 247 2435 189 233 2436 188 232 2437 198 245 2438 185 234 2439 195 246 2440 196 249 2441 160 146 2442 171 195 2443 289 196 2444 189 233 2445 199 248 2446 200 251 2447 187 240 2448 186 235 2449 196 249 2450 241 32 2451 240 31 2452 20 253 2453 184 244 2454 183 238 2455 193 250 2456 190 239 2457 200 251 2458 201 228 2459 200 251 2460 199 248 2461 209 256 2462 197 252 2463 196 249 2464 206 258 2465 221 260 2466 231 280 2467 307 261 2468 193 250 2469 203 267 2470 204 263 2471 200 251 2472 210 257 2473 211 264 2474 197 252 2475 207 259 2476 208 265 2477 195 246 2478 194 255 2479 204 263 2480 301 229 2481 211 264 2482 221 260 2483 199 248 2484 198 245 2485 208 265 2486 195 246 2487 205 266 2488 206 258 2489 247 12 2490 29 43 2491 39 48 2492 208 265 2493 218 277 2494 219 268 2495 206 258 2496 205 266 2497 215 269 2498 293 226 2499 80 225 2500 90 271 2501 209 256 2502 219 268 2503 220 273 2504 206 258 2505 216 270 2506 217 274 2507 277 237 2508 129 154 2509 139 173 2510 204 263 2511 203 267 2512 213 272 2513 211 264 2514 210 257 2515 220 273 2516 208 265 2517 207 259 2518 217 274 2519 204 263 2520 214 276 2521 215 269 2522 305 243 2523 40 242 2524 50 278 2525 221 260 2526 220 273 2527 230 279 2528 218 277 2529 217 274 2530 227 281 2531 215 269 2532 214 276 2533 224 283 2534 311 254 2535 20 253 2536 30 285 2537 218 277 2538 228 282 2539 229 286 2540 216 270 2541 215 269 2542 225 284 2543 231 280 2544 239 5 2545 310 190 2546 220 273 2547 219 268 2548 229 286 2549 216 270 2550 226 287 2551 227 281 2552 259 171 2553 69 81 2554 79 97 2555 213 272 2556 223 288 2557 224 283 2558 230 279 2559 229 286 2560 237 14 2561 227 281 2562 226 287 2563 234 16 2564 109 130 2565 119 134 2566 274 236 2567 223 288 2568 233 18 2569 0 0 2570 231 280 2571 230 279 2572 238 3 2573 228 282 2574 227 281 2575 235 6 2576 224 283 2577 0 0 2578 1 9 2579 228 282 2580 236 8 2581 237 14 2582 225 284 2583 1 9 2584 234 16 2585 139 173 2586 150 178 2587 283 145 2588 242 191 2589 244 13 2590 246 289 2591 243 290 2592 246 289 2593 245 30 2594 248 36 2595 245 30 2596 246 289 2597 246 289 2598 244 13 2599 247 12 2600 248 36 2601 249 291 2602 252 292 2603 252 292 2604 249 291 2605 247 12 2606 253 152 2607 255 293 2608 252 292 2609 255 293 2610 254 64 2611 251 51 2612 257 71 2613 254 64 2614 255 293 2615 255 293 2616 253 152 2617 256 151 2618 257 71 2619 258 294 2620 261 295 2621 261 295 2622 258 294 2623 256 151 2624 263 88 2625 260 84 2626 261 295 2627 264 296 2628 261 295 2629 259 171 2630 266 103 2631 263 88 2632 264 296 2633 264 296 2634 262 185 2635 265 184 2636 265 184 2637 268 216 2638 270 298 2639 270 298 2640 269 117 2641 266 103 2642 269 117 2643 270 298 2644 273 299 2645 270 298 2646 268 216 2647 271 215 2648 275 138 2649 272 123 2650 273 299 2651 273 299 2652 271 215 2653 274 236 2654 274 236 2655 277 237 2656 279 301 2657 279 301 2658 278 156 2659 275 138 2660 281 160 2661 278 156 2662 279 301 2663 282 302 2664 279 301 2665 277 237 2666 284 181 2667 281 160 2668 282 302 2669 282 302 2670 280 275 2671 283 145 2672 283 145 2673 286 147 2674 288 304 2675 288 304 2676 287 199 2677 284 181 2678 287 199 2679 288 304 2680 291 305 2681 288 304 2682 286 147 2683 289 196 2684 293 226 2685 290 206 2686 291 305 2687 291 305 2688 289 196 2689 292 165 2690 292 165 2691 295 167 2692 297 307 2693 297 307 2694 296 224 2695 293 226 2696 299 212 2697 296 224 2698 297 307 2699 300 308 2700 297 307 2701 295 167 2702 302 210 2703 299 212 2704 300 308 2705 300 308 2706 298 230 2707 301 229 2708 301 229 2709 304 262 2710 306 310 2711 306 310 2712 305 243 2713 302 210 2714 308 241 2715 305 243 2716 306 310 2717 306 310 2718 304 262 2719 307 261 2720 311 254 2721 308 241 2722 309 311 2723 309 311 2724 307 261 2725 310 190 2726 311 254 2727 312 312 2728 243 290 2729 243 290 2730 312 312 2731 310 190 2732 242 191 2733 10 4 2734 19 11 2735 316 313 2736 315 331 2737 546 314 2738 552 316 2739 323 340 2740 322 317 2741 549 319 2742 320 334 2743 319 320 2744 317 322 2745 316 313 2746 313 315 2747 560 324 2748 342 360 2749 332 325 2750 321 327 2751 320 334 2752 549 319 2753 318 329 2754 317 322 2755 314 323 2756 322 317 2757 321 327 2758 550 328 2759 548 321 2760 319 320 2761 318 329 2762 321 327 2763 330 349 2764 329 333 2765 318 329 2766 327 338 2767 326 335 2768 331 337 2769 330 349 2770 321 327 2771 319 320 2772 328 341 2773 327 338 2774 325 339 2775 324 336 2776 315 331 2777 323 340 2778 332 325 2779 331 337 2780 320 334 2781 329 333 2782 328 341 2783 317 322 2784 326 335 2785 325 339 2786 554 342 2787 553 618 2788 545 343 2789 329 333 2790 339 350 2791 338 345 2792 336 346 2793 335 354 2794 325 339 2795 558 344 2796 545 343 2797 535 347 2798 330 349 2799 340 356 2800 339 350 2801 337 351 2802 336 346 2803 326 335 2804 341 353 2805 340 356 2806 330 349 2807 328 341 2808 338 345 2809 337 351 2810 335 354 2811 334 352 2812 324 336 2813 332 325 2814 342 360 2815 341 353 2816 341 353 2817 351 369 2818 350 355 2819 348 357 2820 347 367 2821 337 351 2822 335 354 2823 345 362 2824 344 358 2825 352 359 2826 351 369 2827 341 353 2828 349 361 2829 348 357 2830 338 345 2831 336 346 2832 346 364 2833 345 362 2834 535 347 2835 525 374 2836 564 363 2837 350 355 2838 349 361 2839 339 350 2840 337 351 2841 347 367 2842 346 364 2843 360 365 2844 359 372 2845 349 361 2846 357 366 2847 356 373 2848 346 364 2849 351 369 2850 361 377 2851 360 365 2852 358 370 2853 357 366 2854 347 367 2855 345 362 2856 355 380 2857 354 368 2858 362 371 2859 361 377 2860 351 369 2861 359 372 2862 358 370 2863 348 357 2864 356 373 2865 355 380 2866 345 362 2867 525 374 2868 515 619 2869 567 375 2870 372 376 2871 371 389 2872 361 377 2873 369 378 2874 368 386 2875 358 370 2876 356 373 2877 366 383 2878 365 379 2879 567 375 2880 515 619 2881 505 381 2882 360 365 2883 370 385 2884 369 378 2885 357 366 2886 367 391 2887 366 383 2888 361 377 2889 371 389 2890 370 385 2891 368 386 2892 367 391 2893 357 366 2894 355 380 2895 365 379 2896 364 384 2897 381 388 2898 380 396 2899 370 385 2900 368 386 2901 378 393 2902 377 390 2903 375 392 2904 374 387 2905 364 384 2906 372 376 2907 382 406 2908 381 388 2909 369 378 2910 379 400 2911 378 393 2912 376 394 2913 375 392 2914 365 379 2915 505 381 2916 495 620 2917 573 395 2918 380 396 2919 379 400 2920 369 378 2921 377 390 2922 376 394 2923 366 383 2924 573 395 2925 495 620 2926 485 397 2927 380 396 2928 390 415 2929 389 399 2930 377 390 2931 387 404 2932 386 401 2933 391 403 2934 390 415 2935 380 396 2936 378 393 2937 388 407 2938 387 404 2939 385 405 2940 384 402 2941 374 387 2942 382 406 2943 392 409 2944 391 403 2945 379 400 2946 389 399 2947 388 407 2948 376 394 2949 386 401 2950 385 405 2951 395 408 2952 394 418 2953 384 402 2954 392 409 2955 402 424 2956 401 410 2957 389 399 2958 399 416 2959 398 411 2960 396 412 2961 395 408 2962 385 405 2963 576 398 2964 485 397 2965 475 413 2966 390 415 2967 400 421 2968 399 416 2969 397 417 2970 396 412 2971 386 401 2972 401 410 2973 400 421 2974 390 415 2975 388 407 2976 398 411 2977 397 417 2978 401 410 2979 411 436 2980 410 420 2981 408 422 2982 407 434 2983 397 417 2984 395 408 2985 405 426 2986 404 419 2987 412 423 2988 411 436 2989 401 410 2990 409 425 2991 408 422 2992 398 411 2993 396 412 2994 406 428 2995 405 426 2996 475 413 2997 474 430 2998 582 427 2999 410 420 3000 409 425 3001 399 416 3002 397 417 3003 407 434 3004 406 428 3005 416 429 3006 415 440 3007 405 426 3008 474 430 3009 464 621 3010 585 431 3011 420 432 3012 419 439 3013 409 425 3014 417 433 3015 416 429 3016 406 428 3017 411 436 3018 421 443 3019 420 432 3020 418 437 3021 417 433 3022 407 434 3023 405 426 3024 415 440 3025 414 435 3026 422 438 3027 421 443 3028 411 436 3029 419 439 3030 418 437 3031 408 422 3032 415 440 3033 425 445 3034 424 441 3035 432 442 3036 431 458 3037 421 443 3038 429 444 3039 428 450 3040 418 437 3041 416 429 3042 426 448 3043 425 445 3044 585 431 3045 464 621 3046 453 446 3047 420 432 3048 430 449 3049 429 444 3050 417 433 3051 427 452 3052 426 448 3053 421 443 3054 431 458 3055 430 449 3056 428 450 3057 427 452 3058 417 433 3059 437 451 3060 436 463 3061 426 448 3062 596 453 3063 599 554 3064 473 454 3065 441 457 3066 440 465 3067 430 449 3068 428 450 3069 438 462 3070 437 451 3071 569 459 3072 372 376 3073 362 371 3074 435 461 3075 434 456 3076 424 441 3077 432 442 3078 442 478 3079 441 457 3080 429 444 3081 439 470 3082 438 462 3083 436 463 3084 435 461 3085 425 445 3086 453 446 3087 443 622 3088 591 464 3089 440 465 3090 439 470 3091 429 444 3092 436 463 3093 446 471 3094 445 466 3095 591 464 3096 443 622 3097 433 467 3098 440 465 3099 450 489 3100 449 469 3101 437 451 3102 447 477 3103 446 471 3104 605 472 3105 608 547 3106 504 473 3107 451 476 3108 450 489 3109 440 465 3110 438 462 3111 448 479 3112 447 477 3113 569 459 3114 572 589 3115 382 406 3116 445 466 3117 444 475 3118 434 456 3119 442 478 3120 452 483 3121 451 476 3122 439 470 3123 449 469 3124 448 479 3125 448 479 3126 459 485 3127 458 480 3128 566 460 3129 362 371 3130 352 359 3131 456 482 3132 455 493 3133 444 475 3134 452 483 3135 463 455 3136 462 484 3137 449 469 3138 460 490 3139 459 485 3140 457 486 3141 456 482 3142 445 466 3143 594 468 3144 433 467 3145 423 487 3146 450 489 3147 461 498 3148 460 490 3149 458 480 3150 457 486 3151 446 471 3152 578 491 3153 402 424 3154 392 409 3155 462 484 3156 461 498 3157 450 489 3158 458 480 3159 468 511 3160 467 494 3161 623 495 3162 555 593 3163 323 340 3164 462 484 3165 472 516 3166 471 497 3167 469 499 3168 468 511 3169 458 480 3170 605 472 3171 494 474 3172 484 500 3173 456 482 3174 466 503 3175 465 496 3176 473 454 3177 472 516 3178 462 484 3179 470 502 3180 469 499 3181 459 485 3182 457 486 3183 467 494 3184 466 503 3185 423 487 3186 413 507 3187 600 504 3188 471 497 3189 470 502 3190 460 490 3191 481 505 3192 480 517 3193 469 499 3194 478 506 3195 477 521 3196 466 503 3197 413 507 3198 403 623 3199 603 508 3200 482 509 3201 481 505 3202 470 502 3203 479 510 3204 478 506 3205 467 494 3206 612 512 3207 373 551 3208 363 513 3209 472 516 3210 483 523 3211 482 509 3212 480 517 3213 479 510 3214 468 511 3215 584 518 3216 422 438 3217 412 423 3218 466 503 3219 477 521 3220 476 515 3221 484 500 3222 483 523 3223 472 516 3224 490 520 3225 489 536 3226 479 510 3227 578 491 3228 581 519 3229 412 423 3230 477 521 3231 487 525 3232 486 522 3233 494 474 3234 493 540 3235 483 523 3236 491 524 3237 490 520 3238 480 517 3239 478 506 3240 488 529 3241 487 525 3242 393 526 3243 383 624 3244 609 527 3245 482 509 3246 492 533 3247 491 524 3248 479 510 3249 489 536 3250 488 529 3251 614 530 3252 524 569 3253 514 531 3254 483 523 3255 493 540 3256 492 533 3257 502 534 3258 501 548 3259 491 524 3260 499 535 3261 498 546 3262 488 529 3263 587 537 3264 590 577 3265 442 478 3266 503 539 3267 502 534 3268 492 533 3269 490 520 3270 500 545 3271 499 535 3272 353 541 3273 343 625 3274 621 542 3275 497 544 3276 496 538 3277 486 522 3278 494 474 3279 504 473 3280 503 539 3281 491 524 3282 501 548 3283 500 545 3284 498 546 3285 497 544 3286 487 525 3287 608 547 3288 611 532 3289 514 531 3290 501 548 3291 511 552 3292 510 549 3293 498 546 3294 508 553 3295 507 550 3296 609 527 3297 383 624 3298 373 551 3299 502 534 3300 512 561 3301 511 552 3302 499 535 3303 509 557 3304 508 553 3305 602 501 3306 484 500 3307 473 454 3308 513 556 3309 512 561 3310 502 534 3311 500 545 3312 510 549 3313 509 557 3314 333 558 3315 553 618 3316 554 342 3317 507 550 3318 506 555 3319 496 538 3320 504 473 3321 514 531 3322 513 556 3323 523 560 3324 522 573 3325 512 561 3326 510 549 3327 520 567 3328 519 562 3329 620 563 3330 544 580 3331 534 564 3332 517 566 3333 516 571 3334 506 555 3335 514 531 3336 524 569 3337 523 560 3338 511 552 3339 521 570 3340 520 567 3341 518 568 3342 517 566 3343 507 550 3344 614 530 3345 617 565 3346 534 564 3347 512 561 3348 522 573 3349 521 570 3350 519 562 3351 518 568 3352 508 553 3353 560 324 3354 563 481 3355 352 359 3356 532 572 3357 531 578 3358 521 570 3359 519 562 3360 529 586 3361 528 574 3362 603 508 3363 403 623 3364 393 526 3365 523 560 3366 533 581 3367 532 572 3368 530 576 3369 529 586 3370 519 562 3371 590 577 3372 593 592 3373 452 483 3374 517 566 3375 527 579 3376 526 575 3377 534 564 3378 533 581 3379 523 560 3380 531 578 3381 530 576 3382 520 567 3383 518 568 3384 528 574 3385 527 579 3386 363 513 3387 353 541 3388 618 543 3389 544 580 3390 543 590 3391 533 581 3392 541 582 3393 540 588 3394 530 576 3395 538 583 3396 537 591 3397 527 579 3398 621 542 3399 343 625 3400 333 558 3401 542 584 3402 541 582 3403 531 578 3404 539 585 3405 538 583 3406 528 574 3407 623 495 3408 552 316 3409 544 580 3410 533 581 3411 543 590 3412 542 584 3413 540 588 3414 539 585 3415 529 586 3416 572 589 3417 575 492 3418 392 409 3419 527 579 3420 537 591 3421 536 587 3422 543 590 3423 551 318 3424 550 328 3425 548 321 3426 547 330 3427 539 585 3428 587 537 3429 432 442 3430 422 438 3431 537 591 3432 313 315 3433 546 314 3434 552 316 3435 551 318 3436 543 590 3437 549 319 3438 548 321 3439 540 588 3440 538 583 3441 314 323 3442 313 315 3443 542 584 3444 550 328 3445 549 319 3446 539 585 3447 547 330 3448 314 323 3449 596 453 3450 463 455 3451 452 483 3452 555 593 3453 556 595 3454 559 594 3455 556 595 3456 554 342 3457 558 344 3458 561 348 3459 562 596 3460 559 594 3461 562 596 3462 560 324 3463 557 326 3464 565 597 3465 562 596 3466 561 348 3467 563 481 3468 560 324 3469 562 596 3470 565 597 3471 568 598 3472 566 460 3473 564 363 3474 567 375 3475 568 598 3476 571 599 3477 568 598 3478 567 375 3479 569 459 3480 566 460 3481 568 598 3482 573 395 3483 574 600 3484 571 599 3485 574 600 3486 572 589 3487 569 459 3488 576 398 3489 577 601 3490 574 600 3491 577 601 3492 575 492 3493 572 589 3494 579 414 3495 580 602 3496 577 601 3497 580 602 3498 578 491 3499 575 492 3500 580 602 3501 583 603 3502 581 519 3503 579 414 3504 582 427 3505 583 603 3506 586 604 3507 583 603 3508 582 427 3509 584 518 3510 581 519 3511 583 603 3512 589 605 3513 586 604 3514 585 431 3515 587 537 3516 584 518 3517 586 604 3518 587 537 3519 589 605 3520 592 606 3521 589 605 3522 588 447 3523 591 464 3524 594 468 3525 595 607 3526 592 606 3527 595 607 3528 593 592 3529 590 577 3530 597 488 3531 598 608 3532 595 607 3533 598 608 3534 596 453 3535 593 592 3536 598 608 3537 601 609 3538 599 554 3539 597 488 3540 600 504 3541 601 609 3542 604 610 3543 601 609 3544 600 504 3545 602 501 3546 599 554 3547 601 609 3548 607 611 3549 604 610 3550 603 508 3551 605 472 3552 602 501 3553 604 610 3554 605 472 3555 607 611 3556 610 612 3557 607 611 3558 606 528 3559 609 527 3560 612 512 3561 613 613 3562 610 612 3563 613 613 3564 611 532 3565 608 547 3566 615 514 3567 616 614 3568 613 613 3569 616 614 3570 614 530 3571 611 532 3572 616 614 3573 619 615 3574 617 565 3575 615 514 3576 618 543 3577 619 615 3578 622 616 3579 619 615 3580 618 543 3581 620 563 3582 617 565 3583 619 615 3584 625 617 3585 622 616 3586 621 542 3587 623 495 3588 620 563 3589 622 616 3590 554 342 3591 556 595 3592 625 617 3593 556 595 3594 555 593 3595 623 495 3596 555 593 3597 557 326 3598 332 325 3599</p>
        </triangles>
      </mesh>
    </geometry>
  </library_geometries>
  <library_visual_scenes>
    <visual_scene id="Scene" name="Scene">
      <node id="Lamp_Цилиндр_002" name="Lamp_Цилиндр.002" type="NODE">
        <matrix sid="transform">1 0 0 0 0 7.54979e-8 -1 0 0 1 7.54979e-8 0 0 0 0 1</matrix>
        <instance_geometry url="#Lamp_Цилиндр_002-mesh" name="Lamp_Цилиндр.002">
          <bind_material>
            <technique_common>
              <instance_material symbol="Lamp-material" target="#Lamp-material">
                <bind_vertex_input semantic="UVMap" input_semantic="TEXCOORD" input_set="0"/>
              </instance_material>
            </technique_common>
          </bind_material>
        </instance_geometry>
      </node>
      <node id="glass_Куб_005" name="glass_Куб.005" type="NODE">
        <matrix sid="transform">1 0 0 0 0 7.54979e-8 -1 0 0 1 7.54979e-8 0 0 0 0 1</matrix>
        <instance_geometry url="#glass_Куб_005-mesh" name="glass_Куб.005">
          <bind_material>
            <technique_common>
              <instance_material symbol="glass-material" target="#glass-material">
                <bind_vertex_input semantic="UVMap" input_semantic="TEXCOORD" input_set="0"/>
              </instance_material>
            </technique_common>
          </bind_material>
        </instance_geometry>
      </node>
      <node id="bulb_Сфера_001" name="bulb_Сфера.001" type="NODE">
        <matrix sid="transform">1 0 0 0 0 7.54979e-8 -1 0 0 1 7.54979e-8 0 0 0 0 1</matrix>
        <instance_geometry url="#bulb_Сфера_001-mesh" name="bulb_Сфера.001">
          <bind_material>
            <technique_common>
              <instance_material symbol="bulb-material" target="#bulb-material">
                <bind_vertex_input semantic="UVMap" input_semantic="TEXCOORD" input_set="0"/>
              </instance_material>
            </technique_common>
          </bind_material>
        </instance_geometry>
      </node>
    </visual_scene>
  </library_visual_scenes>
  <scene>
    <instance_visual_scene url="#Scene"/>
  </scene>
</COLLADA>
