<?xml version="1.0" encoding="utf-8"?>
<COLLADA xmlns="http://www.collada.org/2005/11/COLLADASchema" version="1.4.1" xmlns:xsi="http://www.w3.org/2001/XMLSchema-instance">
  <asset>
    <contributor>
      <author>Blender User</author>
      <authoring_tool>Blender 4.4.0 commit date:2025-03-17, commit time:17:00, hash:05377985c527</authoring_tool>
    </contributor>
    <created>2025-04-15T09:53:33</created>
    <modified>2025-04-15T09:53:33</modified>
    <unit name="meter" meter="1"/>
    <up_axis>Z_UP</up_axis>
  </asset>
  <library_effects>
    <effect id="Material_002-effect">
      <profile_COMMON>
        <newparam sid="fire_png-surface">
          <surface type="2D">
            <init_from>fire_png</init_from>
          </surface>
        </newparam>
        <newparam sid="fire_png-sampler">
          <sampler2D>
            <source>fire_png-surface</source>
          </sampler2D>
        </newparam>
        <technique sid="common">
          <lambert>
            <emission>
              <color sid="emission">0 0 0 1</color>
            </emission>
            <diffuse>
              <texture texture="fire_png-sampler" texcoord="UVMap"/>
            </diffuse>
            <index_of_refraction>
              <float sid="ior">1.5</float>
            </index_of_refraction>
          </lambert>
        </technique>
      </profile_COMMON>
    </effect>
  </library_effects>
  <library_images>
    <image id="fire_png" name="fire_png">
      <init_from>fire.png</init_from>
    </image>
  </library_images>
  <library_materials>
    <material id="Material_002-material" name="Material.002">
      <instance_effect url="#Material_002-effect"/>
    </material>
  </library_materials>
  <library_geometries>
    <geometry id="Cylinder-mesh" name="Cylinder">
      <mesh>
        <source id="Cylinder-mesh-positions">
          <float_array id="Cylinder-mesh-positions-array" count="13476">0.007740974 0.309218 0.01865595 0.007740974 0.309218 0.006484985 0.007347941 0.309257 0.01865595 0.007347941 0.309257 0.006484985 0.006969988 0.309372 0.01865595 0.006969988 0.309372 0.006484985 0.006621956 0.309558 0.01865595 0.006621956 0.309558 0.006484985 0.006316959 0.309808 0.01865595 0.006316959 0.309808 0.006484985 0.006065964 0.310113 0.01865595 0.006065964 0.310113 0.006484985 0.005879998 0.310462 0.01865595 0.005879998 0.310462 0.006484985 0.005765974 0.310839 0.01865595 0.005765974 0.310839 0.006484985 0.005726993 0.311232 0.01865595 0.005726993 0.311232 0.006484985 0.005765974 0.311625 0.01865595 0.005765974 0.311625 0.006484985 0.005879998 0.312003 0.01865595 0.005879998 0.312003 0.006484985 0.006065964 0.312351 0.01865595 0.006065964 0.312351 0.006484985 0.006316959 0.312656 0.01865595 0.006316959 0.312656 0.006484985 0.006621956 0.312907 0.01865595 0.006621956 0.312907 0.006484985 0.006969988 0.313093 0.01865595 0.006969988 0.313093 0.006484985 0.007347941 0.313208 0.01865595 0.007347941 0.313208 0.006484985 0.007740974 0.313246 0.01865595 0.007740974 0.313246 0.006484985 0.008133947 0.313208 0.01865595 0.008133947 0.313208 0.006484985 0.00851196 0.313093 0.01865595 0.00851196 0.313093 0.006484985 0.008859992 0.312907 0.01865595 0.008859992 0.312907 0.006484985 0.009164988 0.312656 0.01865595 0.009164988 0.312656 0.006484985 0.009415984 0.312351 0.01865595 0.009415984 0.312351 0.006484985 0.00960195 0.312003 0.01865595 0.00960195 0.312003 0.006484985 0.009715974 0.311625 0.01865595 0.009715974 0.311625 0.006484985 0.009754955 0.311232 0.01865595 0.009754955 0.311232 0.006484985 0.009715974 0.310839 0.01865595 0.009715974 0.310839 0.006484985 0.00960195 0.310462 0.01865595 0.00960195 0.310462 0.006484985 0.009415984 0.310113 0.01865595 0.009415984 0.310113 0.006484985 0.009164988 0.309808 0.01865595 0.009164988 0.309808 0.006484985 0.008859992 0.309558 0.01865595 0.008859992 0.309558 0.006484985 0.00851196 0.309372 0.01865595 0.00851196 0.309371 0.006484985 0.008133947 0.309257 0.01865595 0.008133947 0.309257 0.006484985 0.00335896 0.30056 0.00841397 0.003652989 0.31213 0.007360994 0.00335896 0.30056 -0.009830951 0.002888977 0.312365 -0.009830951 -0.005378961 0.302428 0.00841397 -0.00434798 0.314149 0.007360994 -0.005378961 0.302428 -0.009830951 -0.00434798 0.314149 -0.008777976 0.02626496 0.293247 0.00841397 0.02578395 0.302985 0.007360994 0.02569895 0.302939 -0.009830951 0.02626496 0.293247 -0.009830951 0.05324494 0.288615 0.00841397 0.05049699 0.295125 0.007360994 0.05117195 0.294838 -0.009830951 0.05324494 0.288615 -0.009830951 0.06546998 0.290704 0.00841397 0.06567895 0.295022 0.007360994 0.06567895 0.295022 -0.008777976 0.06546998 0.290704 -0.009830951 0.03843998 0.290064 0.00841397 0.03843998 0.290064 -0.009830951 0.03653699 0.298881 -0.008777976 0.03653699 0.298881 0.007360994 0.02111995 0.294889 -0.009830951 0.021025 0.311655 -0.008777976 0.021025 0.311655 0.007360994 0.02111995 0.294889 0.00841397 0.05923897 0.288956 -0.009830951 0.05813395 0.294405 -0.008777976 0.05813395 0.294405 0.007360994 0.05923897 0.288956 0.00841397 -1.46e-4 0.315856 -0.008777976 -6.56e-4 0.301494 -0.009830951 -1.46e-4 0.315856 0.007360994 -6.56e-4 0.301494 0.00841397 -0.001027941 0.316206 -0.009830951 -0.006375968 0.31432 -0.009830951 -0.006375968 0.31432 0.00841397 -0.001027941 0.316206 0.00841397 0.002888977 0.312365 0.00841397 0.02079397 0.311876 -0.009830951 0.003652989 0.31213 -0.008777976 0.02079397 0.311876 0.00841397 0.02569895 0.302939 0.00841397 0.03678297 0.298709 -0.009830951 0.05049699 0.295125 -0.008777976 0.03678297 0.298709 0.00841397 0.06715399 0.294759 0.00841397 0.06715399 0.294759 -0.009830951 0.059044 0.294096 -0.009830951 0.059044 0.294096 0.00841397 0.02578395 0.302985 -0.008777976 0.05117195 0.294838 0.00841397 0.005952954 0.302288 0.006666958 0.005952954 0.302288 -0.008083999 0.02670896 0.295344 0.006666958 0.02670896 0.295344 -0.008083999 0.049739 0.289735 0.006666958 0.049739 0.289735 -0.008083999 0.03677195 0.29228 -0.008083999 0.03677195 0.29228 0.006666958 0.02182298 0.30295 -0.008083999 0.02182298 0.30295 0.006666958 0.05674797 0.28956 -0.008083999 0.05674797 0.28956 0.006666958 0.002253949 0.305446 -0.008083999 0.002253949 0.305446 0.006666958 -0.001469969 0.303624 -0.008083999 -0.001469969 0.303624 0.006666958 0.06358796 0.290597 0.006666958 0.06358796 0.290597 -0.008083999 -0.009024977 0.316973 -0.01127696 -0.005153 0.305529 -0.01005697 -0.009024977 0.316973 0.009859979 -0.005842983 0.305058 0.009859979 -0.01645296 0.312627 -0.01127696 -0.01250499 0.301042 -0.01005697 -0.01645296 0.312627 0.009859979 -0.01250499 0.301042 0.008639991 0.01154798 0.331347 -0.01127696 0.01407998 0.32149 -0.01005697 0.01398199 0.32151 0.009859979 0.01154798 0.331347 0.009859979 0.03701198 0.34431 -0.01127696 0.03628599 0.336969 -0.01005697 0.03687 0.337464 0.009859979 0.03701198 0.34431 0.009859979 0.04984498 0.346008 -0.01127696 0.05138897 0.341768 -0.01005697 0.05138897 0.341768 0.008639991 0.04984498 0.346008 0.009859979 0.02270096 0.338286 -0.01127696 0.02270096 0.338286 0.009859979 0.02353096 0.328907 0.008639991 0.02353096 0.328907 -0.01005697 0.006926953 0.328119 0.009859979 0.01201796 0.311375 0.008639991 0.01201796 0.311375 -0.01005697 0.006926953 0.328119 -0.01127696 0.04309296 0.345823 0.009859979 0.04367697 0.340049 0.008639991 0.04367697 0.340049 -0.01005697 0.04309296 0.345823 -0.01127696 -0.007788956 0.30064 0.008639991 -0.012739 0.3148 0.009859979 -0.007788956 0.30064 -0.01005697 -0.012739 0.3148 -0.01127696 -0.008558988 0.300018 0.009859979 -0.01376897 0.300463 0.009859979 -0.01376897 0.300463 -0.01127696 -0.008558988 0.300018 -0.01127696 -0.005842983 0.305058 -0.01127696 0.01185595 0.311084 0.009859979 -0.005153 0.305529 0.008639991 0.01185595 0.311084 -0.01127696 0.01398199 0.32151 -0.01127696 0.023723 0.329155 0.009859979 0.03628599 0.336969 0.008639991 0.023723 0.329154 -0.01127696 0.05277794 0.342487 -0.01127696 0.05277794 0.342487 0.009859979 0.04448795 0.340639 0.009859979 0.04448795 0.340639 -0.01127696 0.01407998 0.32149 0.008639991 0.03687 0.337464 -0.01127696 -0.005904972 0.316052 -0.009252965 -0.005904972 0.316052 0.007835984 0.01263898 0.329394 -0.009252965 0.01263898 0.329394 0.007835984 0.03386294 0.342108 -0.009252965 0.03386294 0.342108 0.007835984 0.02172398 0.335561 0.007835984 0.02172398 0.335561 -0.009252965 0.01012098 0.3203 0.007835984 0.01012098 0.3203 -0.009252965 0.04079598 0.344451 0.007835984 0.04079598 0.344451 -0.009252965 -0.00861597 0.31176 0.007835984 -0.00861597 0.31176 -0.009252965 -0.01289099 0.312424 0.007835984 -0.01289099 0.312424 -0.009252965 0.04793596 0.345532 -0.009252965 0.04793596 0.345532 0.007835984 0.007723987 0.31985 0.02324795 0.006882965 0.319625 0.02324795 0.006266951 0.319009 0.02324795 0.00604099 0.318167 0.02324795 0.006266951 0.317326 0.02324795 0.006882965 0.31671 0.02324795 0.007723987 0.316484 0.02324795 0.008565962 0.31671 0.02324795 0.009181976 0.317326 0.02324795 0.009406983 0.318167 0.02324795 0.009181976 0.319009 0.02324795 0.008565962 0.319625 0.02324795 0.007723987 0.319778 0.02434694 0.006882965 0.319555 0.02431696 0.006266951 0.318944 0.02423697 0.00604099 0.31811 0.02412694 0.006266951 0.317275 0.02401697 0.006882965 0.316664 0.02393698 0.007723987 0.316441 0.023907 0.008565962 0.316664 0.02393698 0.009181976 0.317275 0.02401697 0.009406983 0.31811 0.02412694 0.009181976 0.318944 0.02423697 0.008565962 0.319555 0.02431696 0.007723987 0.319563 0.02542597 0.006882965 0.319346 0.02536797 0.006266951 0.318751 0.02520799 0.00604099 0.317938 0.02499097 0.006266951 0.317125 0.024773 0.006882965 0.31653 0.02461296 0.007723987 0.316312 0.02455496 0.008565962 0.31653 0.02461296 0.009181976 0.317125 0.024773 0.009406983 0.317938 0.02499097 0.009181976 0.318751 0.02520799 0.008565962 0.319346 0.02536797 0.007723987 0.31921 0.02646797 0.006882965 0.319001 0.02638196 0.006266951 0.318432 0.02614599 0.00604099 0.317655 0.02582395 0.006266951 0.316877 0.02550196 0.006882965 0.316308 0.025267 0.007723987 0.3161 0.02517998 0.008565962 0.316308 0.025267 0.009181976 0.316877 0.02550196 0.009406983 0.317655 0.02582395 0.009181976 0.318432 0.02614599 0.008565962 0.319001 0.02638196 0.007723987 0.318723 0.02745598 0.006882965 0.318527 0.02734297 0.006266951 0.317994 0.02703499 0.00604099 0.317265 0.02661395 0.006266951 0.316536 0.02619296 0.006882965 0.316003 0.02588498 0.007723987 0.315808 0.02577298 0.008565962 0.316003 0.02588498 0.009181976 0.316536 0.02619296 0.009406983 0.317265 0.02661395 0.009181976 0.317994 0.02703499 0.008565962 0.318527 0.02734297 0.007723987 0.318111 0.02837097 0.006882965 0.317932 0.028234 0.006266951 0.317444 0.02785897 0.00604099 0.316776 0.02734595 0.006266951 0.316108 0.02683395 0.006882965 0.31562 0.02645897 0.007723987 0.315441 0.02632194 0.008565962 0.31562 0.02645897 0.009181976 0.316108 0.02683395 0.009406983 0.316776 0.02734595 0.009181976 0.317444 0.02785897 0.008565962 0.317932 0.028234 0.007723987 0.317385 0.02919799 0.006882965 0.317226 0.02903896 0.006266951 0.31679 0.02860295 0.00604099 0.316195 0.02800798 0.006266951 0.3156 0.02741295 0.006882965 0.315165 0.02697795 0.007723987 0.315005 0.02681797 0.008565962 0.315165 0.02697795 0.009181976 0.3156 0.02741295 0.009406983 0.316195 0.02800798 0.009181976 0.31679 0.02860295 0.008565962 0.317226 0.02903896 0.007723987 0.316558 0.02992397 0.006882965 0.316421 0.02974498 0.006266951 0.316046 0.02925699 0.00604099 0.315533 0.02858895 0.006266951 0.315021 0.02792096 0.006882965 0.314646 0.02743297 0.007723987 0.314509 0.02725398 0.008565962 0.314646 0.02743297 0.009181976 0.315021 0.02792096 0.009406983 0.315533 0.02858895 0.009181976 0.316046 0.02925699 0.008565962 0.316421 0.02974498 0.007723987 0.315643 0.03053599 0.006882965 0.31553 0.03034096 0.006266951 0.315222 0.02980697 0.00604099 0.314801 0.02907794 0.006266951 0.31438 0.02834999 0.006882965 0.314072 0.02781599 0.007723987 0.31396 0.02762097 0.008565962 0.314072 0.02781599 0.009181976 0.31438 0.02834999 0.009406983 0.314801 0.02907794 0.009181976 0.315222 0.02980697 0.008565962 0.31553 0.03034096 0.007723987 0.314655 0.03102296 0.006882965 0.314569 0.03081399 0.006266951 0.314333 0.030245 0.00604099 0.314011 0.02946799 0.006266951 0.313689 0.02868998 0.006882965 0.313454 0.02812099 0.007723987 0.313367 0.02791297 0.008565962 0.313454 0.02812099 0.009181976 0.313689 0.02868998 0.009406983 0.314011 0.02946799 0.009181976 0.314333 0.030245 0.008565962 0.314569 0.03081399 0.007723987 0.313613 0.031376 0.006882965 0.313555 0.03115898 0.006266951 0.313395 0.03056395 0.00604099 0.313178 0.029751 0.006266951 0.31296 0.02893799 0.006882965 0.3128 0.02834296 0.007723987 0.312742 0.02812498 0.008565962 0.3128 0.02834296 0.009181976 0.31296 0.02893799 0.009406983 0.313178 0.029751 0.009181976 0.313395 0.03056395 0.008565962 0.313555 0.03115898 0.007723987 0.312534 0.03159099 0.006882965 0.312504 0.03136795 0.006266951 0.312424 0.03075695 0.00604099 0.312314 0.02992296 0.006266951 0.312204 0.02908796 0.006882965 0.312124 0.02847796 0.007723987 0.312094 0.02825397 0.008565962 0.312124 0.02847796 0.009181976 0.312204 0.02908796 0.009406983 0.312314 0.02992296 0.009181976 0.312424 0.03075695 0.008565962 0.312504 0.03136795 0.007723987 0.311435 0.031663 0.006882965 0.311435 0.03143799 0.006266951 0.311435 0.03082197 0.00604099 0.311435 0.02998 0.006266951 0.311435 0.02913898 0.006882965 0.311435 0.02852296 0.007723987 0.311435 0.02829694 0.008565962 0.311435 0.02852296 0.009181976 0.311435 0.02913898 0.009406983 0.311435 0.02998 0.009181976 0.311435 0.03082197 0.008565962 0.311435 0.03143799 0.007723987 0.310337 0.03159099 0.006882965 0.310366 0.03136795 0.006266951 0.310447 0.03075695 0.00604099 0.310557 0.02992296 0.006266951 0.310666 0.02908796 0.006882965 0.310747 0.02847796 0.007723987 0.310776 0.02825397 0.008565962 0.310747 0.02847796 0.009181976 0.310666 0.02908796 0.009406983 0.310557 0.02992296 0.009181976 0.310447 0.03075695 0.008565962 0.310366 0.03136795 0.007723987 0.309257 0.031376 0.006882965 0.309316 0.03115898 0.006266951 0.309475 0.03056395 0.00604099 0.309693 0.029751 0.006266951 0.309911 0.02893799 0.006882965 0.31007 0.02834296 0.007723987 0.310128 0.02812498 0.008565962 0.31007 0.02834296 0.009181976 0.309911 0.02893799 0.009406983 0.309693 0.029751 0.009181976 0.309475 0.03056395 0.008565962 0.309316 0.03115898 0.007723987 0.308215 0.03102296 0.006882965 0.308301 0.03081399 0.006266951 0.308537 0.030245 0.00604099 0.308859 0.02946799 0.006266951 0.309181 0.02868998 0.006882965 0.309417 0.02812099 0.007723987 0.309503 0.02791297 0.008565962 0.309417 0.02812099 0.009181976 0.309181 0.02868998 0.009406983 0.308859 0.02946799 0.009181976 0.308537 0.030245 0.008565962 0.308301 0.03081399 0.007723987 0.307228 0.03053599 0.006882965 0.30734 0.03034096 0.006266951 0.307648 0.02980697 0.00604099 0.308069 0.02907794 0.006266951 0.30849 0.02834999 0.006882965 0.308798 0.02781599 0.007723987 0.308911 0.02762097 0.008565962 0.308798 0.02781599 0.009181976 0.30849 0.02834999 0.009406983 0.308069 0.02907794 0.009181976 0.307648 0.02980697 0.008565962 0.30734 0.03034096 0.007723987 0.306313 0.02992397 0.006882965 0.30645 0.02974498 0.006266951 0.306825 0.02925699 0.00604099 0.307337 0.02858895 0.006266951 0.307849 0.02792096 0.006882965 0.308224 0.02743297 0.007723987 0.308362 0.02725398 0.008565962 0.308224 0.02743297 0.009181976 0.307849 0.02792096 0.009406983 0.307337 0.02858895 0.009181976 0.306825 0.02925699 0.008565962 0.30645 0.02974498 0.007723987 0.305485 0.02919799 0.006882965 0.305644 0.02903896 0.006266951 0.30608 0.02860295 0.00604099 0.306675 0.02800798 0.006266951 0.30727 0.02741295 0.006882965 0.307706 0.02697795 0.007723987 0.307865 0.02681797 0.008565962 0.307706 0.02697795 0.009181976 0.30727 0.02741295 0.009406983 0.306675 0.02800798 0.009181976 0.30608 0.02860295 0.008565962 0.305644 0.02903896 0.007723987 0.304759 0.02837097 0.006882965 0.304938 0.028234 0.006266951 0.305427 0.02785897 0.00604099 0.306094 0.02734595 0.006266951 0.306762 0.02683395 0.006882965 0.307251 0.02645897 0.007723987 0.30743 0.02632194 0.008565962 0.307251 0.02645897 0.009181976 0.306762 0.02683395 0.009406983 0.306094 0.02734595 0.009181976 0.305427 0.02785897 0.008565962 0.304938 0.028234 0.007723987 0.304148 0.02745598 0.006882965 0.304343 0.02734297 0.006266951 0.304876 0.02703499 0.00604099 0.305605 0.02661395 0.006266951 0.306334 0.02619296 0.006882965 0.306867 0.02588498 0.007723987 0.307063 0.02577298 0.008565962 0.306867 0.02588498 0.009181976 0.306334 0.02619296 0.009406983 0.305605 0.02661395 0.009181976 0.304876 0.02703499 0.008565962 0.304343 0.02734297 0.007723987 0.303661 0.02646797 0.006882965 0.303869 0.02638196 0.006266951 0.304438 0.02614599 0.00604099 0.305216 0.02582395 0.006266951 0.305993 0.02550196 0.006882965 0.306562 0.025267 0.007723987 0.306771 0.02517998 0.008565962 0.306562 0.025267 0.009181976 0.305993 0.02550196 0.009406983 0.305216 0.02582395 0.009181976 0.304438 0.02614599 0.008565962 0.303869 0.02638196 0.007723987 0.303307 0.02542597 0.006882965 0.303525 0.02536797 0.006266951 0.30412 0.02520799 0.00604099 0.304933 0.02499097 0.006266951 0.305745 0.024773 0.006882965 0.30634 0.02461296 0.007723987 0.306558 0.02455496 0.008565962 0.30634 0.02461296 0.009181976 0.305745 0.024773 0.009406983 0.304933 0.02499097 0.009181976 0.30412 0.02520799 0.008565962 0.303525 0.02536797 0.007723987 0.303092 0.02434694 0.006882965 0.303316 0.02431696 0.006266951 0.303927 0.02423697 0.00604099 0.304761 0.02412694 0.006266951 0.305595 0.02401697 0.006882965 0.306206 0.02393698 0.007723987 0.306429 0.023907 0.008565962 0.306206 0.02393698 0.009181976 0.305595 0.02401697 0.009406983 0.304761 0.02412694 0.009181976 0.303927 0.02423697 0.008565962 0.303316 0.02431696 0.007723987 0.30302 0.02324795 0.006882965 0.303246 0.02324795 0.006266951 0.303862 0.02324795 0.00604099 0.304703 0.02324795 0.006266951 0.305545 0.02324795 0.006882965 0.306161 0.02324795 0.007723987 0.306386 0.02324795 0.008565962 0.306161 0.02324795 0.009181976 0.305545 0.02324795 0.009406983 0.304703 0.02324795 0.009181976 0.303862 0.02324795 0.008565962 0.303246 0.02324795 0.007723987 0.303092 0.02214998 0.006882965 0.303316 0.02217894 0.006266951 0.303927 0.02225995 0.00604099 0.304761 0.02236998 0.006266951 0.305595 0.02247899 0.006882965 0.306206 0.02256 0.007723987 0.306429 0.02258896 0.008565962 0.306206 0.02256 0.009181976 0.305595 0.02247899 0.009406983 0.304761 0.02236998 0.009181976 0.303927 0.02225995 0.008565962 0.303316 0.02217894 0.007723987 0.303307 0.02107 0.006882965 0.303525 0.02112895 0.006266951 0.30412 0.02128797 0.00604099 0.304933 0.02150595 0.006266951 0.305745 0.02172398 0.006882965 0.30634 0.02188295 0.007723987 0.306558 0.021941 0.008565962 0.30634 0.02188295 0.009181976 0.305745 0.02172398 0.009406983 0.304933 0.02150595 0.009181976 0.30412 0.02128797 0.008565962 0.303525 0.02112895 0.007723987 0.303661 0.02002799 0.006882965 0.303869 0.020114 0.006266951 0.304438 0.02034997 0.00604099 0.305216 0.02067196 0.006266951 0.305993 0.02099394 0.006882965 0.306562 0.02122998 0.007723987 0.306771 0.02131599 0.008565962 0.306562 0.02122998 0.009181976 0.305993 0.02099394 0.009406983 0.305216 0.02067196 0.009181976 0.304438 0.02034997 0.008565962 0.303869 0.020114 0.007723987 0.304148 0.019041 0.006882965 0.304343 0.01915395 0.006266951 0.304876 0.01946198 0.00604099 0.305605 0.01988196 0.006266951 0.306334 0.02030295 0.006882965 0.306867 0.02061098 0.007723987 0.307063 0.02072399 0.008565962 0.306867 0.02061098 0.009181976 0.306334 0.02030295 0.009406983 0.305605 0.01988196 0.009181976 0.304876 0.01946198 0.008565962 0.304343 0.01915395 0.007723987 0.304759 0.01812595 0.006882965 0.304938 0.01826298 0.006266951 0.305427 0.01863795 0.00604099 0.306094 0.01914995 0.006266951 0.306762 0.01966196 0.006882965 0.307251 0.02003699 0.007723987 0.30743 0.02017498 0.008565962 0.307251 0.02003699 0.009181976 0.306762 0.01966196 0.009406983 0.306094 0.01914995 0.009181976 0.305427 0.01863795 0.008565962 0.304938 0.01826298 0.007723987 0.305485 0.01729798 0.006882965 0.305644 0.01745694 0.006266951 0.30608 0.01789295 0.00604099 0.306675 0.01848798 0.006266951 0.30727 0.01908296 0.006882965 0.307706 0.01951897 0.007723987 0.307865 0.01967799 0.008565962 0.307706 0.01951897 0.009181976 0.30727 0.01908296 0.009406983 0.306675 0.01848798 0.009181976 0.30608 0.01789295 0.008565962 0.305644 0.01745694 0.007723987 0.306313 0.01657199 0.006882965 0.30645 0.01675099 0.006266951 0.306825 0.01723998 0.00604099 0.307337 0.01790696 0.006266951 0.307849 0.01857495 0.006882965 0.308224 0.01906394 0.007723987 0.308362 0.019243 0.008565962 0.308224 0.01906394 0.009181976 0.307849 0.01857495 0.009406983 0.307337 0.01790696 0.009181976 0.306825 0.01723998 0.008565962 0.30645 0.01675099 0.007723987 0.307228 0.01596099 0.006882965 0.30734 0.01615595 0.006266951 0.307648 0.016689 0.00604099 0.308069 0.01741796 0.006266951 0.30849 0.01814699 0.006882965 0.308798 0.01867997 0.007723987 0.308911 0.01887595 0.008565962 0.308798 0.01867997 0.009181976 0.30849 0.01814699 0.009406983 0.308069 0.01741796 0.009181976 0.307648 0.016689 0.008565962 0.30734 0.01615595 0.007723987 0.308215 0.01547396 0.006882965 0.308301 0.01568198 0.006266951 0.308537 0.01625096 0.00604099 0.308859 0.01702898 0.006266951 0.309181 0.01780599 0.006882965 0.309417 0.01837497 0.007723987 0.309503 0.01858395 0.008565962 0.309417 0.01837497 0.009181976 0.309181 0.01780599 0.009406983 0.308859 0.01702898 0.009181976 0.308537 0.01625096 0.008565962 0.308301 0.01568198 0.007723987 0.309257 0.01511996 0.006882965 0.309316 0.015338 0.006266951 0.309475 0.01593297 0.00604099 0.309693 0.01674598 0.006266951 0.309911 0.01755899 0.006882965 0.31007 0.01815396 0.007723987 0.310128 0.01837098 0.008565962 0.31007 0.01815396 0.009181976 0.309911 0.01755899 0.009406983 0.309693 0.01674598 0.009181976 0.309475 0.01593297 0.008565962 0.309316 0.015338 0.007723987 0.310337 0.01490497 0.006882965 0.310366 0.01512897 0.006266951 0.310447 0.01573997 0.00604099 0.310557 0.01657396 0.006266951 0.310666 0.01740795 0.006882965 0.310747 0.01801896 0.007723987 0.310776 0.018242 0.008565962 0.310747 0.01801896 0.009181976 0.310666 0.01740795 0.009406983 0.310557 0.01657396 0.009181976 0.310447 0.01573997 0.008565962 0.310366 0.01512897 0.007723987 0.311435 0.01483297 0.006882965 0.311435 0.01505899 0.006266951 0.311435 0.01567494 0.00604099 0.311435 0.01651597 0.006266951 0.311435 0.017358 0.006882965 0.311435 0.01797395 0.007723987 0.311435 0.01819896 0.008565962 0.311435 0.01797395 0.009181976 0.311435 0.017358 0.009406983 0.311435 0.01651597 0.009181976 0.311435 0.01567494 0.008565962 0.311435 0.01505899 0.007723987 0.312534 0.01490497 0.006882965 0.312504 0.01512897 0.006266951 0.312424 0.01573997 0.00604099 0.312314 0.01657396 0.006266951 0.312204 0.01740795 0.006882965 0.312124 0.01801896 0.007723987 0.312094 0.018242 0.008565962 0.312124 0.01801896 0.009181976 0.312204 0.01740795 0.009406983 0.312314 0.01657396 0.009181976 0.312424 0.01573997 0.008565962 0.312504 0.01512897 0.007723987 0.313613 0.01511996 0.006882965 0.313555 0.015338 0.006266951 0.313395 0.01593297 0.00604099 0.313178 0.01674598 0.006266951 0.31296 0.01755899 0.006882965 0.3128 0.01815396 0.007723987 0.312742 0.01837098 0.008565962 0.3128 0.01815396 0.009181976 0.31296 0.01755899 0.009406983 0.313178 0.01674598 0.009181976 0.313395 0.01593297 0.008565962 0.313555 0.015338 0.007723987 0.314655 0.01547396 0.006882965 0.314569 0.01568198 0.006266951 0.314333 0.01625096 0.00604099 0.314011 0.01702898 0.006266951 0.313689 0.01780599 0.006882965 0.313454 0.01837497 0.007723987 0.313367 0.01858395 0.008565962 0.313454 0.01837497 0.009181976 0.313689 0.01780599 0.009406983 0.314011 0.01702898 0.009181976 0.314333 0.01625096 0.008565962 0.314569 0.01568198 0.007723987 0.315643 0.01596099 0.006882965 0.31553 0.01615595 0.006266951 0.315222 0.016689 0.00604099 0.314801 0.01741796 0.006266951 0.31438 0.01814699 0.006882965 0.314072 0.01867997 0.007723987 0.31396 0.01887595 0.008565962 0.314072 0.01867997 0.009181976 0.31438 0.01814699 0.009406983 0.314801 0.01741796 0.009181976 0.315222 0.016689 0.008565962 0.31553 0.01615595 0.007723987 0.316558 0.01657199 0.006882965 0.316421 0.01675099 0.006266951 0.316046 0.01723998 0.00604099 0.315533 0.01790696 0.006266951 0.315021 0.01857495 0.006882965 0.314646 0.01906394 0.007723987 0.314509 0.019243 0.008565962 0.314646 0.01906394 0.009181976 0.315021 0.01857495 0.009406983 0.315533 0.01790696 0.009181976 0.316046 0.01723998 0.008565962 0.316421 0.01675099 0.007723987 0.317385 0.01729798 0.006882965 0.317226 0.01745694 0.006266951 0.31679 0.01789295 0.00604099 0.316195 0.01848798 0.006266951 0.3156 0.01908296 0.006882965 0.315165 0.01951897 0.007723987 0.315005 0.01967799 0.008565962 0.315165 0.01951897 0.009181976 0.3156 0.01908296 0.009406983 0.316195 0.01848798 0.009181976 0.31679 0.01789295 0.008565962 0.317226 0.01745694 0.007723987 0.318111 0.01812595 0.006882965 0.317932 0.01826298 0.006266951 0.317444 0.01863795 0.00604099 0.316776 0.01914995 0.006266951 0.316108 0.01966196 0.006882965 0.31562 0.02003699 0.007723987 0.315441 0.02017498 0.008565962 0.31562 0.02003699 0.009181976 0.316108 0.01966196 0.009406983 0.316776 0.01914995 0.009181976 0.317444 0.01863795 0.008565962 0.317932 0.01826298 0.007723987 0.318723 0.019041 0.006882965 0.318527 0.01915395 0.006266951 0.317994 0.01946198 0.00604099 0.317265 0.01988196 0.006266951 0.316536 0.02030295 0.006882965 0.316003 0.02061098 0.007723987 0.315808 0.02072399 0.008565962 0.316003 0.02061098 0.009181976 0.316536 0.02030295 0.009406983 0.317265 0.01988196 0.009181976 0.317994 0.01946198 0.008565962 0.318527 0.01915395 0.007723987 0.31921 0.02002799 0.006882965 0.319001 0.020114 0.006266951 0.318432 0.02034997 0.00604099 0.317655 0.02067196 0.006266951 0.316877 0.02099394 0.006882965 0.316308 0.02122998 0.007723987 0.3161 0.02131599 0.008565962 0.316308 0.02122998 0.009181976 0.316877 0.02099394 0.009406983 0.317655 0.02067196 0.009181976 0.318432 0.02034997 0.008565962 0.319001 0.020114 0.007723987 0.319563 0.02107 0.006882965 0.319346 0.02112895 0.006266951 0.318751 0.02128797 0.00604099 0.317938 0.02150595 0.006266951 0.317125 0.02172398 0.006882965 0.31653 0.02188295 0.007723987 0.316312 0.021941 0.008565962 0.31653 0.02188295 0.009181976 0.317125 0.02172398 0.009406983 0.317938 0.02150595 0.009181976 0.318751 0.02128797 0.008565962 0.319346 0.02112895 0.007723987 0.319778 0.02214998 0.006882965 0.319555 0.02217894 0.006266951 0.318944 0.02225995 0.00604099 0.31811 0.02236998 0.006266951 0.317275 0.02247899 0.006882965 0.316664 0.02256 0.007723987 0.316441 0.02258896 0.008565962 0.316664 0.02256 0.009181976 0.317275 0.02247899 0.009406983 0.31811 0.02236998 0.009181976 0.318944 0.02225995 0.008565962 0.319555 0.02217894 -0.05201596 0.03856998 0.00493896 -0.05294597 0.03831899 0.004844963 -0.05383998 0.03807699 0.004563987 -0.05466395 0.03785496 0.004106998 -0.05538594 0.03766 0.003492951 -0.05597895 0.03749996 0.002744972 -0.05641996 0.03738099 0.001890957 -0.05669099 0.03730797 9.64e-4 -0.05678296 0.037283 0 -0.05669099 0.03730797 -9.64e-4 -0.05641996 0.03738099 -0.001890957 -0.05597895 0.03749996 -0.002744972 -0.05538594 0.03766 -0.003492951 -0.05466395 0.03785496 -0.004106998 -0.05383998 0.03807699 -0.004563987 -0.05294597 0.03831899 -0.004844963 -0.05201596 0.03856998 -0.00493896 -0.05108594 0.03881996 -0.004844963 -0.05019199 0.03906196 -0.004563987 -0.04936796 0.03928399 -0.004106998 -0.04864597 0.03947895 -0.003492951 -0.04805296 0.03963899 -0.002744972 -0.04761195 0.03975796 -0.001890957 -0.04734098 0.03983199 -9.64e-4 -0.04724895 0.03985595 0 -0.04734098 0.03983199 9.64e-4 -0.04761195 0.03975796 0.001890957 -0.04805296 0.03963899 0.002744972 -0.04864597 0.03947895 0.003492951 -0.04936796 0.03928399 0.004106998 -0.05019199 0.03906196 0.004563987 -0.05108594 0.03881996 0.004844963 -0.04152196 0.292388 0.006953954 -0.05539298 0.290091 0.005317986 -0.065104 0.284778 0.005317986 -0.07349801 0.277569 0.005317986 -0.08001697 0.268626 0.005317986 -0.08448499 0.258493 0.005317986 -0.08713495 0.247734 0.005317986 -0.088364 0.236717 0.005317986 -0.08853298 0.225634 0.005317986 -0.08790695 0.214568 0.005317986 -0.08673197 0.20355 0.005317986 -0.08515697 0.192584 0.005317986 -0.08328497 0.181665 0.005317986 -0.08119398 0.170787 0.005317986 -0.07896798 0.159938 0.005317986 -0.07665801 0.149107 0.005317986 -0.07430899 0.138285 0.005317986 -0.07196199 0.1274639 0.005317986 -0.06964999 0.116635 0.005317986 -0.06739699 0.105795 0.005317986 -0.06521397 0.09494096 0.005317986 -0.06309396 0.084073 0.005317986 -0.06099396 0.07319998 0.005317986 -0.05907499 0.06365895 0.005317986 -0.05659097 0.05418998 0.005317986 -0.05759298 0.05391997 0.005214989 -0.06008899 0.06344097 0.005214989 -0.06201195 0.07300096 0.005214989 -0.06411296 0.08387595 0.005214989 -0.06623196 0.09473896 0.005214989 -0.06841295 0.105587 0.005214989 -0.070665 0.116421 0.005214989 -0.07297599 0.127245 0.005214989 -0.07532298 0.138065 0.005214989 -0.077672 0.148888 0.005214989 -0.07998299 0.159725 0.005214989 -0.08221197 0.170585 0.005214989 -0.084306 0.181479 0.005214989 -0.08618199 0.192421 0.005214989 -0.08776098 0.2034209 0.005214989 -0.08894097 0.214483 0.005214989 -0.08957099 0.22561 0.005214989 -0.08939898 0.236778 0.005214989 -0.08815699 0.24791 0.005214989 -0.08546799 0.258823 0.005214989 -0.080917 0.269141 0.005214989 -0.07425999 0.278273 0.005214989 -0.065692 0.285633 0.005214989 -0.055812 0.291041 0.005214989 -0.04153198 0.293744 0.006819963 -0.05855596 0.05366098 0.004912972 -0.061064 0.063232 0.004912972 -0.06299096 0.07280898 0.004912972 -0.06509196 0.083687 0.004912972 -0.06720995 0.09454596 0.004912972 -0.06938999 0.105387 0.004912972 -0.07164096 0.116215 0.004912972 -0.07395195 0.127035 0.004912972 -0.07629799 0.137853 0.004912972 -0.07864695 0.148678 0.004912972 -0.08095896 0.15952 0.004912972 -0.08318996 0.17039 0.004912972 -0.08528697 0.181299 0.004912972 -0.08716696 0.192264 0.004912972 -0.08875095 0.203296 0.004912972 -0.089935 0.214402 0.004912972 -0.090568 0.225587 0.004912972 -0.09039497 0.236837 0.004912972 -0.08913999 0.24808 0.004912972 -0.08641397 0.25914 0.004912972 -0.08178299 0.269636 0.004912972 -0.074992 0.27895 0.004912972 -0.06625699 0.286455 0.004912972 -0.05621397 0.291954 0.004912972 -0.04154098 0.295049 0.00642395 -0.05944395 0.05342197 0.004420995 -0.06196296 0.063039 0.004420995 -0.06389296 0.07263296 0.004420995 -0.06599497 0.08351296 0.004420995 -0.06811195 0.09436696 0.004420995 -0.07029098 0.105203 0.004420995 -0.07254099 0.116026 0.004420995 -0.07484996 0.126841 0.004420995 -0.077196 0.1376579 0.004420995 -0.07954597 0.148484 0.004420995 -0.08185899 0.159332 0.004420995 -0.08409196 0.170211 0.004420995 -0.08619195 0.181134 0.004420995 -0.08807498 0.19212 0.004420995 -0.08966296 0.203181 0.004420995 -0.090851 0.214327 0.004420995 -0.09148699 0.225566 0.004420995 -0.091313 0.236891 0.004420995 -0.09004598 0.248236 0.004420995 -0.08728599 0.259432 0.004420995 -0.08258098 0.270092 0.004420995 -0.07566797 0.279574 0.004420995 -0.066778 0.287212 0.004420995 -0.05658495 0.292795 0.004420995 -0.04154998 0.296251 0.005781948 -0.06022197 0.05321198 0.00375998 -0.06275099 0.06286996 0.00375998 -0.06468397 0.07247799 0.00375998 -0.06678599 0.08335995 0.00375998 -0.06890296 0.09421098 0.00375998 -0.07108098 0.105042 0.00375998 -0.07332897 0.115859 0.00375998 -0.07563799 0.126672 0.00375998 -0.07798296 0.137486 0.00375998 -0.080334 0.1483139 0.00375998 -0.08264797 0.159166 0.00375998 -0.08488196 0.170054 0.00375998 -0.08698397 0.180989 0.00375998 -0.088871 0.191994 0.00375998 -0.09046196 0.2030799 0.00375998 -0.091654 0.21426 0.00375998 -0.09229296 0.225547 0.00375998 -0.09211695 0.2369379 0.00375998 -0.09083998 0.248373 0.00375998 -0.08805 0.259687 0.00375998 -0.08328098 0.270492 0.00375998 -0.07625895 0.28012 0.00375998 -0.06723499 0.287876 0.00375998 -0.05690997 0.293532 0.00375998 -0.04155796 0.297305 0.004916965 -0.06086099 0.05303996 0.002953946 -0.063398 0.06273198 0.002953946 -0.065333 0.07235097 0.002953946 -0.06743597 0.08323496 0.002953946 -0.06955099 0.09408301 0.002953946 -0.07172799 0.104909 0.002953946 -0.07397699 0.115723 0.002953946 -0.07628399 0.126532 0.002953946 -0.07862997 0.137346 0.002953946 -0.08098 0.148175 0.002953946 -0.08329498 0.159031 0.002953946 -0.08553099 0.169924 0.002953946 -0.08763498 0.180871 0.002953946 -0.08952397 0.19189 0.002953946 -0.09111797 0.202997 0.002953946 -0.09231299 0.214206 0.002953946 -0.09295397 0.2255319 0.002953946 -0.09277796 0.236977 0.002953946 -0.09149199 0.248486 0.002953946 -0.08867698 0.259897 0.002953946 -0.08385497 0.270821 0.002953946 -0.07674497 0.280569 0.002953946 -0.06760996 0.288421 0.002953946 -0.05717599 0.294137 0.002953946 -0.041565 0.29817 0.003862977 -0.06133496 0.05291199 0.002034962 -0.06387799 0.06262898 0.002034962 -0.06581497 0.07225698 0.002034962 -0.067918 0.08314096 0.002034962 -0.07003295 0.09398698 0.002034962 -0.07220995 0.104811 0.002034962 -0.07445698 0.115621 0.002034962 -0.076765 0.126429 0.002034962 -0.07910996 0.137242 0.002034962 -0.08145999 0.148071 0.002034962 -0.08377599 0.15893 0.002034962 -0.08601295 0.169829 0.002034962 -0.08811795 0.180782 0.002034962 -0.09000897 0.191813 0.002034962 -0.09160596 0.2029359 0.002034962 -0.092803 0.214166 0.002034962 -0.093445 0.225521 0.002034962 -0.09326797 0.2370049 0.002034962 -0.09197598 0.24857 0.002034962 -0.08914297 0.260054 0.002034962 -0.08428096 0.271065 0.002034962 -0.07710599 0.280903 0.002034962 -0.06788796 0.288826 0.002034962 -0.057374 0.294587 0.002034962 -0.04156899 0.298812 0.002660989 -0.06162697 0.05283397 0.001036942 -0.06417399 0.06256496 0.001036942 -0.06611198 0.07219898 0.001036942 -0.06821495 0.08308398 0.001036942 -0.07032996 0.09392899 0.001036942 -0.07250601 0.10475 0.001036942 -0.07475298 0.115559 0.001036942 -0.07706099 0.126365 0.001036942 -0.07940596 0.137177 0.001036942 -0.08175599 0.148008 0.001036942 -0.08407199 0.158868 0.001036942 -0.08630895 0.169769 0.001036942 -0.08841598 0.180728 0.001036942 -0.09030801 0.191766 0.001036942 -0.09190601 0.202898 0.001036942 -0.09310495 0.214141 0.001036942 -0.09374696 0.2255139 0.001036942 -0.09356999 0.2370229 0.001036942 -0.09227401 0.248621 0.001036942 -0.08942997 0.26015 0.001036942 -0.084544 0.271215 0.001036942 -0.07732796 0.281108 0.001036942 -0.06805998 0.289075 0.001036942 -0.05749595 0.294864 0.001036942 -0.04157197 0.299208 0.001356959 -0.06172597 0.05280697 0 -0.06427395 0.06254398 0 -0.06621295 0.07217895 0 -0.06831598 0.08306497 0 -0.07042998 0.09390896 0 -0.07260596 0.10473 0 -0.074853 0.115538 0 -0.07716095 0.126343 0 -0.07950496 0.137156 0 -0.08185595 0.1479859 0 -0.08417201 0.158847 0 -0.08640998 0.16975 0 -0.08851599 0.18071 0 -0.09040898 0.19175 0 -0.09200698 0.202885 0 -0.093207 0.214133 0 -0.09384995 0.225511 0 -0.09367197 0.237029 0 -0.09237498 0.248638 0 -0.08952701 0.260182 0 -0.08463299 0.271265 0 -0.077403 0.281177 0 -0.06811797 0.289159 0 -0.05753797 0.294958 0 -0.04157298 0.299341 0 -0.06162697 0.05283397 -0.001036942 -0.06417399 0.06256496 -0.001036942 -0.06611198 0.07219898 -0.001036942 -0.06821495 0.08308398 -0.001036942 -0.07032996 0.09392899 -0.001036942 -0.07250601 0.10475 -0.001036942 -0.07475298 0.115559 -0.001036942 -0.07706099 0.126365 -0.001036942 -0.07940596 0.137177 -0.001036942 -0.08175599 0.148008 -0.001036942 -0.08407199 0.158868 -0.001036942 -0.08630895 0.169769 -0.001036942 -0.08841598 0.180728 -0.001036942 -0.09030801 0.191766 -0.001036942 -0.09190601 0.202898 -0.001036942 -0.09310495 0.214141 -0.001036942 -0.09374696 0.2255139 -0.001036942 -0.09356999 0.2370229 -0.001036942 -0.09227401 0.248621 -0.001036942 -0.08942997 0.26015 -0.001036942 -0.084544 0.271215 -0.001036942 -0.07732796 0.281108 -0.001036942 -0.06805998 0.289075 -0.001036942 -0.05749595 0.294864 -0.001036942 -0.04157197 0.299208 -0.001356959 -0.06133496 0.05291199 -0.002034962 -0.06387799 0.06262898 -0.002034962 -0.06581497 0.07225698 -0.002034962 -0.067918 0.08314096 -0.002034962 -0.07003295 0.09398698 -0.002034962 -0.07220995 0.104811 -0.002034962 -0.07445698 0.115621 -0.002034962 -0.076765 0.126429 -0.002034962 -0.07910996 0.137242 -0.002034962 -0.08145999 0.148071 -0.002034962 -0.08377599 0.15893 -0.002034962 -0.08601295 0.169829 -0.002034962 -0.08811795 0.180782 -0.002034962 -0.09000897 0.191813 -0.002034962 -0.09160596 0.2029359 -0.002034962 -0.092803 0.214166 -0.002034962 -0.093445 0.225521 -0.002034962 -0.09326797 0.2370049 -0.002034962 -0.09197598 0.24857 -0.002034962 -0.08914297 0.260054 -0.002034962 -0.08428096 0.271065 -0.002034962 -0.07710599 0.280903 -0.002034962 -0.06788796 0.288826 -0.002034962 -0.057374 0.294587 -0.002034962 -0.04156899 0.298812 -0.002660989 -0.06086099 0.05303996 -0.002953946 -0.063398 0.06273198 -0.002953946 -0.065333 0.07235097 -0.002953946 -0.06743597 0.08323496 -0.002953946 -0.06955099 0.09408301 -0.002953946 -0.07172799 0.104909 -0.002953946 -0.07397699 0.115723 -0.002953946 -0.07628399 0.126532 -0.002953946 -0.07862997 0.137346 -0.002953946 -0.08098 0.148175 -0.002953946 -0.08329498 0.159031 -0.002953946 -0.08553099 0.169924 -0.002953946 -0.08763498 0.180871 -0.002953946 -0.08952397 0.19189 -0.002953946 -0.09111797 0.202997 -0.002953946 -0.09231299 0.214206 -0.002953946 -0.09295397 0.2255319 -0.002953946 -0.09277796 0.236977 -0.002953946 -0.09149199 0.248486 -0.002953946 -0.08867698 0.259897 -0.002953946 -0.08385497 0.270821 -0.002953946 -0.07674497 0.280569 -0.002953946 -0.06760996 0.288421 -0.002953946 -0.05717599 0.294137 -0.002953946 -0.041565 0.29817 -0.003862977 -0.06022197 0.05321198 -0.00375998 -0.06275099 0.06286996 -0.00375998 -0.06468397 0.07247799 -0.00375998 -0.06678599 0.08335995 -0.00375998 -0.06890296 0.09421098 -0.00375998 -0.07108098 0.105042 -0.00375998 -0.07332897 0.115859 -0.00375998 -0.07563799 0.126672 -0.00375998 -0.07798296 0.137486 -0.00375998 -0.080334 0.1483139 -0.00375998 -0.08264797 0.159166 -0.00375998 -0.08488196 0.170054 -0.00375998 -0.08698397 0.180989 -0.00375998 -0.088871 0.191994 -0.00375998 -0.09046196 0.2030799 -0.00375998 -0.091654 0.21426 -0.00375998 -0.09229296 0.225547 -0.00375998 -0.09211695 0.2369379 -0.00375998 -0.09083998 0.248373 -0.00375998 -0.08805 0.259687 -0.00375998 -0.08328098 0.270492 -0.00375998 -0.07625895 0.28012 -0.00375998 -0.06723499 0.287876 -0.00375998 -0.05690997 0.293532 -0.00375998 -0.04155796 0.297305 -0.004916965 -0.05944395 0.05342197 -0.004420995 -0.06196296 0.063039 -0.004420995 -0.06389296 0.07263296 -0.004420995 -0.06599497 0.08351296 -0.004420995 -0.06811195 0.09436696 -0.004420995 -0.07029098 0.105203 -0.004420995 -0.07254099 0.116026 -0.004420995 -0.07484996 0.126841 -0.004420995 -0.077196 0.1376579 -0.004420995 -0.07954597 0.148484 -0.004420995 -0.08185899 0.159332 -0.004420995 -0.08409196 0.170211 -0.004420995 -0.08619195 0.181134 -0.004420995 -0.08807498 0.19212 -0.004420995 -0.08966296 0.203181 -0.004420995 -0.090851 0.214327 -0.004420995 -0.09148699 0.225566 -0.004420995 -0.091313 0.236891 -0.004420995 -0.09004598 0.248236 -0.004420995 -0.08728599 0.259432 -0.004420995 -0.08258098 0.270092 -0.004420995 -0.07566797 0.279574 -0.004420995 -0.066778 0.287212 -0.004420995 -0.05658495 0.292795 -0.004420995 -0.04154998 0.296251 -0.005781948 -0.05855596 0.05366098 -0.004912972 -0.061064 0.063232 -0.004912972 -0.06299096 0.07280898 -0.004912972 -0.06509196 0.083687 -0.004912972 -0.06720995 0.09454596 -0.004912972 -0.06938999 0.105387 -0.004912972 -0.07164096 0.116215 -0.004912972 -0.07395195 0.127035 -0.004912972 -0.07629799 0.137853 -0.004912972 -0.07864695 0.148678 -0.004912972 -0.08095896 0.15952 -0.004912972 -0.08318996 0.17039 -0.004912972 -0.08528697 0.181299 -0.004912972 -0.08716696 0.192264 -0.004912972 -0.08875095 0.203296 -0.004912972 -0.089935 0.214402 -0.004912972 -0.090568 0.225587 -0.004912972 -0.09039497 0.236837 -0.004912972 -0.08913999 0.24808 -0.004912972 -0.08641397 0.25914 -0.004912972 -0.08178299 0.269636 -0.004912972 -0.074992 0.27895 -0.004912972 -0.06625699 0.286455 -0.004912972 -0.05621397 0.291954 -0.004912972 -0.04154098 0.295049 -0.00642395 -0.05759298 0.05391997 -0.005214989 -0.06008899 0.06344097 -0.005214989 -0.06201195 0.07300096 -0.005214989 -0.06411296 0.08387595 -0.005214989 -0.06623196 0.09473896 -0.005214989 -0.06841295 0.105587 -0.005214989 -0.070665 0.116421 -0.005214989 -0.07297599 0.127245 -0.005214989 -0.07532298 0.138065 -0.005214989 -0.077672 0.148888 -0.005214989 -0.07998299 0.159725 -0.005214989 -0.08221197 0.170585 -0.005214989 -0.084306 0.181479 -0.005214989 -0.08618199 0.192421 -0.005214989 -0.08776098 0.2034209 -0.005214989 -0.08894097 0.214483 -0.005214989 -0.08957099 0.22561 -0.005214989 -0.08939898 0.236778 -0.005214989 -0.08815699 0.24791 -0.005214989 -0.08546799 0.258823 -0.005214989 -0.080917 0.269141 -0.005214989 -0.07425999 0.278273 -0.005214989 -0.065692 0.285633 -0.005214989 -0.055812 0.291041 -0.005214989 -0.04153198 0.293744 -0.006819963 -0.05659097 0.05418998 -0.005317986 -0.05907499 0.06365895 -0.005317986 -0.06099396 0.07319998 -0.005317986 -0.06309396 0.084073 -0.005317986 -0.06521397 0.09494096 -0.005317986 -0.06739699 0.105795 -0.005317986 -0.06964999 0.116635 -0.005317986 -0.07196199 0.1274639 -0.005317986 -0.07430899 0.138285 -0.005317986 -0.07665801 0.149107 -0.005317986 -0.07896798 0.159938 -0.005317986 -0.08119398 0.170787 -0.005317986 -0.08328497 0.181665 -0.005317986 -0.08515697 0.192584 -0.005317986 -0.08673197 0.20355 -0.005317986 -0.08790695 0.214568 -0.005317986 -0.08853298 0.225634 -0.005317986 -0.088364 0.236717 -0.005317986 -0.08713495 0.247734 -0.005317986 -0.08448499 0.258493 -0.005317986 -0.08001697 0.268626 -0.005317986 -0.07349801 0.277569 -0.005317986 -0.065104 0.284778 -0.005317986 -0.05539298 0.290091 -0.005317986 -0.04152196 0.292388 -0.006953954 -0.05558997 0.05445998 -0.005214989 -0.05805999 0.06387597 -0.005214989 -0.05997598 0.073399 -0.005214989 -0.06207597 0.08427 -0.005214989 -0.06419599 0.095142 -0.005214989 -0.06637996 0.106003 -0.005214989 -0.06863498 0.116849 -0.005214989 -0.070948 0.127682 -0.005214989 -0.07329499 0.1385059 -0.005214989 -0.07564395 0.149326 -0.005214989 -0.07795196 0.160151 -0.005214989 -0.080177 0.17099 -0.005214989 -0.08226495 0.181851 -0.005214989 -0.08413195 0.192746 -0.005214989 -0.085702 0.20368 -0.005214989 -0.08687299 0.214653 -0.005214989 -0.08749598 0.2256579 -0.005214989 -0.08732795 0.236657 -0.005214989 -0.08611196 0.247557 -0.005214989 -0.08350098 0.258164 -0.005214989 -0.07911598 0.268111 -0.005214989 -0.07273596 0.276865 -0.005214989 -0.06451499 0.283924 -0.005214989 -0.05497497 0.289142 -0.005214989 -0.04151195 0.291031 -0.006819963 -0.05462598 0.05471998 -0.004912972 -0.05708497 0.064085 -0.004912972 -0.05899697 0.07359099 -0.004912972 -0.06109595 0.084459 -0.004912972 -0.06321799 0.095335 -0.004912972 -0.06540298 0.106203 -0.004912972 -0.06765896 0.1170549 -0.004912972 -0.06997299 0.127892 -0.004912972 -0.07232099 0.1387169 -0.004912972 -0.074669 0.149536 -0.004912972 -0.076976 0.160356 -0.004912972 -0.07919895 0.171185 -0.004912972 -0.08128398 0.182031 -0.004912972 -0.08314698 0.192903 -0.004912972 -0.08471298 0.203805 -0.004912972 -0.08587896 0.214735 -0.004912972 -0.08649897 0.225681 -0.004912972 -0.08633196 0.236598 -0.004912972 -0.08512896 0.247388 -0.004912972 -0.08255499 0.257847 -0.004912972 -0.07824999 0.267615 -0.004912972 -0.072003 0.276188 -0.004912972 -0.06395 0.283102 -0.004912972 -0.05457299 0.288229 -0.004912972 -0.04150199 0.289727 -0.00642395 -0.05373895 0.05495899 -0.004420995 -0.05618596 0.064278 -0.004420995 -0.05809497 0.073767 -0.004420995 -0.06019395 0.08463299 -0.004420995 -0.062316 0.09551399 -0.004420995 -0.064502 0.106387 -0.004420995 -0.06676 0.117245 -0.004420995 -0.06907397 0.128086 -0.004420995 -0.07142198 0.138913 -0.004420995 -0.07376998 0.14973 -0.004420995 -0.07607597 0.160544 -0.004420995 -0.07829695 0.171364 -0.004420995 -0.080379 0.182196 -0.004420995 -0.08223897 0.193047 -0.004420995 -0.08380097 0.20392 -0.004420995 -0.08496296 0.21481 -0.004420995 -0.08557999 0.225702 -0.004420995 -0.085415 0.236544 -0.004420995 -0.08422297 0.247231 -0.004420995 -0.08168298 0.257555 -0.004420995 -0.077452 0.267159 -0.004420995 -0.07132798 0.275564 -0.004420995 -0.06342899 0.282345 -0.004420995 -0.05420196 0.287388 -0.004420995 -0.04149299 0.288525 -0.005781948 -0.05296099 0.05516898 -0.00375998 -0.05539798 0.06444698 -0.00375998 -0.05730396 0.07392197 -0.00375998 -0.059403 0.08478599 -0.00375998 -0.06152498 0.09566998 -0.00375998 -0.06371295 0.106549 -0.00375998 -0.06597095 0.117411 -0.00375998 -0.06828695 0.128256 -0.00375998 -0.07063496 0.139084 -0.00375998 -0.07298195 0.1499 -0.00375998 -0.07528799 0.16071 -0.00375998 -0.07750695 0.171521 -0.00375998 -0.07958596 0.182341 -0.00375998 -0.08144295 0.193173 -0.00375998 -0.08300095 0.204021 -0.00375998 -0.08415895 0.2148759 -0.00375998 -0.08477395 0.22572 -0.00375998 -0.08460998 0.236497 -0.00375998 -0.08342897 0.247094 -0.00375998 -0.08091896 0.257299 -0.00375998 -0.07675296 0.266759 -0.00375998 -0.07073599 0.275017 -0.00375998 -0.062972 0.281681 -0.00375998 -0.05387699 0.286651 -0.00375998 -0.04148495 0.287471 -0.004916965 -0.05232197 0.055341 -0.002953946 -0.05475097 0.06458598 -0.002953946 -0.05665498 0.07404899 -0.002953946 -0.05875295 0.08491098 -0.002953946 -0.06087595 0.09579795 -0.002953946 -0.06306499 0.106681 -0.002953946 -0.065324 0.117548 -0.002953946 -0.06764 0.128395 -0.002953946 -0.06998896 0.1392239 -0.002953946 -0.07233595 0.150039 -0.002953946 -0.07463997 0.1608459 -0.002953946 -0.07685798 0.17165 -0.002953946 -0.07893598 0.1824589 -0.002953946 -0.08078998 0.193277 -0.002953946 -0.082345 0.204104 -0.002953946 -0.08349996 0.214931 -0.002953946 -0.084113 0.225735 -0.002953946 -0.08394998 0.236458 -0.002953946 -0.08277797 0.246982 -0.002953946 -0.08029198 0.257089 -0.002953946 -0.07617896 0.266431 -0.002953946 -0.07024997 0.274568 -0.002953946 -0.06259697 0.281136 -0.002953946 -0.05361098 0.286045 -0.002953946 -0.04147899 0.286606 -0.003862977 -0.05184799 0.05546897 -0.002034962 -0.05427098 0.06468898 -0.002034962 -0.05617296 0.07414299 -0.002034962 -0.05827099 0.08500397 -0.002034962 -0.06039398 0.09589397 -0.002034962 -0.06258398 0.10678 -0.002034962 -0.06484299 0.117649 -0.002034962 -0.06716001 0.128499 -0.002034962 -0.06950795 0.139329 -0.002034962 -0.07185596 0.150143 -0.002034962 -0.07415997 0.160946 -0.002034962 -0.07637596 0.171746 -0.002034962 -0.07845199 0.182548 -0.002034962 -0.08030498 0.193354 -0.002034962 -0.08185696 0.204165 -0.002034962 -0.08301097 0.214971 -0.002034962 -0.08362197 0.225747 -0.002034962 -0.08345896 0.236429 -0.002034962 -0.08229398 0.2468979 -0.002034962 -0.07982599 0.256933 -0.002034962 -0.07575196 0.266187 -0.002034962 -0.069889 0.274235 -0.002034962 -0.06231898 0.280731 -0.002034962 -0.05341196 0.285596 -0.002034962 -0.04147398 0.285964 -0.002660989 -0.05155599 0.05554699 -0.001036942 -0.05397498 0.06475198 -0.001036942 -0.05587595 0.07420098 -0.001036942 -0.05797398 0.08506196 -0.001036942 -0.06009799 0.09595197 -0.001036942 -0.06228697 0.10684 -0.001036942 -0.064547 0.117712 -0.001036942 -0.06686395 0.128563 -0.001036942 -0.06921297 0.139393 -0.001036942 -0.07155996 0.150206 -0.001036942 -0.07386296 0.161009 -0.001036942 -0.07607901 0.171805 -0.001036942 -0.07815498 0.182602 -0.001036942 -0.080006 0.193402 -0.001036942 -0.08155697 0.204203 -0.001036942 -0.08270895 0.214996 -0.001036942 -0.083319 0.225754 -0.001036942 -0.083157 0.236412 -0.001036942 -0.08199501 0.246846 -0.001036942 -0.079539 0.256837 -0.001036942 -0.07548898 0.266037 -0.001036942 -0.06966698 0.274029 -0.001036942 -0.06214696 0.280482 -0.001036942 -0.05328994 0.285319 -0.001036942 -0.041471 0.285568 -0.001356959 -0.05145698 0.05557399 0 -0.05387496 0.06477397 0 -0.05577498 0.07422095 0 -0.05787295 0.08508098 0 -0.05999696 0.095972 0 -0.06218695 0.106861 0 -0.06444698 0.117733 0 -0.06676399 0.128584 0 -0.06911295 0.139415 0 -0.07146 0.150228 0 -0.07376295 0.161029 0 -0.07597899 0.171825 0 -0.07805401 0.18262 0 -0.07990497 0.193418 0 -0.081456 0.204216 0 -0.08260697 0.215004 0 -0.08321696 0.225756 0 -0.08305495 0.236406 0 -0.08189499 0.246829 0 -0.07944196 0.256804 0 -0.075401 0.265986 0 -0.06959199 0.27396 0 -0.06208896 0.280398 0 -0.053249 0.285225 0 -0.04146999 0.285434 0 -0.05155599 0.05554699 0.001036942 -0.05397498 0.06475198 0.001036942 -0.05587595 0.07420098 0.001036942 -0.05797398 0.08506196 0.001036942 -0.06009799 0.09595197 0.001036942 -0.06228697 0.10684 0.001036942 -0.064547 0.117712 0.001036942 -0.06686395 0.128563 0.001036942 -0.06921297 0.139393 0.001036942 -0.07155996 0.150206 0.001036942 -0.07386296 0.161009 0.001036942 -0.07607901 0.171805 0.001036942 -0.07815498 0.182602 0.001036942 -0.080006 0.193402 0.001036942 -0.08155697 0.204203 0.001036942 -0.08270895 0.214996 0.001036942 -0.083319 0.225754 0.001036942 -0.083157 0.236412 0.001036942 -0.08199501 0.246846 0.001036942 -0.079539 0.256837 0.001036942 -0.07548898 0.266037 0.001036942 -0.06966698 0.274029 0.001036942 -0.06214696 0.280482 0.001036942 -0.05328994 0.285319 0.001036942 -0.041471 0.285568 0.001356959 -0.05184799 0.05546897 0.002034962 -0.05427098 0.06468898 0.002034962 -0.05617296 0.07414299 0.002034962 -0.05827099 0.08500397 0.002034962 -0.06039398 0.09589397 0.002034962 -0.06258398 0.10678 0.002034962 -0.06484299 0.117649 0.002034962 -0.06716001 0.128499 0.002034962 -0.06950795 0.139329 0.002034962 -0.07185596 0.150143 0.002034962 -0.07415997 0.160946 0.002034962 -0.07637596 0.171746 0.002034962 -0.07845199 0.182548 0.002034962 -0.08030498 0.193354 0.002034962 -0.08185696 0.204165 0.002034962 -0.08301097 0.214971 0.002034962 -0.08362197 0.225747 0.002034962 -0.08345896 0.236429 0.002034962 -0.08229398 0.2468979 0.002034962 -0.07982599 0.256933 0.002034962 -0.07575196 0.266187 0.002034962 -0.069889 0.274235 0.002034962 -0.06231898 0.280731 0.002034962 -0.05341196 0.285596 0.002034962 -0.04147398 0.285964 0.002660989 -0.05232197 0.055341 0.002953946 -0.05475097 0.06458598 0.002953946 -0.05665498 0.07404899 0.002953946 -0.05875295 0.08491098 0.002953946 -0.06087595 0.09579795 0.002953946 -0.06306499 0.106681 0.002953946 -0.065324 0.117548 0.002953946 -0.06764 0.128395 0.002953946 -0.06998896 0.1392239 0.002953946 -0.07233595 0.150039 0.002953946 -0.07463997 0.1608459 0.002953946 -0.07685798 0.17165 0.002953946 -0.07893598 0.1824589 0.002953946 -0.08078998 0.193277 0.002953946 -0.082345 0.204104 0.002953946 -0.08349996 0.214931 0.002953946 -0.084113 0.225735 0.002953946 -0.08394998 0.236458 0.002953946 -0.08277797 0.246982 0.002953946 -0.08029198 0.257089 0.002953946 -0.07617896 0.266431 0.002953946 -0.07024997 0.274568 0.002953946 -0.06259697 0.281136 0.002953946 -0.05360996 0.286045 0.002953946 -0.04147899 0.286606 0.003862977 -0.05296099 0.05516898 0.00375998 -0.05539798 0.06444698 0.00375998 -0.05730396 0.07392197 0.00375998 -0.059403 0.08478599 0.00375998 -0.06152498 0.09566998 0.00375998 -0.06371295 0.106549 0.00375998 -0.06597095 0.117411 0.00375998 -0.06828695 0.128256 0.00375998 -0.07063496 0.139084 0.00375998 -0.07298195 0.1499 0.00375998 -0.07528799 0.16071 0.00375998 -0.07750695 0.171521 0.00375998 -0.07958596 0.182341 0.00375998 -0.08144295 0.193173 0.00375998 -0.08300095 0.204021 0.00375998 -0.08415895 0.2148759 0.00375998 -0.08477395 0.22572 0.00375998 -0.08460998 0.236497 0.00375998 -0.08342897 0.247094 0.00375998 -0.08091896 0.257299 0.00375998 -0.07675296 0.266759 0.00375998 -0.07073599 0.275017 0.00375998 -0.062972 0.281681 0.00375998 -0.05387699 0.286651 0.00375998 -0.04148495 0.287471 0.004916965 -0.05373895 0.05495899 0.004420995 -0.05618596 0.064278 0.004420995 -0.05809497 0.073767 0.004420995 -0.06019395 0.08463299 0.004420995 -0.062316 0.09551399 0.004420995 -0.064502 0.106387 0.004420995 -0.06676 0.117245 0.004420995 -0.06907397 0.128086 0.004420995 -0.07142198 0.138913 0.004420995 -0.07376998 0.14973 0.004420995 -0.07607597 0.160544 0.004420995 -0.07829695 0.171364 0.004420995 -0.080379 0.182196 0.004420995 -0.08223897 0.193047 0.004420995 -0.08380097 0.20392 0.004420995 -0.08496296 0.21481 0.004420995 -0.08557999 0.225702 0.004420995 -0.085415 0.236544 0.004420995 -0.08422297 0.247231 0.004420995 -0.08168298 0.257555 0.004420995 -0.077452 0.267159 0.004420995 -0.07132798 0.275564 0.004420995 -0.06342899 0.282345 0.004420995 -0.05420196 0.287388 0.004420995 -0.04149299 0.288525 0.005781948 -0.054627 0.05471998 0.004912972 -0.05708497 0.064085 0.004912972 -0.05899697 0.07359099 0.004912972 -0.06109595 0.084459 0.004912972 -0.06321799 0.095335 0.004912972 -0.06540298 0.106203 0.004912972 -0.06765896 0.1170549 0.004912972 -0.06997299 0.127892 0.004912972 -0.07232099 0.1387169 0.004912972 -0.074669 0.149536 0.004912972 -0.076976 0.160356 0.004912972 -0.07919895 0.171185 0.004912972 -0.08128398 0.182031 0.004912972 -0.08314698 0.192903 0.004912972 -0.08471298 0.203805 0.004912972 -0.08587896 0.214735 0.004912972 -0.08649897 0.225681 0.004912972 -0.08633196 0.236598 0.004912972 -0.08512896 0.247388 0.004912972 -0.08255499 0.257847 0.004912972 -0.07824999 0.267615 0.004912972 -0.072003 0.276188 0.004912972 -0.06395 0.283102 0.004912972 -0.05457299 0.288229 0.004912972 -0.04150199 0.289727 0.00642395 -0.05558997 0.05445998 0.005214989 -0.05805999 0.06387597 0.005214989 -0.05997598 0.073399 0.005214989 -0.06207597 0.08427 0.005214989 -0.06419599 0.095142 0.005214989 -0.06637996 0.106003 0.005214989 -0.06863498 0.116849 0.005214989 -0.070948 0.127682 0.005214989 -0.07329499 0.1385059 0.005214989 -0.07564395 0.149326 0.005214989 -0.07795196 0.160151 0.005214989 -0.080177 0.17099 0.005214989 -0.08226495 0.181851 0.005214989 -0.08413195 0.192746 0.005214989 -0.085702 0.20368 0.005214989 -0.08687299 0.214653 0.005214989 -0.08749598 0.2256579 0.005214989 -0.08732795 0.236657 0.005214989 -0.08611196 0.247557 0.005214989 -0.08350098 0.258164 0.005214989 -0.07911598 0.268111 0.005214989 -0.07273596 0.276865 0.005214989 -0.06451499 0.283924 0.005214989 -0.05497497 0.289142 0.005214989 -0.04151195 0.291031 0.006819963 -0.05897694 0.06352895 0.004900991 -0.05668896 0.05431997 0.004900991 -0.057612 0.054057 0.004806995 -0.05991196 0.063317 0.004806995 -0.05849999 0.05380499 0.004527986 -0.06081098 0.06311398 0.004527986 -0.05931794 0.05357199 0.00407499 -0.06163996 0.062927 0.00407499 -0.06003499 0.05336898 0.003464996 -0.06236594 0.06276196 0.003464996 -0.06062299 0.05320096 0.002722978 -0.06296199 0.06262695 0.002722978 -0.06106096 0.05307698 0.001874983 -0.06340396 0.062527 0.001874983 -0.06132996 0.05299997 9.56e-4 -0.06367695 0.06246495 9.56e-4 -0.06142097 0.05297398 0 -0.06376898 0.06244498 0 -0.06132996 0.05299997 -9.56e-4 -0.06367695 0.06246495 -9.56e-4 -0.06106096 0.05307698 -0.001874983 -0.06340396 0.062527 -0.001874983 -0.06062299 0.05320096 -0.002722978 -0.06296199 0.06262695 -0.002722978 -0.06003499 0.05336898 -0.003464996 -0.06236594 0.06276196 -0.003464996 -0.05931794 0.05357199 -0.00407499 -0.06163996 0.062927 -0.00407499 -0.05849999 0.05380499 -0.004527986 -0.06081098 0.06311398 -0.004527986 -0.057612 0.054057 -0.004806995 -0.05991196 0.063317 -0.004806995 -0.05668896 0.05431997 -0.004900991 -0.05897694 0.06352895 -0.004900991 -0.05576598 0.05458199 -0.004806995 -0.05804198 0.06374096 -0.004806995 -0.05487799 0.05483496 -0.004527986 -0.05714398 0.06394398 -0.004527986 -0.05405998 0.05506795 -0.00407499 -0.056315 0.06413096 -0.00407499 -0.05334299 0.05527096 -0.003464996 -0.05558896 0.064296 -0.003464996 -0.05275398 0.05543899 -0.002722978 -0.05499297 0.06443095 -0.002722978 -0.05231696 0.05556297 -0.001874983 -0.05454999 0.06453096 -0.001874983 -0.05204796 0.05563998 -9.56e-4 -0.054277 0.06459295 -9.56e-4 -0.05195695 0.05566495 0 -0.05418497 0.06461298 0 -0.05204796 0.05563998 9.56e-4 -0.054277 0.06459295 9.56e-4 -0.05231696 0.05556297 0.001874983 -0.05454999 0.06453096 0.001874983 -0.05275398 0.05543899 0.002722978 -0.05499297 0.06443095 0.002722978 -0.05334299 0.05527096 0.003464996 -0.05558896 0.064296 0.003464996 -0.05405998 0.05506795 0.00407499 -0.056315 0.06413096 0.00407499 -0.05487799 0.05483496 0.004527986 -0.05714398 0.06394398 0.004527986 -0.05576598 0.05458199 0.004806995 -0.05804198 0.06374096 0.004806995 -0.05301696 0.03829896 0.005214989 -0.05201596 0.03856998 0.005317986 -0.05398094 0.03803896 0.004912972 -0.05486798 0.03779995 0.004420995 -0.055646 0.03758996 0.00375998 -0.05628496 0.03741699 0.002953946 -0.05675899 0.03728896 0.002034962 -0.057051 0.03720998 0.001036942 -0.05714994 0.037184 0 -0.057051 0.03720998 -0.001036942 -0.05675899 0.03728896 -0.002034962 -0.05628496 0.03741699 -0.002953946 -0.055646 0.03758996 -0.00375998 -0.05486798 0.03779995 -0.004420995 -0.05398094 0.03803896 -0.004912972 -0.05301696 0.03829896 -0.005214989 -0.05201596 0.03856998 -0.005317986 -0.05101394 0.03883999 -0.005214989 -0.05005097 0.03909999 -0.004912972 -0.04916399 0.03933894 -0.004420995 -0.04838597 0.03954899 -0.00375998 -0.04774695 0.03972196 -0.002953946 -0.04727298 0.03984999 -0.002034962 -0.04698097 0.03992897 -0.001036942 -0.04688197 0.03995496 0 -0.04698097 0.03992897 0.001036942 -0.04727298 0.03984999 0.002034962 -0.04774695 0.03972196 0.002953946 -0.04838597 0.03954899 0.00375998 -0.04916399 0.03933894 0.004420995 -0.05005097 0.03909999 0.004912972 -0.05101394 0.03883999 0.005214989 -0.05438494 0.04365098 0.004844963 -0.05345499 0.04390197 0.00493896 -0.05527895 0.04341 0.004563987 -0.05610299 0.04318696 0.004106998 -0.05682498 0.04299199 0.003492951 -0.05741798 0.04283195 0.002744972 -0.057859 0.04271298 0.001890957 -0.05813097 0.04263997 9.64e-4 -0.05822199 0.04261499 0 -0.05813097 0.04263997 -9.64e-4 -0.057859 0.04271298 -0.001890957 -0.05741798 0.04283195 -0.002744972 -0.05682498 0.04299199 -0.003492951 -0.05610299 0.04318696 -0.004106998 -0.05527895 0.04341 -0.004563987 -0.05438494 0.04365098 -0.004844963 -0.05345499 0.04390197 -0.00493896 -0.05252599 0.04415297 -0.004844963 -0.05163198 0.04439395 -0.004563987 -0.05080795 0.04461699 -0.004106998 -0.05008494 0.04481196 -0.003492951 -0.049492 0.044972 -0.002744972 -0.04905098 0.04509097 -0.001890957 -0.04877996 0.04516398 -9.64e-4 -0.04868799 0.04518896 0 -0.04877996 0.04516398 9.64e-4 -0.04905098 0.04509097 0.001890957 -0.049492 0.044972 0.002744972 -0.05008494 0.04481196 0.003492951 -0.05080795 0.04461699 0.004106998 -0.05163198 0.04439395 0.004563987 -0.05252599 0.04415297 0.004844963 -0.04845798 0.29124 0.006136 -0.04867196 0.292393 0.006017982 -0.04887795 0.293501 0.005668997 -0.04906797 0.294523 0.005101978 -0.04923397 0.295419 0.004338979 -0.04936999 0.296154 0.003408968 -0.04947197 0.2967 0.002347946 -0.04953396 0.297036 0.00119698 -0.049555 0.29715 0 -0.04953396 0.297036 -0.00119698 -0.04947197 0.2967 -0.002347946 -0.04936999 0.296154 -0.003408968 -0.04923397 0.295419 -0.004338979 -0.04906797 0.294523 -0.005101978 -0.04887795 0.293501 -0.005668997 -0.04867196 0.292393 -0.006017982 -0.04845798 0.29124 -0.006136 -0.04824298 0.290087 -0.006017982 -0.04803699 0.288978 -0.005668997 -0.04784798 0.287956 -0.005101978 -0.04768097 0.287061 -0.004338979 -0.04754495 0.286326 -0.003408968 -0.04744297 0.28578 -0.002347946 -0.04738098 0.285443 -0.00119698 -0.04736 0.28533 0 -0.04738098 0.285443 0.00119698 -0.04744297 0.28578 0.002347946 -0.04754495 0.286326 0.003408968 -0.04768097 0.287061 0.004338979 -0.04784798 0.287956 0.005101978 -0.04803699 0.288978 0.005668997 -0.04824298 0.290087 0.006017982 0.01540398 0.293721 -0.005817949 0.01540398 0.292564 -0.005931973 0.01540398 0.294834 -0.005479991 0.01540398 0.29586 -0.004931986 0.01540398 0.296758 -0.004193961 0.01540398 0.297496 -0.003294944 0.01540398 0.298044 -0.002269983 0.01540398 0.298382 -0.001156985 0.01540398 0.298496 0 0.01540398 0.298382 0.001156985 0.01540398 0.298044 0.002269983 0.01540398 0.297496 0.003294944 0.01540398 0.296758 0.004193961 0.01540398 0.29586 0.004931986 0.01540398 0.294834 0.005479991 0.01540398 0.293721 0.005817949 0.01540398 0.292564 0.005931973 0.01540398 0.291407 0.005817949 0.01540398 0.290294 0.005479991 0.01540398 0.289269 0.004931986 0.01540398 0.28837 0.004193961 0.01540398 0.287632 0.003294944 0.01540398 0.287084 0.002269983 0.01540398 0.286747 0.001156985 0.01540398 0.286633 0 0.01540398 0.286747 -0.001156985 0.01540398 0.287084 -0.002269983 0.01540398 0.287632 -0.003294944 0.01540398 0.28837 -0.004193961 0.01540398 0.289269 -0.004931986 0.01540398 0.290294 -0.005479991 0.01540398 0.291407 -0.005817949 -0.01007997 0.293721 -0.005817949 -0.01007997 0.292564 -0.005931973 -0.01007997 0.294834 -0.005479991 -0.01007997 0.29586 -0.004931986 -0.01007997 0.296758 -0.004193961 -0.01007997 0.297496 -0.003294944 -0.01007997 0.298044 -0.002269983 -0.01007997 0.298382 -0.001156985 -0.01007997 0.298496 0 -0.01007997 0.298382 0.001156985 -0.01007997 0.298044 0.002269983 -0.01007997 0.297496 0.003294944 -0.01007997 0.296758 0.004193961 -0.01007997 0.29586 0.004931986 -0.01007997 0.294834 0.005479991 -0.01007997 0.293721 0.005817949 -0.01007997 0.292564 0.005931973 -0.01007997 0.291407 0.005817949 -0.01007997 0.290294 0.005479991 -0.01007997 0.289269 0.004931986 -0.01007997 0.28837 0.004193961 -0.01007997 0.287632 0.003294944 -0.01007997 0.287084 0.002269983 -0.01007997 0.286747 0.001156985 -0.01007997 0.286633 0 -0.01007997 0.286747 -0.001156985 -0.01007997 0.287084 -0.002269983 -0.01007997 0.287632 -0.003294944 -0.01007997 0.28837 -0.004193961 -0.01007997 0.289269 -0.004931986 -0.01007997 0.290294 -0.005479991 -0.01007997 0.291407 -0.005817949 -0.01248896 0.294045 -0.007442951 -0.01248896 0.292564 -0.007588982 -0.01248896 0.295468 -0.007010996 -0.01248896 0.29678 -0.006309986 -0.01248896 0.29793 -0.005365967 -0.01248896 0.298874 -0.004215955 -0.01248896 0.299575 -0.002903997 -0.01248896 0.300007 -0.001479983 -0.01248896 0.300153 0 -0.01248896 0.300007 0.001479983 -0.01248896 0.299575 0.002903997 -0.01248896 0.298874 0.004215955 -0.01248896 0.29793 0.005365967 -0.01248896 0.29678 0.006309986 -0.01248896 0.295468 0.007010996 -0.01248896 0.294045 0.007442951 -0.01248896 0.292564 0.007588982 -0.01248896 0.291084 0.007442951 -0.01248896 0.28966 0.007010996 -0.01248896 0.288348 0.006309986 -0.01248896 0.287198 0.005365967 -0.01248896 0.286255 0.004215955 -0.01248896 0.285553 0.002903997 -0.01248896 0.285121 0.001479983 -0.01248896 0.284976 0 -0.01248896 0.285121 -0.001479983 -0.01248896 0.285553 -0.002903997 -0.01248896 0.286255 -0.004215955 -0.01248896 0.287198 -0.005365967 -0.01248896 0.288348 -0.006309986 -0.01248896 0.28966 -0.007010996 -0.01248896 0.291084 -0.007442951 -0.016173 0.294045 -0.007442951 -0.016173 0.292564 -0.007588982 -0.016173 0.295468 -0.007010996 -0.016173 0.29678 -0.006309986 -0.016173 0.29793 -0.005365967 -0.016173 0.298874 -0.004215955 -0.016173 0.299575 -0.002903997 -0.016173 0.300007 -0.001479983 -0.016173 0.300153 0 -0.016173 0.300007 0.001479983 -0.016173 0.299575 0.002903997 -0.016173 0.298874 0.004215955 -0.016173 0.29793 0.005365967 -0.016173 0.29678 0.006309986 -0.016173 0.295468 0.007010996 -0.016173 0.294045 0.007442951 -0.016173 0.292564 0.007588982 -0.016173 0.291084 0.007442951 -0.016173 0.28966 0.007010996 -0.016173 0.288348 0.006309986 -0.016173 0.287198 0.005365967 -0.016173 0.286255 0.004215955 -0.016173 0.285553 0.002903997 -0.016173 0.285121 0.001479983 -0.016173 0.284976 0 -0.016173 0.285121 -0.001479983 -0.016173 0.285553 -0.002903997 -0.016173 0.286255 -0.004215955 -0.016173 0.287198 -0.005365967 -0.016173 0.288348 -0.006309986 -0.016173 0.28966 -0.007010996 -0.016173 0.291084 -0.007442951 -0.02481496 0.294045 -0.007442951 -0.02481496 0.292564 -0.007588982 -0.02481496 0.295468 -0.007010996 -0.02481496 0.29678 -0.006309986 -0.02481496 0.29793 -0.005365967 -0.02481496 0.298874 -0.004215955 -0.02481496 0.299575 -0.002903997 -0.02481496 0.300007 -0.001479983 -0.02481496 0.300153 0 -0.02481496 0.300007 0.001479983 -0.02481496 0.299575 0.002903997 -0.02481496 0.298874 0.004215955 -0.02481496 0.29793 0.005365967 -0.02481496 0.29678 0.006309986 -0.02481496 0.295468 0.007010996 -0.02481496 0.294045 0.007442951 -0.02481496 0.292564 0.007588982 -0.02481496 0.291084 0.007442951 -0.02481496 0.28966 0.007010996 -0.02481496 0.288348 0.006309986 -0.02481496 0.287198 0.005365967 -0.02481496 0.286255 0.004215955 -0.02481496 0.285553 0.002903997 -0.02481496 0.285121 0.001479983 -0.02481496 0.284976 0 -0.02481496 0.285121 -0.001479983 -0.02481496 0.285553 -0.002903997 -0.02481496 0.286255 -0.004215955 -0.02481496 0.287198 -0.005365967 -0.02481496 0.288348 -0.006309986 -0.02481496 0.28966 -0.007010996 -0.02481496 0.291084 -0.007442951 -0.02527499 0.294045 -0.007442951 -0.02527499 0.292564 -0.007588982 -0.02527499 0.295468 -0.007010996 -0.02527499 0.29678 -0.006309986 -0.02527499 0.29793 -0.005365967 -0.02527499 0.298874 -0.004215955 -0.02527499 0.299575 -0.002903997 -0.02527499 0.300007 -0.001479983 -0.02527499 0.300153 0 -0.02527499 0.300007 0.001479983 -0.02527499 0.299575 0.002903997 -0.02527499 0.298874 0.004215955 -0.02527499 0.29793 0.005365967 -0.02527499 0.29678 0.006309986 -0.02527499 0.295468 0.007010996 -0.02527499 0.294045 0.007442951 -0.02527499 0.292564 0.007588982 -0.02527499 0.291084 0.007442951 -0.02527499 0.28966 0.007010996 -0.02527499 0.288348 0.006309986 -0.02527499 0.287198 0.005365967 -0.02527499 0.286255 0.004215955 -0.02527499 0.285553 0.002903997 -0.02527499 0.285121 0.001479983 -0.02527499 0.284976 0 -0.02527499 0.285121 -0.001479983 -0.02527499 0.285553 -0.002903997 -0.02527499 0.286255 -0.004215955 -0.02527499 0.287198 -0.005365967 -0.02527499 0.288348 -0.006309986 -0.02527499 0.28966 -0.007010996 -0.02527499 0.291084 -0.007442951 -0.030918 0.294045 -0.007442951 -0.030918 0.292564 -0.007588982 -0.030918 0.295468 -0.007010996 -0.030918 0.29678 -0.006309986 -0.030918 0.29793 -0.005365967 -0.030918 0.298874 -0.004215955 -0.030918 0.299575 -0.002903997 -0.030918 0.300007 -0.001479983 -0.030918 0.300153 0 -0.030918 0.300007 0.001479983 -0.030918 0.299575 0.002903997 -0.030918 0.298874 0.004215955 -0.030918 0.29793 0.005365967 -0.030918 0.29678 0.006309986 -0.030918 0.295468 0.007010996 -0.030918 0.294045 0.007442951 -0.030918 0.292564 0.007588982 -0.030918 0.291084 0.007442951 -0.030918 0.28966 0.007010996 -0.030918 0.288348 0.006309986 -0.030918 0.287198 0.005365967 -0.030918 0.286255 0.004215955 -0.030918 0.285553 0.002903997 -0.030918 0.285121 0.001479983 -0.030918 0.284976 0 -0.030918 0.285121 -0.001479983 -0.030918 0.285553 -0.002903997 -0.030918 0.286255 -0.004215955 -0.030918 0.287198 -0.005365967 -0.030918 0.288348 -0.006309986 -0.030918 0.28966 -0.007010996 -0.030918 0.291084 -0.007442951 -0.03229695 0.293775 -0.006085991 -0.03229695 0.292564 -0.006204962 -0.03229695 0.294939 -0.005732953 -0.03229695 0.296012 -0.005159974 -0.03229695 0.296952 -0.004387974 -0.03229695 0.297724 -0.003447949 -0.03229695 0.298297 -0.002374947 -0.03229695 0.29865 -0.001210987 -0.03229695 0.29877 0 -0.03229695 0.29865 0.001210987 -0.03229695 0.298297 0.002374947 -0.03229695 0.297724 0.003446996 -0.03229695 0.296952 0.004387974 -0.03229695 0.296012 0.005159974 -0.03229695 0.294939 0.005732953 -0.03229695 0.293775 0.006085991 -0.03229695 0.292564 0.006204962 -0.03229695 0.291354 0.006085991 -0.03229695 0.290189 0.005732953 -0.03229695 0.289117 0.005159974 -0.03229695 0.288176 0.004387974 -0.03229695 0.287405 0.003446996 -0.03229695 0.286831 0.002374947 -0.03229695 0.286478 0.001210987 -0.03229695 0.286359 0 -0.03229695 0.286478 -0.001210987 -0.03229695 0.286831 -0.002374947 -0.03229695 0.287405 -0.003447949 -0.03229695 0.288176 -0.004387974 -0.03229695 0.289117 -0.005159974 -0.03229695 0.290189 -0.005732953 -0.03229695 0.291354 -0.006085991 -0.033544 0.293994 -0.007187962 -0.033544 0.292564 -0.007328987 -0.033544 0.295369 -0.006770968 -0.033544 0.296636 -0.006093978 -0.033544 0.297747 -0.005181968 -0.033544 0.298658 -0.00407195 -0.033544 0.299335 -0.002804994 -0.033544 0.299752 -0.001429975 -0.033544 0.299893 0 -0.033544 0.299752 0.001429975 -0.033544 0.299335 0.002804994 -0.033544 0.298658 0.00407195 -0.033544 0.297747 0.005181968 -0.033544 0.296636 0.006093978 -0.033544 0.295369 0.006770968 -0.033544 0.292564 0.007328987 -0.033544 0.291134 0.007187962 -0.033544 0.289759 0.006770968 -0.033544 0.288492 0.006093978 -0.033544 0.287382 0.005181968 -0.033544 0.28647 0.00407195 -0.033544 0.285793 0.002804994 -0.033544 0.285376 0.001429975 -0.033544 0.285235 0 -0.033544 0.285376 -0.001429975 -0.033544 0.285793 -0.002804994 -0.033544 0.28647 -0.00407195 -0.033544 0.287382 -0.005181968 -0.033544 0.288492 -0.006093978 -0.033544 0.289759 -0.006770968 -0.033544 0.291134 -0.007187962 -0.04207497 0.293994 -0.007187962 -0.04207497 0.292564 -0.007328987 -0.04207497 0.295369 -0.006770968 -0.04207497 0.296636 -0.006093978 -0.04207497 0.297747 -0.005181968 -0.04207497 0.298658 -0.00407195 -0.04207497 0.299335 -0.002804994 -0.04207497 0.299752 -0.001429975 -0.04207497 0.299893 0 -0.04207497 0.299752 0.001429975 -0.04207497 0.299335 0.002804994 -0.04207497 0.298658 0.00407195 -0.04207497 0.297747 0.005181968 -0.04207497 0.296636 0.006093978 -0.04207497 0.293994 0.007187962 -0.04207497 0.291134 0.007187962 -0.04207497 0.289759 0.006770968 -0.04207497 0.288492 0.006093978 -0.04207497 0.287382 0.005181968 -0.04207497 0.28647 0.00407195 -0.04207497 0.285793 0.002804994 -0.04207497 0.285376 0.001429975 -0.04207497 0.285235 0 -0.04207497 0.285376 -0.001429975 -0.04207497 0.285793 -0.002804994 -0.04207497 0.28647 -0.00407195 -0.04207497 0.287382 -0.005181968 -0.04207497 0.288492 -0.006093978 -0.04207497 0.289759 -0.006770968 -0.04207497 0.291134 -0.007187962 -0.02481496 0.294002 -0.007229983 -0.02481496 0.292564 -0.007371962 -0.02481496 0.295385 -0.006810963 -0.02481496 0.29666 -0.006128966 -0.02481496 0.297777 -0.005212962 -0.02481496 0.298693 -0.004094958 -0.02481496 0.299375 -0.002820968 -0.02481496 0.299794 -0.001437962 -0.02481496 0.299936 0 -0.02481496 0.299794 0.001437962 -0.02481496 0.299375 0.002820968 -0.02481496 0.298693 0.004094958 -0.02481496 0.297777 0.005212962 -0.02481496 0.29666 0.006128966 -0.02481496 0.295385 0.006810963 -0.02481496 0.294002 0.007229983 -0.02481496 0.292564 0.007371962 -0.02481496 0.291126 0.007229983 -0.02481496 0.289743 0.006810963 -0.02481496 0.288469 0.006128966 -0.02481496 0.287352 0.005212962 -0.02481496 0.286435 0.004094958 -0.02481496 0.285754 0.002820968 -0.02481496 0.285334 0.001437962 -0.02481496 0.285192 0 -0.02481496 0.285334 -0.001437962 -0.02481496 0.285754 -0.002820968 -0.02481496 0.286435 -0.004095971 -0.02481496 0.287352 -0.005212962 -0.02481496 0.288469 -0.006128966 -0.02481496 0.289743 -0.006810963 -0.02481496 0.291126 -0.007229983 -0.02527499 0.294002 -0.007229983 -0.02527499 0.292564 -0.007371962 -0.02527499 0.295385 -0.006810963 -0.02527499 0.29666 -0.006128966 -0.02527499 0.297777 -0.005212962 -0.02527499 0.298693 -0.004094958 -0.02527499 0.299375 -0.002820968 -0.02527499 0.299794 -0.001437962 -0.02527499 0.299936 0 -0.02527499 0.299794 0.001437962 -0.02527499 0.299375 0.002820968 -0.02527499 0.298693 0.004094958 -0.02527499 0.297777 0.005212962 -0.02527499 0.29666 0.006128966 -0.02527499 0.295385 0.006810963 -0.02527499 0.294002 0.007229983 -0.02527499 0.292564 0.007371962 -0.02527499 0.291126 0.007229983 -0.02527499 0.289743 0.006810963 -0.02527499 0.288469 0.006128966 -0.02527499 0.287352 0.005212962 -0.02527499 0.286435 0.004094958 -0.02527499 0.285754 0.002820968 -0.02527499 0.285334 0.001437962 -0.02527499 0.285192 0 -0.02527499 0.285334 -0.001437962 -0.02527499 0.285754 -0.002820968 -0.02527499 0.286435 -0.004095971 -0.02527499 0.287352 -0.005212962 -0.02527499 0.288469 -0.006128966 -0.02527499 0.289743 -0.006810963 -0.02527499 0.291126 -0.007229983 -0.033544 0.293994 0.007187962 -0.04207497 0.295369 0.006770968 -0.04207497 0.292564 0.007328987 -0.06025099 0.06196397 -0.01092594 -0.06025099 0.07422995 -0.008396983 -0.05814296 0.06196397 -0.01071798 -0.05863595 0.07422995 -0.008237957 -0.05611699 0.06196397 -0.01010298 -0.05708396 0.07422995 -0.007767975 -0.05424898 0.06196397 -0.009104967 -0.05565297 0.07422995 -0.007002949 -0.05261194 0.06196397 -0.007761955 -0.05439996 0.07422995 -0.005973994 -0.05126798 0.06196397 -0.006124973 -0.05337095 0.07422995 -0.004719972 -0.05026996 0.06196397 -0.004256963 -0.05260598 0.07422995 -0.003288984 -0.04965496 0.06196397 -0.002229988 -0.05213499 0.07422995 -0.001736998 -0.04944795 0.06196397 -1.23e-4 -0.05197596 0.07422995 -1.23e-4 -0.04965496 0.06196397 0.001984953 -0.05213499 0.07422995 0.00149095 -0.05026996 0.06196397 0.004010975 -0.05260598 0.07422995 0.003043949 -0.05126798 0.06196397 0.005878984 -0.05337095 0.07422995 0.004473984 -0.05261194 0.06196397 0.007515966 -0.05439996 0.07422995 0.005727946 -0.05424898 0.06196397 0.008858978 -0.05565297 0.07422995 0.006756961 -0.05611699 0.06196397 0.009857952 -0.05708396 0.07422995 0.007521986 -0.05814296 0.06196397 0.01047199 -0.05863595 0.07422995 0.007992982 -0.06025099 0.06196397 0.01067996 -0.06025099 0.07422995 0.008151948 -0.06235796 0.06196397 0.01047199 -0.06186497 0.07422995 0.007992982 -0.06438499 0.06196397 0.009857952 -0.06341695 0.07422995 0.007521986 -0.06625199 0.06196397 0.008858978 -0.064848 0.07422995 0.006756961 -0.06610196 0.07422995 0.005727946 -0.06610196 0.07422995 -0.005973994 -0.06625199 0.06196397 -0.009104967 -0.064848 0.07422995 -0.007002949 -0.06438499 0.06196397 -0.01010298 -0.06341695 0.07422995 -0.007767975 -0.06235796 0.06196397 -0.01071798 -0.06186497 0.07422995 -0.008237957 -0.05814296 0.07422995 -0.01071798 -0.06025099 0.07422995 -0.01092594 -0.05611699 0.07422995 -0.01010298 -0.05424898 0.07422995 -0.009104967 -0.05261194 0.07422995 -0.007761955 -0.05126798 0.07422995 -0.006124973 -0.05026996 0.07422995 -0.004256963 -0.04965496 0.07422995 -0.002229988 -0.04944795 0.07422995 -1.23e-4 -0.04965496 0.07422995 0.001984953 -0.05026996 0.07422995 0.004010975 -0.05126798 0.07422995 0.005878984 -0.05261194 0.07422995 0.007515966 -0.05424898 0.07422995 0.008858978 -0.05611699 0.07422995 0.009857952 -0.05814296 0.07422995 0.01047199 -0.06025099 0.07422995 0.01067996 -0.06235796 0.07422995 0.01047199 -0.06438499 0.07422995 0.009857952 -0.06625199 0.07422995 0.008858978 -0.06625199 0.07422995 -0.009104967 -0.06438499 0.07422995 -0.01010298 -0.06235796 0.07422995 -0.01071798 -0.05863595 0.06194895 -0.008237957 -0.06025099 0.06194895 -0.008396983 -0.05708396 0.06194895 -0.007767975 -0.05565297 0.06194895 -0.007002949 -0.05439996 0.06194895 -0.005973994 -0.05337095 0.06194895 -0.004719972 -0.05260598 0.06194895 -0.003288984 -0.05213499 0.06194895 -0.001736998 -0.05197596 0.06194895 -1.23e-4 -0.05213499 0.06194895 0.00149095 -0.05260598 0.06194895 0.003043949 -0.05337095 0.06194895 0.004473984 -0.05439996 0.06194895 0.005727946 -0.05565297 0.06194895 0.006756961 -0.05708396 0.06194895 0.007521986 -0.05863595 0.06194895 0.007992982 -0.06025099 0.06194895 0.008151948 -0.06186497 0.06194895 0.007992982 -0.06341695 0.06194895 0.007521986 -0.064848 0.06194895 0.006756961 -0.06610196 0.06194895 0.005727946 -0.06610196 0.06194895 -0.005973994 -0.064848 0.06194895 -0.007002949 -0.06341695 0.06194895 -0.007767975 -0.06186497 0.06194895 -0.008237957 -0.04251497 0.07422995 -0.004256963 -0.04251497 0.06196397 -0.004256963 -0.04189997 0.06196397 -0.002229988 -0.04189997 0.07422995 -0.002229988 -0.04169297 0.06196397 -1.23e-4 -0.04169297 0.07422995 -1.23e-4 -0.04189997 0.06196397 0.001984953 -0.04189997 0.07422995 0.001984953 -0.04251497 0.06196397 0.004010975 -0.04251497 0.07422995 0.004010975 -0.04423695 0.07422995 -0.004256963 -0.04423695 0.06196397 0.004010975 -0.04362195 0.06196397 0.001984953 -0.04423695 0.06196397 -0.004256963 -0.04341399 0.06196397 -1.23e-4 -0.04362195 0.06196397 -0.002229988 -0.04423695 0.07422995 0.004010975 -0.04362195 0.07422995 0.001984953 -0.04341399 0.07422995 -1.23e-4 -0.04362195 0.07422995 -0.002229988 0.004020988 0.28792 0.01539897 0.004020988 0.298221 0.01639795 0.004020988 0.297217 0.02423799 0.004020988 0.298221 0.02323895 0.004727959 0.287851 0.01539897 0.006736993 0.297953 0.01639795 0.006540954 0.296969 0.02423799 0.006736993 0.297953 0.02323895 0.005406975 0.287644 0.01539897 0.009348988 0.297161 0.01639795 0.008964955 0.296234 0.02423799 0.009348988 0.297161 0.02323895 0.006033957 0.287309 0.01539897 0.01175695 0.295874 0.01639795 0.01119899 0.29504 0.02423799 0.01175695 0.295874 0.02323895 0.006582975 0.286859 0.01539897 0.01386696 0.294143 0.01639795 0.01315695 0.293433 0.02423799 0.01386696 0.294143 0.02323895 0.007033944 0.28631 0.01539897 0.01559799 0.292032 0.01639795 0.01476395 0.291475 0.02423799 0.01559799 0.292032 0.02323895 0.007368981 0.285683 0.01539897 0.01688498 0.289625 0.01639795 0.01595795 0.289241 0.02423799 0.01688498 0.289625 0.02323895 0.007574975 0.285003 0.01539897 0.01767796 0.287013 0.01639795 0.01669299 0.286817 0.02423799 0.01767796 0.287013 0.02323895 0.007643997 0.284296 0.01539897 0.01794499 0.284296 0.01639795 0.01694095 0.284296 0.02423799 0.01794499 0.284296 0.02323895 0.007574975 0.283589 0.01539897 0.01767796 0.28158 0.01639795 0.01669299 0.281776 0.02423799 0.01767796 0.28158 0.02323895 0.007368981 0.28291 0.01539897 0.01688498 0.278968 0.01639795 0.01595795 0.279352 0.02423799 0.01688498 0.278968 0.02323895 0.007033944 0.282283 0.01539897 0.01559799 0.27656 0.01639795 0.01476395 0.277118 0.02423799 0.01559799 0.27656 0.02323895 0.006582975 0.281734 0.01539897 0.01386696 0.27445 0.01639795 0.01315695 0.27516 0.02423799 0.01386696 0.27445 0.02323895 0.006033957 0.281283 0.01539897 0.01175695 0.272719 0.01639795 0.01119899 0.273553 0.02423799 0.01175695 0.272719 0.02323895 0.005406975 0.280948 0.01539897 0.009348988 0.271432 0.01639795 0.008964955 0.272359 0.02423799 0.009348988 0.271432 0.02323895 0.004727959 0.280742 0.01539897 0.006736993 0.270639 0.01639795 0.006540954 0.271624 0.02423799 0.006736993 0.270639 0.02323895 0.004020988 0.280673 0.01539897 0.004020988 0.270372 0.01639795 0.004020988 0.271376 0.02423799 0.004020988 0.270372 0.02323895 0.003313958 0.280742 0.01539897 0.00130397 0.270639 0.01639795 0.00149995 0.271624 0.02423799 0.00130397 0.270639 0.02323895 0.002633988 0.280948 0.01539897 -0.001307964 0.271432 0.01639795 -9.24e-4 0.272359 0.02423799 -0.001307964 0.271432 0.02323895 0.002006947 0.281283 0.01539897 -0.003714978 0.272719 0.01639795 -0.003157973 0.273553 0.02423799 -0.003714978 0.272719 0.02323895 0.001457989 0.281734 0.01539897 -0.005825996 0.27445 0.01639795 -0.005115985 0.27516 0.02423799 -0.005825996 0.27445 0.02323895 0.001007974 0.282283 0.01539897 -0.007556974 0.27656 0.01639795 -0.006722986 0.277118 0.02423799 -0.007556974 0.27656 0.02323895 6.73e-4 0.28291 0.01539897 -0.008843958 0.278968 0.01639795 -0.007916986 0.279352 0.02423799 -0.008843958 0.278968 0.02323895 4.66e-4 0.283589 0.01539897 -0.009635984 0.28158 0.01639795 -0.008651971 0.281776 0.02423799 -0.009635984 0.28158 0.02323895 3.97e-4 0.284296 0.01539897 -0.009903967 0.284296 0.01639795 -0.008899986 0.284296 0.02423799 -0.009903967 0.284296 0.02323895 4.66e-4 0.285003 0.01539897 -0.009635984 0.287013 0.01639795 -0.008651971 0.286817 0.02423799 -0.009635984 0.287013 0.02323895 6.73e-4 0.285683 0.01539897 -0.008843958 0.289625 0.01639795 -0.007916986 0.289241 0.02423799 -0.008843958 0.289625 0.02323895 0.001007974 0.28631 0.01539897 -0.007556974 0.292033 0.01639795 -0.006722986 0.291475 0.02423799 -0.007556974 0.292033 0.02323895 0.001457989 0.286859 0.01539897 -0.005825996 0.294143 0.01639795 -0.005115985 0.293433 0.02423799 -0.005825996 0.294143 0.02323895 0.002006947 0.287309 0.01539897 -0.003714978 0.295874 0.01639795 -0.003157973 0.29504 0.02423799 -0.003714978 0.295874 0.02323895 0.002633988 0.287644 0.01539897 -0.001307964 0.297161 0.01639795 -9.24e-4 0.296234 0.02423799 -0.001307964 0.297161 0.02323895 0.003313958 0.287851 0.01539897 0.00130397 0.297953 0.01639795 0.00149995 0.296969 0.02423799 0.00130397 0.297953 0.02323895 0.006540954 0.296969 0.01539897 0.004020988 0.297217 0.01539897 0.008964955 0.296234 0.01539897 0.01119899 0.29504 0.01539897 0.01315695 0.293433 0.01539897 0.01476395 0.291475 0.01539897 0.01595795 0.289241 0.01539897 0.01669299 0.286817 0.01539897 0.01694095 0.284296 0.01539897 0.01669299 0.281776 0.01539897 0.01595795 0.279352 0.01539897 0.01476395 0.277118 0.01539897 0.01315695 0.27516 0.01539897 0.01119899 0.273553 0.01539897 0.008964955 0.272359 0.01539897 0.006540954 0.271624 0.01539897 0.004020988 0.271376 0.01539897 0.00149995 0.271624 0.01539897 -9.24e-4 0.272359 0.01539897 -0.003157973 0.273553 0.01539897 -0.005115985 0.27516 0.01539897 -0.006722986 0.277118 0.01539897 -0.007916986 0.279352 0.01539897 -0.008651971 0.281776 0.01539897 -0.008899986 0.284296 0.01539897 -0.008651971 0.286817 0.01539897 -0.007916986 0.289241 0.01539897 -0.006722986 0.291475 0.01539897 -0.005115985 0.293433 0.01539897 -0.003157973 0.29504 0.01539897 -9.24e-4 0.296234 0.01539897 0.00149995 0.296969 0.01539897 0.004727959 0.287851 0.002146959 0.004020988 0.28792 0.002146959 0.005406975 0.287644 0.002146959 0.006033957 0.287309 0.002146959 0.006582975 0.286859 0.002146959 0.007033944 0.28631 0.002146959 0.007368981 0.285683 0.002146959 0.007574975 0.285003 0.002146959 0.007643997 0.284296 0.002146959 0.007574975 0.283589 0.002146959 0.007368981 0.28291 0.002146959 0.007033944 0.282283 0.002146959 0.006582975 0.281734 0.002146959 0.006033957 0.281283 0.002146959 0.005406975 0.280948 0.002146959 0.004727959 0.280742 0.002146959 0.004020988 0.280673 0.002146959 0.003313958 0.280742 0.002146959 0.002633988 0.280948 0.002146959 0.002006947 0.281283 0.002146959 0.001457989 0.281734 0.002146959 0.001007974 0.282283 0.002146959 6.73e-4 0.28291 0.002146959 4.66e-4 0.283589 0.002146959 3.97e-4 0.284296 0.002146959 4.66e-4 0.285003 0.002146959 6.73e-4 0.285683 0.002146959 0.001007974 0.28631 0.002146959 0.001457989 0.286859 0.002146959 0.002006947 0.287309 0.002146959 0.002633988 0.287644 0.002146959 0.003313958 0.287851 0.002146959 0.002925992 0.006266951 -0.04162997 0.002925992 0.2454079 -0.04597395 0.01104694 0.006266951 -0.04082995 0.011895 0.2454079 -0.04509097 0.018857 0.006266951 -0.03846096 0.02051895 0.2454079 -0.04247397 0.02605396 0.006266951 -0.03461396 0.02846795 0.2454079 -0.03822594 0.03236198 0.006266951 -0.029437 0.03543394 0.2454079 -0.03250896 0.03753995 0.006266951 -0.02312797 0.041152 0.2454079 -0.02554196 0.04138696 0.006266951 -0.01593095 0.04539996 0.2454079 -0.01759397 0.04375594 0.006266951 -0.008121967 0.04801696 0.2453359 -0.008964955 0.04455494 0.006266951 0 0.04889899 0.2453359 -4e-6 0.04375594 0.006266951 0.008121967 0.04801595 0.2454079 0.008968949 0.04138696 0.006266951 0.01593095 0.04539996 0.2454079 0.01759397 0.03753995 0.006266951 0.02312797 0.041152 0.2454079 0.02554196 0.03236198 0.006266951 0.029437 0.03543394 0.2454079 0.03250896 0.02605396 0.006266951 0.03461396 0.02846699 0.2454079 0.03822594 0.018857 0.006266951 0.03846096 0.02051895 0.2454079 0.04247397 0.01104694 0.006266951 0.04082995 0.011895 0.2454079 0.04509097 0.002925992 0.006266951 0.04162997 0.002925992 0.2454079 0.04597395 -0.005195975 0.006266951 0.04082995 -0.006042957 0.2454079 0.04509097 -0.01300495 0.006266951 0.03846096 -0.01466798 0.2454079 0.04247397 -0.02020299 0.006266951 0.03461396 -0.02261596 0.2454079 0.03822594 -0.02651095 0.006266951 0.029437 -0.02958297 0.2454079 0.03250896 -0.03168797 0.006266951 0.02312797 -0.03529995 0.2454079 0.02554196 -0.03553497 0.006266951 0.01593095 -0.03954899 0.2454079 0.01759296 -0.03790396 0.006266951 0.008121967 -0.04216498 0.2454079 0.008968949 -0.03870397 0.006266951 0 -0.04304796 0.2454079 0 -0.03790396 0.006266951 -0.008121967 -0.04216498 0.2454079 -0.008968949 -0.03553497 0.006266951 -0.01593095 -0.03954899 0.2454079 -0.01759397 -0.03168797 0.006266951 -0.02312797 -0.03529995 0.2454079 -0.02554196 -0.02651095 0.006266951 -0.029437 -0.02958297 0.2454079 -0.03250896 -0.02020299 0.006266951 -0.03461396 -0.02261596 0.2454079 -0.03822594 -0.01300495 0.006266951 -0.03846096 -0.01466798 0.2454079 -0.04247498 -0.005195975 0.006266951 -0.04082995 -0.006042957 0.2454079 -0.04509097 0.002925992 0.258383 -0.01863998 0.006561994 0.258383 -0.01828199 0.01005899 0.258383 -0.01722097 0.01328098 0.258383 -0.01549798 0.01610594 0.258383 -0.01317995 0.01842397 0.258383 -0.01035594 0.02014696 0.258383 -0.007132947 0.02120697 0.258383 -0.003635942 0.02156496 0.258383 0 0.02120697 0.258383 0.003635942 0.02014696 0.258383 0.007132947 0.01842397 0.258383 0.01035594 0.01610594 0.258383 0.01317995 0.01328098 0.258383 0.01549798 0.01005899 0.258383 0.01722097 0.006561994 0.258383 0.01828199 0.002925992 0.258383 0.01863998 -7.11e-4 0.258383 0.01828199 -0.004206955 0.258383 0.01722097 -0.007429957 0.258383 0.01549798 -0.01025497 0.258383 0.01317995 -0.012573 0.258383 0.01035594 -0.01429498 0.258383 0.007132947 -0.015356 0.258383 0.003635942 -0.01571398 0.258383 0 -0.015356 0.258383 -0.003635942 -0.01429498 0.258383 -0.007132947 -0.012573 0.258383 -0.01035594 -0.01025497 0.258383 -0.01317995 -0.007429957 0.258383 -0.01549798 -0.004206955 0.258383 -0.01722097 -7.11e-4 0.258383 -0.01828199 0.01477497 0.25599 -0.02860599 0.02866995 0.25599 0.01720196 -0.01896798 0.25599 0.02189397 -0.01427596 0.25599 -0.02574497 0.03329294 0.25599 -0.00604099 0.002925992 0.25599 0.030963 -0.02744197 0.25599 -0.00604099 0.002925992 0.25599 -0.030963 0.02012795 0.25599 -0.02574497 0.02481997 0.25599 0.02189397 -0.02281898 0.25599 0.01720196 -0.008922994 0.25599 -0.02860599 0.03388798 0.25599 0 -0.003114998 0.25599 0.03036797 -0.02568 0.25599 -0.01184898 0.02481997 0.25599 -0.02189397 0.02012795 0.25599 0.02574396 -0.02568 0.25599 0.01184898 -0.003114998 0.25599 -0.03036797 0.03329294 0.25599 0.00604099 -0.008922994 0.25599 0.02860599 -0.02281898 0.25599 -0.01720196 0.02866995 0.25599 -0.01720196 0.01477497 0.25599 0.02860599 -0.02744197 0.25599 0.006039977 0.008965969 0.25599 -0.03036797 0.03153097 0.25599 0.01184898 -0.01427596 0.25599 0.02574396 -0.01896798 0.25599 -0.02189397 0.03153097 0.25599 -0.01184898 0.008965969 0.25599 0.03036797 -0.02803695 0.25599 0 0.005906999 0.260765 -0.01498794 0.002925992 0.260765 -0.01528096 0.008773982 0.260765 -0.01411795 0.011415 0.260765 -0.01270598 0.013731 0.260765 -0.01080495 0.01563096 0.260765 -0.008489966 0.01704394 0.260765 -0.00584799 0.01791298 0.260765 -0.002980947 0.01820695 0.260765 0 0.01791298 0.260765 0.002980947 0.01704394 0.260765 0.00584799 0.01563096 0.260765 0.008489966 0.013731 0.260765 0.01080495 0.011415 0.260765 0.01270598 0.008773982 0.260765 0.01411795 0.005906999 0.260765 0.01498794 0.002925992 0.260765 0.01528096 -5.6e-5 0.260765 0.01498794 -0.002921998 0.260765 0.01411795 -0.005563974 0.260765 0.01270598 -0.007879972 0.260765 0.01080495 -0.009779989 0.260765 0.008489966 -0.01119196 0.260765 0.00584799 -0.01206195 0.260765 0.002980947 -0.01235496 0.260765 0 -0.01206195 0.260765 -0.002980947 -0.01119196 0.260765 -0.00584799 -0.009779989 0.260765 -0.008489966 -0.007879972 0.260765 -0.01080495 -0.005563974 0.260765 -0.01270598 -0.002921998 0.260765 -0.01411795 -5.5e-5 0.260765 -0.01498794 0.002925992 0.269093 -0.01528096 0.011415 0.269093 -0.01270598 0.013731 0.269093 0.01080495 0.002925992 0.269093 0.01528096 -5.6e-5 0.269093 0.01498794 -0.005563974 0.269093 0.01270598 -0.007879972 0.269093 0.01080495 -0.01206195 0.269093 0.002980947 -0.01206195 0.269093 -0.002980947 -0.005563974 0.269093 -0.01270598 -0.002921998 0.269093 -0.01411795 0.005906999 0.271869 -0.01498794 0.002925992 0.271869 -0.01528096 0.008773982 0.271869 -0.01411795 0.011415 0.271869 -0.01270598 0.013731 0.271869 -0.01080495 0.01563096 0.271869 -0.008489966 0.01704394 0.271869 -0.00584799 0.01791298 0.271869 -0.002980947 0.01820695 0.271869 0 0.01791298 0.271869 0.002980947 0.01704394 0.271869 0.00584799 0.01563096 0.271869 0.008489966 0.013731 0.271869 0.01080495 0.011415 0.271869 0.01270598 0.008773982 0.271869 0.01411795 0.005906999 0.271869 0.01498794 0.002925992 0.271869 0.01528096 -5.6e-5 0.271869 0.01498794 -0.002921998 0.271869 0.01411795 -0.005563974 0.271869 0.01270598 -0.007879972 0.271869 0.01080495 -0.009779989 0.271869 0.008489966 -0.01119196 0.271869 0.00584799 -0.01206195 0.271869 0.002980947 -0.01235496 0.271869 0 -0.01206195 0.271869 -0.002980947 -0.01119196 0.271869 -0.00584799 -0.009779989 0.271869 -0.008489966 -0.007879972 0.271869 -0.01080495 -0.005563974 0.271869 -0.01270598 -0.002921998 0.271869 -0.01411795 -5.5e-5 0.271869 -0.01498794 0.004548966 0.275299 -0.008161962 0.002925992 0.275299 -0.008322 0.006109952 0.275299 -0.007687985 0.007548987 0.275299 -0.006918966 0.008809983 0.275299 -0.005883991 0.009844958 0.275299 -0.004622995 0.01061397 0.275299 -0.003184974 0.011087 0.275299 -0.001622974 0.01124697 0.275299 0 0.011087 0.275299 0.001622974 0.01061397 0.275299 0.00318396 0.009844958 0.275299 0.004622995 0.008809983 0.275299 0.005883991 0.007548987 0.275299 0.006918966 0.006109952 0.275299 0.007687985 0.004548966 0.275299 0.008161962 0.002925992 0.275299 0.008322 0.001301944 0.275299 0.008161962 -2.59e-4 0.275299 0.007687985 -0.001697957 0.275299 0.006918966 -0.002958953 0.275299 0.005883991 -0.003992974 0.275299 0.004622995 -0.004761993 0.275299 0.00318396 -0.00523597 0.275299 0.001622974 -0.005395948 0.275299 0 -0.00523597 0.275299 -0.001622974 -0.004761993 0.275299 -0.003184974 -0.003992974 0.275299 -0.004622995 -0.002958953 0.275299 -0.005883991 -0.001696944 0.275299 -0.006918966 -2.59e-4 0.275299 -0.007687985 0.001301944 0.275299 -0.008161962 0.002925992 0.01680195 -0.04597395 0.002925992 0.02653795 -0.04597395 0.011895 0.02653795 -0.04509097 0.011895 0.01680195 -0.04509097 0.02051895 0.02653795 -0.04247397 0.02051895 0.01680195 -0.04247397 0.02846795 0.02653795 -0.03822594 0.02846795 0.01680195 -0.03822594 0.03543394 0.02653795 -0.03250896 0.03543394 0.01680195 -0.03250896 0.041152 0.02653795 -0.02554196 0.041152 0.01680195 -0.02554196 0.04539996 0.02653795 -0.01759397 0.04539996 0.01680195 -0.01759397 0.04801595 0.02653795 -0.008968949 0.04801595 0.01680195 -0.008968949 0.04889994 0.02653795 0 0.04889994 0.01680195 0 0.04801595 0.02653795 0.008968949 0.04801595 0.01680195 0.008968949 0.04539996 0.02653795 0.01759397 0.04539996 0.01680195 0.01759397 0.041152 0.02653795 0.02554196 0.041152 0.01680195 0.02554196 0.03543394 0.02653795 0.03250896 0.03543394 0.01680195 0.03250896 0.02846699 0.02653795 0.03822594 0.02846699 0.01680195 0.03822594 0.02051895 0.02653795 0.04247397 0.02051895 0.01680195 0.04247397 0.011895 0.02653795 0.04509097 0.011895 0.01680195 0.04509097 0.002925992 0.02653795 0.04597395 0.002925992 0.01680195 0.04597395 -0.006042957 0.02653795 0.04509097 -0.006042957 0.01680195 0.04509097 -0.01466798 0.02653795 0.04247397 -0.01466798 0.01680195 0.04247397 -0.02261596 0.02653795 0.03822594 -0.02261596 0.01680195 0.03822594 -0.02958297 0.02653795 0.03250896 -0.02958297 0.01680195 0.03250896 -0.03529995 0.02653795 0.02554196 -0.03529995 0.01680195 0.02554196 -0.03954899 0.02653795 0.01759296 -0.03954899 0.01680195 0.01759296 -0.04216498 0.02653795 0.008968949 -0.04216498 0.01680195 0.008968949 -0.04304796 0.02653795 0 -0.04304796 0.01680195 0 -0.04216498 0.02653795 -0.008968949 -0.04216498 0.01680195 -0.008968949 -0.03954899 0.02653795 -0.01759397 -0.03954899 0.01680195 -0.01759397 -0.03529995 0.02653795 -0.02554196 -0.03529995 0.01680195 -0.02554196 -0.02958297 0.02653795 -0.03250896 -0.02958297 0.01680195 -0.03250896 -0.02261596 0.02653795 -0.03822594 -0.02261596 0.01680195 -0.03822594 -0.01466798 0.02653795 -0.04247498 -0.01466798 0.01680195 -0.04247498 -0.006042957 0.02653795 -0.04509097 -0.006042957 0.01680195 -0.04509097 0.002925992 0.02166998 -0.04725295 0.01214396 0.02166998 -0.04634499 0.02100795 0.02166998 -0.04365599 0.02917796 0.02166998 -0.03928899 0.03633797 0.02166998 -0.03341299 0.04221498 0.02166998 -0.02625197 0.04658097 0.02166998 -0.01808297 0.04926997 0.02166998 -0.00921899 0.05017799 0.02166998 0 0.04926997 0.02166998 0.00921899 0.04658097 0.02166998 0.01808297 0.04221498 0.02166998 0.02625197 0.03633797 0.02166998 0.03341299 0.02917796 0.02166998 0.03928899 0.02100795 0.02166998 0.04365599 0.01214396 0.02166998 0.04634499 0.002925992 0.02166998 0.04725295 -0.006292998 0.02166998 0.04634499 -0.01515698 0.02166998 0.04365599 -0.02332597 0.02166998 0.03928899 -0.030487 0.02166998 0.03341299 -0.03636294 0.02166998 0.02625197 -0.04072999 0.02166998 0.01808297 -0.043419 0.02166998 0.009217977 -0.04432696 0.02166998 0 -0.043419 0.02166998 -0.00921899 -0.04072999 0.02166998 -0.01808297 -0.03636294 0.02166998 -0.02625197 -0.030487 0.02166998 -0.03341299 -0.02332597 0.02166998 -0.03928899 -0.01515698 0.02166998 -0.04365599 -0.006292998 0.02166998 -0.04634499 0.005906999 0.269093 -0.01498794 0.008773982 0.269093 -0.01411795 0.013731 0.269093 -0.01080495 0.01563096 0.269093 -0.008489966 0.01704394 0.269093 -0.00584799 0.01791298 0.269093 -0.002980947 0.01820695 0.269093 0 0.01791298 0.269093 0.002980947 0.01704394 0.269093 0.00584799 0.01563096 0.269093 0.008489966 0.011415 0.269093 0.01270598 0.008773982 0.269093 0.01411795 0.005906999 0.269093 0.01498794 -0.002921998 0.269093 0.01411795 -0.009779989 0.269093 0.008489966 -0.01119196 0.269093 0.00584799 -0.01235496 0.269093 0 -0.01119196 0.269093 -0.00584799 -0.009779989 0.269093 -0.008489966 -0.007879972 0.269093 -0.01080495 -5.5e-5 0.269093 -0.01498794 -0.005563974 0.26949 0.01270598 -0.007879972 0.26949 0.01080495 0.01704394 0.26949 -0.00584799 0.01791298 0.26949 -0.002980947 -0.009779989 0.26949 0.008489966 0.01820695 0.26949 0 -0.01119196 0.26949 0.00584799 0.01791298 0.26949 0.002980947 -0.01206195 0.26949 0.002980947 0.01704394 0.26949 0.00584799 -0.01235496 0.26949 0 0.01563096 0.26949 0.008489966 -0.01206195 0.26949 -0.002980947 0.013731 0.26949 0.01080495 -0.01119196 0.26949 -0.00584799 0.011415 0.26949 0.01270598 -0.009779989 0.26949 -0.008489966 0.008773982 0.26949 0.01411795 0.002925992 0.26949 -0.01528096 0.005906999 0.26949 -0.01498794 -0.007879972 0.26949 -0.01080495 0.005906999 0.26949 0.01498794 0.008773982 0.26949 -0.01411795 -0.005563974 0.26949 -0.01270598 0.002925992 0.26949 0.01528096 0.011415 0.26949 -0.01270598 -0.002921998 0.26949 -0.01411795 -5.6e-5 0.26949 0.01498794 0.013731 0.26949 -0.01080495 -5.5e-5 0.26949 -0.01498794 -0.002921998 0.26949 0.01411795 0.01563096 0.26949 -0.008489966 0.005823969 0.269093 -0.01457095 0.002925992 0.269093 -0.01485598 0.008610963 0.269093 -0.01372498 0.01117897 0.269093 -0.01235198 0.01343095 0.269093 -0.01050496 0.01527798 0.269093 -0.008253991 0.01665097 0.269093 -0.005684971 0.01749598 0.269093 -0.002897977 0.01778197 0.269093 0 0.01749598 0.269093 0.002897977 0.01665097 0.269093 0.005684971 0.01527798 0.269093 0.008253991 0.01343095 0.269093 0.01050496 0.01117897 0.269093 0.01235198 0.008610963 0.269093 0.01372498 0.005823969 0.269093 0.01457095 0.002925992 0.269093 0.01485598 2.7e-5 0.269093 0.01457095 -0.002759993 0.269093 0.01372498 -0.005327999 0.269093 0.01235198 -0.007578969 0.269093 0.01050496 -0.009426951 0.269093 0.008253991 -0.0108 0.269093 0.005684971 -0.01164495 0.269093 0.002897977 -0.01192998 0.269093 0 -0.01164495 0.269093 -0.002897977 -0.0108 0.269093 -0.005684971 -0.009426951 0.269093 -0.008253991 -0.007578969 0.269093 -0.01050496 -0.005327999 0.269093 -0.01235198 -0.002758979 0.269093 -0.01372498 2.7e-5 0.269093 -0.01457095 -0.007578969 0.26949 0.01050496 0.01749598 0.26949 -0.002897977 -0.009426951 0.26949 0.008253991 0.01778197 0.26949 0 -0.0108 0.26949 0.005684971 0.01749598 0.26949 0.002897977 -0.01164495 0.26949 0.002897977 0.01665097 0.26949 0.005684971 -0.01192998 0.26949 0 0.01527798 0.26949 0.008253991 -0.01164495 0.26949 -0.002897977 0.01343095 0.26949 0.01050496 -0.0108 0.26949 -0.005684971 0.01117897 0.26949 0.01235198 -0.009426951 0.26949 -0.008253991 0.008610963 0.26949 0.01372498 0.005823969 0.26949 -0.01457095 -0.007578969 0.26949 -0.01050496 0.005823969 0.26949 0.01457095 0.008610963 0.26949 -0.01372498 -0.005327999 0.26949 -0.01235198 0.002925992 0.26949 0.01485598 0.01117897 0.26949 -0.01235198 -0.002758979 0.26949 -0.01372498 2.7e-5 0.26949 0.01457095 0.01343095 0.26949 -0.01050496 2.7e-5 0.26949 -0.01457095 -0.002759993 0.26949 0.01372498 0.01527798 0.26949 -0.008253991 -0.005327999 0.26949 0.01235198 0.01665097 0.26949 -0.005684971 0.002925992 0.26949 -0.01485598 0.004548966 0.315674 -0.008161962 0.002925992 0.315674 -0.008322 0.006109952 0.315674 -0.007687985 0.007548987 0.315674 -0.006918966 0.008809983 0.315674 -0.005883991 0.009844958 0.315674 -0.004622995 0.01061397 0.315674 -0.003184974 0.011087 0.315674 -0.001622974 0.01124697 0.315674 0 0.011087 0.315674 0.001622974 0.01061397 0.315674 0.00318396 0.009844958 0.315674 0.004622995 0.008809983 0.315674 0.005883991 0.007548987 0.315674 0.006918966 0.006109952 0.315674 0.007687985 0.004548966 0.315674 0.008161962 0.002925992 0.315674 0.008322 0.001301944 0.315674 0.008161962 -2.59e-4 0.315674 0.007687985 -0.001697957 0.315674 0.006918966 -0.002958953 0.315674 0.005883991 -0.003992974 0.315674 0.004622995 -0.004761993 0.315674 0.00318396 -0.00523597 0.315674 0.001622974 -0.005395948 0.315674 0 -0.00523597 0.315674 -0.001622974 -0.004761993 0.315674 -0.003184974 -0.003992974 0.315674 -0.004622995 -0.002958953 0.315674 -0.005883991 -0.001697957 0.315674 -0.006918966 -2.59e-4 0.315674 -0.007687985 0.001301944 0.315674 -0.008161962 -0.006424963 0.07131499 0.04701095 -0.006424963 0.06457096 0.04701095 -0.01541697 0.07131499 0.04428398 -0.01541697 0.06457096 0.04428398 -0.02370399 0.07131499 0.03985399 -0.02370399 0.06457096 0.03985399 -0.03096795 0.07131499 0.03389298 -0.03096795 0.06457096 0.03389298 -0.03692895 0.07131499 0.02662998 -0.03692895 0.06457096 0.02662998 -0.04135799 0.07131499 0.01834297 -0.04135799 0.06457096 0.01834297 -0.04408597 0.07131499 0.009350955 -0.04408597 0.06457096 0.009350955 -0.04500699 0.07131499 0 -0.04500699 0.06457096 0 -0.04408597 0.07131499 -0.009350955 -0.04408597 0.06457096 -0.009350955 -0.04135799 0.07131499 -0.01834297 -0.04135799 0.06457096 -0.01834297 -0.03692895 0.07131499 -0.02662998 -0.03692895 0.06457096 -0.02662998 -0.03096795 0.07131499 -0.03389298 -0.03096795 0.06457096 -0.03389298 -0.02370399 0.07131499 -0.03985399 -0.02370399 0.06457096 -0.03985399 0.002925992 0.06457096 -0.04793196 0.002925992 0.07131499 -0.04793196 -0.006424963 0.06457096 -0.04701095 -0.006424963 0.07131499 -0.04701095 -0.01541697 0.07131499 -0.04428398 -0.01541697 0.06457096 -0.04428398 0.002925992 0.07131499 -0.04597395 0.002925992 0.06457096 -0.04597395 0.011895 0.06457096 -0.04509097 0.011895 0.07131499 -0.04509097 0.02051895 0.06457096 -0.04247397 0.02051895 0.07131499 -0.04247397 0.02846795 0.06457096 -0.03822594 0.02846795 0.07131499 -0.03822594 0.03543394 0.06457096 -0.03250896 0.03543394 0.07131499 -0.03250896 0.041152 0.06457096 -0.02554196 0.041152 0.07131499 -0.02554196 0.04539996 0.06457096 -0.01759397 0.04539996 0.07131499 -0.01759397 0.04801595 0.06457096 -0.008968949 0.04801595 0.07131499 -0.008968949 0.04889994 0.06457096 0 0.04889994 0.07131499 0 0.04801595 0.06457096 0.008968949 0.04801595 0.07131499 0.008968949 0.04539996 0.06457096 0.01759397 0.04539996 0.07131499 0.01759397 0.041152 0.06457096 0.02554196 0.041152 0.07131499 0.02554196 0.03543394 0.06457096 0.03250896 0.03543394 0.07131499 0.03250896 0.02846699 0.06457096 0.03822594 0.02846699 0.07131499 0.03822594 0.02051895 0.06457096 0.04247397 0.02051895 0.07131499 0.04247397 0.011895 0.06457096 0.04509097 0.011895 0.07131499 0.04509097 0.002925992 0.06457096 0.04597395 0.002925992 0.07131499 0.04597395 -0.006042957 0.06457096 0.04509097 -0.006042957 0.07131499 0.04509097 -0.01466798 0.06457096 0.04247397 -0.01466798 0.07131499 0.04247397 -0.02261596 0.06457096 0.03822594 -0.02261596 0.07131499 0.03822594 -0.02958297 0.06457096 0.03250896 -0.02958297 0.07131499 0.03250896 -0.03529995 0.06457096 0.02554196 -0.03529995 0.07131499 0.02554196 -0.03954899 0.06457096 0.01759296 -0.03954899 0.07131499 0.01759296 -0.04216498 0.06457096 0.008968949 -0.04216498 0.07131499 0.008968949 -0.04304796 0.06457096 0 -0.04304796 0.07131499 0 -0.04216498 0.06457096 -0.008968949 -0.04216498 0.07131499 -0.008968949 -0.03954899 0.06457096 -0.01759397 -0.03954899 0.07131499 -0.01759397 -0.03529995 0.06457096 -0.02554196 -0.03529995 0.07131499 -0.02554196 -0.02958297 0.06457096 -0.03250896 -0.02958297 0.07131499 -0.03250896 -0.02261596 0.06457096 -0.03822594 -0.02261596 0.07131499 -0.03822594 -0.01466798 0.06457096 -0.04247498 -0.01466798 0.07131499 -0.04247498 -0.006042957 0.07131499 -0.04509097 -0.006042957 0.06457096 -0.04509097 0.002925992 0.06457096 0.04793196 0.002925992 0.07131499 0.04793196 0.01227694 0.06457096 0.04701095 0.01227694 0.07131499 0.04701095 0.02126896 0.06457096 0.04428398 0.02126896 0.07131499 0.04428398 0.02955496 0.06457096 0.03985399 0.02955496 0.07131499 0.03985399 0.03681898 0.06457096 0.03389298 0.03681898 0.07131499 0.03389298 0.04277998 0.06457096 0.02662998 0.04277998 0.07131499 0.02662998 0.04720896 0.06457096 0.01834297 0.04720896 0.07131499 0.01834297 0.04993695 0.06457096 0.009350955 0.04993695 0.07131499 0.009350955 0.05085796 0.06457096 0 0.05085796 0.07131499 0 0.04993695 0.06457096 -0.009350955 0.04993695 0.07131499 -0.009350955 0.04720896 0.06457096 -0.01834297 0.04720896 0.07131499 -0.01834297 0.04277998 0.06457096 -0.02662998 0.04277998 0.07131499 -0.02662998 0.03681898 0.06457096 -0.03389298 0.03681898 0.07131499 -0.03389298 0.02955496 0.06457096 -0.03985399 0.02955496 0.07131499 -0.03985399 0.02126896 0.06457096 -0.04428398 0.02126896 0.07131499 -0.04428398 0.01227694 0.06457096 -0.04701095 0.01227694 0.07131499 -0.04701095 0.002925992 0.001779973 -0.04524499 0.002925992 0.002026975 -0.04597395 0.002925992 0.001461982 -0.04576098 0.011895 0.002026975 -0.04509097 0.01175296 0.001779973 -0.04437595 0.01185297 0.001461982 -0.04488098 0.02051895 0.002026975 -0.04247397 0.02023994 0.001779973 -0.04180097 0.020437 0.001461982 -0.04227697 0.02846795 0.002026975 -0.03822594 0.02806299 0.001779973 -0.03761994 0.02834898 0.001461982 -0.03804796 0.03543394 0.002026975 -0.03250896 0.03491896 0.001779973 -0.03199297 0.03528296 0.001461982 -0.03235799 0.041152 0.002026975 -0.02554196 0.040546 0.001779973 -0.02513694 0.04097396 0.001461982 -0.02542299 0.04539996 0.002026975 -0.01759397 0.04472696 0.001779973 -0.01731497 0.04520297 0.001461982 -0.01751196 0.04801595 0.002026975 -0.008968949 0.04730099 0.001779973 -0.008826971 0.04780697 0.001461982 -0.008926987 0.04889994 0.002026975 0 0.04817098 0.001779973 0 0.04868596 0.001461982 0 0.04801595 0.002026975 0.008968949 0.04730099 0.001779973 0.008826971 0.04780697 0.001461982 0.008926987 0.04539996 0.002026975 0.01759397 0.04472696 0.001779973 0.01731497 0.04520297 0.001461982 0.01751196 0.041152 0.002026975 0.02554196 0.040546 0.001779973 0.02513694 0.04097396 0.001461982 0.02542299 0.03543394 0.002026975 0.03250896 0.03491896 0.001779973 0.03199297 0.03528296 0.001461982 0.03235799 0.02846699 0.002026975 0.03822594 0.02806198 0.001779973 0.03761994 0.02834898 0.001461982 0.03804796 0.02051895 0.002026975 0.04247397 0.02023994 0.001779973 0.04180097 0.020437 0.001461982 0.04227697 0.011895 0.002026975 0.04509097 0.01175296 0.001779973 0.04437595 0.01185297 0.001461982 0.04488098 0.002925992 0.002026975 0.04597395 0.002925992 0.001779973 0.04524499 0.002925992 0.001461982 0.04576098 -0.006042957 0.002026975 0.04509097 -0.005900979 0.001779973 0.04437595 -0.006001949 0.001461982 0.04488098 -0.01466798 0.002026975 0.04247397 -0.01438897 0.001779973 0.04180097 -0.01458597 0.001461982 0.04227697 -0.02261596 0.002026975 0.03822594 -0.02221095 0.001779973 0.03761994 -0.02249795 0.001461982 0.03804796 -0.02958297 0.002026975 0.03250896 -0.02906697 0.001779973 0.03199297 -0.02943199 0.001461982 0.03235799 -0.03529995 0.002026975 0.02554196 -0.03469395 0.001779973 0.02513694 -0.03512299 0.001461982 0.02542299 -0.03954899 0.002026975 0.01759296 -0.03887498 0.001779973 0.01731497 -0.03935199 0.001461982 0.01751196 -0.04216498 0.002026975 0.008968949 -0.04144996 0.001779973 0.008826971 -0.04195594 0.001461982 0.008926987 -0.04304796 0.002026975 0 -0.04231899 0.001779973 0 -0.04283499 0.001461982 0 -0.04216498 0.002026975 -0.008968949 -0.04144996 0.001779973 -0.008826971 -0.04195594 0.001461982 -0.008926987 -0.03954899 0.002026975 -0.01759397 -0.03887498 0.001779973 -0.01731497 -0.03935199 0.001461982 -0.01751196 -0.03529995 0.002026975 -0.02554196 -0.03469395 0.001779973 -0.02513694 -0.03512299 0.001461982 -0.02542299 -0.02958297 0.002026975 -0.03250896 -0.02906697 0.001779973 -0.03199297 -0.02943199 0.001461982 -0.03235799 -0.02261596 0.002026975 -0.03822594 -0.02221095 0.001779973 -0.03761994 -0.02249699 0.001461982 -0.03804898 -0.01466798 0.002026975 -0.04247498 -0.01438897 0.001779973 -0.04180097 -0.01458597 0.001461982 -0.04227697 -0.006042957 0.002026975 -0.04509097 -0.005900979 0.001779973 -0.04437595 -0.006001949 0.001461982 -0.04488098 0.002925992 0.003802955 -0.04368197 0.01144796 0.003802955 -0.04284197 0.01964199 0.003802955 -0.04035699 0.02719396 0.003802955 -0.03631997 0.03381299 0.003802955 -0.03088796 0.03924596 0.003802955 -0.02426797 0.04328197 0.003802955 -0.016716 0.04576796 0.003802955 -0.008521974 0.04660695 0.003802955 0 0.04576796 0.003802955 0.008521974 0.04328197 0.003802955 0.016716 0.03924596 0.003802955 0.02426797 0.03381299 0.003802955 0.03088796 0.02719396 0.003802955 0.03631997 0.01964199 0.003802955 0.04035699 0.01144796 0.003802955 0.04284197 0.002925992 0.003802955 0.04368197 -0.005595982 0.003802955 0.04284197 -0.01379096 0.003802955 0.04035699 -0.02134299 0.003802955 0.03631997 -0.02796196 0.003802955 0.03088796 -0.03339397 0.003802955 0.02426797 -0.037431 0.003802955 0.016716 -0.03991699 0.003802955 0.008521974 -0.04075598 0.003802955 0 -0.03991699 0.003802955 -0.008521974 -0.037431 0.003802955 -0.016716 -0.03339397 0.003802955 -0.02426797 -0.02796196 0.003802955 -0.03088796 -0.02134299 0.003802955 -0.03631997 -0.01379096 0.003802955 -0.04035699 -0.005595982 0.003802955 -0.04284197 0.01638495 0.254243 -0.03249394 0.01922798 0.24906 -0.03935796 0.01789695 0.251987 -0.03614497 0.02659398 0.24906 -0.03542095 0.022466 0.254243 -0.029244 0.024661 0.251987 -0.03252995 0.03216999 0.254243 0.01953995 0.03834694 0.24906 0.02366799 0.03545498 0.251987 0.02173596 0.03304898 0.24906 0.03012299 0.02779597 0.254243 0.02486997 0.03058999 0.251987 0.027664 -0.02194398 0.254242 0.02486997 -0.02719795 0.24906 0.03012299 -0.02473795 0.251987 0.027664 -0.03249597 0.24906 0.02366799 -0.02631795 0.254242 0.01953995 -0.02960395 0.251987 0.02173596 -0.01661396 0.254243 -0.029244 -0.02074199 0.24906 -0.03542196 -0.01880997 0.251987 -0.03252995 -0.01337695 0.24906 -0.03935796 -0.01053398 0.254242 -0.03249394 -0.01204597 0.251987 -0.03614497 0.03742098 0.254243 -0.006861984 0.04470795 0.24906 -0.008310973 0.04129695 0.251987 -0.00763297 0.04552698 0.24906 0 0.03809696 0.254243 0 0.04204899 0.251987 0 0.002925992 0.254242 0.03517097 0.002925992 0.24906 0.04260098 0.002925992 0.251987 0.03912299 -0.005384981 0.24906 0.04178196 -0.003935992 0.254242 0.03449594 -0.004706978 0.251987 0.03837096 -0.03156995 0.254242 -0.006861984 -0.03885698 0.24906 -0.008310973 -0.03544598 0.251987 -0.00763297 -0.03643298 0.24906 -0.016303 -0.02956795 0.254242 -0.01345998 -0.03321897 0.251987 -0.01497197 0.03304898 0.24906 -0.03012394 0.02779597 0.254243 -0.02486997 0.03058999 0.251987 -0.027664 0.02659398 0.24906 0.03542095 0.022466 0.254243 0.029244 0.024661 0.251987 0.03252995 -0.03643298 0.24906 0.016303 -0.02956795 0.254242 0.01345896 -0.03321897 0.251987 0.01497197 -0.005384981 0.24906 -0.04178297 -0.003935992 0.254243 -0.03449594 -0.004706978 0.251987 -0.03837096 0.04470795 0.24906 0.008310973 0.03742098 0.254243 0.006861984 0.04129695 0.251987 0.00763297 -0.01337695 0.24906 0.03935796 -0.01053398 0.254242 0.03249394 -0.01204597 0.251987 0.03614497 -0.03249597 0.24906 -0.02366799 -0.02631795 0.254242 -0.01953995 -0.02960395 0.251987 -0.02173596 0.03834694 0.24906 -0.02366799 0.03216999 0.254243 -0.01953995 0.03545498 0.251987 -0.02173596 0.01922798 0.24906 0.03935796 0.01638495 0.254242 0.03249394 0.01789695 0.251987 0.03614497 -0.03885698 0.24906 0.008310973 -0.03156995 0.254242 0.006861984 -0.03544598 0.251987 0.007631957 0.002925992 0.254242 -0.03517097 0.002925992 0.24906 -0.04260098 0.002925992 0.251987 -0.03912299 0.01123696 0.24906 -0.04178196 0.009786963 0.254242 -0.03449594 0.01055794 0.251987 -0.03837096 0.04228395 0.24906 0.016303 0.03542 0.254243 0.01345998 0.03907096 0.251987 0.01497197 -0.02074199 0.24906 0.03542095 -0.01661497 0.254242 0.029244 -0.01880997 0.251987 0.03252995 -0.02719795 0.24906 -0.03012394 -0.02194398 0.254242 -0.02486997 -0.02473795 0.251987 -0.027664 0.04228395 0.24906 -0.016303 0.03542 0.254242 -0.01345998 0.03907096 0.251987 -0.01497197 0.01123696 0.24906 0.04178196 0.009786963 0.254242 0.03449594 0.01055794 0.251987 0.03837096 -0.03967499 0.24906 0 -0.03224599 0.254242 0 -0.03619694 0.251987 0 -0.009147942 0.273534 0.005000948 -0.009891986 0.273534 0.002549946 0.01574295 0.273534 0.002549946 0.01499897 0.273534 0.005000948 -0.01014298 0.273534 0 0.01379197 0.273534 0.007259964 -0.009891986 0.273534 -0.002549946 0.01216596 0.273534 0.009240984 -0.009147942 0.273534 -0.005000948 0.01018595 0.273534 0.01086598 -0.007939994 0.273534 -0.007259964 0.007927 0.273534 0.01207399 0.002925992 0.273534 -0.01306796 0.005474984 0.273534 -0.01281696 -0.006314992 0.273534 -0.009240984 0.005474984 0.273534 0.01281696 0.007927 0.273534 -0.01207399 -0.004334986 0.273534 -0.01086598 0.002925992 0.273534 0.01306796 0.01018595 0.273534 -0.01086598 -0.002074956 0.273534 -0.01207399 3.76e-4 0.273534 0.01281696 0.01216596 0.273534 -0.009240984 3.76e-4 0.273534 -0.01281696 -0.002074956 0.273534 0.01207399 0.01379197 0.273534 -0.007259964 -0.004334986 0.273534 0.01086598 0.01499897 0.273534 -0.005000948 -0.006314992 0.273534 0.009240984 0.01574295 0.273534 -0.002549946 -0.007939994 0.273534 0.007259964 0.01599395 0.273534 0 0.007740974 0.309218 0.01865595 0.007347941 0.309257 0.01865595 0.006969988 0.309372 0.01865595 0.006621956 0.309558 0.01865595 0.006316959 0.309808 0.01865595 0.006065964 0.310113 0.01865595 0.005879998 0.310462 0.01865595 0.005765974 0.310839 0.01865595 0.005726993 0.311232 0.01865595 0.005765974 0.311625 0.01865595 0.005879998 0.312003 0.01865595 0.006065964 0.312351 0.01865595 0.006316959 0.312656 0.01865595 0.006621956 0.312907 0.01865595 0.006969988 0.313093 0.01865595 0.007347941 0.313208 0.01865595 0.007740974 0.313246 0.01865595 0.008133947 0.313208 0.01865595 0.00851196 0.313093 0.01865595 0.008859992 0.312907 0.01865595 0.009164988 0.312656 0.01865595 0.009415984 0.312351 0.01865595 0.00960195 0.312003 0.01865595 0.009715974 0.311625 0.01865595 0.009754955 0.311232 0.01865595 0.009715974 0.310839 0.01865595 0.00960195 0.310462 0.01865595 0.009415984 0.310113 0.01865595 0.009164988 0.309808 0.01865595 0.008859992 0.309558 0.01865595 0.00851196 0.309372 0.01865595 0.008133947 0.309257 0.01865595 -0.001027941 0.316206 -0.009830951 -0.001027941 0.316206 -0.009830951 -0.006375968 0.31432 -0.009830951 -0.006375968 0.31432 -0.009830951 -0.005378961 0.302428 -0.009830951 -0.005378961 0.302428 -0.009830951 -6.56e-4 0.301494 -0.009830951 0.00335896 0.30056 -0.009830951 -0.006375968 0.31432 0.00841397 -0.006375968 0.31432 0.00841397 -0.005378961 0.302428 0.00841397 -0.005378961 0.302428 0.00841397 -0.001027941 0.316206 0.00841397 -0.001027941 0.316206 0.00841397 0.002888977 0.312365 0.00841397 0.002888977 0.312365 0.00841397 -6.56e-4 0.301494 0.00841397 0.02111995 0.294889 -0.009830951 0.02626496 0.293247 -0.009830951 0.02079397 0.311876 -0.009830951 0.02079397 0.311876 -0.009830951 0.002888977 0.312365 -0.009830951 0.002888977 0.312365 -0.009830951 0.02079397 0.311876 0.00841397 0.02079397 0.311876 0.00841397 0.02569895 0.302939 0.00841397 0.02111995 0.294889 0.00841397 0.00335896 0.30056 0.00841397 0.03843998 0.290064 0.00841397 0.05324494 0.288615 0.00841397 0.03843998 0.290064 -0.009830951 0.03678297 0.298709 -0.009830951 0.05117195 0.294838 -0.009830951 0.03678297 0.298709 0.00841397 0.06546998 0.290704 0.00841397 0.06546998 0.290704 0.00841397 0.06715399 0.294759 0.00841397 0.06715399 0.294759 0.00841397 0.06715399 0.294759 -0.009830951 0.06715399 0.294759 -0.009830951 0.06546998 0.290704 -0.009830951 0.06546998 0.290704 -0.009830951 0.05923897 0.288956 -0.009830951 0.059044 0.294096 -0.009830951 0.059044 0.294096 0.00841397 0.05923897 0.288956 0.00841397 0.02626496 0.293247 0.00841397 0.05324494 0.288615 -0.009830951 0.02569895 0.302939 -0.009830951 0.05117195 0.294838 0.00841397 -1.46e-4 0.315856 -0.008777976 -1.46e-4 0.315856 -0.008777976 -0.00434798 0.314149 -0.008777976 -0.00434798 0.314149 -0.008777976 -0.00434798 0.314149 0.007360994 -0.00434798 0.314149 0.007360994 -1.46e-4 0.315856 0.007360994 -1.46e-4 0.315856 0.007360994 0.003652989 0.31213 0.007360994 0.003652989 0.31213 0.007360994 0.021025 0.311655 -0.008777976 0.021025 0.311655 -0.008777976 0.003652989 0.31213 -0.008777976 0.003652989 0.31213 -0.008777976 0.021025 0.311655 0.007360994 0.021025 0.311655 0.007360994 0.02578395 0.302985 0.007360994 0.03653699 0.298881 -0.008777976 0.05049699 0.295125 -0.008777976 0.03653699 0.298881 0.007360994 0.06567895 0.295022 0.007360994 0.06567895 0.295022 0.007360994 0.06567895 0.295022 -0.008777976 0.06567895 0.295022 -0.008777976 0.05813395 0.294405 -0.008777976 0.05813395 0.294405 0.007360994 0.02578395 0.302985 -0.008777976 0.05049699 0.295125 0.007360994 0.02182298 0.30295 -0.008083999 0.02182298 0.30295 -0.008083999 0.02182298 0.30295 0.006666958 0.02182298 0.30295 0.006666958 0.002253949 0.305446 -0.008083999 0.002253949 0.305446 -0.008083999 0.002253949 0.305446 0.006666958 0.002253949 0.305446 0.006666958 -0.001469969 0.303624 -0.008083999 -0.001469969 0.303624 -0.008083999 -0.001469969 0.303624 0.006666958 -0.001469969 0.303624 0.006666958 0.005952954 0.302288 0.006666958 0.005952954 0.302288 -0.008083999 0.02670896 0.295344 0.006666958 0.03677195 0.29228 -0.008083999 0.049739 0.289735 -0.008083999 0.03677195 0.29228 0.006666958 0.06358796 0.290597 0.006666958 0.06358796 0.290597 0.006666958 0.06358796 0.290597 -0.008083999 0.06358796 0.290597 -0.008083999 0.05674797 0.28956 -0.008083999 0.05674797 0.28956 0.006666958 0.02670896 0.295344 -0.008083999 0.049739 0.289735 0.006666958 -0.008558988 0.300018 0.009859979 -0.008558988 0.300018 0.009859979 -0.01376897 0.300463 0.009859979 -0.01376897 0.300463 0.009859979 -0.01645296 0.312627 0.009859979 -0.01645296 0.312627 0.009859979 -0.012739 0.3148 0.009859979 -0.009024977 0.316973 0.009859979 -0.01376897 0.300463 -0.01127696 -0.01376897 0.300463 -0.01127696 -0.01645296 0.312627 -0.01127696 -0.01645296 0.312627 -0.01127696 -0.008558988 0.300018 -0.01127696 -0.008558988 0.300018 -0.01127696 -0.005842983 0.305058 -0.01127696 -0.005842983 0.305058 -0.01127696 -0.012739 0.3148 -0.01127696 0.006926953 0.328119 0.009859979 0.01154798 0.331347 0.009859979 0.01185595 0.311084 0.009859979 0.01185595 0.311084 0.009859979 -0.005842983 0.305058 0.009859979 -0.005842983 0.305058 0.009859979 0.01185595 0.311084 -0.01127696 0.01185595 0.311084 -0.01127696 0.01398199 0.32151 -0.01127696 0.006926953 0.328119 -0.01127696 -0.009024977 0.316973 -0.01127696 0.02270096 0.338286 -0.01127696 0.03701198 0.34431 -0.01127696 0.02270096 0.338286 0.009859979 0.023723 0.329155 0.009859979 0.03687 0.337464 0.009859979 0.023723 0.329154 -0.01127696 0.04984498 0.346008 -0.01127696 0.04984498 0.346008 -0.01127696 0.05277794 0.342487 -0.01127696 0.05277794 0.342487 -0.01127696 0.05277794 0.342487 0.009859979 0.05277794 0.342487 0.009859979 0.04984498 0.346008 0.009859979 0.04984498 0.346008 0.009859979 0.04309296 0.345823 0.009859979 0.04448795 0.340639 0.009859979 0.04448795 0.340639 -0.01127696 0.04309296 0.345823 -0.01127696 0.01154798 0.331347 -0.01127696 0.03701198 0.34431 0.009859979 0.01398199 0.32151 0.009859979 0.03687 0.337464 -0.01127696 -0.007788956 0.30064 0.008639991 -0.007788956 0.30064 0.008639991 -0.01250499 0.301042 0.008639991 -0.01250499 0.301042 0.008639991 -0.01250499 0.301042 -0.01005697 -0.01250499 0.301042 -0.01005697 -0.007788956 0.30064 -0.01005697 -0.007788956 0.30064 -0.01005697 -0.005153 0.305529 -0.01005697 -0.005153 0.305529 -0.01005697 0.01201796 0.311375 0.008639991 0.01201796 0.311375 0.008639991 -0.005153 0.305529 0.008639991 -0.005153 0.305529 0.008639991 0.01201796 0.311375 -0.01005697 0.01201796 0.311375 -0.01005697 0.01407998 0.32149 -0.01005697 0.02353096 0.328907 0.008639991 0.03628599 0.336969 0.008639991 0.02353096 0.328907 -0.01005697 0.05138897 0.341768 -0.01005697 0.05138897 0.341768 -0.01005697 0.05138897 0.341768 0.008639991 0.05138897 0.341768 0.008639991 0.04367697 0.340049 0.008639991 0.04367697 0.340049 -0.01005697 0.01407998 0.32149 0.008639991 0.03628599 0.336969 -0.01005697 0.01012098 0.3203 0.007835984 0.01012098 0.3203 0.007835984 0.01012098 0.3203 -0.009252965 0.01012098 0.3203 -0.009252965 -0.00861597 0.31176 0.007835984 -0.00861597 0.31176 0.007835984 -0.00861597 0.31176 -0.009252965 -0.00861597 0.31176 -0.009252965 -0.01289099 0.312424 0.007835984 -0.01289099 0.312424 0.007835984 -0.01289099 0.312424 -0.009252965 -0.01289099 0.312424 -0.009252965 -0.005904972 0.316052 -0.009252965 -0.005904972 0.316052 0.007835984 0.01263898 0.329394 -0.009252965 0.02172398 0.335561 0.007835984 0.03386294 0.342108 0.007835984 0.02172398 0.335561 -0.009252965 0.04793596 0.345532 -0.009252965 0.04793596 0.345532 -0.009252965 0.04793596 0.345532 0.007835984 0.04793596 0.345532 0.007835984 0.04079598 0.344451 0.007835984 0.04079598 0.344451 -0.009252965 0.01263898 0.329394 0.007835984 0.03386294 0.342108 -0.009252965 -0.05301696 0.03829896 0.005214989 -0.05201596 0.03856998 0.005317986 -0.05398094 0.03803896 0.004912972 -0.05486798 0.03779995 0.004420995 -0.055646 0.03758996 0.00375998 -0.05628496 0.03741699 0.002953946 -0.05675899 0.03728896 0.002034962 -0.057051 0.03720998 0.001036942 -0.05714994 0.037184 0 -0.057051 0.03720998 -0.001036942 -0.05675899 0.03728896 -0.002034962 -0.05628496 0.03741699 -0.002953946 -0.055646 0.03758996 -0.00375998 -0.05486798 0.03779995 -0.004420995 -0.05398094 0.03803896 -0.004912972 -0.05301696 0.03829896 -0.005214989 -0.05201596 0.03856998 -0.005317986 -0.05101394 0.03883999 -0.005214989 -0.05005097 0.03909999 -0.004912972 -0.04916399 0.03933894 -0.004420995 -0.04838597 0.03954899 -0.00375998 -0.04774695 0.03972196 -0.002953946 -0.04727298 0.03984999 -0.002034962 -0.04698097 0.03992897 -0.001036942 -0.04688197 0.03995496 0 -0.04698097 0.03992897 0.001036942 -0.04727298 0.03984999 0.002034962 -0.04774695 0.03972196 0.002953946 -0.04838597 0.03954899 0.00375998 -0.04916399 0.03933894 0.004420995 -0.05005097 0.03909999 0.004912972 -0.05101394 0.03883999 0.005214989 -0.05708497 0.064085 0.004912972 -0.05805999 0.06387597 0.005214989 -0.054627 0.05471998 0.004912972 -0.05558997 0.05445998 0.005214989 -0.05907499 0.06365895 0.005317986 -0.05659097 0.05418998 0.005317986 -0.05618596 0.064278 0.004420995 -0.05373895 0.05495899 0.004420995 -0.05539798 0.06444698 0.00375998 -0.05296099 0.05516898 0.00375998 -0.05475097 0.06458598 0.002953946 -0.05232197 0.055341 0.002953946 -0.05427098 0.06468898 0.002034962 -0.05184799 0.05546897 0.002034962 -0.05397498 0.06475198 0.001036942 -0.05155599 0.05554699 0.001036942 -0.05387496 0.06477397 0 -0.05145698 0.05557399 0 -0.05397498 0.06475198 -0.001036942 -0.05155599 0.05554699 -0.001036942 -0.05427098 0.06468898 -0.002034962 -0.05184799 0.05546897 -0.002034962 -0.05475097 0.06458598 -0.002953946 -0.05232197 0.055341 -0.002953946 -0.05539798 0.06444698 -0.00375998 -0.05296099 0.05516898 -0.00375998 -0.05618596 0.064278 -0.004420995 -0.05373895 0.05495899 -0.004420995 -0.05708497 0.064085 -0.004912972 -0.05462598 0.05471998 -0.004912972 -0.05805999 0.06387597 -0.005214989 -0.05558997 0.05445998 -0.005214989 -0.05907499 0.06365895 -0.005317986 -0.05659097 0.05418998 -0.005317986 -0.06008899 0.06344097 -0.005214989 -0.05759298 0.05391997 -0.005214989 -0.061064 0.063232 -0.004912972 -0.05855596 0.05366098 -0.004912972 -0.06196296 0.063039 -0.004420995 -0.05944395 0.05342197 -0.004420995 -0.06275099 0.06286996 -0.00375998 -0.06022197 0.05321198 -0.00375998 -0.063398 0.06273198 -0.002953946 -0.06086099 0.05303996 -0.002953946 -0.06387799 0.06262898 -0.002034962 -0.06133496 0.05291199 -0.002034962 -0.06417399 0.06256496 -0.001036942 -0.06162697 0.05283397 -0.001036942 -0.06427395 0.06254398 0 -0.06172597 0.05280697 0 -0.06417399 0.06256496 0.001036942 -0.06162697 0.05283397 0.001036942 -0.06387799 0.06262898 0.002034962 -0.06133496 0.05291199 0.002034962 -0.063398 0.06273198 0.002953946 -0.06086099 0.05303996 0.002953946 -0.06275099 0.06286996 0.00375998 -0.06022197 0.05321198 0.00375998 -0.06196296 0.063039 0.004420995 -0.05944395 0.05342197 0.004420995 -0.061064 0.063232 0.004912972 -0.05855596 0.05366098 0.004912972 -0.06008899 0.06344097 0.005214989 -0.05759298 0.05391997 0.005214989 -0.05714398 0.06394398 0.004527986 -0.05804198 0.06374096 0.004806995 -0.05487799 0.05483496 0.004527986 -0.05576598 0.05458199 0.004806995 -0.05897694 0.06352895 0.004900991 -0.05668896 0.05431997 0.004900991 -0.056315 0.06413096 0.00407499 -0.05405998 0.05506795 0.00407499 -0.05558896 0.064296 0.003464996 -0.05334299 0.05527096 0.003464996 -0.05499297 0.06443095 0.002722978 -0.05275398 0.05543899 0.002722978 -0.05454999 0.06453096 0.001874983 -0.05231696 0.05556297 0.001874983 -0.054277 0.06459295 9.56e-4 -0.05204796 0.05563998 9.56e-4 -0.05418497 0.06461298 0 -0.05195695 0.05566495 0 -0.054277 0.06459295 -9.56e-4 -0.05204796 0.05563998 -9.56e-4 -0.05454999 0.06453096 -0.001874983 -0.05231696 0.05556297 -0.001874983 -0.05499297 0.06443095 -0.002722978 -0.05275398 0.05543899 -0.002722978 -0.05558896 0.064296 -0.003464996 -0.05334299 0.05527096 -0.003464996 -0.056315 0.06413096 -0.00407499 -0.05405998 0.05506795 -0.00407499 -0.05714398 0.06394398 -0.004527986 -0.05487799 0.05483496 -0.004527986 -0.05804198 0.06374096 -0.004806995 -0.05576598 0.05458199 -0.004806995 -0.05897694 0.06352895 -0.004900991 -0.05668896 0.05431997 -0.004900991 -0.05991196 0.063317 -0.004806995 -0.057612 0.054057 -0.004806995 -0.06081098 0.06311398 -0.004527986 -0.05849999 0.05380499 -0.004527986 -0.06163996 0.062927 -0.00407499 -0.05931794 0.05357199 -0.00407499 -0.06236594 0.06276196 -0.003464996 -0.06003499 0.05336898 -0.003464996 -0.06296199 0.06262695 -0.002722978 -0.06062299 0.05320096 -0.002722978 -0.06340396 0.062527 -0.001874983 -0.06106096 0.05307698 -0.001874983 -0.06367695 0.06246495 -9.56e-4 -0.06132996 0.05299997 -9.56e-4 -0.06376898 0.06244498 0 -0.06142097 0.05297398 0 -0.06367695 0.06246495 9.56e-4 -0.06132996 0.05299997 9.56e-4 -0.06340396 0.062527 0.001874983 -0.06106096 0.05307698 0.001874983 -0.06296199 0.06262695 0.002722978 -0.06062299 0.05320096 0.002722978 -0.06236594 0.06276196 0.003464996 -0.06003499 0.05336898 0.003464996 -0.06163996 0.062927 0.00407499 -0.05931794 0.05357199 0.00407499 -0.06081098 0.06311398 0.004527986 -0.05849999 0.05380499 0.004527986 -0.05991196 0.063317 0.004806995 -0.057612 0.054057 0.004806995 -0.05294597 0.03831899 0.004844963 -0.05201596 0.03856998 0.00493896 -0.05383998 0.03807699 0.004563987 -0.05466395 0.03785496 0.004106998 -0.05538594 0.03766 0.003492951 -0.05597895 0.03749996 0.002744972 -0.05641996 0.03738099 0.001890957 -0.05669099 0.03730797 9.64e-4 -0.05678296 0.037283 0 -0.05669099 0.03730797 -9.64e-4 -0.05641996 0.03738099 -0.001890957 -0.05597895 0.03749996 -0.002744972 -0.05538594 0.03766 -0.003492951 -0.05466395 0.03785496 -0.004106998 -0.05383998 0.03807699 -0.004563987 -0.05294597 0.03831899 -0.004844963 -0.05201596 0.03856998 -0.00493896 -0.05108594 0.03881996 -0.004844963 -0.05019199 0.03906196 -0.004563987 -0.04936796 0.03928399 -0.004106998 -0.04864597 0.03947895 -0.003492951 -0.04805296 0.03963899 -0.002744972 -0.04761195 0.03975796 -0.001890957 -0.04734098 0.03983199 -9.64e-4 -0.04724895 0.03985595 0 -0.04734098 0.03983199 9.64e-4 -0.04761195 0.03975796 0.001890957 -0.04805296 0.03963899 0.002744972 -0.04864597 0.03947895 0.003492951 -0.04936796 0.03928399 0.004106998 -0.05019199 0.03906196 0.004563987 -0.05108594 0.03881996 0.004844963 -0.02481496 0.294045 -0.007442951 -0.02481496 0.292564 -0.007588982 -0.02481496 0.295468 -0.007010996 -0.02481496 0.29678 -0.006309986 -0.02481496 0.29793 -0.005365967 -0.02481496 0.298874 -0.004215955 -0.02481496 0.299575 -0.002903997 -0.02481496 0.300007 -0.001479983 -0.02481496 0.300153 0 -0.02481496 0.300007 0.001479983 -0.02481496 0.299575 0.002903997 -0.02481496 0.298874 0.004215955 -0.02481496 0.29793 0.005365967 -0.02481496 0.29678 0.006309986 -0.02481496 0.295468 0.007010996 -0.02481496 0.294045 0.007442951 -0.02481496 0.292564 0.007588982 -0.02481496 0.291084 0.007442951 -0.02481496 0.28966 0.007010996 -0.02481496 0.288348 0.006309986 -0.02481496 0.287198 0.005365967 -0.02481496 0.286255 0.004215955 -0.02481496 0.285553 0.002903997 -0.02481496 0.285121 0.001479983 -0.02481496 0.284976 0 -0.02481496 0.285121 -0.001479983 -0.02481496 0.285553 -0.002903997 -0.02481496 0.286255 -0.004215955 -0.02481496 0.287198 -0.005365967 -0.02481496 0.288348 -0.006309986 -0.02481496 0.28966 -0.007010996 -0.02481496 0.291084 -0.007442951 -0.02527499 0.294045 -0.007442951 -0.02527499 0.292564 -0.007588982 -0.02527499 0.295468 -0.007010996 -0.02527499 0.29678 -0.006309986 -0.02527499 0.29793 -0.005365967 -0.02527499 0.298874 -0.004215955 -0.02527499 0.299575 -0.002903997 -0.02527499 0.300007 -0.001479983 -0.02527499 0.300153 0 -0.02527499 0.300007 0.001479983 -0.02527499 0.299575 0.002903997 -0.02527499 0.298874 0.004215955 -0.02527499 0.29793 0.005365967 -0.02527499 0.29678 0.006309986 -0.02527499 0.295468 0.007010996 -0.02527499 0.294045 0.007442951 -0.02527499 0.292564 0.007588982 -0.02527499 0.291084 0.007442951 -0.02527499 0.28966 0.007010996 -0.02527499 0.288348 0.006309986 -0.02527499 0.287198 0.005365967 -0.02527499 0.286255 0.004215955 -0.02527499 0.285553 0.002903997 -0.02527499 0.285121 0.001479983 -0.02527499 0.284976 0 -0.02527499 0.285121 -0.001479983 -0.02527499 0.285553 -0.002903997 -0.02527499 0.286255 -0.004215955 -0.02527499 0.287198 -0.005365967 -0.02527499 0.288348 -0.006309986 -0.02527499 0.28966 -0.007010996 -0.02527499 0.291084 -0.007442951 -0.03229695 0.293775 -0.006085991 -0.03229695 0.292564 -0.006204962 -0.03229695 0.294939 -0.005732953 -0.03229695 0.296012 -0.005159974 -0.03229695 0.296952 -0.004387974 -0.03229695 0.297724 -0.003447949 -0.03229695 0.298297 -0.002374947 -0.03229695 0.29865 -0.001210987 -0.03229695 0.29877 0 -0.03229695 0.29865 0.001210987 -0.03229695 0.298297 0.002374947 -0.03229695 0.297724 0.003446996 -0.03229695 0.296952 0.004387974 -0.03229695 0.296012 0.005159974 -0.03229695 0.294939 0.005732953 -0.03229695 0.293775 0.006085991 -0.03229695 0.292564 0.006204962 -0.03229695 0.291354 0.006085991 -0.03229695 0.290189 0.005732953 -0.03229695 0.289117 0.005159974 -0.03229695 0.288176 0.004387974 -0.03229695 0.287405 0.003446996 -0.03229695 0.286831 0.002374947 -0.03229695 0.286478 0.001210987 -0.03229695 0.286359 0 -0.03229695 0.286478 -0.001210987 -0.03229695 0.286831 -0.002374947 -0.03229695 0.287405 -0.003447949 -0.03229695 0.288176 -0.004387974 -0.03229695 0.289117 -0.005159974 -0.03229695 0.290189 -0.005732953 -0.03229695 0.291354 -0.006085991 -0.02481496 0.294002 -0.007229983 -0.02481496 0.292564 -0.007371962 -0.02481496 0.295385 -0.006810963 -0.02481496 0.29666 -0.006128966 -0.02481496 0.297777 -0.005212962 -0.02481496 0.298693 -0.004094958 -0.02481496 0.299375 -0.002820968 -0.02481496 0.299794 -0.001437962 -0.02481496 0.299936 0 -0.02481496 0.299794 0.001437962 -0.02481496 0.299375 0.002820968 -0.02481496 0.298693 0.004094958 -0.02481496 0.297777 0.005212962 -0.02481496 0.29666 0.006128966 -0.02481496 0.295385 0.006810963 -0.02481496 0.294002 0.007229983 -0.02481496 0.292564 0.007371962 -0.02481496 0.291126 0.007229983 -0.02481496 0.289743 0.006810963 -0.02481496 0.288469 0.006128966 -0.02481496 0.287352 0.005212962 -0.02481496 0.286435 0.004094958 -0.02481496 0.285754 0.002820968 -0.02481496 0.285334 0.001437962 -0.02481496 0.285192 0 -0.02481496 0.285334 -0.001437962 -0.02481496 0.285754 -0.002820968 -0.02481496 0.286435 -0.004095971 -0.02481496 0.287352 -0.005212962 -0.02481496 0.288469 -0.006128966 -0.02481496 0.289743 -0.006810963 -0.02481496 0.291126 -0.007229983 -0.02527499 0.294002 -0.007229983 -0.02527499 0.292564 -0.007371962 -0.02527499 0.295385 -0.006810963 -0.02527499 0.29666 -0.006128966 -0.02527499 0.297777 -0.005212962 -0.02527499 0.298693 -0.004094958 -0.02527499 0.299375 -0.002820968 -0.02527499 0.299794 -0.001437962 -0.02527499 0.299936 0 -0.02527499 0.299794 0.001437962 -0.02527499 0.299375 0.002820968 -0.02527499 0.298693 0.004094958 -0.02527499 0.297777 0.005212962 -0.02527499 0.29666 0.006128966 -0.02527499 0.295385 0.006810963 -0.02527499 0.294002 0.007229983 -0.02527499 0.292564 0.007371962 -0.02527499 0.291126 0.007229983 -0.02527499 0.289743 0.006810963 -0.02527499 0.288469 0.006128966 -0.02527499 0.287352 0.005212962 -0.02527499 0.286435 0.004094958 -0.02527499 0.285754 0.002820968 -0.02527499 0.285334 0.001437962 -0.02527499 0.285192 0 -0.02527499 0.285334 -0.001437962 -0.02527499 0.285754 -0.002820968 -0.02527499 0.286435 -0.004095971 -0.02527499 0.287352 -0.005212962 -0.02527499 0.288469 -0.006128966 -0.02527499 0.289743 -0.006810963 -0.02527499 0.291126 -0.007229983 -0.06025099 0.06196397 -0.01092594 -0.05814296 0.06196397 -0.01071798 -0.05814296 0.07422995 -0.01071798 -0.06025099 0.07422995 -0.01092594 -0.05611699 0.06196397 -0.01010298 -0.05611699 0.07422995 -0.01010298 -0.05424898 0.06196397 -0.009104967 -0.05424898 0.07422995 -0.009104967 -0.05261194 0.06196397 -0.007761955 -0.05261194 0.07422995 -0.007761955 -0.05126798 0.06196397 -0.006124973 -0.05126798 0.07422995 -0.006124973 -0.05026996 0.06196397 -0.004256963 -0.05026996 0.06196397 -0.004256963 -0.05026996 0.07422995 -0.004256963 -0.05026996 0.07422995 -0.004256963 -0.04423695 0.07422995 -0.004256963 -0.04251497 0.07422995 -0.004256963 -0.04251497 0.07422995 -0.004256963 -0.04423695 0.06196397 0.004010975 -0.05026996 0.06196397 0.004010975 -0.05026996 0.06196397 0.004010975 -0.05026996 0.07422995 0.004010975 -0.05026996 0.07422995 0.004010975 -0.05126798 0.06196397 0.005878984 -0.05126798 0.07422995 0.005878984 -0.05261194 0.06196397 0.007515966 -0.05261194 0.07422995 0.007515966 -0.05424898 0.06196397 0.008858978 -0.05424898 0.07422995 0.008858978 -0.05611699 0.06196397 0.009857952 -0.05611699 0.07422995 0.009857952 -0.05814296 0.06196397 0.01047199 -0.05814296 0.07422995 0.01047199 -0.06025099 0.06196397 0.01067996 -0.06025099 0.07422995 0.01067996 -0.06235796 0.06196397 0.01047199 -0.06235796 0.07422995 0.01047199 -0.06438499 0.06196397 0.009857952 -0.06438499 0.07422995 0.009857952 -0.06625199 0.06196397 0.008858978 -0.06625199 0.06196397 0.008858978 -0.06625199 0.07422995 0.008858978 -0.06625199 0.07422995 0.008858978 -0.06625199 0.07422995 -0.009104967 -0.06625199 0.07422995 -0.009104967 -0.06625199 0.06196397 -0.009104967 -0.06625199 0.06196397 -0.009104967 -0.06438499 0.06196397 -0.01010298 -0.06438499 0.07422995 -0.01010298 -0.06235796 0.06196397 -0.01071798 -0.06235796 0.07422995 -0.01071798 -0.05863595 0.07422995 -0.008237957 -0.06025099 0.07422995 -0.008396983 -0.05708396 0.07422995 -0.007767975 -0.05565297 0.07422995 -0.007002949 -0.05439996 0.07422995 -0.005973994 -0.05337095 0.07422995 -0.004719972 -0.05260598 0.07422995 -0.003288984 -0.05213499 0.07422995 -0.001736998 -0.05197596 0.07422995 -1.23e-4 -0.05213499 0.07422995 0.00149095 -0.05260598 0.07422995 0.003043949 -0.05337095 0.07422995 0.004473984 -0.05439996 0.07422995 0.005727946 -0.05565297 0.07422995 0.006756961 -0.05708396 0.07422995 0.007521986 -0.05863595 0.07422995 0.007992982 -0.06025099 0.07422995 0.008151948 -0.06186497 0.07422995 0.007992982 -0.06341695 0.07422995 0.007521986 -0.064848 0.07422995 0.006756961 -0.06610196 0.07422995 0.005727946 -0.06610196 0.07422995 0.005727946 -0.064848 0.07422995 -0.007002949 -0.06610196 0.07422995 -0.005973994 -0.06610196 0.07422995 -0.005973994 -0.06341695 0.07422995 -0.007767975 -0.06186497 0.07422995 -0.008237957 -0.05863595 0.06194895 -0.008237957 -0.06025099 0.06194895 -0.008396983 -0.05708396 0.06194895 -0.007767975 -0.05565297 0.06194895 -0.007002949 -0.05439996 0.06194895 -0.005973994 -0.05337095 0.06194895 -0.004719972 -0.05260598 0.06194895 -0.003288984 -0.05213499 0.06194895 -0.001736998 -0.05197596 0.06194895 -1.23e-4 -0.05213499 0.06194895 0.00149095 -0.05260598 0.06194895 0.003043949 -0.05337095 0.06194895 0.004473984 -0.05439996 0.06194895 0.005727946 -0.05565297 0.06194895 0.006756961 -0.05708396 0.06194895 0.007521986 -0.05863595 0.06194895 0.007992982 -0.06025099 0.06194895 0.008151948 -0.06186497 0.06194895 0.007992982 -0.06341695 0.06194895 0.007521986 -0.064848 0.06194895 0.006756961 -0.06610196 0.06194895 0.005727946 -0.06610196 0.06194895 0.005727946 -0.06610196 0.06194895 -0.005973994 -0.06610196 0.06194895 -0.005973994 -0.064848 0.06194895 -0.007002949 -0.06341695 0.06194895 -0.007767975 -0.06186497 0.06194895 -0.008237957 -0.04251497 0.06196397 -0.004256963 -0.04251497 0.06196397 -0.004256963 -0.04189997 0.06196397 -0.002229988 -0.04189997 0.07422995 -0.002229988 -0.04169297 0.06196397 -1.23e-4 -0.04169297 0.07422995 -1.23e-4 -0.04189997 0.06196397 0.001984953 -0.04189997 0.07422995 0.001984953 -0.04251497 0.06196397 0.004010975 -0.04251497 0.06196397 0.004010975 -0.04251497 0.07422995 0.004010975 -0.04251497 0.07422995 0.004010975 -0.04423695 0.06196397 -0.004256963 -0.04423695 0.07422995 0.004010975 0.004727959 0.287851 0.01539897 0.004020988 0.28792 0.01539897 0.005406975 0.287644 0.01539897 0.006033957 0.287309 0.01539897 0.006582975 0.286859 0.01539897 0.007033944 0.28631 0.01539897 0.007368981 0.285683 0.01539897 0.007574975 0.285003 0.01539897 0.007643997 0.284296 0.01539897 0.007574975 0.283589 0.01539897 0.007368981 0.28291 0.01539897 0.007033944 0.282283 0.01539897 0.006582975 0.281734 0.01539897 0.006033957 0.281283 0.01539897 0.005406975 0.280948 0.01539897 0.004727959 0.280742 0.01539897 0.004020988 0.280673 0.01539897 0.003313958 0.280742 0.01539897 0.002633988 0.280948 0.01539897 0.002006947 0.281283 0.01539897 0.001457989 0.281734 0.01539897 0.001007974 0.282283 0.01539897 6.73e-4 0.28291 0.01539897 4.66e-4 0.283589 0.01539897 3.97e-4 0.284296 0.01539897 4.66e-4 0.285003 0.01539897 6.73e-4 0.285683 0.01539897 0.001007974 0.28631 0.01539897 0.001457989 0.286859 0.01539897 0.002006947 0.287309 0.01539897 0.002633988 0.287644 0.01539897 0.003313958 0.287851 0.01539897 0.01227694 0.06457096 -0.04701095 0.002925992 0.06457096 -0.04793196 0.005906999 0.260765 -0.01498794 0.002925992 0.260765 -0.01528096 0.008773982 0.260765 -0.01411795 0.011415 0.260765 -0.01270598 0.013731 0.260765 -0.01080495 0.01563096 0.260765 -0.008489966 0.01704394 0.260765 -0.00584799 0.01791298 0.260765 -0.002980947 0.01820695 0.260765 0 0.01791298 0.260765 0.002980947 0.01704394 0.260765 0.00584799 0.01563096 0.260765 0.008489966 0.013731 0.260765 0.01080495 0.011415 0.260765 0.01270598 0.008773982 0.260765 0.01411795 0.005906999 0.260765 0.01498794 0.002925992 0.260765 0.01528096 -5.6e-5 0.260765 0.01498794 -0.002921998 0.260765 0.01411795 -0.005563974 0.260765 0.01270598 -0.007879972 0.260765 0.01080495 -0.009779989 0.260765 0.008489966 -0.01119196 0.260765 0.00584799 -0.01206195 0.260765 0.002980947 -0.01235496 0.260765 0 -0.01206195 0.260765 -0.002980947 -0.01119196 0.260765 -0.00584799 -0.009779989 0.260765 -0.008489966 -0.007879972 0.260765 -0.01080495 -0.005563974 0.260765 -0.01270598 -0.002921998 0.260765 -0.01411795 -5.5e-5 0.260765 -0.01498794 -5.6e-5 0.269093 0.01498794 0.002925992 0.269093 0.01528096 -0.007879972 0.269093 0.01080495 -0.005563974 0.269093 0.01270598 -0.002921998 0.269093 -0.01411795 -0.005563974 0.269093 -0.01270598 0.005906999 0.271869 -0.01498794 0.002925992 0.271869 -0.01528096 0.008773982 0.271869 -0.01411795 0.011415 0.271869 -0.01270598 0.013731 0.271869 -0.01080495 0.01563096 0.271869 -0.008489966 0.01704394 0.271869 -0.00584799 0.01791298 0.271869 -0.002980947 0.01820695 0.271869 0 0.01791298 0.271869 0.002980947 0.01704394 0.271869 0.00584799 0.01563096 0.271869 0.008489966 0.013731 0.271869 0.01080495 0.011415 0.271869 0.01270598 0.008773982 0.271869 0.01411795 0.005906999 0.271869 0.01498794 0.002925992 0.271869 0.01528096 -5.6e-5 0.271869 0.01498794 -0.002921998 0.271869 0.01411795 -0.005563974 0.271869 0.01270598 -0.007879972 0.271869 0.01080495 -0.009779989 0.271869 0.008489966 -0.01119196 0.271869 0.00584799 -0.01206195 0.271869 0.002980947 -0.01235496 0.271869 0 -0.01206195 0.271869 -0.002980947 -0.01119196 0.271869 -0.00584799 -0.009779989 0.271869 -0.008489966 -0.007879972 0.271869 -0.01080495 -0.005563974 0.271869 -0.01270598 -0.002921998 0.271869 -0.01411795 -5.5e-5 0.271869 -0.01498794 0.004548966 0.275299 -0.008161962 0.002925992 0.275299 -0.008322 0.006109952 0.275299 -0.007687985 0.007548987 0.275299 -0.006918966 0.008809983 0.275299 -0.005883991 0.009844958 0.275299 -0.004622995 0.01061397 0.275299 -0.003184974 0.011087 0.275299 -0.001622974 0.01124697 0.275299 0 0.011087 0.275299 0.001622974 0.01061397 0.275299 0.00318396 0.009844958 0.275299 0.004622995 0.008809983 0.275299 0.005883991 0.007548987 0.275299 0.006918966 0.006109952 0.275299 0.007687985 0.004548966 0.275299 0.008161962 0.002925992 0.275299 0.008322 0.001301944 0.275299 0.008161962 -2.59e-4 0.275299 0.007687985 -0.001697957 0.275299 0.006918966 -0.002958953 0.275299 0.005883991 -0.003992974 0.275299 0.004622995 -0.004761993 0.275299 0.00318396 -0.00523597 0.275299 0.001622974 -0.005395948 0.275299 0 -0.00523597 0.275299 -0.001622974 -0.004761993 0.275299 -0.003184974 -0.003992974 0.275299 -0.004622995 -0.002958953 0.275299 -0.005883991 -0.001696944 0.275299 -0.006918966 -2.59e-4 0.275299 -0.007687985 0.001301944 0.275299 -0.008161962 -0.006424963 0.07131499 -0.04701095 0.002925992 0.07131499 -0.04793196 -0.01541697 0.07131499 -0.04428398 0.008773982 0.269093 -0.01411795 0.005906999 0.269093 -0.01498794 0.01563096 0.269093 -0.008489966 0.013731 0.269093 -0.01080495 0.01704394 0.269093 -0.00584799 0.01791298 0.269093 -0.002980947 0.01820695 0.269093 0 0.01791298 0.269093 0.002980947 0.01704394 0.269093 0.00584799 0.01563096 0.269093 0.008489966 0.008773982 0.269093 0.01411795 0.011415 0.269093 0.01270598 0.005906999 0.269093 0.01498794 -0.01119196 0.269093 0.00584799 -0.009779989 0.269093 0.008489966 -0.009779989 0.269093 -0.008489966 -0.01119196 0.269093 -0.00584799 -0.007879972 0.269093 -0.01080495 0.01563096 0.26949 -0.008489966 0.01704394 0.26949 -0.00584799 -0.002921998 0.26949 0.01411795 -0.005563974 0.26949 0.01270598 -5.5e-5 0.26949 -0.01498794 0.002925992 0.26949 -0.01528096 0.013731 0.26949 -0.01080495 -5.6e-5 0.26949 0.01498794 -0.002921998 0.26949 -0.01411795 0.011415 0.26949 -0.01270598 0.002925992 0.26949 0.01528096 -0.005563974 0.26949 -0.01270598 0.008773982 0.26949 -0.01411795 0.005906999 0.26949 0.01498794 -0.007879972 0.26949 -0.01080495 0.005906999 0.26949 -0.01498794 0.008773982 0.26949 0.01411795 -0.009779989 0.26949 -0.008489966 0.011415 0.26949 0.01270598 -0.01119196 0.26949 -0.00584799 0.013731 0.26949 0.01080495 -0.01206195 0.26949 -0.002980947 0.01563096 0.26949 0.008489966 -0.01235496 0.26949 0 0.01704394 0.26949 0.00584799 -0.01206195 0.26949 0.002980947 0.01791298 0.26949 0.002980947 -0.01119196 0.26949 0.00584799 0.01820695 0.26949 0 -0.009779989 0.26949 0.008489966 0.01791298 0.26949 -0.002980947 -0.007879972 0.26949 0.01080495 0.005823969 0.269093 -0.01457095 0.002925992 0.269093 -0.01485598 0.008610963 0.269093 -0.01372498 0.01117897 0.269093 -0.01235198 0.01343095 0.269093 -0.01050496 0.01527798 0.269093 -0.008253991 0.01665097 0.269093 -0.005684971 0.01749598 0.269093 -0.002897977 0.01778197 0.269093 0 0.01749598 0.269093 0.002897977 0.01665097 0.269093 0.005684971 0.01527798 0.269093 0.008253991 0.01343095 0.269093 0.01050496 0.01117897 0.269093 0.01235198 0.008610963 0.269093 0.01372498 0.005823969 0.269093 0.01457095 0.002925992 0.269093 0.01485598 2.7e-5 0.269093 0.01457095 -0.002759993 0.269093 0.01372498 -0.005327999 0.269093 0.01235198 -0.007578969 0.269093 0.01050496 -0.009426951 0.269093 0.008253991 -0.0108 0.269093 0.005684971 -0.01164495 0.269093 0.002897977 -0.01192998 0.269093 0 -0.01164495 0.269093 -0.002897977 -0.0108 0.269093 -0.005684971 -0.009426951 0.269093 -0.008253991 -0.007578969 0.269093 -0.01050496 -0.005327999 0.269093 -0.01235198 -0.002758979 0.269093 -0.01372498 2.7e-5 0.269093 -0.01457095 0.01527798 0.26949 -0.008253991 0.01665097 0.26949 -0.005684971 -0.002759993 0.26949 0.01372498 -0.005327999 0.26949 0.01235198 2.7e-5 0.26949 -0.01457095 0.002925992 0.26949 -0.01485598 0.01343095 0.26949 -0.01050496 2.7e-5 0.26949 0.01457095 -0.002758979 0.26949 -0.01372498 0.01117897 0.26949 -0.01235198 0.002925992 0.26949 0.01485598 -0.005327999 0.26949 -0.01235198 0.008610963 0.26949 -0.01372498 0.005823969 0.26949 0.01457095 -0.007578969 0.26949 -0.01050496 0.005823969 0.26949 -0.01457095 0.008610963 0.26949 0.01372498 -0.009426951 0.26949 -0.008253991 0.01117897 0.26949 0.01235198 -0.0108 0.26949 -0.005684971 0.01343095 0.26949 0.01050496 -0.01164495 0.26949 -0.002897977 0.01527798 0.26949 0.008253991 -0.01192998 0.26949 0 0.01665097 0.26949 0.005684971 -0.01164495 0.26949 0.002897977 0.01749598 0.26949 0.002897977 -0.0108 0.26949 0.005684971 0.01778197 0.26949 0 -0.009426951 0.26949 0.008253991 0.01749598 0.26949 -0.002897977 -0.007578969 0.26949 0.01050496 0.01227694 0.07131499 -0.04701095 0.02955496 0.06457096 -0.03985399 0.02126896 0.06457096 -0.04428398 0.03681898 0.06457096 -0.03389298 0.04277998 0.06457096 -0.02662998 0.04720896 0.06457096 -0.01834297 0.04993695 0.06457096 -0.009350955 0.05085796 0.06457096 0 0.04993695 0.06457096 0.009350955 0.04720896 0.06457096 0.01834297 0.04277998 0.06457096 0.02662998 0.03681898 0.06457096 0.03389298 0.02955496 0.06457096 0.03985399 0.02126896 0.06457096 0.04428398 0.01227694 0.06457096 0.04701095 0.002925992 0.06457096 0.04793196 -0.006424963 0.06457096 0.04701095 -0.01541697 0.06457096 0.04428398 -0.02370399 0.06457096 0.03985399 -0.03096795 0.06457096 0.03389298 -0.03692895 0.06457096 0.02662998 -0.04135799 0.06457096 0.01834297 -0.04408597 0.06457096 0.009350955 -0.04500699 0.06457096 0 -0.04408597 0.06457096 -0.009350955 -0.04135799 0.06457096 -0.01834297 -0.03692895 0.06457096 -0.02662998 -0.03096795 0.06457096 -0.03389298 -0.02370399 0.06457096 -0.03985399 -0.01541697 0.06457096 -0.04428398 -0.006424963 0.06457096 -0.04701095 -0.02370399 0.07131499 -0.03985399 -0.03096795 0.07131499 -0.03389298 -0.03692895 0.07131499 -0.02662998 -0.04135799 0.07131499 -0.01834297 -0.04408597 0.07131499 -0.009350955 -0.04500699 0.07131499 0 -0.04408597 0.07131499 0.009350955 -0.04135799 0.07131499 0.01834297 -0.03692895 0.07131499 0.02662998 -0.03096795 0.07131499 0.03389298 -0.02370399 0.07131499 0.03985399 -0.01541697 0.07131499 0.04428398 -0.006424963 0.07131499 0.04701095 0.002925992 0.07131499 0.04793196 0.01227694 0.07131499 0.04701095 0.02126896 0.07131499 0.04428398 0.02955496 0.07131499 0.03985399 0.03681898 0.07131499 0.03389298 0.04277998 0.07131499 0.02662998 0.04720896 0.07131499 0.01834297 0.04993695 0.07131499 0.009350955 0.05085796 0.07131499 0 0.04993695 0.07131499 -0.009350955 0.04720896 0.07131499 -0.01834297 0.04277998 0.07131499 -0.02662998 0.03681898 0.07131499 -0.03389298 0.02955496 0.07131499 -0.03985399 0.02126896 0.07131499 -0.04428398 -0.01466798 0.07131499 -0.04247498 -0.006042957 0.07131499 -0.04509097 -0.006042957 0.06457096 -0.04509097 -0.01466798 0.06457096 -0.04247498 0.002925992 0.07131499 -0.04597395 0.002925992 0.06457096 -0.04597395 -0.02261596 0.07131499 -0.03822594 -0.02261596 0.06457096 -0.03822594 -0.02958297 0.07131499 -0.03250896 -0.02958297 0.06457096 -0.03250896 -0.03529995 0.07131499 -0.02554196 -0.03529995 0.06457096 -0.02554196 -0.03954899 0.07131499 -0.01759397 -0.03954899 0.06457096 -0.01759397 -0.04216498 0.07131499 -0.008968949 -0.04216498 0.06457096 -0.008968949 -0.04304796 0.07131499 0 -0.04304796 0.06457096 0 -0.04216498 0.07131499 0.008968949 -0.04216498 0.06457096 0.008968949 -0.03954899 0.07131499 0.01759296 -0.03954899 0.06457096 0.01759296 -0.03529995 0.07131499 0.02554196 -0.03529995 0.06457096 0.02554196 -0.02958297 0.07131499 0.03250896 -0.02958297 0.06457096 0.03250896 -0.02261596 0.07131499 0.03822594 -0.02261596 0.06457096 0.03822594 -0.01466798 0.07131499 0.04247397 -0.01466798 0.06457096 0.04247397 -0.006042957 0.07131499 0.04509097 -0.006042957 0.06457096 0.04509097 0.002925992 0.07131499 0.04597395 0.002925992 0.06457096 0.04597395 0.011895 0.07131499 0.04509097 0.011895 0.06457096 0.04509097 0.02051895 0.07131499 0.04247397 0.02051895 0.06457096 0.04247397 0.02846699 0.07131499 0.03822594 0.02846699 0.06457096 0.03822594 0.03543394 0.07131499 0.03250896 0.03543394 0.06457096 0.03250896 0.041152 0.07131499 0.02554196 0.041152 0.06457096 0.02554196 0.04539996 0.07131499 0.01759397 0.04539996 0.06457096 0.01759397 0.04801595 0.07131499 0.008968949 0.04801595 0.06457096 0.008968949 0.04889899 0.07138699 -4e-6 0.04889994 0.06457096 0 0.04801696 0.07138699 -0.008964955 0.04801595 0.06457096 -0.008968949 0.04539996 0.07131499 -0.01759397 0.04539996 0.06457096 -0.01759397 0.041152 0.07131499 -0.02554196 0.041152 0.06457096 -0.02554196 0.03543394 0.07131499 -0.03250896 0.03543394 0.06457096 -0.03250896 0.02846795 0.07131499 -0.03822594 0.02846795 0.06457096 -0.03822594 0.02051895 0.07131499 -0.04247397 0.02051895 0.06457096 -0.04247397 0.011895 0.07131499 -0.04509097 0.011895 0.06457096 -0.04509097 0.01185297 0.001461982 -0.04488098 0.002925992 0.001461982 -0.04576098 0.020437 0.001461982 -0.04227697 0.02834898 0.001461982 -0.03804796 0.03528296 0.001461982 -0.03235799 0.04097396 0.001461982 -0.02542299 0.04520297 0.001461982 -0.01751196 0.04780697 0.001461982 -0.008926987 0.04868596 0.001461982 0 0.04780697 0.001461982 0.008926987 0.04520297 0.001461982 0.01751196 0.04097396 0.001461982 0.02542299 0.03528296 0.001461982 0.03235799 0.02834898 0.001461982 0.03804796 0.020437 0.001461982 0.04227697 0.01185297 0.001461982 0.04488098 0.002925992 0.001461982 0.04576098 -0.006001949 0.001461982 0.04488098 -0.01458597 0.001461982 0.04227697 -0.02249795 0.001461982 0.03804796 -0.02943199 0.001461982 0.03235799 -0.03512299 0.001461982 0.02542299 -0.03935199 0.001461982 0.01751196 -0.04195594 0.001461982 0.008926987 -0.04283499 0.001461982 0 -0.04195594 0.001461982 -0.008926987 -0.03935199 0.001461982 -0.01751196 -0.03512299 0.001461982 -0.02542299 -0.02943199 0.001461982 -0.03235799 -0.02249699 0.001461982 -0.03804898 -0.01458597 0.001461982 -0.04227697 -0.006001949 0.001461982 -0.04488098 0.002925992 0.269093 -0.01528096 0.011415 0.269093 -0.01270598 0.013731 0.269093 0.01080495 -0.002921998 0.269093 0.01411795 -0.01206195 0.269093 0.002980947 -0.01235496 0.269093 0 -0.01206195 0.269093 -0.002980947 -5.5e-5 0.269093 -0.01498794 0.004020988 0.299698 0.01981794 0.007024943 0.299402 0.01981794 0.001015961 0.299402 0.01981794 0.009914994 0.298526 0.01981794 0.01257699 0.297102 0.01981794 0.01491099 0.295187 0.01981794 0.01682698 0.292853 0.01981794 0.01824998 0.29019 0.01981794 0.01912599 0.287301 0.01981794 0.01942199 0.284296 0.01981794 0.01912599 0.281292 0.01981794 0.01824998 0.278402 0.01981794 0.01682698 0.27574 0.01981794 0.01491099 0.273406 0.01981794 0.01257699 0.27149 0.01981794 0.009914994 0.270067 0.01981794 0.007024943 0.269191 0.01981794 0.004020988 0.268895 0.01981794 0.001015961 0.269191 0.01981794 -0.001872956 0.270067 0.01981794 -0.004535973 0.27149 0.01981794 -0.006869971 0.273406 0.01981794 -0.008784949 0.27574 0.01981794 -0.01020896 0.278403 0.01981794 -0.01108497 0.281292 0.01981794 -0.01138097 0.284296 0.01981794 -0.01108497 0.287301 0.01981794 -0.01020896 0.29019 0.01981794 -0.008784949 0.292853 0.01981794 -0.006869971 0.295187 0.01981794 -0.004535973 0.297102 0.01981794 -0.001872956 0.298526 0.01981794</float_array>
          <technique_common>
            <accessor source="#Cylinder-mesh-positions-array" count="4492" stride="3">
              <param name="X" type="float"/>
              <param name="Y" type="float"/>
              <param name="Z" type="float"/>
            </accessor>
          </technique_common>
        </source>
        <source id="Cylinder-mesh-normals">
          <float_array id="Cylinder-mesh-normals-array" count="12936">9.67592e-7 1 0 0.195189 0.9807657 0 -9.67592e-7 1 0 0.1951902 0.9807654 0 0.3825799 0.9239225 0 0.3825807 0.9239221 0 0.5552923 0.8316554 0 0.5552927 0.831655 0 0.7070083 0.7072054 0 0.7070079 0.7072058 0 0.8314376 0.5556182 0 0.8314371 0.5556191 0 0.923904 0.3826244 -3.73632e-7 0.9239029 0.3826269 0 0.9807991 0.1950206 0 0.980799 0.1950221 0 1 6.7207e-7 0 1 -6.76836e-7 0 0.9807968 -0.1950328 0 0.980797 -0.1950313 -1.42384e-7 0.9239233 -0.382578 0 0.9239244 -0.3825754 0 0.8314848 -0.5555475 0 0.8314854 -0.5555466 0 0.707122 -0.7070915 0 0.7071226 -0.707091 0 0.5556401 -0.831423 0 0.5556397 -0.8314232 0 0.3825807 -0.9239221 0 0.3825798 -0.9239225 0 0.1946207 -0.9808786 0 0.1946195 -0.9808789 0 9.6735e-7 -1 0 -9.62585e-7 -1 0 -0.1946191 -0.980879 0 -0.1946212 -0.9808786 0 -0.3825789 -0.923923 -1.9573e-7 -0.3825811 -0.923922 0 -0.5555628 -0.8314747 0 -0.555563 -0.8314746 0 -0.7071233 -0.7070904 0 -0.7071221 -0.7070915 0 -0.8314846 -0.5555478 0 -0.8314856 -0.5555465 0 -0.9239233 -0.3825779 0 -0.9239243 -0.3825754 0 -0.9807965 -0.1950342 -1.28213e-7 -0.9807977 -0.1950286 0 -1 -5.09534e-6 0 -1 5.09534e-6 0 -0.9807998 0.1950178 0 -0.9807987 0.1950235 0 -0.923904 0.3826245 0 -0.9239029 0.3826269 0 -0.8314377 0.555618 0 -0.831437 0.5556192 0 -0.7070734 0.7071402 0 -0.7070747 0.7071389 0 -0.5552926 0.831655 0 -0.5562134 0.8310395 -3.4246e-5 -0.3830763 0.9237168 -3.87285e-5 -0.1943051 0.9809412 3.96013e-5 -0.1954864 0.9807064 2.36186e-6 -0.3829828 0.9237554 -3.57626e-5 7.32983e-7 0 -1 -7.86825e-7 0 -1 4.56969e-7 0 -1 -1.28978e-7 0 1 0 0 1 0 0 1 0 0 1 0 0 1 0 0 1 0.9965041 0.08354485 0 0.9965041 0.08354479 0 0.9965041 0.08354479 0 0 0 -1 0 0 -1 0 0 -1 0.2103188 0.9776329 0 0.1939996 0.9810017 0 0.2103182 0.9776331 0 0.005646109 -0.1466445 -0.9891731 0.01646137 -0.1564033 -0.9875562 0.00301522 -0.1393932 -0.9902325 0.1757197 0.9844402 0 0.02036732 0.9997926 0 0.1757223 0.9844398 0 0.3041005 0.95264 0 0.2785837 0.960412 0 0.3041005 0.95264 0 -0.03155916 -0.103195 0.9941604 -0.06043154 -0.100542 0.9930958 -0.02940458 -0.1080445 0.9937111 0 0 1 0 0 1 2.29022e-7 0 1 -0.03278952 -0.07995307 0.9962592 -0.02018994 -0.07708632 0.99682 -0.1078237 -0.09268379 0.9898403 0 0 1 0 0 1 0 0 -1 0 0 -1 0 0 -1 -0.9235285 0.3835299 0 -0.9235278 0.3835316 0 -0.9235276 0.383532 0 0 0 -1 -1.28079e-7 0 -1 -0.1644147 0.9863913 0 -0.2701091 0.9628297 0 -0.1644203 0.9863904 0 -0.0164985 -0.1251845 -0.9919964 -0.02940458 -0.1080445 -0.9937111 -0.03155916 -0.103195 -0.9941604 0 0 -1 0 0 1 -0.1328641 -0.1011252 -0.9859619 -0.1078234 -0.09268379 -0.9898403 -0.03278946 -0.07995307 -0.9962592 0.278584 0.9604119 0 -0.1328643 -0.1011252 0.9859619 0.2655887 0.9640864 0 0.2655883 0.9640866 0 0 0 -1 0 0 -1 0 0 1 0 0 1 -0.0164985 -0.1251845 0.9919964 -0.01400113 -0.1257535 0.9919628 0.02036768 0.9997926 0 0 0 1 -0.02018994 -0.07708632 -0.99682 -0.05518221 -0.08082431 -0.9951997 0 0 -1 0 0 -1 0.1174663 -0.9252786 -0.3606401 0.3101992 -0.7790907 -0.5447883 0.3193929 -0.78601 -0.529317 0.1174671 -0.925278 0.3606413 0.04460108 -0.9689383 -0.2432475 -0.661037 -0.6741007 -0.3295733 -0.661152 -0.6741179 -0.3293073 -0.6610214 -0.6740984 -0.3296093 -0.02675402 -0.9795879 -0.1992283 -0.02678066 -0.9795009 -0.1996518 -0.02678161 -0.9794977 -0.1996676 -0.8730565 -0.4791152 -0.09066951 -0.6596198 -0.7467217 -0.08549082 -0.8730598 -0.4791138 -0.09064561 -0.2071073 -0.9694445 0.131468 -0.2993044 -0.9503823 0.08479559 -0.1443194 -0.9742926 0.172991 -0.3157365 -0.9454115 -0.08067119 -0.6491013 -0.7559296 -0.08507657 -0.0423479 -0.9816614 0.1858704 -0.07452332 -0.9870361 -0.1421477 -0.04234647 -0.9816614 -0.1858705 -0.04430782 -0.9682925 0.2458586 0.03017163 -0.9517608 0.3053541 0.03017157 -0.9517609 -0.3053538 -0.04426532 -0.9682095 -0.2461933 -0.3157367 -0.9454113 0.08067119 -0.6596003 -0.7467001 0.08582842 -0.2071073 -0.9694446 -0.1314679 -0.2993142 -0.9503663 -0.08494144 -0.8730567 -0.479115 0.09066957 -0.649142 -0.7559252 0.08480435 -0.02675396 -0.9795879 0.1992282 -0.02678066 -0.9795009 0.1996517 -0.02675318 -0.9795905 0.1992152 -0.07452481 -0.987036 0.1421478 -0.1443194 -0.9742926 -0.1729909 -0.661037 -0.6741006 0.3295733 -0.6611514 -0.6741182 0.3293076 -0.6611676 -0.6741207 0.32927 0.3102241 -0.7793614 0.5443868 0.04460173 -0.9689379 0.2432487 -0.6493005 -0.760532 0 -0.3263854 -0.9452368 0 -0.6493005 -0.7605321 0 -0.8413581 -0.5404779 0 -0.6033358 -0.7974873 0 -0.2422484 -0.9702143 0 -0.1091675 -0.9940235 0 -0.2422503 -0.9702138 0 0.06270706 -0.998032 0 0.1498955 -0.9887018 0 0.06271046 -0.9980319 0 -0.6033324 -0.79749 0 -0.3263849 -0.945237 0 0.04167759 -0.9991312 0 -0.1091668 -0.9940235 0 0.4394773 -0.8982537 0 0.4394773 -0.8982537 0 0.4394773 -0.8982537 0 0.9041375 -0.4272416 0 0.9041375 -0.4272416 0 0.9041375 -0.4272416 0 0.0255416 -0.06019675 -0.9978598 -0.03290951 -0.07535833 -0.9966134 0.02839481 -0.05803614 -0.9979106 0.003015279 -0.1393932 0.9902325 0.005646169 -0.1466445 0.9891731 -0.01400113 -0.1257535 -0.9919628 -0.964588 -0.2637612 0 -0.964588 -0.2637613 0 -0.9645881 -0.2637613 0 -0.006600558 -0.06803256 -0.9976614 0.01646137 -0.1564033 0.9875562 0.01316577 -0.1609984 0.9868669 -0.05518221 -0.08082431 0.9951997 -0.03290957 -0.07535833 0.9966134 0.02554154 -0.06019675 0.9978598 -0.006600558 -0.06803256 0.9976614 -0.06043148 -0.100542 -0.9930958 0 0 -1 0 0 -1 0 0 -1 0 0 -1 0 0 -1 0.9765108 0.2154683 0 0.976511 0.2154682 0 0.9765109 0.2154682 0 0 0 1 0.5049989 -0.8631201 0 0.5049986 -0.8631201 0 0.5049988 -0.8631201 0 -0.04214566 0.1569021 0.9867145 -0.03388065 0.1707143 0.9847379 -0.04253351 0.1484043 0.9880118 0.4595504 -0.8881518 0 0.3156486 -0.9488762 0 0.4595515 -0.8881512 0 0 0 1 0 0 1 0 0 1 0.5727104 -0.8197578 0 0.5506591 -0.8347303 0 0.5727103 -0.8197578 0 -0.06729656 0.09887278 -0.992822 -0.09698605 0.08656448 -0.9915142 -0.06660324 0.1047095 -0.9922701 0 0 -1 0 0 -1 -0.06100803 0.07390171 -0.9953978 -0.0467208 0.07501804 -0.9960871 -0.1442695 0.06268286 -0.9875512 0 0 -1 0 0 -1 -0.7685608 -0.6397769 0 -0.7685616 -0.639776 3.05571e-7 -0.7685617 -0.6397758 0 0 0 1 0 0 1 0 0 1 0.1352129 -0.9908166 0 0.02739089 -0.9996249 0 0.1352076 -0.9908174 0 -0.05855619 0.1270282 0.9901693 -0.06660306 0.1047093 0.9922702 -0.06729644 0.09887266 0.992822 0 0 1 0 0 -1 -0.1734187 0.06331229 0.982811 -0.1442692 0.0626828 0.9875512 -0.06100797 0.07390165 0.9953978 0.5506595 -0.83473 0 -0.1734191 0.06331235 -0.982811 0.5393165 -0.8421033 0 0.5393159 -0.8421035 0 0 0 1 0 0 -1 0 0 -1 -0.05855625 0.1270284 -0.9901692 -0.05609881 0.1284554 -0.9901274 0.3156492 -0.948876 0 0 0 -1 -0.04672068 0.07501798 0.9960871 -0.08491778 0.06746143 0.9941016 0 0 1 -2.85279e-7 0 1 -0.1831735 0.9479156 0.2605834 0.07408332 0.8688125 0.489568 0.07405728 0.8687845 0.4896216 -0.1831756 0.947915 -0.2605841 -0.1813768 0.9478867 0.2619416 -0.8399054 0.4526441 0.2994537 -0.8396778 0.4526989 0.3000085 -0.839941 0.4526355 0.2993669 -0.3170258 0.9311413 0.1801962 -0.3170276 0.9311793 0.1799963 -0.3170277 0.9311809 0.1799879 -0.9765259 0.1991231 0.08214163 -0.8516106 0.5185273 0.0767405 -0.9765228 0.1991261 0.0821712 -0.4835987 0.8670295 -0.1199682 -0.5685384 0.8190454 -0.07699894 -0.4299892 0.8894189 -0.1550596 -0.5813697 0.8103966 0.07257306 -0.844986 0.5292802 0.07655894 -0.3341951 0.9278569 -0.1655156 -0.356472 0.9239605 0.1386538 -0.3341923 0.9278582 0.1655133 -0.3284632 0.9172697 -0.2252293 -0.257964 0.9258146 -0.2762641 -0.2579642 0.9258146 0.2762641 -0.3284638 0.9172695 0.2252292 -0.5813814 0.8103303 -0.07321578 -0.8514467 0.5187675 -0.0769332 -0.4835888 0.8669943 0.1202621 -0.5685573 0.8190934 0.07634574 -0.9765259 0.1991233 -0.08214169 -0.8449864 0.5292794 -0.07655882 -0.3170267 0.9311409 -0.1801962 -0.3170274 0.9311794 -0.1799963 -0.3170266 0.9311396 -0.1802031 -0.3564717 0.9239606 -0.1386533 -0.430006 0.8894135 0.1550434 -0.8399052 0.4526443 -0.2994539 -0.839678 0.4526985 -0.3000082 -0.8396409 0.4527074 -0.3000988 0.07408338 0.8688125 -0.489568 -0.1813785 0.9478868 -0.26194 -0.8454645 0.5340318 0 -0.5917787 0.8061006 0 -0.8454645 0.5340316 0 -0.9637393 0.2668459 0 -0.812552 0.5828887 0 -0.9637393 0.2668458 0 -0.5188371 0.8548731 0 -0.3988484 0.9170169 0 -0.5188382 0.8548725 0 -0.2358378 0.9717925 0 -0.1496932 0.9887326 0 -0.2358335 0.9717935 0 -0.8125531 0.5828872 0 -0.5917774 0.8061015 0 -0.2562221 0.966618 0 -0.3988487 0.9170168 0 0.1534804 0.9881518 0 0.1534803 0.9881517 0 0.7368945 0.6760079 0 0.7368934 0.676009 0 0.7368948 0.6760075 0 0.007271766 0.07217729 0.9973654 -0.05957204 0.06900602 0.995836 0.01100134 0.07082915 0.9974278 -0.04253351 0.1484045 -0.9880117 -0.0421456 0.1569023 -0.9867146 -0.05609863 0.1284552 0.9901274 -0.9994255 -0.03389358 0 -0.9994255 -0.03389358 0 -0.9994255 -0.03389352 0 -0.02935326 0.06991058 0.9971214 -0.03388053 0.1707145 -0.9847379 -0.03889214 0.1744842 -0.9838917 -0.08491778 0.06746149 -0.9941016 -0.05957216 0.06900614 -0.995836 0.007271945 0.07217735 -0.9973654 -0.02935308 0.06991064 -0.9971214 -0.09698575 0.08656436 0.9915143 1.46283e-4 -1 4.09786e-5 0.495566 -0.8611425 -0.1133496 0.49524 -0.8687562 5.24553e-5 0.8612232 -0.5082269 4.24346e-5 0.99994 -0.01086002 -0.001460611 0.999944 -0.01058399 4.01129e-5 0.870713 0.4875866 0.06417483 0.8705883 0.4920123 4.96518e-5 0.5050589 0.8630849 -1.79276e-4 1.49446e-4 0.9914122 0.1307742 1.4999e-4 1 -3.56818e-4 -0.5049316 0.8631594 -1.6463e-4 -0.870827 0.4873797 0.06419944 -0.8708722 0.4915097 5.11498e-5 -0.9999445 -0.01054006 4.1374e-5 -0.9999405 -0.01081478 -0.001458346 -0.8614934 -0.5077691 4.24082e-5 -0.4955474 -0.8611527 -0.113353 -0.4951099 -0.8688305 4.99672e-5 1.4649e-4 -0.9914333 -0.1306138 0.4952337 -0.8391206 -0.2249894 0.8612205 -0.4908858 -0.1316448 0.8612591 -0.503817 -0.06634145 0.8706477 0.4751296 0.1273759 0.5048555 0.8338589 0.22316 0.5046419 0.855898 0.1130272 1.48823e-4 0.9659715 0.2586485 -0.5047875 0.8557906 0.1131902 -0.504728 0.8339276 0.2231919 -0.8709315 0.4746443 0.1272445 -0.8612714 -0.4908516 -0.1314395 -0.8615291 -0.5033628 -0.06628459 -0.4951047 -0.8391925 -0.2250055 2.83765e-5 -0.9237778 -0.382929 1.45766e-4 -0.9659631 -0.2586799 0.8612423 -0.4694759 -0.1945616 0.9999411 -0.01048493 -0.002832174 0.9999402 -0.01010179 -0.004183888 0.8705177 0.4546046 0.1885042 1.49302e-4 0.9240217 0.3823401 -0.8708015 0.4541411 0.1883099 -0.9999408 -0.01006048 -0.004167437 -0.9999416 -0.01044195 -0.00281918 -0.8615127 -0.4690523 -0.1943864 1.4965e-4 -0.8659319 -0.5001621 0.4957247 -0.8022593 -0.3326219 0.861355 -0.4399749 -0.2539486 0.9999419 -0.009354293 -0.005374789 0.8705992 0.4258989 0.2463073 0.504576 0.7976337 0.3304293 1.49207e-4 0.8660978 0.4998748 -0.5044483 0.7976972 0.330471 -0.8707351 0.4258779 0.2458627 -0.9999424 -0.00931555 -0.005349397 -0.8614593 -0.4398756 -0.2537663 -0.4955945 -0.802328 -0.3326499 1.48032e-4 -0.7931798 -0.6089876 0.4955964 -0.7521834 -0.4342859 0.8613324 -0.403061 -0.3092706 0.9999417 -0.008553266 -0.006596982 0.5045105 0.6851454 0.5253999 0.5043249 0.7479273 0.4315801 -0.5043848 0.6852072 0.5254399 -0.504117 0.7477878 0.4320642 -0.9999423 -0.008517682 -0.006568133 -0.8614314 -0.4028884 -0.3092203 -0.4954674 -0.7522535 -0.434312 1.46676e-4 -0.7071101 -0.7071035 0.4951673 -0.6892657 -0.5288877 0.4951875 -0.6143288 -0.6143204 0.8614463 -0.359102 -0.3591045 0.9999424 -0.007596492 -0.007592141 0.8704562 0.3907635 0.2993494 0.5047007 0.6104512 0.6104316 1.48301e-4 0.7930776 0.6091206 -0.5045722 0.6105008 0.6104882 -0.8707315 0.3901628 0.299332 -0.9999428 -0.00756514 -0.007565081 -0.8615428 -0.3589843 -0.3589909 -0.4950605 -0.6143871 -0.6143645 -0.4950398 -0.6893315 -0.5289213 0.4951907 -0.529131 -0.6890621 0.8614174 -0.3091616 -0.4029632 0.9999421 -0.006551027 -0.008543908 0.8706947 0.2994351 0.3901661 0.8703551 0.3484503 0.3479433 1.49278e-4 0.6090912 0.7931002 1.46162e-4 0.7070852 0.7071284 -0.8707462 0.2994456 0.3900429 -0.8706485 0.3478332 0.3478266 -0.9999426 -0.006524085 -0.008509278 -0.8614644 -0.3092552 -0.4027906 -0.4953482 -0.5290085 -0.689043 -2.99018e-4 -0.6090402 -0.7931393 0.4955158 -0.4341836 -0.7522956 0.8615669 -0.2535644 -0.4397814 0.8708076 0.2459182 0.4256975 0.5045277 0.4316743 0.7477361 0.5044982 0.5254018 0.685153 1.49383e-4 0.4998647 0.8661036 -0.5043663 0.5254359 0.685224 -0.5045037 0.4319654 0.7475842 -0.8707845 0.2456985 0.4258717 -0.8613775 -0.2539229 -0.4399455 -0.4953851 -0.4342193 -0.7523611 1.46931e-4 -0.3824878 -0.9239606 1.47885e-4 -0.5001339 -0.8659482 0.4956679 -0.3326771 -0.8022713 0.8612424 -0.1945427 -0.4694835 0.9999431 -0.005302548 -0.009260714 0.9999408 -0.004200756 -0.01004576 0.5046522 0.3303413 0.797622 -0.5045261 0.3303694 0.7976901 -0.9999412 -0.00418359 -0.01000684 -0.9999436 -0.005280911 -0.009215354 -0.8615127 -0.1943671 -0.4690601 -0.495667 -0.332391 -0.8023904 0.4952372 -0.2249878 -0.839119 0.9999411 -0.00283277 -0.01048219 0.8706531 0.1273743 0.4751201 0.8704737 0.1882575 0.454791 0.504745 0.2235943 0.8338094 1.49835e-4 0.3823254 0.9240278 -0.5046201 0.2236151 0.8338795 -0.8707557 0.1880656 0.4543303 -0.870855 0.12698 0.4748554 -0.9999414 -0.002821028 -0.01044827 -0.4951095 -0.2250081 -0.8391889 1.45489e-4 -0.130602 -0.9914349 1.44796e-4 -0.2586786 -0.9659635 0.4955303 -0.1131389 -0.8611906 0.8612205 -0.1316498 -0.4908844 0.99994 -0.001463651 -0.01086288 0.8706065 0.06386137 0.4878179 1.5142e-4 0.1305783 0.991438 1.51001e-4 0.2588086 0.9659287 -0.8707498 0.06421315 0.4875157 -0.9999405 -0.001457571 -0.01081442 -0.8614125 -0.1318616 -0.4904907 -0.4951519 -0.1133487 -0.8613807 1.48714e-4 3.7265e-5 -1 0.8612239 4.26477e-5 -0.5082257 0.8612413 -0.0666964 -0.5038006 0.9999414 -2.11633e-4 -0.01082283 0.5045242 9.04768e-5 0.8633975 0.504773 0.1129201 0.855835 -0.5048173 4.5156e-5 0.8632264 -0.5046485 0.112932 0.8559069 -0.9999446 4.20871e-5 -0.01053476 -0.8614938 4.253e-5 -0.5077681 -0.8615284 -0.06628954 -0.5033632 1.45111e-4 0.1305677 -0.9914395 0.4952411 4.25214e-5 -0.8687556 0.8612818 0.06626969 -0.5037878 0.9999405 0.001420497 -0.01082718 0.8705532 1.17962e-4 0.4920743 0.5048401 -0.1128581 0.8558034 1.55546e-4 -3.50816e-5 1 -0.5047173 -0.1128705 0.8558743 -0.8708364 4.68786e-4 0.4915727 -0.9999409 0.001414656 -0.01078253 -0.8615514 0.06620967 -0.5033344 -0.4951088 4.30124e-5 -0.868831 0.495119 0.225068 -0.8391672 0.4952354 0.1133981 -0.8613263 0.8613728 0.1314972 -0.4906581 0.9999414 0.002820193 -0.01046067 0.8703941 -0.06401598 0.4881762 0.5047757 -0.2236952 0.8337637 1.57099e-4 -0.1305522 0.9914414 -0.5046553 -0.2237224 0.8338294 -0.8707315 -0.06440311 0.4875231 -0.9999419 0.002808988 -0.01041555 -0.8614743 0.1315261 -0.4904723 -0.4951512 0.1138678 -0.8613127 -0.4949893 0.2250851 -0.8392391 1.45621e-4 0.2589125 -0.9659008 0.4952373 0.3326531 -0.8025473 0.8612484 0.1945213 -0.4694812 0.9999403 0.004210412 -0.01008844 0.8705573 -0.1273387 0.475305 0.8705526 -0.1882212 0.4546547 0.5045346 -0.3307121 0.7975427 1.53718e-4 -0.2589452 0.9658921 -0.5045369 -0.3304189 0.7976627 -0.8708374 -0.1880294 0.4541888 -0.8708434 -0.1272087 0.4748154 -0.9999408 0.004193305 -0.01004457 -0.8615189 0.1943458 -0.4690577 -0.4954141 0.3323339 -0.8025702 1.45928e-4 0.5000421 -0.8660011 1.44242e-4 0.3824796 -0.923964 0.8612555 0.2540822 -0.4400923 0.9999431 0.005315721 -0.009250581 0.8709037 -0.245891 0.4255167 0.5048344 -0.4313922 0.7476918 1.54922e-4 -0.5000268 0.86601 1.84966e-4 -0.382952 0.9237682 -0.504709 -0.4314308 0.7477542 -0.8708528 -0.2461128 0.4254927 -0.9999436 0.005293428 -0.009214758 -0.8615266 0.2538529 -0.4396939 1.47334e-4 0.6090201 -0.7931548 0.4953197 0.4343937 -0.7523036 0.4953944 0.5290449 -0.6889818 0.8611003 0.3096197 -0.4032889 0.9999415 0.006579935 -0.008595466 0.8705019 -0.2997663 0.3903417 1.51745e-4 -0.6088681 0.7932715 -0.8707851 -0.2994609 0.3899443 -0.999942 0.006553053 -0.008558034 -0.8613691 0.3093404 -0.4029292 -0.4952651 0.5290911 -0.6890394 -0.4951873 0.434426 -0.7523722 1.45667e-4 0.7068856 -0.7073279 0.8613204 0.3591791 -0.3593293 0.9999422 0.007600486 -0.007609188 0.5047784 -0.6105944 0.610224 0.504684 -0.5258142 0.6846997 -0.5046564 -0.6106591 0.6102602 -0.5047701 -0.5255845 0.6848125 -0.9999428 0.007569611 -0.007572174 -0.8614179 0.3590955 -0.3591793 0.4954393 0.6891582 -0.528773 0.4953135 0.6140519 -0.6144956 0.8614099 0.4029817 -0.3091583 0.8705832 -0.3903196 0.2995591 0.8705154 -0.3480249 0.3479679 0.5046969 -0.684966 0.5254548 1.51728e-4 -0.7072135 0.7070001 -0.5046982 -0.684773 0.5257049 -0.8707997 -0.3476697 0.3476114 -0.8708652 -0.3899214 0.2992579 -0.861522 0.4027454 -0.3091542 -0.4951867 0.6141104 -0.6145394 -0.4953089 0.6892147 -0.5288217 1.47146e-4 0.8661338 -0.4998123 1.47152e-4 0.793301 -0.6088297 0.4953026 0.7523702 -0.4342976 0.8612921 0.4401133 -0.2539218 0.9999411 0.008603632 -0.006630659 0.8706289 -0.4260653 0.2459143 0.5049236 -0.7474175 0.4317629 1.50274e-4 -0.866077 0.4999106 1.51246e-4 -0.7932837 0.6088522 -0.5047957 -0.7474795 0.4318051 -0.870741 -0.4258824 0.2458339 -0.9999415 0.008567929 -0.006606757 -0.8614143 0.4398418 -0.253978 -0.4951714 0.7524316 -0.4343412 1.46341e-4 0.9238925 -0.3826521 0.4952279 0.8026595 -0.3323963 0.8612498 0.4695646 -0.1943141 0.9999414 0.009381711 -0.005413949 0.9999439 0.009802103 -0.004023492 0.5049805 -0.7973159 0.3305788 1.51059e-4 -0.9237067 0.3831005 -0.504935 -0.7974705 0.3302751 -0.9999444 0.009762227 -0.004001021 -0.9999419 0.00934261 -0.00539726 -0.8615203 0.4691417 -0.1941367 -0.4953818 0.80254 -0.3324551 0.4955365 0.8389837 -0.224833 0.999943 0.01032519 -0.002754271 0.870575 -0.4752571 0.1273971 0.8704864 -0.4545347 0.1888165 0.5048779 -0.8338354 0.223197 1.50379e-4 -0.9658564 0.2590783 -0.5047518 -0.8339074 0.2232133 -0.8707335 -0.4542636 0.1883289 -0.8706898 -0.4751485 0.1270163 -0.9999434 0.01028239 -0.002734303 -0.4954068 0.8390557 -0.2248511 1.47072e-4 0.9914345 -0.1306054 1.47047e-4 0.9658557 -0.2590811 0.4957624 0.8610356 -0.1133031 0.8612549 0.490895 -0.1313861 0.9999422 0.01066428 -0.001419007 0.8707363 -0.487585 0.06387126 0.5046764 -0.8559612 0.1123942 -0.50455 -0.8560345 0.1124028 -0.8708555 -0.4873627 0.06394165 -0.9999427 0.01061958 -0.001413047 -0.8615253 0.490452 -0.1312669 -0.4956321 0.8611109 -0.1132999 1.46956e-4 1 4.11093e-5 0.8611794 0.5083011 3.81483e-5 0.8612536 0.5038242 -0.06635886 0.9999396 0.01098942 -3.03228e-5 0.8706676 -0.491872 -2.93741e-4 0.5045354 -0.8633911 -5.82097e-5 -2.77397e-4 -0.9914864 0.1302099 -0.5048291 -0.8632194 -1.05097e-5 -0.8708341 -0.4915771 -4.05438e-5 -0.9999402 0.01094394 -2.68653e-5 -0.8615236 0.5033699 -0.06630092 -0.8614497 0.5078432 3.81277e-5 1.46794e-4 0.9914408 0.130557 0.4957278 0.868478 5.61224e-5 0.8612833 0.503784 0.06628018 0.9999418 0.01069128 0.001446723 0.5045798 -0.8560487 -0.112161 1.49086e-4 -1 -7.42159e-5 -0.5044541 -0.8561234 -0.1121551 -0.9999424 0.01064693 0.001442074 -0.86138 0.5036235 0.06624275 -0.4956054 0.8685479 -2.86768e-4 0.4953646 0.8390832 0.2248408 0.4956991 0.8610199 0.1136977 0.8612397 0.4909145 0.1314119 0.999943 0.01031619 0.002739846 0.8705529 -0.4878906 -0.06403529 0.5048161 -0.8338244 -0.2233782 1.49399e-4 -0.9914838 -0.1302305 -0.5046898 -0.8338962 -0.2233951 -0.8708366 -0.4873923 -0.06397277 -0.9999435 0.01027363 0.002724349 -0.8615099 0.4904722 0.1312928 -0.4957649 0.8610631 0.1130817 -0.495493 0.8390551 0.2246625 1.47093e-4 0.9659132 0.2588664 0.4952844 0.8025728 0.3325214 0.8612312 0.4695666 0.1943917 0.999943 0.009874939 0.004078686 0.870475 -0.4547104 -0.1884457 0.870489 -0.4755116 -0.1270346 0.5049111 -0.7975569 -0.3301029 1.50373e-4 -0.9657822 -0.2593544 -0.5048124 -0.7974746 -0.3304522 -0.8707594 -0.4542462 -0.1882513 -0.8707609 -0.4749548 -0.1272545 -0.9999434 0.009834051 0.004057347 -0.8615017 0.4691427 0.1942162 -0.4953595 0.8026279 0.3322763 1.46139e-4 0.9237678 0.3829531 0.4953144 0.7522761 0.4344472 0.8613812 0.4398572 0.2540633 0.8706285 -0.4260386 -0.245962 0.5047891 -0.7475956 -0.4316118 1.50822e-4 -0.923669 -0.3831917 -0.5049582 -0.7474732 -0.431626 -0.8707396 -0.4258778 -0.2458471 -0.8614122 0.4397971 0.254062 -0.4951837 0.752337 0.4344908 1.46659e-4 0.8660344 0.4999844 0.4954812 0.6892774 0.5285783 0.861234 0.4032104 0.3093502 0.9999403 0.009462952 0.005477011 0.9999399 0.008695363 0.006685137 0.8705828 -0.3903201 -0.2995594 1.52412e-4 -0.7935418 -0.6085159 1.4945e-4 -0.8659398 -0.5001482 -0.8708651 -0.3899216 -0.299258 -0.9999404 0.008659064 0.006663024 -0.9999407 0.00942403 0.005457103 -0.8615043 0.4028466 0.3090715 -0.4953508 0.689334 0.5286267 1.46443e-4 0.7070983 0.7071152 1.46799e-4 0.7934816 0.6085944 0.8612891 0.3592929 0.3592905 0.9999417 0.007637441 0.007639825 0.8705924 -0.3479 -0.3479 0.5047716 -0.6843982 -0.5261223 1.48484e-4 -0.707108 -0.7071056 -0.5048846 -0.6845861 -0.5257695 -0.8707048 -0.3477596 -0.3477593 -0.9999421 0.00760585 0.007606625 -0.8615593 0.3589687 0.3589666 0.4954559 0.5288129 0.6891157 0.4953212 0.6142611 0.6142803 0.8612909 0.3094448 0.4030163 0.87059 -0.299557 -0.3903057 0.5050205 -0.525736 -0.6845115 0.504647 -0.6104648 -0.6104624 -0.5048934 -0.5257819 -0.68457 -0.5045237 -0.6105247 -0.6105042 -0.8707599 -0.2990405 -0.3903231 -0.8615609 0.3091656 0.4026533 -0.4953261 0.5288594 0.6891733 -0.4951936 0.6143198 0.6143246 1.47685e-4 0.6087192 0.7933858 0.495076 0.4344954 0.7524053 0.8611621 0.2542649 0.4401698 0.999941 0.005474925 0.009384989 0.9999399 0.006677269 0.008699178 0.5047909 -0.431617 -0.7475916 1.50326e-4 -0.6084955 -0.7935573 -0.5049558 -0.4316361 -0.7474691 -0.9999415 0.005452334 0.009346902 -0.9999404 0.00665003 0.008663654 -0.861433 0.2540355 0.4397718 -0.4952313 0.43452 0.7522889 1.4585e-4 0.49992 0.8660717 0.4955398 0.332448 0.8024455 0.8614189 0.1940884 0.4693477 0.9999432 0.004040777 0.009867787 0.8704319 -0.2465275 -0.4261134 0.8705489 -0.1881441 -0.4546941 1.52292e-4 -0.3832222 -0.9236563 1.52672e-4 -0.5001181 -0.8659573 -0.8708335 -0.1879523 -0.4542281 -0.8707451 -0.2461382 -0.4256981 -0.9999436 0.004024147 0.009827017 -0.8615202 0.1940987 0.4691575 -0.495533 0.332421 0.8024609 1.46143e-4 0.258844 0.9659192 1.44183e-4 0.3828896 0.9237941 0.495625 0.2246384 0.8389836 0.8614718 0.1312121 0.4905606 0.9999423 0.002757847 0.01038026 0.8706056 -0.1270676 -0.4752892 0.5045274 -0.3297924 -0.797928 1.52752e-4 -0.2590456 -0.9658651 -0.5047276 -0.3300312 -0.7977027 -0.8707692 -0.127231 -0.4749458 -0.9999428 0.002746462 0.01033753 -0.8612938 0.1315899 0.4907719 -0.4954931 0.2246559 0.8390568 1.45392e-4 0.1305616 0.9914403 0.4953809 0.1136519 0.861209 0.8612794 0.06627786 0.5037907 0.8706527 -0.06431639 -0.4876756 0.5045947 -0.1128181 -0.8559535 0.5042941 -0.2232762 -0.8341675 1.55838e-4 -0.130546 -0.9914423 -0.5041745 -0.2233037 -0.8342324 -0.5044727 -0.1128308 -0.8560237 -0.8708231 -0.06385129 -0.4874324 -0.8615494 0.06621801 0.5033368 -0.4951876 0.113323 0.8613637 0.4954302 3.13553e-5 0.8686478 0.9999397 -2.58416e-5 0.01098459 0.999942 0.001446783 0.01068609 0.8707245 -3.52336e-5 -0.4917712 1.54896e-4 -3.50485e-5 -1 -0.8708381 -4.47492e-5 -0.4915701 -0.9999424 0.001440823 0.01064109 -0.999943 1.98994e-4 0.01067721 -0.4955936 4.32868e-5 0.8685547 1.49365e-4 3.72373e-5 1 0.4954715 -0.1133505 0.8611966 0.8611768 4.25736e-5 0.5083056 0.8612563 -0.06635808 0.5038197 0.8706349 0.06427651 -0.4877127 0.5046086 0.1128615 -0.8559395 0.504548 -4.43641e-5 -0.8633838 1.51942e-4 0.1304353 -0.9914569 -0.5044094 4.41466e-4 -0.8634645 -0.5044834 0.1128728 -0.8560119 -0.8707754 0.06443798 -0.4874404 -0.861528 -0.0662983 0.5033628 -0.8614457 4.24751e-5 0.5078499 -0.4956342 -0.1133161 0.8611077 1.46483e-4 -0.1305959 0.9914357 0.495534 -0.224826 0.8389872 0.861254 -0.131398 0.4908933 0.999942 -0.001398742 0.01067847 0.999942 -0.002779245 0.01041728 0.8705041 0.1273819 -0.4753909 1.49608e-4 0.2596152 -0.9657122 -0.8707902 0.1272522 -0.4749015 -0.9999424 -0.002767741 0.01037597 -0.9999426 -0.001392662 0.0106284 -0.8615253 -0.1312795 0.4904487 -0.4954048 -0.2248464 0.8390579 1.47077e-4 -0.3826642 0.9238876 1.45316e-4 -0.2590786 0.9658563 0.8612474 -0.1943156 0.4695683 0.8704779 0.1883084 -0.4547617 0.504992 0.3301904 -0.7974694 0.5045881 0.2234311 -0.8339481 1.51093e-4 0.3826205 -0.9239057 -0.5044643 0.2234531 -0.8340171 -0.5053042 0.3302522 -0.797246 -0.8707629 0.1881167 -0.4542953 -0.8615176 -0.1941401 0.4691451 0.4953064 -0.4343042 0.752364 0.4952245 -0.3323895 0.8026642 0.8613143 -0.2541081 0.4399623 0.9999414 -0.005418121 0.009378015 0.9999437 -0.004037559 0.009814798 0.8706861 0.2458535 -0.4259834 0.5049208 0.4317418 -0.7474316 -0.5047929 0.4317762 -0.7474981 -0.8707353 0.2458387 -0.4258915 -0.9999442 -0.004021048 0.009771823 -0.9999419 -0.005396068 0.00933218 -0.861413 -0.2539721 0.4398477 -0.4950103 -0.3328599 0.8026015 -0.4951732 -0.4343355 0.7524335 -1.91708e-4 -0.4997939 0.8661444 0.4954321 -0.5287727 0.6891636 0.8612477 -0.3094332 0.4031174 0.9999412 -0.006622612 0.008600533 0.8707595 0.2993282 -0.3901032 0.5048382 0.5256491 -0.6847128 1.47745e-4 0.499954 -0.866052 -0.5047105 0.5256922 -0.6847738 -0.8708735 0.299251 -0.3899078 -0.9999417 -0.006595432 0.008563756 -0.8615176 -0.3091535 0.4027553 -0.4953022 -0.5288175 0.6892226 1.46527e-4 -0.7073228 0.7068908 1.46864e-4 -0.6088342 0.7932975 0.4953126 -0.6144917 0.6140564 0.9999423 -0.007599592 0.007595539 0.870517 0.3479714 -0.3480173 1.49832e-4 0.7069739 -0.7072398 1.5052e-4 0.6088541 -0.7932822 -0.8708013 0.3476166 -0.3476606 -0.9999427 -0.007567942 0.007569968 -0.4954117 -0.6143028 0.6141656 0.4952679 -0.6893176 0.5287258 0.8613191 -0.3593274 0.3591843 0.9999412 -0.008598089 0.006626009 0.8707218 0.3901557 -0.2993695 0.5047882 0.6102271 -0.6105831 1.47472e-4 0.7932663 -0.608875 -0.5046616 0.6102795 -0.6106355 -0.8707684 0.3900693 -0.2993469 -0.9999417 -0.008562564 0.006591439 -0.8616107 -0.3586459 0.359166 -0.4951402 -0.6893835 0.5287595 1.47992e-4 -0.7933604 0.6087524 0.4956101 -0.7520877 0.4344363 0.8610446 -0.4032247 0.3098585 0.9999415 -0.009374856 0.005408227 0.8706908 0.4259169 -0.2459524 0.504917 0.6847579 -0.5255146 0.5047056 0.7477853 -0.4313809 -0.5045776 0.7478448 -0.4314275 -0.5047881 0.6848101 -0.5255705 -0.8707401 0.4258792 -0.2458429 -0.999942 -0.009336471 0.005382716 -0.8613528 -0.4030157 0.3092732 -0.4954814 -0.7521573 0.4344624 1.49631e-4 -0.8658311 0.5003364 0.495575 -0.8023742 0.3325676 0.8611288 -0.4401386 0.2544316 0.99994 -0.010131 0.004177451 0.8705509 0.4545822 -0.1884046 0.5046663 0.7975953 -0.330384 1.46163e-4 0.8659858 -0.5000689 -0.5045399 0.7976613 -0.330418 -0.8708348 0.4541185 -0.1882105 -0.9999405 -0.01008933 0.004161894 -0.8614258 -0.4398709 0.2538882 -0.4954444 -0.8024438 0.3325944 1.45846e-4 -0.965898 0.258923 1.48123e-4 -0.923967 0.3824723 0.8612042 -0.4909137 0.1316481 0.8612137 -0.469496 0.1946398 0.9999414 -0.01046192 0.002818405 0.8705594 0.4753 -0.1273432 0.5048167 0.8338267 -0.223368 1.50359e-4 0.9658885 -0.2589584 1.48503e-4 0.9238927 -0.3826515 -0.5046898 0.8338962 -0.2233951 -0.8707092 0.4751018 -0.1270591 -0.9999419 -0.01041853 0.002807796 -0.8614836 -0.4690729 0.1944654 -0.8613893 -0.4906892 0.1312739 1.46401e-4 -0.9914398 0.1305654 0.4952097 -0.8390322 0.2253721 0.4954436 -0.8612432 0.1131197 0.8614319 -0.5035608 0.06604397 0.870562 0.487829 -0.064381 1.50132e-4 0.9914791 -0.1302658 -0.8708454 0.4873312 -0.06431603 -0.8615567 -0.5033258 0.06620728 -0.4954007 -0.8612352 0.1133679 -0.4949795 -0.8392428 0.2250931 0.9999405 -0.01082354 0.00141555 0.5046837 0.8559194 -0.1126784 -0.504558 0.8559943 -0.1126725 -0.9999409 -0.01077878 0.001419365 0.001260638 3.71346e-4 -0.9999992 0.1860691 0.05450463 -0.9810237 0.1886586 0.05525428 -0.9804872 0.3662332 0.1072648 -0.9243201 0.3684397 0.1079142 -0.9233671 0.5325917 0.1559928 -0.8318729 0.5342037 0.156479 -0.8307472 0.6778184 0.1985468 -0.7079135 0.6791632 0.1989338 -0.7065145 0.7975604 0.2336133 -0.5561675 0.7984016 0.233853 -0.5548583 0.8863955 0.2597125 -0.3832135 0.8869774 0.2597887 -0.3818126 0.9412031 0.2756705 -0.1953009 0.9413048 0.2757009 -0.1947672 0.9596854 0.2810765 -2.71194e-7 0.9596807 0.2810925 3.67438e-7 0.9413048 0.2757009 0.1947677 0.9412032 0.2756706 0.1953008 0.8869774 0.2597887 0.3818128 0.8863956 0.2597125 0.3832133 0.7984017 0.233853 0.5548582 0.7975605 0.2336133 0.5561673 0.6791634 0.1989337 0.7065143 0.6778182 0.1985467 0.7079137 0.5342038 0.1564791 0.8307471 0.5325915 0.1559927 0.8318729 0.3684397 0.1079142 0.9233672 0.3662334 0.1072648 0.9243199 0.1886583 0.05525428 0.9804872 0.1860694 0.05450463 0.9810237 0.001260459 3.71353e-4 0.9999992 -0.001244664 -3.67679e-4 0.9999992 -0.1860519 -0.05450236 0.9810272 -0.1885963 -0.05524194 0.9804998 -0.3662273 -0.1072744 0.9243212 -0.368562 -0.1079494 0.9233142 -0.5325993 -0.1559951 0.8318675 -0.534087 -0.1563924 0.8308386 -0.6778744 -0.1985452 0.7078603 -0.6790787 -0.1989044 0.7066041 -0.7975976 -0.2336195 0.5561116 -0.7983289 -0.2338404 0.5549682 -0.8864315 -0.2597197 0.3831256 -0.8869162 -0.259797 0.3819491 -0.9411924 -0.2756963 0.1953164 -0.9412962 -0.2757262 0.1947727 -0.9596734 -0.2811175 1.71384e-7 -0.9412962 -0.2757263 -0.1947727 -0.9411925 -0.2756964 -0.195316 -0.8868062 -0.2596797 -0.3822842 -0.8864315 -0.2597197 -0.3831252 -0.7983289 -0.2338404 -0.5549681 -0.7975977 -0.2336195 -0.5561115 -0.679079 -0.1989045 -0.7066037 -0.6778746 -0.1985452 -0.7078602 -0.5343713 -0.1565139 -0.8306328 -0.5321317 -0.1558473 -0.8321945 -0.3685544 -0.1079566 -0.9233163 -0.3661449 -0.107265 -0.924355 4.40885e-5 1.78196e-5 -1 0.1884894 0.05082857 -0.980759 0.18831 0.05079555 -0.9807952 -0.1858277 -0.05446249 -0.9810718 -0.001244544 -3.6767e-4 -0.9999992 -0.1885986 -0.05525141 -0.9804988 -0.06351453 0.3775898 -0.9237921 0.08752441 0.2168897 -0.9722646 0.0614745 0.4035971 -0.9128693 -0.2144728 0.310204 -0.9261614 -0.004843235 0.1987051 -0.9800475 -0.2765514 0.2553479 -0.9264539 -0.1077793 0.1553325 -0.9819651 -0.1632639 0.09401243 -0.982093 -0.1383115 0.1277049 -0.9821209 -0.3266137 0.1880412 -0.9262636 -0.1798517 0.06123954 -0.9817857 -0.3577649 0.121807 -0.9258334 -0.1883423 0.03351539 -0.9815315 -0.3732878 0.06644999 -0.9253327 -0.1914781 0.01202189 -0.9814233 -0.3794639 0.02399581 -0.9248954 -0.1930645 -0.003987014 -0.9811781 -0.3807173 -0.007868409 -0.9246581 -0.1930979 -0.01576095 -0.9810529 -0.3801483 -0.03102558 -0.9244052 -0.1926752 -0.02410542 -0.9809666 -0.3788467 -0.04740017 -0.9242448 -0.1920347 -0.03024238 -0.9809222 -0.375867 -0.06833064 -0.924151 -0.3773052 -0.05941581 -0.924181 -0.1911479 -0.0379886 -0.9808259 -0.1915138 -0.03481531 -0.9808723 -0.3749771 -0.07452309 -0.9240339 -0.190849 -0.03993529 -0.9808068 -0.3743664 -0.07833218 -0.9239664 -0.1907554 -0.04104125 -0.9807793 -0.3739636 -0.08045488 -0.9239471 -0.1908822 -0.04141128 -0.9807391 -0.3739315 -0.08112519 -0.9239016 -0.1906881 -0.04093492 -0.9807968 -0.3741399 -0.08051139 -0.9238708 -0.1911762 -0.04028213 -0.9807288 -0.3746881 -0.07895046 -0.9237834 -0.1914466 -0.0391494 -0.980722 -0.3750665 -0.07669854 -0.9238195 -0.1914286 -0.03786623 -0.9807759 -0.3757854 -0.07294464 -0.9238314 -0.3755648 -0.07438057 -0.9238067 -0.3752847 -0.07398766 -0.9239521 -0.1916365 -0.037193 -0.9807611 -0.3745179 -0.07533729 -0.924154 -0.1912887 -0.03771376 -0.980809 -0.06174331 0.9410478 0.332591 -0.003578186 0.9515385 0.307509 -0.07067155 0.9409186 0.3311762 0.1154949 0.02145236 -0.9930764 0.05658453 0.01271027 -0.9983169 0.003745377 -0.00537759 -0.9999786 0.005867421 -0.003409624 -0.999977 0.00534594 -0.00492984 -0.9999736 0.005188703 -0.001801669 -0.9999849 0.004083693 -7.53573e-4 -0.9999915 0.003048062 -2.10942e-4 -0.9999954 0.002208411 4.17529e-5 -0.9999976 0.001557826 1.25753e-4 -0.9999988 0.001185953 1.44074e-4 -0.9999994 8.36269e-4 1.31715e-4 -0.9999997 5.77033e-4 1.06283e-4 -0.9999999 3.47741e-4 7.00088e-5 -1 2.8273e-4 5.63135e-5 -1 1.12146e-4 2.50359e-5 -1 4.50431e-6 5.40398e-7 -1 -1.08626e-4 -2.18275e-5 -1 -1.66436e-4 -3.48305e-5 -1 -1.53629e-4 -3.30782e-5 -1 -1.88575e-4 -3.6553e-5 -1 -1.02434e-4 -2.07738e-5 -1 -0.1906936 -0.03836393 -0.9808998 2.37572e-4 4.70113e-5 -1 0.4381697 -0.8779616 0.1928496 0.4088639 -0.8829271 0.2308036 0.4392343 -0.8790897 0.1851344 -0.1174442 0.5430587 -0.831441 0.03831458 0.5742244 -0.817801 -0.3133995 0.4533982 -0.8343926 -0.4045708 0.37353 -0.8347441 -0.4776844 0.2750147 -0.8343768 -0.5224637 0.1778435 -0.8339086 -0.5441746 0.0971592 -0.8333272 -0.5525316 0.03492927 -0.8327597 -0.5539454 -0.01145762 -0.8324742 -0.5526116 -0.04511427 -0.832217 -0.5504953 -0.06888395 -0.8319916 -0.5483121 -0.08635073 -0.8318037 -0.5461112 -0.09928584 -0.8318083 -0.5448021 -0.1082608 -0.8315469 -0.5438538 -0.1137985 -0.8314284 -0.5430359 -0.1168431 -0.8315407 -0.543417 -0.116921 -0.8312806 -0.5430185 -0.1178055 -0.8314162 -0.5438284 -0.1146024 -0.8313345 -0.5450764 -0.1079351 -0.8314096 -0.544587 -0.1113672 -0.8312776 -0.5456998 -0.1059327 -0.8312581 -0.5450344 -0.1074594 -0.8314986 -0.544214 -0.1094754 -0.831773 0.004855632 0.9515523 0.3074486 0.05973398 0.961161 0.2694464 -0.1642588 0.6874467 -0.7074151 0.0187081 0.721725 -0.6919271 -0.3997775 0.579068 -0.7105338 -0.5167019 0.4770915 -0.710917 -0.6099995 0.3511191 -0.7103633 -0.6668158 0.2269153 -0.7098354 -0.6943174 0.1235532 -0.7089838 -0.7040889 0.04448366 -0.7087172 -0.7057374 -0.01461756 -0.7083228 -0.7037264 -0.05794334 -0.7081044 -0.7009386 -0.08769899 -0.7078093 -0.6980339 -0.1099386 -0.7075749 -0.6954639 -0.1264128 -0.7073541 -0.6932989 -0.1377726 -0.707358 -0.6918551 -0.1447896 -0.7073702 -0.6912596 -0.1487166 -0.7071377 -0.6911739 -0.1499352 -0.706964 -0.6913106 -0.1487675 -0.707077 -0.6918506 -0.1457877 -0.7071695 -0.6935548 -0.137345 -0.7071903 -0.6929033 -0.1416981 -0.70697 -0.6940194 -0.1347042 -0.7072425 -0.6935411 -0.1367552 -0.707318 -0.6926712 -0.1393444 -0.707665 0.4597033 -0.8766402 0.1420382 0.4592087 -0.8778879 0.1357949 -0.2026968 0.8063067 -0.555683 0.003141641 0.8410217 -0.5409925 -0.4714752 0.6823706 -0.5586428 -0.6091989 0.5625305 -0.55896 -0.7187882 0.4136846 -0.5587563 -0.7855689 0.2672942 -0.558064 -0.8175536 0.1454678 -0.557176 -0.8288192 0.05232256 -0.5570648 -0.8306697 -0.01721918 -0.5564994 -0.8284053 -0.06763154 -0.5560312 -0.8246113 -0.1031842 -0.5562098 -0.8211731 -0.1293072 -0.5558369 -0.8178321 -0.1486819 -0.5559175 -0.8152901 -0.1620303 -0.5559211 -0.8138537 -0.1702915 -0.5555565 -0.8129884 -0.1749118 -0.5553881 -0.812416 -0.1762302 -0.5558086 -0.8128489 -0.174945 -0.5555816 -0.8136238 -0.1714266 -0.5555441 -0.814729 -0.1666201 -0.5553867 -0.8156202 -0.1615306 -0.5555823 -0.8157507 -0.1608509 -0.555588 -0.8162403 -0.1584167 -0.555568 -0.8149251 -0.1639514 -0.5558931 0.06705057 0.9610797 0.2680114 0.1146579 0.9695177 0.216539 -0.2310671 0.8946103 -0.3824662 -0.008172929 0.928451 -0.3713651 -0.52463 0.7593191 -0.3849647 -0.6779285 0.6260673 -0.3852958 -0.7998128 0.4602494 -0.3853182 -0.873874 0.29733 -0.3846288 -0.9088914 0.1616365 -0.3844348 -0.9215472 0.05817741 -0.383883 -0.9233099 -0.01911717 -0.3835794 -0.9206247 -0.07518905 -0.3831405 -0.9165276 -0.114701 -0.383172 -0.9125146 -0.1436917 -0.3829751 -0.9088937 -0.165239 -0.3828949 -0.9060574 -0.1800724 -0.3829283 -0.9042587 -0.1891796 -0.3827888 -0.9028586 -0.1958503 -0.3827388 -0.9032173 -0.19435 -0.3826572 -0.9032083 -0.1943812 -0.382663 -0.9051474 -0.185124 -0.3826713 -0.9040319 -0.1904723 -0.3826835 -0.9064459 -0.1795165 -0.3822692 -0.9070376 -0.1760295 -0.3824875 -0.9064388 -0.1787225 -0.382658 -0.9056249 -0.18198 -0.3830496 0.4738655 -0.8755275 0.09435606 0.4728719 -0.876499 0.09023213 -0.2481957 0.9488125 -0.1953302 -0.01524341 0.9818871 -0.1888533 -0.5573193 0.8067659 -0.1962757 -0.7203882 0.6651706 -0.1964404 -0.8498805 0.4890854 -0.196211 -0.9283106 0.3158035 -0.1962333 -0.9654821 0.1716856 -0.1958788 -0.9787417 0.06181555 -0.1955595 -0.9804692 -0.02030795 -0.1956214 -0.9774305 -0.07984042 -0.1955894 -0.9687991 -0.1525673 -0.1953243 -0.9732116 -0.1217628 -0.1950206 -0.9649785 -0.1754321 -0.1950389 -0.9599894 -0.2005164 -0.1954826 -0.9619628 -0.1911876 -0.1951276 -0.958831 -0.2062858 -0.195165 -0.9585379 -0.2079594 -0.1948282 -0.9597246 -0.202211 -0.1950373 -0.9588227 -0.2063462 -0.1951419 -0.9608803 -0.196504 -0.1951801 -0.9627774 -0.1868555 -0.195307 -0.9621285 -0.1905415 -0.1949426 -0.96219 -0.1897088 -0.1954512 -0.9615565 -0.1934133 -0.1949371 0.1765196 -0.9180892 -0.3548988 0.1131203 -0.9309471 -0.3471906 0.1030518 -0.9311935 -0.3496553 -0.2539866 0.9672077 0 -0.01774007 0.9998427 0 -0.5683556 0.8227832 6.14177e-6 -0.7346721 0.6784223 2.57234e-7 -0.866765 0.4987168 1.51136e-6 -0.9467478 0.3219761 -5.37686e-7 -0.9845436 0.1751398 -1.13684e-6 -0.9980143 0.06298857 0 -0.9997854 -0.02071732 0 -0.9966802 -0.08141684 3.19086e-7 -0.9922657 -0.1241328 -3.12019e-7 -0.9878255 -0.1555663 -8.02493e-7 -0.983868 -0.1788968 -1.08609e-6 -0.9808192 -0.1949197 -2.76625e-7 -0.9788066 -0.2047871 1.09802e-6 -0.9772607 -0.2120418 0 -0.977632 -0.2103233 0 -0.9776186 -0.2103854 -7.41654e-7 -0.9797245 -0.2003499 -1.69232e-7 -0.9785158 -0.2061722 0 -0.980948 -0.1942707 0 -0.9816795 -0.1905402 5.42059e-7 -0.9803574 -0.1972295 -6.04626e-7 -0.9811146 -0.1934273 0 0.1202907 0.9692924 0.214482 0.1560868 0.9760338 0.1516411 -0.01524341 0.9818872 0.1888525 -0.2481951 0.9488128 0.1953295 -0.5573189 0.8067653 0.1962791 -0.8498798 0.489085 0.1962146 -0.7203884 0.6651706 0.1964404 -0.9283104 0.3158034 0.1962349 -0.965482 0.1716856 0.1958789 -0.9787417 0.06181555 0.1955596 -0.9804724 -0.02063697 0.1955712 -0.9774305 -0.07984042 0.1955894 -0.9732118 -0.1217628 0.1950197 -0.9687992 -0.1525673 0.1953234 -0.9649788 -0.1754322 0.1950378 -0.9619627 -0.1911876 0.1951284 -0.9599329 -0.2008365 0.1954314 -0.958831 -0.2062858 0.1951648 -0.9588228 -0.2063462 0.1951411 -0.9584608 -0.2084469 0.1946864 -0.9597246 -0.2022109 0.1950373 -0.9608804 -0.196504 0.1951794 -0.9627773 -0.1868555 0.1953075 -0.9621286 -0.1905415 0.1949426 -0.96219 -0.1897088 0.1954511 0.4794767 -0.8763601 0.04577386 0.4784653 -0.8770263 0.04354083 -0.008172929 0.9284509 0.3713653 -0.2309848 0.8945916 0.3825596 -0.5246362 0.75931 0.3849747 -0.7998124 0.4602491 0.3853192 -0.6779271 0.6260659 0.3853004 -0.8738737 0.2973299 0.3846293 -0.908891 0.1616364 0.3844358 -0.9216154 0.0577144 0.3837894 -0.92331 -0.01911717 0.3835794 -0.920625 -0.07518905 0.3831403 -0.9165282 -0.114701 0.3831709 -0.9088938 -0.165239 0.3828943 -0.9125147 -0.1436917 0.382975 -0.9060571 -0.1800723 0.3829287 -0.9032174 -0.19435 0.3826569 -0.9042587 -0.1891796 0.3827888 -0.9028589 -0.1958503 0.3827383 -0.9032083 -0.1943812 0.3826629 -0.9051476 -0.185124 0.3826708 -0.9040319 -0.1904723 0.3826835 -0.9064981 -0.1791936 0.3822968 -0.9070374 -0.1760295 0.3824878 -0.9064389 -0.1787225 0.3826577 -0.9615567 -0.1934133 0.1949363 -0.3163984 0.9043788 -0.2863407 -0.2683304 0.911972 -0.3103321 -0.2610227 0.9117697 -0.3170853 0.003141283 0.841022 0.5409919 -0.2028239 0.806266 0.5556957 -0.4714851 0.6823672 0.5586384 -0.7187895 0.4136853 0.558754 -0.6091973 0.5625285 0.5589637 -0.7855705 0.2672949 0.5580614 -0.8175536 0.1454678 0.557176 -0.8288187 0.05232256 0.5570654 -0.8306696 -0.01721924 0.5564994 -0.8284053 -0.06763154 0.5560312 -0.8246116 -0.1031842 0.5562094 -0.821173 -0.1293072 0.5558368 -0.8178322 -0.1486819 0.5559174 -0.8152902 -0.1620303 0.5559211 -0.8138607 -0.1699748 0.5556433 -0.8129885 -0.1749119 0.5553878 -0.8124163 -0.1762303 0.5558082 -0.8136239 -0.1714266 0.5555441 -0.8128486 -0.1749449 0.5555821 -0.8147289 -0.1666201 0.5553868 -0.8156203 -0.1615306 0.5555821 -0.8162402 -0.1584167 0.5555683 -0.8157509 -0.1608509 0.5555876 -0.9056249 -0.1819801 0.3830494 0.2462277 -0.9061198 -0.3439748 0.1859815 -0.9181098 -0.3499789 0.01870781 0.7217252 0.6919269 -0.1642411 0.6875156 0.7073523 -0.4000468 0.5788638 0.7105486 -0.6100013 0.3511201 0.7103613 -0.5167018 0.4770914 0.7109171 -0.6668177 0.2269161 0.7098333 -0.6943171 0.1235531 0.7089842 -0.7040889 0.04448372 0.7087171 -0.7057372 -0.01461756 0.7083229 -0.7037452 -0.05780243 0.7080972 -0.7009386 -0.08769899 0.7078093 -0.6980336 -0.1099386 0.7075752 -0.695464 -0.1264128 0.707354 -0.6932986 -0.1377726 0.7073584 -0.691855 -0.1447896 0.7073703 -0.6912596 -0.1487167 0.7071376 -0.6911744 -0.1499353 0.7069635 -0.6913104 -0.1487674 0.7070772 -0.6918507 -0.1457877 0.7071695 -0.6929036 -0.1416982 0.7069697 -0.6935548 -0.137345 0.7071903 -0.6940194 -0.1347042 0.7072424 -0.6935411 -0.1367552 0.7073181 -0.8149254 -0.1639514 0.5558928 0.1592798 0.9758531 0.1494683 0.1831766 0.9799885 0.07790249 0.03831458 0.5742246 0.8178008 -0.1174452 0.5430598 0.8314402 -0.3133982 0.4533964 0.834394 -0.477685 0.275015 0.8343764 -0.4046755 0.3732221 0.8348312 -0.5224649 0.177844 0.8339077 -0.5443252 0.09686917 0.8332626 -0.5525321 0.03492933 0.8327595 -0.5539458 -0.01145768 0.8324739 -0.5526123 -0.04511433 0.8322166 -0.5504955 -0.06888401 0.8319915 -0.5483118 -0.08635067 0.8318039 -0.5461112 -0.09928584 0.8318083 -0.5448027 -0.1082609 0.8315466 -0.5438541 -0.1137986 0.8314281 -0.5430359 -0.1168431 0.8315405 -0.5430194 -0.1178057 0.8314156 -0.5434178 -0.1169211 0.8312802 -0.5438281 -0.1146023 0.8313346 -0.544587 -0.1113673 0.8312776 -0.5450761 -0.1079351 0.8314098 -0.5455436 -0.1062131 0.8313249 -0.5450341 -0.1074594 0.8314989 -0.6926715 -0.1393445 0.7076647 0.4818441 -0.876257 -1.20391e-6 0.4812171 -0.8766015 -1.34953e-6 0.0614745 0.4035971 0.9128693 -0.06351518 0.3775906 0.9237918 -0.2144722 0.3102034 0.9261617 -0.3266133 0.1880409 0.9262636 -0.2765523 0.255349 0.9264533 -0.3577651 0.121807 0.9258332 -0.3732886 0.06645005 0.9253324 -0.3794642 0.02399587 0.9248953 -0.3807177 -0.007868409 0.9246578 -0.380149 -0.03102564 0.9244047 -0.3788468 -0.04740023 0.9242448 -0.3773053 -0.05941587 0.924181 -0.3758669 -0.06833058 0.9241511 -0.3749772 -0.07452315 0.9240338 -0.3743664 -0.07833224 0.9239664 -0.3739642 -0.080455 0.9239469 -0.3739313 -0.08112519 0.9239016 -0.3741405 -0.08051145 0.9238706 -0.3750662 -0.07669848 0.9238197 -0.3746879 -0.0789504 0.9237834 -0.3755646 -0.07438057 0.9238067 -0.3757855 -0.07294464 0.9238314 -0.3752847 -0.07398766 0.9239519 -0.544214 -0.1094754 0.831773 -0.2069095 0.9205762 -0.3312522 -0.198295 0.92056 -0.3365241 0.08752441 0.2168897 0.9722647 -0.004843413 0.1987074 0.980047 -0.1077651 0.1552997 0.9819719 -0.1633273 0.09442204 0.9820431 -0.1383124 0.1277058 0.9821207 -0.1798513 0.06123924 0.9817858 -0.1883422 0.03351539 0.9815314 -0.1918067 0.01243686 0.9813539 -0.1930643 -0.003987014 0.9811781 -0.1930981 -0.01576101 0.9810529 -0.1926752 -0.02410542 0.9809665 -0.1920349 -0.03024238 0.9809221 -0.1911475 -0.03798854 0.980826 -0.191514 -0.03481531 0.9808723 -0.1908852 -0.03960931 0.980813 -0.1907555 -0.04104125 0.9807793 -0.1908818 -0.04141122 0.9807392 -0.191101 -0.04079633 0.9807222 -0.1911765 -0.04028218 0.9807288 -0.1914465 -0.0391494 0.980722 -0.1917313 -0.03797554 0.9807125 -0.1916364 -0.037193 0.9807611 -0.191289 -0.03771376 0.980809 -0.3745179 -0.07533723 0.9241541 0.03783321 -0.9441693 -0.3272812 0.0291379 -0.9441919 -0.3281046 0.115495 0.02145242 0.9930764 0.05658382 0.01271212 0.998317 0.003745973 -0.005378544 0.9999786 0.005867362 -0.003409624 0.999977 0.00534594 -0.00492984 0.9999736 0.005188643 -0.001801669 0.999985 0.004083812 -7.53599e-4 0.9999915 0.003048062 -2.10942e-4 0.9999954 0.002208411 4.17531e-5 0.9999976 0.001557767 1.25753e-4 0.9999988 0.001185774 1.44083e-4 0.9999994 8.36083e-4 1.31695e-4 0.9999997 5.7709e-4 1.06296e-4 0.9999998 3.47893e-4 7.00446e-5 1 2.82797e-4 5.63272e-5 1 1.12236e-4 2.50228e-5 1 4.57104e-6 5.53506e-7 1 -1.08564e-4 -2.18257e-5 1 -1.66681e-4 -3.48287e-5 1 -1.53681e-4 -3.30922e-5 1 -1.88413e-4 -3.65416e-5 1 -1.02296e-4 -2.0761e-5 1 2.37554e-4 4.70244e-5 1 -0.1906936 -0.03836393 0.9808997 0.1843888 0.9798699 0.07652401 0.1920318 0.9813888 0 0.1441205 -0.1741029 0.974124 0.1182049 -0.1725577 0.9778812 0.1146259 -0.1656115 0.9795069 0.1744747 -0.1009308 0.9794752 0.1485245 -0.1371077 0.979358 0.1896471 -0.06467956 0.9797196 0.1960066 -0.03495281 0.9799795 0.1976594 -0.01253008 0.9801907 0.1973067 0.00405699 0.9803335 0.1960625 0.01599287 0.9804611 0.194743 0.02435588 0.980552 0.1936248 0.0304901 0.9806019 0.1926512 0.03502589 0.980642 0.1918461 0.0381239 0.9806843 0.1913372 0.04003441 0.9807076 0.1909688 0.04108369 0.980736 0.1907217 0.04137885 0.9807717 0.1906405 0.04103243 0.980802 0.1908646 0.04021215 0.9807924 0.1911094 0.03907835 0.9807906 0.1912001 0.03817105 0.9808087 0.1916189 0.03719633 0.9807643 0.1917375 0.03780096 0.980718 8.19007e-4 1.65682e-4 0.9999997 0.4783421 -0.8770946 -0.04352033 0.4794764 -0.8763601 -0.04577493 0.172073 -0.3618353 0.9162239 0.177735 -0.3499817 0.9197408 0.2210044 -0.3192913 0.921526 0.3365329 -0.1939716 0.9214775 0.2856044 -0.2636837 0.9213583 0.3665032 -0.1249951 0.9219825 0.3801454 -0.06779778 0.9224387 0.3843798 -0.02436161 0.9228535 0.3845601 0.00790894 0.9230662 0.3828098 0.0312162 0.9232997 0.3806586 0.0476045 0.9234895 0.3787314 0.05963748 0.9235832 0.3769237 0.06853657 0.9237052 0.3756382 0.07465088 0.9237549 0.3747676 0.07841449 0.9237968 0.3741534 0.08049625 0.9238668 0.3740184 0.08114051 0.923865 0.3740414 0.0804966 0.923912 0.3742421 0.07885897 0.923972 0.375252 0.07432359 0.9239383 0.3747187 0.07662421 0.9239668 0.3756051 0.07290577 0.9239078 0.3756922 0.07407945 0.923779 0.192202 0.03866982 0.9805933 -0.3634785 0.897714 -0.2489841 -0.322004 0.9046137 -0.2792626 0.1980967 -0.5333024 0.8224027 0.2328836 -0.5128322 0.826298 0.3188108 -0.460556 0.8284009 0.4853475 -0.2797392 0.8283621 0.4120413 -0.3803828 0.827968 0.5295009 -0.1806266 0.8288565 0.5496761 -0.09837925 0.8295648 0.5566884 -0.03529995 0.8299711 0.5570228 0.01146197 0.8304181 0.5549671 0.0452491 0.8306407 0.5523313 0.06872493 0.830787 0.5494757 0.08652913 0.831017 0.5472061 0.099487 0.8310644 0.5454487 0.1080662 0.8311483 0.5439378 0.1138104 0.8313719 0.5431891 0.1168665 0.8314372 0.5431707 0.11785 0.8313104 0.5432702 0.1169095 0.8313782 0.5436572 0.1145449 0.8314543 0.5441296 0.111267 0.8315905 0.5448234 0.1079096 0.8315786 0.5454508 0.1058852 0.8314276 0.5453529 0.1075319 0.8312804 0.3758682 0.07561945 0.9235827 -0.02942293 -0.9570857 -0.2883079 -0.03757554 -0.9569557 -0.2877914 0.2210287 -0.682228 0.6969299 0.2813357 -0.6546908 0.7015912 0.4042546 -0.583916 0.7040032 0.6153423 -0.3546608 0.7039672 0.5222494 -0.4821315 0.7034237 0.6718482 -0.2291797 0.7043414 0.6979937 -0.1244878 0.7052004 0.7070136 -0.04482209 0.7057783 0.7079927 0.01456558 0.7060695 0.7055268 0.05754661 0.706343 0.702281 0.08779746 0.7064653 0.6988816 0.1100454 0.7067209 0.6960226 0.1265443 0.7067807 0.6936326 0.1378404 0.7070177 0.6922032 0.1448255 0.7070223 0.6913671 0.1487368 0.7070283 0.6912482 0.1487384 0.7071442 0.6908665 0.1499245 0.7072667 0.6916584 0.1457378 0.7073677 0.6927491 0.1416457 0.7071317 0.6936135 0.1373675 0.7071284 0.6939525 0.1347221 0.7073048 0.6937754 0.1368005 0.7070794 0.5452864 0.1096993 0.8310409 0.1843888 0.9798698 -0.07652401 0.1920619 0.9813829 0 0.2398126 -0.8030291 0.5455586 0.3211435 -0.770542 0.5505744 0.4744573 -0.6852045 0.5526167 0.72214 -0.4163172 0.5524436 0.6124212 -0.5653553 0.5525521 0.788445 -0.2689524 0.5531899 0.8197316 -0.1462374 0.5537642 0.8306856 -0.05268031 0.5542438 0.8320565 0.01710283 0.5544273 0.8291484 0.06761926 0.5549241 0.8253079 0.1031994 0.555173 0.8216928 0.1293702 0.5550534 0.8182462 0.1487522 0.5552891 0.8155414 0.1620731 0.5555399 0.8139591 0.1703073 0.5553973 0.8130584 0.1749152 0.5552845 0.8124803 0.1762934 0.5556948 0.8127701 0.1749031 0.5557102 0.8135399 0.1714112 0.5556718 0.8145862 0.1661246 0.5557446 0.8161672 0.1584329 0.5556711 0.8157056 0.1615396 0.5554544 0.8158946 0.1608897 0.5553653 0.6934952 0.1395141 0.706824 0.4728723 -0.8764988 -0.09023147 0.4740662 -0.8753942 -0.09458434 0.2536783 -0.8918419 0.3745204 0.3508358 -0.856327 0.3789701 0.5264614 -0.7603642 0.3803746 0.8012549 -0.4619578 0.3802441 0.6795948 -0.6273992 0.3801596 0.8750752 -0.2985767 0.3809136 0.9101051 -0.1627573 0.3810759 0.9225675 -0.05848145 0.381378 0.9241408 0.01896518 0.3815811 0.9209367 0.07509058 0.3824095 0.9168717 0.1146424 0.3823657 0.9127866 0.1437244 0.382314 0.9063332 0.1800956 0.382264 0.9090678 0.165277 0.3824648 0.9043461 0.189229 0.382558 0.9028365 0.1958606 0.3827857 0.9032588 0.1943222 0.3825735 0.903079 0.1946455 0.3828336 0.9041378 0.1904844 0.3824273 0.9051092 0.1850955 0.3827757 0.9062342 0.1794872 0.3827847 0.9070209 0.1760619 0.3825119 0.9065059 0.1787537 0.3824844 0.8154336 0.1640447 0.5551192 -0.4001626 0.8938497 -0.2022436 -0.3669998 0.8983578 -0.2413808 0.2621182 -0.9460185 0.1906383 0.3691672 -0.9090178 0.1933972 0.558528 -0.8065317 0.1937867 0.8499045 -0.4900031 0.1938025 0.720901 -0.6655114 0.1933819 0.9284381 -0.3167953 0.1940191 0.965703 -0.1722836 0.1942584 0.9789481 -0.0620647 0.1944443 0.980642 0.02010029 0.1947751 0.9775618 0.0797019 0.1949889 0.9733057 0.1216959 0.1945925 0.9688755 0.1525679 0.1949441 0.9650287 0.1754367 0.1947864 0.9619901 0.1911824 0.1949983 0.958841 0.2062854 0.1951164 0.9600297 0.2008686 0.194923 0.9585524 0.2079163 0.1948028 0.9597231 0.2022448 0.1950096 0.9587917 0.2063668 0.1952723 0.9609547 0.1964946 0.1948233 0.9621164 0.1905426 0.1950014 0.9627148 0.1872037 0.1952821 0.9622013 0.1897304 0.1953743 0.9058979 0.1822429 0.3822781 0.1594249 0.9758256 -0.1494933 0.1831766 0.9799886 -0.07790243 0.2649596 -0.9642595 0 0.3754667 -0.926836 -4.82884e-6 0.569349 -0.8220959 7.51769e-6 0.7347877 -0.6782972 -6.41814e-6 0.8663563 -0.4994264 4.01844e-6 0.9844608 -0.1756045 0 0.9464312 -0.3229058 0 0.9979961 -0.06327569 -1.48361e-7 0.9966944 0.08124357 -7.44915e-7 0.9997895 0.02051836 1.55363e-7 0.992273 0.1240743 -2.02816e-7 0.9878263 0.1555611 -7.75232e-7 0.9838795 0.1788329 0 0.9808161 0.1949352 -1.06334e-6 0.9788045 0.2047975 0 0.9772809 0.2119483 0 0.9776266 0.210348 0 0.9776123 0.2104146 0 0.9797264 0.2003399 4.86039e-7 0.9785054 0.2062218 0 0.9809532 0.1942445 4.6937e-7 0.9816786 0.1905443 -1.33452e-7 0.9811088 0.193457 0 0.9615324 0.1934621 0.1950076 -0.09205585 -0.967856 -0.2340524 -0.09805685 -0.9676708 -0.2323753 0.3691663 -0.9090151 -0.1934115 0.2621182 -0.9460186 -0.1906387 0.5585293 -0.8065335 -0.1937751 0.7209 -0.6655105 -0.1933882 0.8499052 -0.4900033 -0.193799 0.9284386 -0.3167954 -0.1940173 0.9657027 -0.1722835 -0.1942595 0.980642 0.02010029 -0.194775 0.9789481 -0.0620647 -0.1944443 0.9775618 0.0797019 -0.194989 0.9733056 0.1216959 -0.1945929 0.9688752 0.1525678 -0.194946 0.9650288 0.1754368 -0.1947856 0.9619899 0.1911824 -0.1949993 0.958841 0.2062854 -0.1951161 0.9600296 0.2008686 -0.194923 0.9585524 0.2079163 -0.1948027 0.9597231 0.2022448 -0.1950093 0.9587917 0.2063668 -0.1952723 0.9609546 0.1964946 -0.1948234 0.9621165 0.1905426 -0.1950006 0.9627147 0.1872037 -0.1952822 0.9615325 0.1934622 -0.1950071 0.9622013 0.1897304 -0.1953745 0.4592082 -0.8778881 -0.1357958 0.4597033 -0.8766402 -0.1420383 0.3508332 -0.8563205 -0.3789873 0.2536783 -0.8918418 -0.3745204 0.5264628 -0.7603662 -0.3803687 0.6795947 -0.6273992 -0.3801596 0.8012547 -0.4619575 -0.3802452 0.8750761 -0.298577 -0.3809118 0.9101661 -0.1623976 -0.3810836 0.9225675 -0.05848145 -0.3813781 0.9241408 0.01896518 -0.3815812 0.9209367 0.07509058 -0.3824095 0.9168716 0.1146423 -0.3823661 0.9127863 0.1437243 -0.3823147 0.9090973 0.1647862 -0.3826065 0.9043457 0.189229 -0.382559 0.9063332 0.1800956 -0.382264 0.9032589 0.1943222 -0.3825733 0.903067 0.1940729 -0.3831526 0.9028367 0.1958607 -0.3827852 0.9041382 0.1904844 -0.3824265 0.9051086 0.1850954 -0.3827767 0.9062343 0.1794872 -0.3827843 0.9065058 0.1787537 -0.3824845 0.9071623 0.1755815 -0.3823975 0.905898 0.1822429 -0.3822778 -0.4273539 0.8909656 -0.1534575 -0.4020248 0.8945957 -0.1951279 0.3211403 -0.770534 -0.5505872 0.2398126 -0.8030291 -0.5455586 0.4744584 -0.6852059 -0.5526139 0.6124211 -0.5653554 -0.5525521 0.722141 -0.4163178 -0.5524419 0.7884454 -0.2689526 -0.5531893 0.8197314 -0.1462373 -0.5537645 0.8306853 -0.05268031 -0.5542443 0.8320565 0.01710283 -0.5544272 0.8291481 0.0676192 -0.5549245 0.8253079 0.1031994 -0.5551729 0.8182457 0.1487522 -0.5552899 0.8216932 0.1293703 -0.555053 0.8155409 0.162073 -0.5555406 0.8130585 0.1749153 -0.5552842 0.8139584 0.1703072 -0.5553983 0.8124802 0.1762934 -0.5556947 0.8127698 0.174903 -0.5557107 0.8135402 0.1714112 -0.5556713 0.8157055 0.1615395 -0.5554543 0.8146015 0.1662552 -0.5556832 0.8161674 0.1584329 -0.5556708 0.8158947 0.1608897 -0.555365 0.8154338 0.1640447 -0.5551189 -0.1378989 -0.9766336 -0.1648358 -0.1420938 -0.9763482 -0.162953 0.281335 -0.6546888 -0.7015933 0.2210287 -0.6822283 -0.6969296 0.4042549 -0.5839165 -0.7040026 0.5222508 -0.482133 -0.7034217 0.6153441 -0.3546617 -0.7039651 0.6718487 -0.22918 -0.7043408 0.6979936 -0.1244877 -0.7052005 0.7070136 -0.04482209 -0.7057782 0.707993 0.01456558 -0.7060693 0.7055268 0.05754661 -0.7063429 0.702281 0.08779746 -0.7064653 0.6988814 0.1100454 -0.7067212 0.6960221 0.1265442 -0.7067814 0.6936324 0.1378403 -0.7070179 0.6922032 0.1448255 -0.7070223 0.6913673 0.1487368 -0.707028 0.6908656 0.1499243 -0.7072677 0.6912485 0.1487385 -0.707144 0.6916587 0.1457378 -0.7073675 0.6936135 0.1373675 -0.7071284 0.6927495 0.1416458 -0.7071313 0.6937757 0.1368007 -0.7070791 0.6939525 0.1347221 -0.7073047 0.6937622 0.1394821 -0.7065683 0.1203337 0.9692832 -0.2144991 0.1560861 0.9760336 -0.1516426 0.2328869 -0.5128394 -0.8262926 0.1980967 -0.5333024 -0.8224027 0.3188105 -0.4605557 -0.8284012 0.4123526 -0.3799916 -0.8279926 0.4853464 -0.2797383 -0.8283631 0.5295016 -0.1806268 -0.8288559 0.5498338 -0.09805166 -0.8294991 0.5566692 -0.03562355 -0.8299702 0.5570232 0.01146197 -0.8304178 0.5549675 0.04524916 -0.8306406 0.5523394 0.0687257 -0.8307816 0.549475 0.08652907 -0.8310174 0.5472049 0.09948676 -0.8310651 0.5454523 0.1080678 -0.8311457 0.5439375 0.1138103 -0.8313719 0.5431704 0.11785 -0.8313106 0.5431891 0.1168665 -0.8314372 0.5432682 0.1165847 -0.8314251 0.5436575 0.114545 -0.8314542 0.5441294 0.111267 -0.8315907 0.5454508 0.1058852 -0.8314276 0.5448232 0.1079096 -0.8315787 0.5453531 0.1075319 -0.8312803 0.5452864 0.1096993 -0.8310408 0.4393175 -0.8790277 -0.1852315 0.4379878 -0.878091 -0.1926738 0.1777384 -0.3499884 -0.9197376 0.1720731 -0.3618353 -0.9162238 0.2210031 -0.3192895 -0.9215269 0.2856053 -0.2636845 -0.9213579 0.3365318 -0.1939709 -0.921478 0.3665038 -0.1249953 -0.9219822 0.3801457 -0.06779783 -0.9224386 0.3843796 -0.02436161 -0.9228537 0.3845601 0.00790894 -0.9230661 0.3828098 0.0312162 -0.9232996 0.3806584 0.0476045 -0.9234896 0.3787316 0.05963748 -0.9235832 0.3769234 0.06853657 -0.9237054 0.3756384 0.07465088 -0.9237549 0.3747671 0.07841444 -0.923797 0.3741534 0.08049631 -0.9238666 0.3740187 0.08114051 -0.9238649 0.3740411 0.08049654 -0.9239121 0.3742418 0.07885891 -0.923972 0.3752519 0.07432359 -0.9239383 0.3747184 0.07662415 -0.923967 0.3756051 0.07290577 -0.9239078 0.3756921 0.07407945 -0.923779 0.375868 0.07561939 -0.9235827 -0.4460729 0.8890625 -0.1028918 -0.4278706 0.8916636 -0.1478615 0.1182072 -0.1725608 -0.9778804 0.1441665 -0.1741023 -0.9741173 0.1146245 -0.1656093 -0.9795074 0.1485254 -0.1371086 -0.9793577 0.1746677 -0.1006694 -0.9794677 0.1896479 -0.06467992 -0.9797195 0.1960062 -0.03495275 -0.9799795 0.1976592 -0.01253002 -0.9801908 0.1973067 0.00405699 -0.9803335 0.1960621 0.01599287 -0.9804611 0.1947428 0.02435588 -0.980552 0.1936252 0.03049015 -0.9806017 0.1926514 0.03502589 -0.980642 0.191846 0.03812384 -0.9806843 0.1913372 0.04003441 -0.9807076 0.190969 0.04108369 -0.980736 0.1907216 0.04137879 -0.9807717 0.1906402 0.04103237 -0.9808021 0.1911094 0.03907841 -0.9807906 0.1908643 0.04021203 -0.9807925 0.1916188 0.03719633 -0.9807643 0.191389 0.03790569 -0.980782 0.1917374 0.0378009 -0.9807181 0.1922017 0.03866982 -0.9805933 -0.1700872 -0.9818023 -0.08446735 -0.1718662 -0.9815559 -0.08372694 8.18773e-4 1.65668e-4 -0.9999997 0.06731122 0.9610086 -0.2682008 0.1146144 0.9695264 -0.2165231 -0.3686801 -0.09167867 -0.9250243 -0.1877817 -0.04669827 -0.9811001 -0.3696786 -0.09197378 -0.9245966 -0.1867274 -0.04639935 -0.9813154 0.001239657 3.06058e-4 -0.9999993 -0.5365695 -0.1334445 -0.8332381 -0.5375269 -0.1337589 -0.8325704 -0.6839718 -0.1702015 -0.7093759 -0.6847196 -0.1704495 -0.7085945 -0.8053537 -0.2004845 -0.5578633 -0.8058 -0.2006424 -0.5571615 -0.8959234 -0.2230826 -0.3841292 -0.8959832 -0.2230833 -0.3839898 -0.9515524 -0.23693 -0.1959904 -0.9515785 -0.2369111 -0.1958869 -0.9703776 -0.2415935 -7.46875e-7 -0.9515525 -0.23693 0.1959902 -0.9515786 -0.2369111 0.1958861 -0.8959832 -0.2230833 0.3839898 -0.8058001 -0.2006424 0.5571615 -0.8959231 -0.2230826 0.3841301 -0.6847196 -0.1704495 0.7085945 -0.8053538 -0.2004845 0.5578632 -0.5375269 -0.1337589 0.8325705 -0.6839721 -0.1702016 0.7093755 -0.3696786 -0.09197378 0.9245964 -0.5365695 -0.1334444 0.8332381 -0.1877817 -0.04669827 0.9811001 -0.3686803 -0.09167873 0.9250243 0.001239776 3.06074e-4 0.9999993 -0.1867275 -0.04639941 0.9813155 0.1901096 0.04722255 0.9806265 0.002013325 4.96852e-4 0.9999979 0.3718011 0.09231764 0.9237107 0.1906717 0.0473423 0.9805116 0.5390579 0.1338282 0.8315688 0.3722175 0.0923953 0.9235353 0.6860839 0.1702746 0.7073157 0.5397248 0.1339516 0.8311163 0.8069884 0.2002563 0.5555783 0.6863657 0.1703239 0.7070304 0.8966931 0.2224066 0.3827228 0.8067849 0.2001139 0.555925 0.9519104 0.2360286 0.1953387 0.8965788 0.222307 0.3830485 0.9706062 0.2406735 7.0188e-7 0.9519246 0.2360212 0.1952782 0.9519246 0.2360212 -0.1952785 0.9519105 0.2360286 -0.195338 0.8965788 0.2223071 -0.3830484 0.8966932 0.2224066 -0.3827227 0.8067849 0.2001139 -0.555925 0.8069883 0.2002563 -0.5555784 0.6863655 0.1703239 -0.7070305 0.6860835 0.1702744 -0.7073162 0.539725 0.1339516 -0.8311162 0.539361 0.1338843 -0.8313632 0.3722178 0.0923953 -0.9235351 0.3718013 0.09231764 -0.9237107 0.1906718 0.0473423 -0.9805116 0.1901097 0.04722255 -0.9806266 0.002013325 4.96852e-4 -0.9999979 0.405561 -0.8822944 0.2389082 0.3678793 -0.8883096 0.2749015 -0.1307657 0.9305483 0.3420238 -0.1398977 0.9304209 0.338741 0.3627108 -0.8876935 0.2836214 0.3162644 -0.8963208 0.3107828 -0.1982896 0.9205771 0.3364804 -0.2069097 0.9205762 0.3312521 0.309326 -0.8959169 0.3188267 0.2548196 -0.906202 0.337439 -0.2610227 0.9117697 0.3170854 -0.2683304 0.911972 0.3103321 0.2462279 -0.9061199 0.3439748 0.1860307 -0.9181867 0.3497514 -0.3166013 0.9042381 0.2865608 -0.322004 0.9046136 0.2792626 0.17652 -0.918131 0.3547902 0.112965 -0.9310162 0.347056 -0.3632466 0.8978595 0.2487977 -0.3669982 0.8983579 0.2413827 0.1030386 -0.9310961 0.349919 0.03784275 -0.9441582 0.3273124 -0.4001626 0.8938497 0.2022436 -0.4020248 0.8945957 0.1951279 0.02883803 -0.9441749 0.3281804 -0.02969729 -0.9570253 0.2884802 -0.4273539 0.8909656 0.1534575 -0.4278706 0.8916636 0.1478615 -0.03757548 -0.9569557 0.2877914 -0.09205585 -0.9678561 0.2340523 -0.4461616 0.8889824 0.1032011 -0.4456754 0.889693 0.09909486 -0.1398931 0.9304055 -0.3387854 -0.130765 0.9305484 -0.3420237 -0.09805685 -0.9676708 0.2323753 -0.1379593 -0.9766317 0.1647965 -0.4555553 0.8887521 0.05088448 -0.4548094 0.8892564 0.04869771 0.3093248 -0.8958697 -0.3189604 0.2548136 -0.9062529 -0.3373069 -0.07092612 0.9409712 -0.3309726 -0.06174331 0.9410478 -0.332591 -0.1423335 -0.9762862 0.1631154 -0.1700872 -0.9818023 0.08446735 -0.4601342 0.8878494 1.10111e-6 -0.4601471 0.8878427 1.27533e-6 0.3627108 -0.8876936 -0.2836214 0.3162689 -0.896273 -0.3109163 -0.003578186 0.9515385 -0.307509 0.005083501 0.9514778 -0.3076756 -0.1718646 -0.9815682 0.08358639 -0.1790244 -0.9838447 0 -0.4548105 0.889256 -0.0486958 -0.4551575 0.8889641 -0.0507394 0.4057804 -0.8821406 -0.2391031 0.367917 -0.8883925 -0.2745831 0.05973398 0.961161 -0.2694464 -0.179059 -0.9838384 0 -0.445578 0.8897759 -0.09878885 0.4087796 -0.8830441 -0.2305051 -0.2603994 0.965501 2.30321e-4 -0.260788 0.9653959 6.72441e-4 -0.2605473 0.9654611 -1.85052e-4 -0.2603977 0.9655015 -3.77356e-4 -0.2608364 0.9653825 0.001045048 -0.2603901 0.9655036 -6.2522e-5 -0.2602781 0.9655337 -8.28723e-6 -0.2602891 0.9655307 -2.90419e-4 -0.2606706 0.9654278 3.09623e-5 -0.2607886 0.9653959 7.84789e-5 -0.2604347 0.9654915 -2.43759e-4 -0.2604693 0.9654822 3.7324e-5 -0.2609708 0.9653468 1.39215e-4 -0.2613843 0.9652349 -1.38547e-4 -0.2606001 0.9654469 3.45812e-5 -0.2599062 0.9656339 1.20673e-6 -0.261119 0.9653067 -9.977e-5 -0.2611194 0.9653065 1.00863e-4 -0.2594272 0.9657627 1.16304e-6 -0.2613847 0.9652348 1.39553e-4 -0.2606 0.9654469 -3.47459e-5 -0.2604693 0.9654821 -3.72719e-5 -0.2609708 0.9653468 -1.39185e-4 -0.2607886 0.9653959 -7.8565e-5 -0.2604347 0.9654915 2.43759e-4 -0.2602891 0.9655307 2.90419e-4 -0.260364 0.9655106 7.77502e-5 -0.2603901 0.9655036 6.2522e-5 -0.2602781 0.9655337 8.28723e-6 -0.2604035 0.9654999 2.81686e-4 -0.2607471 0.965407 -5.86429e-4 -0.2603994 0.965501 -2.30321e-4 -0.2608364 0.9653825 -0.001044988 -0.2609748 0.9653455 6.59862e-4 -0.2605473 0.9654611 1.85052e-4 -0.260491 0.9654763 8.01199e-5 -0.2609255 0.9653587 6.48345e-4 -0.260392 0.965503 -6.58191e-5 -0.2603837 0.9655053 -6.66777e-5 -0.2603004 0.9655277 -2.71258e-4 -0.2603664 0.96551 -7.7383e-5 -0.2607664 0.965402 1.36375e-4 -0.2604424 0.9654895 -2.25092e-4 -0.2612173 0.9652801 -1.49897e-5 -0.2610348 0.9653294 2.22792e-4 -0.2603172 0.9655231 2.25508e-4 -0.2609247 0.9653592 -7.78015e-6 -0.2606768 0.9654262 0 -0.2601688 0.9655631 2.25809e-4 -0.2601689 0.9655631 -2.25809e-4 -0.2607698 0.9654011 0 -0.2603172 0.9655233 -2.25508e-4 -0.2609249 0.9653591 1.01529e-5 -0.2612175 0.9652799 1.70533e-5 -0.2610529 0.9653245 -1.71362e-4 -0.260702 0.9654194 -3.91996e-5 -0.2604424 0.9654895 2.25092e-4 -0.2603004 0.9655277 2.71258e-4 -0.2603664 0.96551 7.7383e-5 -0.260392 0.965503 6.58191e-5 -0.2603837 0.9655053 6.66777e-5 -0.260491 0.9654763 -8.01199e-5 -0.2609253 0.9653589 -6.48317e-4 -0.2609643 0.9653482 -7.55075e-4 -0.5364778 -0.1448221 0.8313954 -0.6826515 -0.1842352 0.7071381 -0.6826583 -0.1842356 0.7071316 0.3695349 0.09971094 0.9238517 0.1884894 0.05082851 0.980759 0.18831 0.05079555 0.9807952 0.3695349 0.09971094 -0.9238517 0.3695085 0.09972018 -0.9238611 -0.8026028 -0.2166071 0.5557971 -0.8027583 -0.2167472 0.5555178 4.40885e-5 1.78184e-5 1 5.57352e-5 1.49047e-5 1 0.5364579 0.1448631 -0.8314011 0.5363575 0.144746 -0.8314863 -0.892014 -0.240737 0.3825659 -0.8918445 -0.2407689 0.3829411 0.682457 0.184198 -0.7073356 0.6826598 0.1842021 -0.7071387 -0.9469153 -0.2555732 0.195023 -0.9468791 -0.2557213 0.1950042 0.8026135 0.2165693 -0.5557963 0.8028034 0.2168339 -0.5554186 -0.9654179 -0.2607077 0 -0.9654582 -0.2605581 0 0.8918264 0.2409521 -0.3828679 0.8920151 0.2407131 -0.3825787 -0.9469153 -0.2555732 -0.195023 -0.9468791 -0.2557213 -0.1950042 0.9469313 0.2555158 -0.1950203 0.94692 0.2555541 -0.195025 -0.8918445 -0.2407689 -0.3829411 -0.892014 -0.240737 -0.3825659 0.9654596 0.2605531 0 0.9654704 0.2605127 0 -0.8028243 -0.2168073 -0.555399 -0.8026028 -0.2166071 -0.5557971 0.9469313 0.2555158 0.1950203 0.94692 0.2555541 0.195025 -0.6826515 -0.1842352 -0.7071381 -0.6826583 -0.1842356 -0.7071316 0.8920151 0.2407131 0.3825787 0.891969 0.2406798 0.382707 -0.5364778 -0.1448222 -0.8313954 -0.5362989 -0.144783 -0.8315175 0.8026135 0.2165693 0.5557963 0.8027464 0.2167544 0.5555321 -0.3694035 -0.09967225 -0.9239083 -0.3693636 -0.0996558 -0.923926 -0.188468 -0.05084186 0.9807624 -0.1886404 -0.0508719 0.9807278 0.6826598 0.1842021 0.7071387 0.682457 0.184198 0.7073356 -0.1885454 -0.05085092 -0.9807471 -0.188468 -0.05084186 -0.9807624 -0.369495 -0.09969598 0.9238691 -0.3694035 -0.09967225 0.9239083 0.5363575 0.144746 0.8314863 0.5364579 0.1448631 0.831401 5.57352e-5 1.49047e-5 -1 -0.5364217 -0.1447994 0.8314355 0.3695085 0.09972023 0.9238612 0.1167849 -0.007736444 -0.9931271 0.1454365 -0.2005819 -0.9688216 0.1731784 -0.3832528 -0.9072633 0.1990233 -0.5497126 -0.8112989 0.2214103 -0.6931634 -0.6859316 0.2398577 -0.8095135 -0.5358698 0.2535101 -0.894778 -0.3675664 0.2619209 -0.946824 -0.1868737 0.2647024 -0.9643303 5.93601e-6 0.2619205 -0.9468228 0.1868807 0.2535089 -0.8947744 0.3675759 0.2398558 -0.8095071 0.5358803 0.2214104 -0.6931638 0.6859312 0.1990258 -0.5497194 0.8112936 0.1731792 -0.3832551 0.9072622 0.1454345 -0.2005795 0.9688223 0.1167832 -0.007736086 0.9931274 0.0884822 0.1872032 0.9783281 0.06185561 0.3754124 0.9247916 0.03797876 0.5497936 0.8344367 0.01774817 0.7032871 0.7106844 0.001776099 0.8293156 0.5587778 -0.0096125 0.9228178 0.3851168 -0.0162574 0.980355 0.19657 -0.01836806 0.9998314 -4.75357e-6 -0.0162574 0.9803547 -0.196572 -0.00961256 0.9228208 -0.3851097 0.001776099 0.8293195 -0.5587718 0.01774811 0.7032876 -0.7106839 0.03797858 0.5497903 -0.834439 0.06185591 0.3754135 -0.9247911 0.08848291 0.187205 -0.9783278 0 1 3.11942e-5 0.3020978 0.9349344 0.1861037 0 0.9807459 0.1952883 0.3021401 -0.8807546 0.364668 0.2916623 -0.9381957 0.1863389 0.3021039 -0.9349167 0.1861826 0 -0.9239623 0.3824836 0 -0.9808342 0.1948444 0.3021058 0.8806351 0.3649849 0 0.9237951 0.3828873 0.3021022 -0.9532756 1.60385e-5 0 -1 -3.11942e-5 0.3021445 0.7925618 0.5296739 0 0.8313984 0.5556769 0.3021175 -0.9349395 -0.1860468 0 -0.9808308 -0.1948614 0.3021439 0.6742554 0.673861 0 0.7072925 0.7069211 0.3021398 -0.8807548 -0.3646678 0 -0.9239621 -0.3824841 0.3021595 0.5297268 0.7925208 0 0.5557311 0.8313622 0.3020446 -0.7925744 -0.5297122 0 -0.8314045 -0.5556677 0.3020828 0.3648128 0.8807143 0 0.3826881 0.9238776 0 7.62579e-7 -1 0.3021128 0.1861292 -0.9349245 0 0.1952633 -0.9807509 0.3021128 -0.674089 -0.6740416 0 -0.7071039 -0.7071097 0.3021126 0.18613 0.9349244 0 0.1952617 0.9807512 0.3020829 0.3648188 -0.8807117 0 0.3826763 -0.9238825 0.3021426 -0.5296813 -0.7925577 0 -0.5556714 -0.8314021 0.302091 -7.23031e-6 0.9532792 0 2.18288e-6 1 0.3021593 0.5297323 -0.7925172 0 0.5557205 -0.8313692 0.302107 -0.3649859 -0.8806343 0 -0.3828797 -0.9237983 0.3021039 -0.1861255 0.9349281 0 -0.1952603 0.9807515 0.3021436 0.6742464 -0.6738703 0 0.7073103 -0.7069032 0.3021039 -0.1861249 -0.9349283 0 -0.1952615 -0.9807512 0.3021072 -0.3649919 0.8806317 0 -0.3828679 0.9238032 0.3021449 0.7925546 -0.5296846 0 0.8314124 -0.5556559 0.3020908 -6.49772e-6 -0.9532791 0.3021423 -0.5296827 0.792557 0 -0.5556688 0.8314038 0.3021062 0.8807652 -0.3646706 0 0.9238014 -0.3828724 0.3021132 -0.674089 0.6740413 0 -0.7071036 0.70711 0.3020976 0.9349298 -0.1861273 0 0.980755 -0.1952425 0.3020442 -0.7925735 0.5297136 0 -0.8314064 0.555665 0.3020792 0.953283 -1.60336e-5 0.291662 -0.9381914 -0.186361 0 -0.9237912 -0.3828969 0.2916126 -0.883641 -0.3662524 0.2916114 0.8837417 0.36601 0.2916903 -0.9565128 -1.57266e-5 0.2916606 0.795327 0.531403 0.2916285 0.6763808 0.6763593 0.2915898 0.5313918 0.7953605 0.2916203 -0.7953109 -0.5314491 0.2916184 0.3660798 0.8837105 0.291594 -3.50295e-5 -0.9565422 0.2916092 0.1867592 -0.9381285 0.2916576 -0.676544 -0.6761835 0.2916092 0.1867634 0.9381277 0.2916185 0.366075 -0.8837124 0.2916641 -0.5314061 -0.7953237 0.291594 -3.40915e-5 0.9565422 0.29159 0.5313941 -0.7953589 0.291613 -0.3660142 -0.8837395 0.2915849 -0.1866866 0.9381506 0.2916285 0.6763874 -0.6763526 0.291585 -0.1866908 -0.9381497 0.2916129 -0.3660057 0.883743 0.2916606 0.7953335 -0.5313933 0.2916641 -0.531396 0.7953304 0.291611 0.8837407 -0.3660131 0.2916578 -0.6765383 0.6761891 0.2915843 0.9381479 -0.1867012 0.2916206 -0.7953137 0.5314451 0.2915999 0.9565404 -1.30735e-6 0.2916126 -0.8836459 0.3662403 0.2915841 0.93815 0.1866906 0 -0.7072887 -0.7069249 0 -0.5555506 -0.8314828 0 -0.555548 -0.8314845 0 0.5555479 0.8314846 0 -0.8314583 -0.5555872 0 0.38271 0.9238686 0 0.1949051 -0.9808221 0 0.1949018 0.9808228 0 0.3827102 -0.9238685 0 -3.34973e-5 1 0 0.5555463 -0.8314858 0 -0.3826152 -0.9239079 0 -0.195179 0.9807677 0 0.7071084 -0.7071052 0 -0.1951787 -0.9807677 0 -0.382618 0.9239066 0 0.8314849 -0.5555475 0 -3.16528e-5 -1 0 -0.555557 0.8314785 0 0.9239056 -0.3826208 0 -0.7072937 0.7069199 0 0.9807682 -0.1951761 0 -0.8314632 0.5555798 0 1 8.94631e-6 0 -0.9237946 0.3828886 0 0.9807679 0.1951782 0 -0.9808318 0.1948571 0 0.9239106 0.3826087 0 -1 1.50795e-5 0 0.8314843 0.5555483 0 -0.9808344 -0.1948432 0 0.7071026 0.707111 1 0 0 0 -3.08518e-5 1 0 0.5555484 -0.8314842 0 -0.3826125 -0.923909 0 -0.1951833 0.9807668 0 0.7070958 -0.7071179 0 -0.195176 -0.9807683 0 -0.3826224 0.9239049 0 0.8314763 -0.5555603 0 -3.27583e-5 -1 0 -0.5555517 0.8314821 0 0.923913 -0.3826026 0 -0.707291 0.7069225 0 0.9807702 -0.1951665 0 -0.8314538 0.5555939 0 1 -1.54283e-5 0 -0.923785 0.3829118 0 0.9807671 0.1951823 0 -0.9807637 0.1951993 0 0.9239008 0.3826324 0 -1 -6.29102e-7 0 0.8314895 0.5555406 0 -0.9807665 -0.1951854 0 0.7071197 0.707094 0 -0.9238013 -0.3828724 0 0.5555495 0.8314835 0 -0.8314689 -0.5555713 0 0.3827058 0.9238704 0 0.195241 -0.9807553 0 -0.7072901 -0.7069235 0 0.1952397 0.9807556 0 0.3827139 -0.9238669 0 0.1952443 0.9807547 -0.3752679 -4.98866e-5 0.9269164 0 -3.28255e-5 1 -1 -1.27032e-6 0 -1 7.14195e-6 0 -1 -2.66293e-7 0 -1 4.21535e-7 0 -1 1.29229e-6 0 -1 1.41308e-6 0 -1 6.40504e-6 0 -1 -2.07751e-6 0 -1 -3.23553e-6 0 -1 0 0 1 -7.2748e-7 0 1 -6.56648e-7 0 -1 -3.10381e-6 0 -1 -2.84244e-6 0 -1 -2.2728e-6 0 -1 -5.02922e-6 0 1 6.64815e-7 0 1 6.56229e-7 0 -1 -2.62642e-6 0 -1 -2.83824e-6 0 -1 -3.49521e-6 0 -1 1.4413e-5 0 1 -2.84049e-6 0 1 -2.48579e-6 0 -1 -2.90433e-6 0 -1 1.34514e-5 0 -1 6.83771e-6 0 1 -2.53775e-7 0 1 0 0 -1 3.92315e-6 0 -1 -9.17386e-7 0 1 -1.40534e-7 0 -1 -2.12002e-6 0 -1 -2.12002e-6 0 -1 0 0 -1 -9.17387e-7 0 1 4.91621e-7 0 -1 2.72679e-7 0 -1 0 0 1 4.52341e-6 0 1 4.94563e-6 0 -1 1.27306e-6 0 -1 -5.05572e-7 0 -1 -2.2728e-6 0 -1 0 0 1 4.94563e-6 0 1 4.52341e-6 0 -1 -3.23553e-6 0 -0.3751852 -0.3546745 0.8564124 -0.708227 -0.3921477 0.5870561 -0.3751804 -0.5149646 0.7707471 0 0.3827018 -0.9238721 -0.3751176 0.5149698 -0.7707744 0 0.5555435 -0.8314875 0 -0.5555616 -0.8314754 -0.3751853 -0.3546706 -0.8564139 0 -0.3826174 -0.9239069 -0.3752372 -0.1808794 0.9091093 0 -0.1951766 0.9807682 -0.3751301 0.6554658 -0.655471 0 0.7071126 -0.7071011 -0.3752371 -0.1808765 -0.90911 0 -0.1951817 -0.9807671 0 -0.3826104 0.9239098 -0.375573 0.7706564 -0.5148141 0 0.831489 -0.5555414 -0.3752679 -4.94781e-5 -0.9269164 0 -3.36167e-5 -1 0 -0.5555397 0.83149 -0.3751628 0.8564366 -0.3546398 0 0.9239026 -0.3826276 -0.3752979 -0.655384 0.6554565 0 -0.7072831 0.7069304 -0.3751802 0.9091224 -0.1809319 0 0.9807665 -0.1951854 -0.3756124 -0.7707146 0.5146983 0 -0.8314675 0.5555735 -0.3751255 0.9269741 -5.22341e-6 0 1 9.47066e-6 -0.3751533 -0.8563249 0.3549193 0 -0.9237942 0.3828895 -0.3751809 0.9091206 0.1809399 0 0.9807693 0.1951708 -0.375187 -0.9091837 0.1806093 0 -0.9807656 0.1951898 -0.3751864 0.856413 0.3546717 0 0.9239127 0.3826034 -0.3752185 -0.9269364 1.16123e-5 0 -1 -2.10228e-5 -0.3756462 0.7706521 0.5147674 0 0.8314813 0.5555528 -0.3751877 -0.9091843 -0.180605 0 -0.980764 -0.1951975 -0.375149 0.655478 0.6554479 0 0.7071028 0.7071108 -0.3751527 -0.8563263 -0.3549166 0 -0.9237923 -0.3828944 -0.3754302 0.5148509 0.7707014 0 0.5555561 0.8314791 -0.3756045 -0.7706931 -0.5147365 0 -0.8314584 -0.5555871 -0.375197 0.3547247 0.8563864 0 0.3827188 0.923865 -0.3752356 0.1809761 -0.9090908 0 0.195238 -0.980756 -0.375144 -0.6556256 -0.6553031 0 -0.7073017 -0.7069119 -0.3752355 0.1809726 0.9090914 -0.3751972 0.3547341 -0.8563824 -0.3751801 -0.5149527 -0.7707554 0.6694864 -0.6862413 0.2843605 0.3513011 -0.7786641 0.5198749 0.3512495 -0.8650454 0.3582183 -0.7084945 0.5867723 -0.3920891 -0.7084077 0.6521028 -0.2700379 -0.7082335 -0.4993578 0.4990462 -0.7084367 0.6922008 -0.1377518 -0.7082433 -0.5870148 0.39218 -0.7084683 0.7057427 0 -0.7083941 -0.6520994 0.2700819 -0.7084366 0.6922009 0.1377518 -0.7081912 -0.6924787 0.1376174 -0.708172 0.6523029 0.270173 -0.708133 -0.7060791 0 -0.7084546 0.5868327 0.3920708 -0.7081912 -0.6924787 -0.1376174 -0.7081859 0.4993447 0.4991269 -0.7084751 -0.6520546 -0.2699776 -0.7084679 0.3920749 0.5868139 -0.7083423 -0.5869277 -0.3921316 -0.7081407 0.2700817 0.6523747 -0.7082847 0.1377018 -0.6923663 -0.7081751 -0.499321 -0.499166 -0.7082847 0.1377018 0.6923663 -0.7081407 0.2700817 -0.6523747 -0.708227 -0.3921477 -0.5870561 -0.7083517 -7.8956e-5 0.7058597 -0.708468 0.3920748 -0.5868139 -0.7082033 -0.2701249 -0.6522889 -0.7082861 -0.1375507 0.6923949 -0.7081585 0.4992617 -0.4992486 -0.7082861 -0.1375507 -0.6923949 -0.7082033 -0.2701249 0.6522889 -0.7083516 -7.8956e-5 -0.7058597 0.351337 -0.9362491 9.54951e-6 -0.6857187 -0.7138752 -0.1420288 0.3512829 -0.9182817 -0.1826444 0.6693194 0.7429748 0 0.3512217 0.9182913 0.1827137 0.6695562 0.7284975 0.1448653 0.3512829 -0.9182781 0.1826628 0.669377 -0.7286744 0.1448038 0.3512649 0.8650431 0.3582088 0.6693769 0.6863824 0.284278 0.6694404 -0.7428658 0 0.6694499 0.6177285 0.4126117 0.3512868 0.7785087 0.5201174 0.669377 -0.7286744 -0.1448038 0.6693809 0.5253975 0.5252493 0.3512608 0.6620748 0.6620219 0.6694355 -0.6863148 -0.284303 0.3512496 -0.8650521 -0.3582019 0.3511977 0.5201833 0.7785047 0.6693145 0.4128105 0.6177425 0.3513028 -0.7783539 -0.5203379 0.6694456 -0.6175486 -0.4128879 0.351231 0.3581987 0.8650609 0.6693785 0.284141 0.6864376 0.6694732 3.15484e-5 -0.7428362 0.3512839 0.1826465 -0.918281 0.6693736 0.1448296 -0.7286723 0.3512197 -0.6620991 -0.6620194 0.6692482 -0.525526 -0.5252898 0.351284 0.1826542 0.9182795 0.6693736 0.1448296 0.7286723 0.6693783 0.284141 -0.6864376 0.3512314 0.3581972 -0.8650615 0.3513695 -0.5200167 -0.7785385 0.669452 -0.4126159 -0.6177234 0.6694732 3.15484e-5 0.7428362 0.3513204 2.01933e-5 0.9362554 0.6693145 0.4128105 -0.6177425 0.3511978 0.5201914 -0.7784993 0.3512626 -0.3582191 -0.8650397 0.6694011 -0.2842225 -0.6863818 0.6694729 -0.1447667 0.7285937 0.3512805 -0.1826696 0.9182777 0.6693531 0.525295 -0.5253872 0.3512378 0.6620727 -0.6620361 0.3512805 -0.1826702 -0.9182775 0.6694729 -0.1447667 -0.7285937 0.6694011 -0.2842225 0.6863818 0.3512626 -0.3582186 0.86504 0.6693595 0.6177467 -0.4127312 0.3511906 0.7785363 -0.5201408 0.3513203 1.77437e-5 -0.9362554 0.669452 -0.4126159 0.6177234 0.3512312 -0.5203021 0.7784101 0.3514507 0.864812 -0.3585845 0.6693759 0.686441 -0.2841387 0.6694317 -0.5253845 0.5251975 0.3511561 -0.6620739 0.6620782 0.6695563 0.7284975 -0.1448654 0.351222 0.918293 -0.1827052 0.6697422 -0.6174581 0.4125421 0.3511317 0.9363262 8.90947e-6 -0.6857152 0.5147048 0.5146588 -0.6856861 -0.6725152 -0.2784925 -0.6856735 0.404416 0.6052268 -0.6856333 -0.6051753 -0.4045614 -0.685694 0.2784824 0.6725113 -0.6857159 0.1420212 -0.7138793 -0.6858033 -0.514625 -0.5146211 -0.6856754 0.2784912 -0.6725266 -0.6856251 -0.4045673 -0.6051806 -0.6856751 0.4044002 -0.6052356 -0.6856918 -0.2784819 -0.6725137 -0.6857157 -0.1420163 0.7138804 -0.6857152 0.514693 -0.5146706 -0.6857221 -0.1420143 -0.7138748 -0.6857005 -0.2784794 0.6725059 -0.6856901 0.6052389 -0.4043699 -0.685678 1.78325e-6 -0.727905 -0.6856265 -0.4045565 0.6051863 -0.6856866 0.6725239 -0.27847 -0.6858035 -0.5146204 0.5146256 -0.6857112 0.7138844 -0.1420186 -0.6856337 -0.6051814 0.4045513 -0.6856791 0.727904 -1.18791e-5 -0.6856952 -0.6725163 0.2784672 -0.685716 0.7138823 0.1420056 -0.6857145 -0.7138838 0.1420059 -0.6856911 0.6725154 0.2784797 -0.6856741 -0.7279087 -1.27083e-5 -0.685689 0.6052385 0.4043722 0 0.7072597 0.7069539 0 0.5555428 0.831488 0 0.5555496 0.8314834 0 -0.9238749 -0.3826947 0 -0.8315021 -0.5555217 0 -0.8315007 -0.5555238 0 0.3826599 0.9238893 0 0.382665 0.9238872 0 -1.49366e-6 -1 0 0.195045 -0.9807943 0 0.1950393 -0.9807955 0 -0.7069188 -0.7072948 0 -0.7069223 -0.7072912 0 0.195039 0.9807955 0 0.1950448 0.9807944 0 0.3826628 -0.9238881 0 0.3826586 -0.9238899 0 -0.5556709 -0.8314024 0 -0.5556755 -0.8313995 0 -9.46126e-7 1 0 5.3735e-6 1 0 0.5555508 -0.8314826 0 0.5555448 -0.8314867 0 -0.3824882 -0.9239605 -2.01971e-7 -0.3824932 -0.9239583 0 -0.1950446 0.9807944 0 -0.1950393 0.9807955 0 0.7072584 -0.7069551 0 0.7072532 -0.7069604 0 -0.195039 -0.9807955 0 -0.1950444 -0.9807945 3.23104e-7 -0.3824911 0.9239593 0 -0.3824868 0.9239611 0 0.8315235 -0.5554896 0 0.8315207 -0.5554939 0 4.82119e-6 -1 0 -0.5556766 0.8313986 0 -0.5556728 0.8314011 0 0.9238249 -0.3828155 0 0.9238243 -0.3828169 0 -0.707077 0.7071366 0 -0.7070736 0.70714 0 0.9807937 -0.195048 0 0.9807944 -0.1950448 0 -0.8315326 0.555476 0 -0.8315339 0.555474 0 1 -1.75641e-6 0 1 1.75641e-6 0 -0.9238119 0.3828467 0 -0.9238159 0.3828372 0 0.9807944 0.1950448 0 0.9807937 0.195048 0 -0.9807358 0.1953389 0 -0.9807357 0.1953399 0 0.9238253 0.3828145 0 0.9238255 0.382814 0 -1 -6.79449e-6 0 -1 6.79449e-6 0 0.8315188 0.5554966 0 0.8315215 0.5554926 0 -0.9807357 -0.1953399 0 -0.9807358 -0.1953389 0 0.7072539 0.7069597 0 -0.9238791 -0.3826848 -1 0 0 -1 0 0 -1 9.17383e-7 0 -1 2.11956e-6 0 1 -4.91713e-7 0 1 -4.52252e-6 0 -1 2.11956e-6 0 -1 9.17383e-7 0 1 -4.94672e-6 0 -1 0 0 1 -4.94671e-6 0 -1 -2.66293e-7 0 1 -3.31416e-6 0 1 -4.52252e-6 0 -1 7.14195e-6 0 -1 6.40504e-6 0 1 1.52218e-5 0 1 -1.55905e-6 0 -1 -3.10381e-6 0 1 -4.76706e-6 0 1 1.57097e-5 0 1 -2.48579e-6 0 1 -5.81217e-6 0 1 -1.40534e-7 0 -1 -2.62642e-6 0 -0.6857221 0.1420099 0.7138757 -0.685678 -1.49876e-6 0.7279051 -2.38837e-5 0 -1 0.1949305 0 -0.9808171 -2.26159e-5 0 -1 0.19493 -1.66314e-7 -0.9808172 0.3826819 0 -0.9238803 0.3826809 0 -0.9238805 0.5554219 0 -0.8315688 0.5554204 0 -0.8315697 0.7069783 0 -0.7072352 0.7069774 0 -0.7072362 0.8314683 0 -0.5555724 0.8314676 0 -0.5555732 0.8820125 0 -0.4712261 0 -1 0 0 -1 -9.22261e-7 0 -1 0 0 -1 9.22328e-7 0 -1 3.80126e-7 0 -1 -2.39395e-6 0 -1 -2.55128e-6 0.8820127 0 0.4712257 0.8314676 0 0.5555734 0.8820125 0 0.4712262 0.8314683 0 0.5555722 0.7069774 0 0.7072362 0.7069783 0 0.7072352 0.5555936 0 0.831454 0.5555948 0 0.8314532 0.3826641 0 0.9238876 0.3826654 0 0.923887 0.1950489 0 0.9807935 0.1950494 0 0.9807935 -2.29353e-5 0 1 -2.35596e-5 0 1 -0.1950051 0 0.9808023 -0.1950051 0 0.9808022 -0.3827046 0 0.9238709 -0.382704 0 0.9238712 -0.4712806 0 0.8819833 -0.9988383 -1.60597e-6 0.0481891 -0.9988383 -2.09084e-7 0.0481891 -0.9988383 0 0.0481891 -0.4714219 0 -0.8819078 -0.3827199 0 -0.9238644 -0.4714205 0 -0.8819087 0.3827685 0 -0.9238443 0.5555706 0 -0.8314694 0.555571 0 -0.8314692 -0.1952269 0 -0.9807581 -0.1952261 0 -0.9807583 -0.3827215 0 -0.9238639 0 1 0 0 1 3.27349e-7 0 1 0 0 1 0 0 1 -3.38683e-6 0 1 -2.99112e-6 0 1 -1.72773e-6 0 1 1.99179e-6 0 1 1.30972e-6 0 1 6.02946e-7 0 1 3.56604e-6 0 1 2.64399e-6 0 1 1.365e-6 0 1 6.0315e-7 0 1 0 0 1 1.71393e-6 0 1 -6.03076e-7 0 1 -2.04223e-6 0 1 -1.71505e-6 0 1 -1.30972e-6 0 1 -1.99179e-6 0 1 -3.56604e-6 0 1 2.98937e-6 0 1 1.72734e-6 0 1 0 0 1 3.3851e-6 0 1 0 0 1 -3.2751e-7 0 1 6.55058e-7 0 1 1.7042e-6 0 1 1.78352e-6 0 1 2.52732e-6 0 1 2.73126e-6 0 1 -1.20696e-6 0 1 -3.99678e-6 -0.9988544 0 -0.04785394 -0.9988544 0 -0.04785394 -0.9988543 0 -0.04785394 0 1 -1.72863e-6 0 1 -4.97816e-7 0 1 -6.54813e-7 0 1 -1.78293e-6 -0.8314698 0 0.5555701 -0.923844 0 0.3827692 -0.9238441 0 0.3827692 0.6343451 0 -0.7730501 0.6343452 0 -0.77305 -0.9807712 0 0.1951612 -0.9807713 0 0.1951611 -1 0 0 -1 0 0 -0.9807887 0 -0.1950733 -0.9807887 0 -0.1950734 -0.9238227 0 -0.3828206 -0.9238227 0 -0.3828209 -0.8313892 0 -0.5556908 -0.8313889 0 -0.5556911 -0.7072457 0 -0.706968 -0.7072454 0 -0.7069683 -0.5557333 0 -0.8313606 -0.5557327 0 -0.8313611 -0.3827685 0 -0.9238444 -0.3827677 0 -0.9238447 2.96358e-5 0 1 -0.194841 0 0.9808349 -0.194842 0 0.9808347 0.002727448 -0.9999961 -5.41358e-4 0.005933701 -0.9999824 1.96916e-6 0.005818784 -0.9999825 -0.001160383 -0.1951305 0 -0.9807773 -0.1951309 0 -0.9807773 -0.3824957 0 0.9239573 -0.3824954 0 0.9239574 0.6343448 0 0.7730503 0.5555707 0 0.8314693 0.5555706 0 0.8314694 3.09465e-5 0 -1 2.97978e-5 0 -1 -0.5557329 0 0.8313611 -0.5557327 0 0.8313611 0.3824958 0 0.9239572 0.3824958 0 0.9239573 0.19516 0 -0.9807714 0.1951596 0 -0.9807716 -0.7072454 0 0.7069681 -0.7072457 0 0.7069678 0.1948712 0 0.9808289 0.19487 0 0.9808291 0.3827682 0 -0.9238445 -0.8314698 0 0.5555699 3.1099e-5 0 1 0.9569255 0 -0.2903336 0.9808042 0 -0.1949953 0.9569255 0 -0.2903336 0.980804 0 -0.1949965 1 0 -2.24385e-5 1 0 -2.37206e-5 0.9807952 0 0.1950412 0.9807953 0 0.1950399 0.9568858 0 0.2904649 0 1 2.25246e-7 0 1 3.01075e-6 0 1 -8.2566e-7 0 -1 -3.81378e-7 0 -1 2.3934e-6 0 1 0 0 1 0 0 1 8.24075e-7 0 1 -2.24158e-7 0 1 -3.01117e-6 0 1 -3.41574e-6 0 -1 2.55003e-6 0 1 3.41743e-6 0.00272715 -0.9999961 5.41544e-4 0.003824949 -0.9999915 0.001583456 0.002782046 -0.9999961 7.05332e-7 -0.1950615 0.9807911 -5.18583e-5 1.49233e-5 0.8303018 0.557314 1.61089e-5 1 -5.18614e-5 0.3177239 0.7671542 0.5572487 0.5555921 0.8314551 -5.17818e-5 0.3827445 0.9238542 -5.18274e-5 0.4612947 0.6904513 0.5572111 0.7070106 0.707203 -5.18202e-5 0.5871281 0.5870738 0.5573375 0.8314968 0.5555295 -5.18858e-5 0.7670658 0.3178294 0.5573103 0.9238997 0.3826349 -5.19566e-5 0.814306 0.1619685 0.5573796 0.9807955 0.195039 -5.17283e-5 1 -1.61958e-5 -5.18425e-5 0.8143144 -0.162022 0.5573518 0.9807845 -0.1950943 -5.18036e-5 0.767118 -0.3177487 0.5572843 0.9239088 -0.382613 -5.19526e-5 0.8314385 -0.5556167 -5.19232e-5 0.690397 -0.461294 0.557279 0.7071066 -0.7071071 -5.18578e-5 0.4612904 -0.6903952 0.5572842 0.5556148 -0.8314399 -5.18646e-5 0.3177508 -0.7671213 0.5572785 0.3826148 -0.9239081 -5.18036e-5 0.1950947 -0.9807844 -5.18835e-5 0.1620233 -0.8143123 0.5573543 1.64192e-5 -1 -5.18425e-5 -0.1619693 -0.814301 0.5573867 -0.1950397 -0.9807954 -5.18348e-5 -0.3826355 -0.9238995 -5.18342e-5 -0.3178282 -0.7670644 0.5573129 -0.5555282 -0.8314977 -5.18646e-5 -0.5870732 -0.587126 0.5573403 -0.707203 -0.7070105 -5.18042e-5 -0.6904509 -0.4612911 0.5572147 -0.8314814 -0.5555527 -5.18462e-5 -0.7671593 -0.3177281 0.5572392 -0.9238718 -0.3827021 -5.18758e-5 -0.8143798 -0.1620235 0.5572559 -0.9807876 -0.1950787 -5.17756e-5 -0.8303014 -1.46505e-5 0.5573149 -1 -1.5444e-5 -5.1755e-5 -0.9807911 0.1950613 -5.17014e-5 -0.8143817 0.1620086 0.5572574 -0.923871 0.382704 -5.19078e-5 -0.7671632 0.3177297 0.557233 -0.8314809 0.5555534 -5.19207e-5 -0.6904515 0.4612914 0.5572137 -0.7071161 0.7070975 -5.17266e-5 -0.5870683 0.5871598 0.5573099 -0.5555459 0.8314859 -5.1831e-5 -0.3177757 0.7671341 0.5572469 -0.3827016 0.9238721 -5.18225e-5 -0.1620061 0.8143858 0.5572521 0.1950488 0.9807935 -5.19079e-5 -0.1537168 -0.3711214 0.9157729 0.371126 -0.1536893 0.9157757 0.1536896 0.3711259 0.9157757 1.49102e-5 0.8302715 -0.5573592 0.07834964 0.393937 -0.9157921 8.29815e-6 0.4015098 -0.9158548 0.07834988 0.3939398 0.9157907 0.1620177 0.8143793 0.5572583 0.1620116 0.8143495 -0.5573036 0.1536884 0.3711225 -0.9157773 0.3177123 0.7671263 -0.5572938 0.2231452 0.3339801 -0.9157857 0.223147 0.3339799 0.9157854 0.4612776 0.6904262 -0.5572565 0.283973 0.2839243 -0.915831 0.2839761 0.2839268 0.9158293 0.6904047 0.4612114 -0.5573378 0.5871064 0.5870524 -0.5573828 0.6904299 0.4612281 0.5572927 0.3340839 0.2232288 0.9157276 0.3711212 0.1537169 -0.915773 0.3340791 0.2232273 -0.9157297 0.3711301 0.1537205 0.9157688 0.7670376 0.3178179 -0.5573556 0.3937819 0.07831454 -0.9158617 0.393782 0.07831454 0.9158618 0.8302308 -1.48534e-5 -0.5574198 0.8142763 0.1619627 -0.5574246 0.8302612 -1.48658e-5 0.5573747 0.4015033 -3.72979e-4 0.9158575 0.3937758 -0.07832032 -0.9158638 0.401508 -8.06746e-6 -0.9158555 0.3937809 -0.07832008 0.9158618 0.76709 -0.3177371 -0.5573295 0.8142844 -0.1620165 -0.5573971 0.3339708 -0.2231388 -0.9157907 0.3711143 -0.1536845 -0.9157813 0.3339756 -0.2231402 0.9157886 0.690372 -0.4612772 -0.5573239 0.2839277 -0.2839267 -0.9158444 0.2839276 -0.2839273 0.9158441 0.5871189 -0.5871171 0.5573016 0.4612733 -0.6903701 -0.5573295 0.5870977 -0.5870956 -0.5573466 0.2231358 -0.3339682 0.9157924 0.3177393 -0.7670934 -0.5573236 0.2231338 -0.3339659 -0.9157938 0.1536941 -0.3711335 0.9157719 0.07832121 -0.3937779 -0.9158629 0.1536906 -0.3711248 -0.9157761 0.07832169 -0.3937779 0.9158629 1.50809e-5 -0.8302321 -0.557418 0.1620169 -0.8142828 -0.5573995 1.51246e-5 -0.8302624 0.5573728 7.85508e-6 -0.4015207 0.9158499 -0.07831269 -0.3937754 -0.9158647 -4.95619e-4 -0.4014468 -0.9158822 -0.07831281 -0.3937752 0.9158647 -0.3178167 -0.7670364 -0.557358 -0.161963 -0.8142713 -0.5574319 -0.4612094 -0.6904025 -0.5573424 -0.1537142 -0.371115 -0.9157759 -0.4612262 -0.6904276 0.5572972 -0.2232303 -0.3340772 0.9157297 -0.2839196 -0.2839682 -0.9158338 -0.2232268 -0.334075 -0.9157312 -0.2839217 -0.283971 0.9158325 -0.690426 -0.4612741 -0.5572596 -0.587052 -0.5871044 -0.5573853 -0.3339764 -0.2231407 0.9157882 -0.7671314 -0.3177165 -0.5572843 -0.3339742 -0.223141 -0.915789 -0.3711207 -0.1536874 0.9157782 -0.8143499 -0.1620177 -0.5573011 -0.3711148 -0.1536848 -0.915781 -0.3939443 -0.07835215 0.9157888 -0.8302711 -1.46283e-5 -0.5573599 -0.393939 -0.07835167 -0.9157911 -0.4015152 -8.09742e-6 0.9158524 -0.3939415 0.07834529 -0.9157905 -0.401508 -8.06746e-6 -0.9158555 -0.3939444 0.07834589 0.9157891 -0.8143519 0.1620027 -0.5573025 -0.3711223 0.1536883 -0.9157775 -0.3711309 0.153692 0.9157733 -0.7671353 0.3177183 -0.557278 -0.3339767 0.2231416 -0.9157879 -0.3339787 0.2231414 0.9157872 -0.6904267 0.4612744 -0.5572586 -0.2839233 0.2839719 -0.9158316 -0.283928 0.2839766 0.9158287 -0.4612407 0.6904526 -0.5572544 -0.5870469 0.5871383 -0.5573549 -0.4612578 0.6904777 0.5572091 -0.2232313 0.3340823 0.9157274 -0.1537186 0.3711273 -0.9157703 -0.223231 0.3340824 -0.9157276 -0.1537212 0.3711333 0.9157674 -0.1619998 0.8143562 -0.5572973 -0.3177639 0.7671061 -0.5572921 -0.07834345 0.3939452 0.9157891 -0.07834285 0.3939424 -0.9157903 8.28405e-6 0.4015173 0.9158514 8.38759e-7 -1 0 0.1950224 -0.9807989 0 0.1950245 -0.9807984 0 -1.80928e-6 0 -1 0 0 -1 0 0 -1 0 0 -1 2.57002e-7 0 -1 2.76614e-7 0 -1 2.77018e-7 0 -1 2.57261e-7 0 -1 0 0 -1 0 0 -1 0 0 -1 0 0 -1 0 0 -1 0 0 -1 0 0 -1 9.02371e-7 0 -1 1.08204e-6 0 -1 -5.53558e-7 0 -1 -4.38541e-7 0 -1 0 0 -1 1.08227e-6 0 -1 9.14895e-7 0 -1 0 0 -1 1.8095e-6 0 -1 0.5556566 0.831412 0 0.3827056 0.9238704 0 0.3827034 0.9238713 -2.84537e-7 -0.3826068 0.9239113 0 -0.555657 0.8314117 0 -0.5556579 0.8314111 0 -0.1950648 -0.9807904 0 -8.48291e-7 -1 0 0.7067216 0.7074918 0 0.5556583 0.8314108 0 -0.1951335 0.9807768 0 -0.3826057 0.9239118 0 -0.3824339 -0.9239829 0 -0.1950665 -0.9807901 0 0.8313828 0.5557003 0 0.7067224 0.707491 0 -8.48291e-7 1 0 -0.1951318 0.980777 0 -0.5556887 -0.8313905 0 -0.3824352 -0.9239824 0 0.9239804 0.3824399 0 0.8313838 0.5556987 0 -0.7071465 -0.7070671 0 -0.5556898 -0.8313897 0 0.9808113 0.1949595 1.89651e-7 0.9239816 0.3824371 0 -0.8314928 -0.5555357 -1.19525e-7 -0.7071477 -0.7070659 0 1 8.00635e-7 0 0.9808118 0.1949573 0 -0.9238731 -0.3826991 0 -0.8314938 -0.5555342 0 0.9808016 -0.1950088 0 1 -8.00635e-7 0 -0.9807373 -0.1953321 0 -0.9238737 -0.3826975 4.32423e-7 0.9239047 -0.3826228 0 0.9808011 -0.1950111 0 -1 -7.57744e-7 0 -0.9807376 -0.1953305 0 0.8313838 -0.5556989 0 0.9239035 -0.3826256 0 -0.9807769 0.1951326 0 -1 7.57744e-7 0 0.7071124 -0.7071012 0 0.8313828 -0.5557003 0 -0.9238563 0.3827396 0 -0.9807766 0.1951342 0 0.5556901 -0.8313896 0 0.7071117 -0.707102 0 -0.8314937 0.5555343 0 -0.9238557 0.3827412 0 0.3826245 -0.923904 0 0.5556884 -0.8313907 0 0.1953328 0.980737 0 8.33994e-7 1 0 -0.7071074 0.7071062 0 -0.8314927 0.5555356 1.19525e-7 0.3826223 -0.9239049 0 0.1953349 0.9807366 0 -0.7071065 0.7071072 0 -0.1950526 0 -0.9807929 9.46779e-6 0.1291313 -0.9916276 -0.1934216 0.1291138 -0.972583 0.1951181 0 -0.9807798 0.3795045 0.1291411 -0.9161326 0.1934752 0.129102 -0.972574 0.3826906 0 -0.9238767 0.5508936 0.1290751 -0.8245337 0.5555405 0 -0.8314895 0.701186 0.129086 -0.7011955 0.7071 0 -0.7071135 0.8245158 0.1290752 -0.5509203 0.8314686 0 -0.5555717 0.9161615 0.1290742 -0.3794577 0.9238919 0 -0.3826539 0.9725782 0.1290968 -0.1934571 0.980782 0 -0.1951072 0.9916391 0.1290431 8.67637e-7 1 0 -1.73492e-6 0.9725779 0.1290968 0.1934589 0.9807826 0 0.1951037 0.9161608 0.1290742 0.3794593 0.9238932 0 0.3826505 0.8245148 0.1290751 0.5509219 0.8314707 0 0.5555686 0.7011654 0.1290936 0.7012147 0.7070778 0 0.7071359 0.5508841 0.1291305 0.8245314 0.5555359 0 0.8314926 0.3795132 0.1291536 0.9161272 0.3827175 0 0.9238654 0.1934741 0.1291019 0.9725742 0.1951203 0 0.9807794 8.31352e-6 0.1291313 0.9916276 1.15342e-6 0 1 -0.1934655 0.1291218 0.9725732 -0.1951023 0 0.980783 -0.3795135 0.1291417 0.9161288 -0.3826999 0 0.9238728 -0.5508865 0.1290742 0.8245387 -0.5555331 0 0.8314945 -0.7011912 0.129087 0.7011901 -0.7071055 0 0.7071081 -0.8245227 0.1290791 0.5509092 -0.8314799 0 0.5555549 -0.916149 0.1291006 0.3794788 -0.923877 0 0.3826897 -0.9725834 0.1290881 0.1934366 -0.9807896 0 0.1950688 -0.9916276 0.1291304 7.89996e-6 -1 0 1.73013e-6 -0.9725829 0.129113 -0.1934231 -0.9807934 0 -0.1950496 -0.9161422 0.1290747 -0.379504 -0.9238744 0 -0.3826957 -0.8245115 0.1290735 -0.5509274 -0.8314674 0 -0.5555736 -0.7011899 0.1290869 -0.7011913 -0.7071081 0 -0.7071055 -0.5509259 0.1290737 -0.8245125 -0.5555766 0 -0.8314654 -0.3795026 0.1290748 -0.9161428 0.1634703 0.9557325 -0.2446488 0.1462866 0.9240947 -0.3530567 0.2123546 0.9240846 -0.3177627 -1.15342e-6 0 -1 -0.3826987 0 -0.9238732 -0.3821671 0.9240933 9.06428e-7 -0.5673726 0.8156922 -0.1128483 -0.374826 0.9240923 -0.07455915 0.2446255 0.9557433 0.1634421 0.2702056 0.9240981 0.2702436 0.2080405 0.9557397 0.2080405 -0.2081089 0.9557082 0.2081167 -0.3177374 0.9241088 0.2122878 -0.244731 0.9557012 0.1635296 -0.1634619 0.9557281 -0.2446711 -0.1462805 0.9240925 -0.3530654 -0.1126469 0.9557123 -0.2718913 0.2942081 0.9557414 0 0.3748589 0.9240816 -0.0745247 0.3822084 0.9240763 0 3.30015e-6 0.9556983 0.2943482 -0.07456839 0.9240956 0.3748159 -0.05741786 0.9557071 0.2886647 -0.2886558 0.9557093 -0.05742567 -0.353095 0.924088 -0.1462383 -0.271918 0.9557067 -0.1126304 0.2702056 0.924099 -0.2702406 0.2080509 0.955739 -0.2080333 0.1634571 0.9557436 0.2446137 0.2123578 0.9240822 0.3177681 -0.2719364 0.9557014 0.1126303 -0.353096 0.9240876 0.1462378 -0.07457 0.9241011 -0.3748019 -0.05737406 0.9557331 -0.2885871 0.3748589 0.9240816 0.0745247 0.2885578 0.9557404 0.05739986 -0.1126515 0.9557043 0.2719172 -0.1462903 0.9240891 0.35307 -0.3177373 0.9241088 -0.2122878 -0.2447272 0.9557021 -0.1635306 0.2446254 0.9557432 -0.163442 0.3177325 0.9240975 -0.2123439 0.1462897 0.9240938 0.353058 0.1126098 0.9557082 0.2719209 -0.2886539 0.95571 0.05742371 -0.3748275 0.9240916 0.07455927 0.05739003 0.9557113 -0.2886562 4.39023e-6 0.9240937 -0.3821661 0.07456105 0.924092 -0.3748263 3.29977e-6 0.9556983 -0.2943482 0.3530774 0.9240973 0.1462212 0.2718009 0.9557456 0.1125814 -0.1634883 0.9557177 0.2446947 -0.2123337 0.9240836 0.31778 -0.2081214 0.9557111 -0.2080907 -0.270205 0.924097 -0.2702482 0.2718598 0.955726 -0.1126056 0.3530774 0.9240973 -0.1462212 0.05741727 0.9557061 0.2886679 0.07456105 0.924092 0.3748263 -0.2943049 0.9557116 1.44305e-6 0.1125912 0.9557334 -0.27184 0.3177325 0.9240975 0.2123439 -0.2702054 0.9240973 0.2702469 -0.2123338 0.9240849 -0.3177762 0.2885578 0.9557404 -0.05739986 6.08049e-6 0.924093 0.3821678 -0.4350487 0.8962379 -0.08654713 3.26116e-6 0.8962385 0.4435726 0.435045 0.8962371 -0.08657324 -0.2464299 0.8962342 -0.3688312 -0.246432 0.8962447 0.3688045 -0.3136882 0.8962264 0.3136528 0.368827 0.8962342 0.2464365 0.1697207 0.8962206 -0.4098579 0.182286 0.3568201 -0.9162158 2.72841e-5 0.7212783 -0.6926454 0.1351538 0.721301 -0.6793074 -0.4436004 0.8962248 -1.05162e-5 0.1697262 0.8962198 0.4098576 0.08653724 0.896225 0.435077 0.3688691 0.8962262 -0.2464029 0.4098259 0.8962288 -0.1697548 -0.3688191 0.8962355 -0.246444 -0.3137178 0.8962197 -0.3136423 -0.1697611 0.8962382 0.409803 0.4350401 0.8962438 0.08652883 0.4097958 0.8962455 0.1697396 5.03551e-5 0.8962452 -0.4435592 0.08650076 0.8962147 -0.4351055 -0.4098054 0.8962392 0.1697497 -0.4350358 0.8962424 0.08656543 0.2464082 0.8962258 0.3688662 0.3136745 0.8962232 -0.3136757 -0.9341894 0.3567774 -4.5306e-7 -0.6793705 0.7212517 -0.1350988 -0.9162497 0.3567686 -0.1822162 0.1822842 0.3568201 0.9162161 -1.51655e-6 0.7212841 0.6926394 -1.08107e-6 0.3567889 0.934185 0.8632451 0.3568622 -0.3570117 0.6825657 0.7182958 -0.134742 0.9184213 0.3516443 -0.1812421 -0.5190193 0.3567613 -0.7767499 -0.4897654 0.7212908 -0.4897648 -0.3848089 0.7212588 -0.5759409 -0.6605628 0.3568152 0.6605602 -0.3848265 0.72126 0.5759277 -0.4897467 0.7213057 0.4897614 0.8630869 0.3567778 0.3574783 0.5758941 0.7212865 0.3848271 0.77674 0.3568091 0.5190012 -0.4098134 0.896232 -0.169769 -0.08653432 0.8962255 0.4350769 0.4435617 0.8962439 0 -0.1697817 0.8962185 -0.4098374 -0.3688211 0.8962368 0.2464362 0.3136707 0.8962246 0.3136755 0.2464486 0.896223 -0.3688463 -0.6399079 0.7212888 -0.2650667 -0.8630787 0.356765 -0.3575108 -0.1822709 0.3568192 0.9162192 -0.1351405 0.7212935 0.6793178 0.9361526 0.3515913 -0.00137937 0.6957648 0.718269 -0.00101006 -0.3575044 0.3568035 -0.8630654 -0.2650453 0.7213137 -0.6398888 -0.7767564 0.3567622 0.5190089 -0.5759245 0.7212538 0.3848431 0.4897761 0.7212862 0.4897606 0.6605424 0.3568117 0.6605826 0.3575016 0.3567923 -0.8630713 0.3848046 0.7212752 -0.5759232 0.5189747 0.3568077 -0.7767583 -0.6793548 0.721264 0.1351127 -0.6926534 0.7212706 1.21444e-6 0.357517 0.3567867 0.863067 0.1351538 0.721301 0.6793074 0.575905 0.7212846 -0.3848143 0.6399456 0.721253 -0.2650731 -0.7767488 0.356761 -0.519021 -0.660573 0.3567737 -0.6605725 -0.3575107 0.35679 0.8630685 -0.5189673 0.356813 0.7767608 0.9163172 0.3568415 0.1817328 0.6399456 0.7212533 0.2650724 4.88179e-6 0.3567831 -0.9341873 -0.1351212 0.7212975 -0.6793175 -0.8630893 0.3567489 0.3575013 -0.9162462 0.3567702 0.1822305 0.518973 0.3567728 0.7767756 0.2650607 0.7212536 0.63995 0.6605651 0.3567852 -0.6605741 0.7767415 0.3568099 -0.5189985 -0.5759334 0.7212571 -0.3848233 -0.2650672 0.7212486 0.639953 0.679363 0.7212522 0.1351343 -0.1822144 0.35677 -0.9162495 -0.6399219 0.7212779 0.2650626 0.384827 0.7212564 0.5759318 0.489768 0.7212788 -0.4897797 -0.08655017 0.8962215 -0.4350818 1.87858e-5 0 1 -0.1950743 0 0.9807885 -0.1950687 0 0.9807896 0.4809181 0.8157114 0.3214544 0.4090523 0.8156841 0.4090669 -0.5344622 0.8156803 -0.2213952 0.3214691 0.8156507 0.4810109 -0.4809913 0.8157019 -0.3213691 0.2214609 0.8156703 0.5344502 0.1128456 0.8156921 -0.5673732 -0.4090517 0.8156826 -0.4090704 0.1128456 0.8156921 0.5673732 0.2214609 0.8156703 -0.5344502 -0.3214281 0.8156478 -0.4810433 1.00391e-5 0.8157171 0.5784512 0.3214691 0.8156507 -0.4810109 -0.2214211 0.8156658 -0.5344738 -0.1128627 0.815694 0.5673671 0.4090523 0.8156841 -0.4090669 -0.1128419 0.8156991 -0.567364 -0.221449 0.8156689 0.5344573 0.4809181 0.8157113 -0.3214544 0 0.8157184 -0.5784495 -0.3214281 0.8156478 0.4810433 0.5344541 0.8156947 -0.2213617 -0.4090517 0.8156826 0.4090704 0.5673995 0.8156749 -0.1128376 -0.4809913 0.8157019 0.3213691 0.5785298 0.8156613 0 -0.5344622 0.8156803 0.2213952 0.5673995 0.8156749 0.1128376 -0.5673726 0.8156922 0.1128483 0.5344541 0.8156947 0.2213617 -0.5784521 0.8157165 0 -0.5555845 0 0.8314601 -0.7071237 0 0.7070899 -0.7071281 0 0.7070855 0.5556437 0 -0.8314206 0.7071242 0 -0.7070895 0.7071209 0 -0.7070927 -0.3827064 0 -0.92387 -0.1950375 0 -0.9807958 -0.1950424 0 -0.9807949 -0.3827503 0 0.9238518 -0.3827461 0 0.9238536 0.8313945 0 -0.5556828 0.8313924 0 -0.5556858 2.63807e-6 0 -1 -2.54752e-6 0 -1 -0.555583 0 0.8314611 -0.5555797 0 0.8314633 0.9238768 0 -0.3826901 0.9238747 0 -0.3826954 -0.7071244 0 0.7070892 -0.707122 0 0.7070916 0.9807946 0 -0.1950435 0.9807935 0 -0.1950493 -0.8314762 0 0.5555605 -0.8314741 0 0.5555635 1 0 2.52854e-6 1 0 -2.65484e-6 -0.923872 0 0.3827017 -0.9238699 0 0.3827069 0.9807937 0 0.1950486 0.9807946 0 0.1950442 -0.9807959 0 0.1950373 -0.9807948 0 0.1950428 0.9238747 0 0.3826951 0.9238766 0 0.3826906 -1 0 -2.58803e-6 -1 0 2.58803e-6 0.8313915 0 0.5556873 0.831395 0 0.555682 -0.9807949 0 -0.1950423 -0.9807958 0 -0.1950376 0.7071213 0 0.7070924 0.7071249 0 0.7070888 -0.9238699 0 -0.3827067 -0.9238718 0 -0.3827022 0.5556444 0 0.8314201 0.5556474 0 0.8314182 -0.8314732 0 -0.5555651 -0.8314767 0 -0.5555597 0.382774 0 0.9238421 0.3827786 0 0.9238401 0.1950425 0 -0.9807948 0.1950373 0 -0.9807959 -0.7071213 0 -0.7070924 -0.7071257 0 -0.7070879 0.1950375 0 0.9807958 0.1950424 0 0.9807949 0.3827786 0 -0.9238401 0.382774 0 -0.9238421 -0.5555788 0 -0.8314639 -0.5555835 0 -0.8314608 1.37861e-5 0 1 0.5556487 0 -0.8314173 -0.382701 0 -0.9238724 -0.4496738 0.8735348 0.186361 -0.3417785 0.9373142 0.0680409 -0.4774349 0.8735182 0.09498322 0.9238757 0 -0.3826927 0.9807936 0 -0.1950486 0.9807944 0 -0.1950451 -0.8314746 0 0.5555629 -0.8314778 0 0.5555582 1 0 -2.60229e-6 1 0 1.43221e-6 -0.9238702 0 0.3827062 -0.9238726 0 0.3827002 0.9807943 0 0.1950453 0.9807935 0 0.1950497 -0.9807951 0 0.1950412 -0.9807959 0 0.1950369 0.9238771 0 0.3826894 0.923875 0 0.3826946 -1 0 2.58791e-6 -1 0 -1.42502e-6 0.8313957 0 0.5556809 0.8313926 0 0.5556855 -0.9807955 0 -0.1950389 -0.9807948 0 -0.1950425 0.7071245 0 0.7070891 0.7071216 0 0.7070921 -0.9238713 0 -0.3827034 -0.9238707 0 -0.3827048 0.5556468 0 0.8314186 0.5556434 0 0.8314208 -0.831478 0 -0.5555577 -0.8314766 0 -0.5555598 0.3827797 0 0.9238396 0.3827751 0 0.9238417 2.00408e-6 0 -1 0.195039 0 -0.9807955 0.195042 0 -0.980795 -0.7071245 0 -0.7070891 -0.7071232 0 -0.7070905 0.1950416 0 0.980795 0.1950367 0 0.980796 0.3827747 0 -0.9238417 0.3827776 0 -0.9238407 -0.5555819 0 -0.8314618 -0.5555818 0 -0.8314619 1.79795e-5 0 1 1.43073e-5 0 1 0.5556434 0 -0.8314208 0.5556468 0 -0.8314186 -0.3827048 0 -0.9238707 -0.3827036 0 -0.9238713 -0.1950694 0 0.9807895 -0.1950731 0 0.9807887 0.7071216 0 -0.7070921 0.7071245 0 -0.7070891 -0.195042 0 -0.980795 -0.195039 0 -0.9807955 -0.3827451 0 0.923854 0.8313946 0 -0.5556826 0.831396 0 -0.5556804 -2.00408e-6 0 -1 -0.5555779 0 0.8314645 0.9238748 0 -0.382695 1 0 7.72115e-7 0.9808067 0 0.194983 0.9808064 0 0.1949846 0.477417 0.8735314 0.0949527 0.3219959 0.9373059 0.1333284 0.449631 0.8735806 0.1862495 -0.4868202 0.8735022 0 -0.348506 0.9373067 0 0.2897884 0.9373008 0.1936234 0.40473 0.8735307 0.2704399 -0.3417932 0.9373103 -0.06802052 -0.4774349 0.8735182 -0.09498327 0.3442 0.8735231 0.3442145 0.2464423 0.9373027 0.2464343 -0.4496825 0.8735307 -0.1863598 -0.3219494 0.9373096 -0.1334146 0.1936185 0.937305 0.2897781 0.2704653 0.873541 0.4046908 -0.4047137 0.8735591 -0.2703726 -0.2898017 0.9373031 -0.1935919 0.1332789 0.9374173 0.3216919 0.1862674 0.8735437 0.4496953 0.09486347 0.8735739 -0.4773571 4.84653e-6 0.937285 -0.3485642 0.06806713 0.9372869 -0.341848 -0.2464374 0.9373126 -0.2464017 -0.3442208 0.8735336 -0.3441673 0.09486347 0.8735738 0.4773571 0.06806713 0.9372869 0.341848 0.1332321 0.937468 -0.3215637 0.1863216 0.8736968 -0.4493755 -0.2704329 0.8735328 -0.4047302 -0.1935834 0.9373185 -0.2897579 4.84653e-6 0.937285 0.3485642 8.90438e-6 0.8735407 0.4867511 0.2704654 0.8735411 -0.4046908 0.1936185 0.937305 -0.2897781 -0.1332914 0.9374316 -0.321645 -0.1862455 0.8735198 -0.4497507 -0.0680204 0.9372951 0.3418353 -0.09487336 0.8735702 0.477362 0.344367 0.8735814 -0.3438996 0.2464423 0.9373027 -0.2464343 -0.0680204 0.9372951 -0.3418353 -0.09492903 0.873553 -0.4773821 -0.1862674 0.8735344 0.4497136 -0.1333023 0.9374235 0.3216643 0.289753 0.9373031 -0.1936651 0.4047341 0.8735244 -0.2704539 2.06109e-5 0.8735451 -0.4867432 -0.2704335 0.873532 0.4047315 -0.1936187 0.9373056 0.2897757 0.321984 0.9373092 -0.1333336 0.4496403 0.8735748 -0.1862543 -0.3442245 0.8735318 0.3441684 -0.2464892 0.9373068 0.2463717 0.4774208 0.8735295 -0.09495067 0.3418104 0.9373121 -0.06791067 -0.4047117 0.8735621 0.270366 -0.2898315 0.9373031 0.1935474 0.4867526 0.87354 0 0.348506 0.9373067 0 -0.3219454 0.9373125 0.1334039 0.341804 0.9373121 0.06794297 0.1522649 -0.6252912 0.765393 0.253643 -0.7487651 0.6123856 0.1293378 -0.7485871 0.6502993 -0.1950855 1.22638e-7 -0.9807863 -0.3827129 0 -0.9238674 9.12447e-6 -0.1291301 -0.9916278 0.1919865 -0.1781904 -0.9650852 2.73071e-5 -0.1770015 -0.9842106 2.05435e-5 0 -1 0.2986226 -0.625241 0.7210398 0.3683773 -0.7485855 0.5512876 -0.5555655 0 -0.8314729 0.4333338 -0.6250678 0.6492396 0.4687275 -0.7487162 0.4687415 -0.7071068 0 -0.7071068 0.5518831 -0.6251903 0.5518716 0.550944 -0.7489579 0.3681342 -0.8314729 0 -0.5555654 0.6488891 -0.6252872 0.4335425 0.6123973 -0.7487461 0.2536706 -0.9238674 0 -0.3827129 0.7210056 -0.6252592 0.298667 0.6502445 -0.7486394 0.1293105 -0.9807863 0 -0.1950854 0.7654308 -0.6252465 0.1522582 0.6629141 -0.7486955 0 -1 0 2.02957e-5 0.7654308 -0.6252466 -0.1522582 0.7804541 -0.6252133 0 -0.9807896 0 0.1950689 0.7210056 -0.6252592 -0.298667 0.6499727 -0.7489635 -0.1287984 -0.9238744 0 0.3826959 0.6488891 -0.6252871 -0.4335425 0.6122344 -0.749068 -0.253113 -0.8314762 0 0.5555604 0.5518831 -0.6251903 -0.5518716 0.550944 -0.7489578 -0.3681342 -0.7071067 0 0.7071068 0.4333338 -0.6250679 -0.6492395 0.4684644 -0.7490389 -0.4684889 -0.5555386 0 0.8314908 0.2986225 -0.6252409 -0.7210398 0.3686064 -0.7488299 -0.5508024 -0.3827262 0 0.9238619 0.1522649 -0.6252912 -0.7653929 0.2536517 -0.7487617 -0.6123862 -0.1951045 1.95217e-7 0.9807825 9.27107e-6 -0.6252307 -0.78044 0.1293128 -0.7488129 -0.6500443 2.05423e-5 1.20137e-7 1 -0.1293445 -0.7487507 -0.6501095 -1.83454e-5 -0.7490031 -0.6625666 0.1950823 0 0.9807869 -0.1522821 -0.6252967 -0.7653852 -0.2536638 -0.7487613 -0.6123815 0.3827015 0 0.9238722 -0.2986486 -0.6252145 -0.7210519 -0.3683712 -0.7485998 -0.5512721 0.5555604 0 0.8314762 -0.551822 -0.6252648 -0.5518484 -0.4336087 -0.625221 -0.6489086 0.707096 0 0.7071176 -0.6488742 -0.6252923 -0.4335573 -0.4686027 -0.7488944 -0.4685816 0.8314766 0 0.5555598 -0.612275 -0.7488749 -0.2535859 -0.551172 -0.7487083 -0.3683007 0.9238853 0 0.3826695 -0.721 -0.6252894 -0.2986172 -0.6498681 -0.748969 -0.1292937 0.9807863 0 0.1950854 -0.7803814 -0.6253039 0 -0.7654976 -0.6251628 -0.1522657 1 0 0 -0.6498681 -0.7489691 0.1292937 -0.6627935 -0.7488021 -4.84288e-4 0.9807863 0 -0.1950854 -0.721 -0.6252894 0.2986172 -0.7654976 -0.6251628 0.1522657 0.9238853 0 -0.3826695 -0.6488742 -0.6252924 0.4335573 -0.612275 -0.7488749 0.2535859 0.8314766 0 -0.5555599 -0.4686222 -0.7488932 0.4685642 -0.551172 -0.7487083 0.3683007 0.7071014 0 -0.7071121 -0.551827 -0.6252719 0.5518354 -0.3682664 -0.7487127 0.5511889 0.5555454 0 -0.8314862 -0.4335616 -0.6252818 0.6488814 -0.2536612 -0.7487672 0.6123754 0.382713 0 -0.9238673 -0.1522821 -0.6252967 0.7653852 -0.2986552 -0.6252111 0.7210521 0.1950824 0 -0.9807869 9.27107e-6 -0.6252307 0.78044 -1.83454e-5 -0.7490031 0.6625666 0.1934747 -0.1291008 -0.9725742 0.3795039 -0.1291399 -0.916133 0.550893 -0.129074 -0.8245344 0.7011853 -0.1290848 -0.7011964 0.8245155 -0.1290741 -0.5509212 0.9161612 -0.129073 -0.3794588 0.9725782 -0.1290957 -0.1934581 0.9916392 -0.129042 0 0.9725782 -0.1290957 0.193458 0.9161612 -0.1290732 0.3794587 0.8245157 -0.1290739 0.550921 0.7011663 -0.1290925 0.7012139 0.5508849 -0.1291294 0.824531 0.3795142 -0.1291525 0.916127 0.1934743 -0.1291008 0.9725743 8.61915e-6 -0.1291301 0.9916278 -0.193465 -0.1291206 0.9725735 -0.3795129 -0.1291406 0.9161292 -0.5508858 -0.129073 0.8245393 -0.7011906 -0.1290858 0.7011908 -0.8245223 -0.129078 0.5509103 -0.9161487 -0.1290994 0.3794797 -0.9725834 -0.1290869 0.1934375 -0.9916278 -0.1291293 8.80984e-6 -0.9725832 -0.1291118 -0.1934222 -0.9161427 -0.1290736 -0.3795034 -0.8245123 -0.1290723 -0.5509266 -0.7011908 -0.1290858 -0.7011906 -0.5509267 -0.1290726 -0.8245121 -0.3795034 -0.1290737 -0.9161425 -0.1934221 -0.1291127 -0.9725831 0 1 -3.0499e-6 0 1 -1.84065e-5 0 -1 3.32802e-5 0 -1 0 0 -1 0 0 1 -2.25706e-5 0 1 0 0 -1 -2.49479e-6 0 -1 -7.86855e-6 0 -1 0 0 1 3.60265e-6 0 1 0 0 -1 -4.43413e-6 0 -1 0 0 1 1.05044e-5 0 -1 9.07977e-6 0 -1 3.15083e-5 0 1 1.36982e-5 0 1 0 0 -1 -1.23493e-5 0 -1 1.16598e-5 0 -1 3.04967e-6 0 -1 1.57776e-5 0 1 -3.0877e-5 0 1 0 0 -1 1.72508e-5 0 -1 0 0 -1 5.88853e-6 0 -1 -2.35879e-5 0 -1 -2.02178e-5 0 1 8.73682e-6 0 1 -2.6257e-5 0 -1 1.20477e-5 0 -1 5.26387e-6 0 -1 1.94281e-5 0 -1 2.10339e-5 0 1 -4.63713e-6 0 1 1.05277e-5 0 -1 4.03048e-6 0 -1 4.02548e-6 0 -1 0 0 -1 5.90516e-6 0 1 5.18053e-6 0 1 -5.25796e-6 0 -1 1.31475e-5 0 -1 5.74363e-6 0 -1 2.30004e-5 0 1 5.54396e-7 0 1 5.24956e-6 0 -1 8.5037e-6 0 -1 -5.88853e-6 0 -1 -1.58567e-5 0 -1 4.25739e-6 0 1 -5.54396e-7 0 -1 2.35879e-5 0 -1 -5.90516e-6 0 1 -5.24956e-6 0 -1 -1.65559e-5 0.8315135 0 -0.5555048 0.9239103 0 -0.3826096 0.9239072 0 -0.3826167 -0.3824924 0 0.9239587 -0.5556025 0 0.8314481 -0.5555963 0 0.8314523 -0.19514 0 -0.9807754 1.97092e-5 0 -1 1.93094e-5 0 -1 0.7070147 0 -0.7071988 0.8315184 0 -0.5554973 -0.1951089 0 0.9807816 -0.3824967 -4.57951e-7 0.923957 -0.3827756 0 -0.9238415 -0.1951413 0 -0.9807752 0.5554901 0 -0.8315232 0.7070209 0 -0.7071927 1.4781e-5 0 1 -0.1951113 0 0.9807811 -0.5555049 0 -0.8315133 -0.3827806 0 -0.9238394 0.3824924 0 -0.9239587 0.5554963 0 -0.8315191 0.1951016 0 0.9807831 1.52302e-5 0 1 -0.707011 0 -0.7072026 -0.5555129 0 -0.8315079 0.1951234 0 -0.9807788 0.3824967 -4.57951e-7 -0.923957 0.3824971 3.36694e-7 0.9239568 0.1951045 0 0.9807825 -0.8314325 0 -0.5556257 -0.7070197 0 -0.7071939 0.1951262 0 -0.9807782 0.5554596 0 0.8315436 0.3825013 0 0.923955 -0.923922 0 -0.3825809 -0.8314395 0 -0.5556153 0.7070307 0 0.7071828 0.5554659 0 0.8315394 -0.980813 0 -0.1949509 -0.9239246 0 -0.3825745 0.8314993 0 0.5555258 0.7070371 0 0.7071766 -1 0 1.141e-5 -0.9808135 0 -0.1949489 0.923922 0 0.3825809 0.8315045 0 0.5555183 -0.9808131 0 0.1949505 -1 0 1.14785e-5 0.9807822 0 0.195106 0.9239251 0 0.3825736 -0.923903 0 0.3826269 -0.9808135 0 0.1949484 1 0 -5.701e-6 0.9807827 0 0.1951034 -0.8314269 0 0.5556342 -0.9239056 0 0.3826206 0.980779 0 -0.195122 1 0 -5.75522e-6 -0.7070201 0 0.7071935 -0.8314338 0 0.5556239 0.9807795 0 -0.1951195 -0.7070286 0 0.707185 0 -1 -1.44436e-5 0 -1 -1.68947e-5 0 1 -1.05184e-5 0 1 -1.14729e-5 0 -1 -1.57776e-5 0 -1 -1.94281e-5 0 -1 1.68947e-5 0 -1 1.44436e-5 0 1 1.14873e-5 0 1 9.52124e-6 0 -1 0 0 -1 0 0 1 -3.82153e-6 0 1 -6.55382e-6 0 -1 -2.10339e-5 0 -1 -2.30004e-5 0 -1 1.52486e-6 0 1 6.55382e-6 0 1 3.82153e-6 0 -1 -3.32802e-5 0 -1 -3.15083e-5 0 1 -9.52124e-6 0 1 -1.14873e-5 0 -1 -5.74363e-6 0 -1 -4.25739e-6 0 1 -1.10899e-6 0 1 -1.05044e-5 0 1 -1.36982e-5 0 -1 -9.07977e-6 0 -1 -5.26387e-6 0 1 1.14729e-5 0 1 1.05184e-5 0 1 0 0 1 0 0 -1 1.58567e-5 0 -1 1.65559e-5 0 1 3.0493e-6 0 1 3.0877e-5 0 1 2.6257e-5 0 -1 -1.20477e-5 0 -1 -8.5037e-6 0 1 1.836e-5 0 1 2.25778e-5 0 1 -8.73682e-6 0 1 -1.05277e-5 0 1 -2.34975e-5 0 1 -1.69344e-5 0 1 4.63713e-6 0 1 5.25796e-6 0 -1 2.02178e-5 0 1 -4.02548e-6 0 1 -5.18053e-6 -0.9238432 0 0.3827713 -0.9807491 0 0.1952725 -0.9807494 0 0.1952709 0.9239554 0 0.3825004 0.9239547 0 0.382502 -1 0 7.72115e-7 -1 0 -7.72115e-7 0.8314781 0 0.5555576 0.8314769 0 0.5555593 -0.9807668 0 -0.1951836 -0.9807665 0 -0.1951852 0.7071074 0 0.7071062 0.7071061 0 0.7071075 -0.9238219 0 -0.3828226 -0.9238213 0 -0.382824 0.555559 0 0.8314772 0.5555577 0 0.8314781 -0.8315294 0 -0.555481 -0.8315287 0 -0.5554817 0.3827727 0 0.9238427 0.3827718 0 0.923843 3.04174e-5 0 -1 0.1952712 0 -0.9807494 0.195272 0 -0.9807491 -0.7072749 0 -0.7069388 -0.7071399 -7.68529e-6 -0.7070737 0.1952719 0 0.9807492 0.1952714 0 0.9807494 0.3827717 0 -0.923843 0.3827728 0 -0.9238426 -0.5555559 -6.06759e-6 -0.8314793 -0.5555119 -8.03806e-6 -0.8315086 3.03364e-5 0 1 2.97073e-5 0 1 0.5555577 0 -0.8314781 0.555559 0 -0.8314772 -0.3827761 -5.71412e-6 -0.9238412 -0.3829054 0 -0.9237876 -0.1949021 -3.01721e-7 0.9808227 -0.1949029 0 0.9808226 0.7071063 0 -0.7071073 0.7071072 0 -0.7071064 -0.1949028 0 -0.9808226 -0.1949022 2.52268e-7 -0.9808227 -0.3827717 0 0.923843 -0.3827728 0 0.9238426 0.8313969 0 -0.555679 0.8313975 0 -0.5556783 2.96167e-5 0 -1 -0.5555577 0 0.8314781 -0.5555588 0 0.8314773 0.9239336 0 -0.3825532 0.923934 0 -0.382552 -0.7072738 0 0.7069398 -0.7072749 0 0.7069387 0.9808237 0 -0.1948974 0.980824 0 -0.1948959 -0.8316088 0 0.555362 -0.8316098 0 0.5553604 1 0 -7.72115e-7 -0.9238426 0 0.3827728 -0.1950571 0 -0.980792 -0.3826714 0 -0.9238846 -0.382674 0 -0.9238834 -1.96839e-6 0 -1 -0.1950529 0 -0.9807928 -0.3826983 0 -0.9238735 -0.5555757 0 -0.8314661 -0.7071074 0 -0.7071062 -0.831467 0 -0.5555744 -0.9238741 0 -0.3826965 -0.9807933 0 -0.1950505 -1 0 8.24531e-7 -0.9807897 0 0.195068 -0.9238773 0 0.3826889 -0.8314805 0 0.5555541 -0.7071064 0 0.7071073 -0.5555338 0 0.831494 -0.3827 0 0.9238728 -0.1951016 0 0.9807831 1.96839e-6 0 1 0.1951208 0 0.9807792 0.3827173 0 0.9238656 0.5555351 0 0.8314931 0.707077 0 0.7071366 0.8314703 0 0.5555693 0.9238928 0 0.3826514 0.9807486 0 0.1952752 1 0 2.38308e-4 0.9807487 0 -0.1952741 0.9238006 0 -0.3828742 0.8314692 0 -0.5555708 0.7071009 0 -0.7071127 0.5555413 0 -0.8314891 0.3826908 0 -0.9238765 0.1951174 0 -0.9807799 0 -1 -7.11249e-7 0 -1 -8.28771e-7 0 -1 -7.10473e-7 0 -1 -9.00632e-7 0 -1 -1.40134e-6 0 -1 -2.78111e-6 0 -1 9.72073e-7 0 -1 1.65741e-6 0 1 2.25152e-7 0 1 0 0 1 3.50762e-6 0 1 9.00632e-7 0 -1 7.7632e-7 0 -1 -3.55691e-7 0 -1 -4.14216e-7 0 1 0 0 1 1.42249e-6 0 -1 2.58914e-7 0 1 4.14053e-7 0 1 3.5549e-7 0 -1 0 0 1 -2.6376e-6 0 1 3.80214e-6 0 -1 4.14216e-7 0 -1 3.55691e-7 0 1 1.39095e-6 0 -1 -9.72116e-7 0 -1 -1.65726e-6 0 1 1.55339e-7 0 1 1.65713e-6 0 1 -1.55339e-7 0 1 -1.4225e-6 0 -1 3.55689e-7 0 -1 4.14172e-7 0 1 -1.87285e-6 0 1 -3.17749e-6 0 -1 0 0 1 1.5894e-6 0 -1 2.41971e-6 0 -1 3.17884e-6 0 -1 -4.14181e-7 0 -1 -3.55689e-7 0 1 0 0 1 -1.65713e-6 0 -1 0 0 1 -2.5893e-7 0 1 -1.6584e-6 0 -1 -1.06674e-6 0 -1 -1.13877e-6 0 1 0 0 1 3.55614e-7 0 -1 -4.02557e-6 0 1 7.94496e-7 0 -1 0 -1.29637e-6 0 -1 -0.1950544 0 -0.9807924 -0.5555748 0 -0.8314667 -0.5555771 0 -0.831465 -0.7070819 0 -0.7071317 -0.7070839 0 -0.7071297 -0.8314723 0 -0.5555663 -0.831474 0 -0.5555639 -0.9238821 0 -0.3826776 -0.9238831 0 -0.3826751 -0.9807819 0 -0.1951072 -0.9807824 0 -0.1951048 -1 0 -1.22369e-6 -1 0 1.36548e-6 -0.9807825 0 0.1951045 -0.980782 0 0.1951071 -0.9238829 0 0.3826755 -0.9238819 0 0.3826778 -0.8314737 0 0.5555641 -0.8314725 0 0.555566 -0.7070837 0 0.7071298 -0.707082 0 0.7071316 -0.5555772 0 0.831465 -0.555575 0 0.8314665 -0.382674 0 0.9238834 -0.3826714 0 0.9238846 -0.1950571 0 0.980792 -0.1950544 0 0.9807924 -1.29637e-6 0 1 1.29637e-6 0 1 0.1950544 0 0.9807924 0.1950571 0 0.980792 0.3826946 0 0.9238749 0.3826974 0 0.9238739 0.5555956 0 0.8314526 0.555598 0 0.8314511 0.7070819 0 0.7071317 0.7070839 0 0.7071297 0.8314725 0 0.555566 0.8314741 0 0.5555638 0.9238821 0 0.3826774 0.9238831 0 0.3826751 0.9807819 0 0.1951072 0.9807824 0 0.1951048 1 0 1.22369e-6 1 0 -1.36548e-6 0.9807825 0 -0.1951045 0.980782 0 -0.1951071 0.923883 0 -0.3826752 0.9238821 0 -0.3826776 0.8314738 0 -0.555564 0.8314725 0 -0.555566 0.7070837 0 -0.7071298 0.707082 0 -0.7071316 0.5555981 0 -0.831451 0.5555959 0 -0.8314525 0.3826974 0 -0.9238739 0.3826946 0 -0.9238749 0.1950571 0 -0.980792 0.1950544 0 -0.9807924 1.29637e-6 0 -1 0 1 0 0 1 -2.78243e-6 0 1 -3.17958e-6 0 -1 0 0 -1 7.10981e-7 0 -1 2.75654e-6 0 -1 -3.35487e-6 0 -1 0 0 1 0 0 1 -9.00632e-7 0 1 0 0 -1 9.00632e-7 0 -1 3.17958e-6 0 -1 0 0 1 -3.50762e-6 0 1 -3.80214e-6 0 1 -2.25152e-7 0 -1 7.10473e-7 0 -1 7.11249e-7 0 1 -5.42152e-7 0 1 -8.28431e-7 0 1 -1.12572e-6 0 1 -8.88567e-7 0 -1 7.11016e-7 0 1 3.80216e-6 0 1 -1.39095e-6 0 1 -1.5894e-6 0 -1 1.55126e-7 0 -1 1.40134e-6 0 -1 8.28771e-7 0 1 5.91896e-7 0 -1 -4.24676e-6 0 1 2.84793e-7 0 -1 8.28431e-7 0 1 3.50764e-6 0 -1 3.55427e-7 -0.1919255 -0.1780433 -0.9651244 0.5467224 -0.1777032 -0.8182398 0.376632 -0.1772831 -0.9092409 0.6959007 -0.1774017 -0.6958814 0.8181641 -0.1781734 -0.5466827 0.9091847 -0.1776437 -0.3765979 0.9652078 -0.1774777 -0.1920304 0.9840857 -0.1776946 0 0.9652078 -0.1774777 0.1920304 0.9091847 -0.1776437 0.376598 0.8181639 -0.1781734 0.5466828 0.6958265 -0.177761 0.6958639 0.5466613 -0.1777585 0.8182685 0.3766454 -0.1776308 0.9091675 0.1919869 -0.1781904 0.9650852 2.63231e-5 -0.1770015 0.9842106 -0.1919758 -0.1780422 0.9651147 -0.3765739 -0.1772868 0.9092643 -0.5466617 -0.1777567 0.8182686 -0.6958478 -0.1777494 0.6958455 -0.8182502 -0.1775586 0.5467537 -0.9092411 -0.1773499 0.3766002 -0.9652154 -0.1774799 0.1919899 -0.984084 -0.1777037 0 -0.965218 -0.1774799 -0.1919777 -0.9091774 -0.1776273 -0.3766233 -0.8182358 -0.1775591 -0.5467751 -0.6958465 -0.1777498 -0.6958467 -0.5467749 -0.1775584 -0.8182361 -0.3765785 -0.1776245 -0.9091966 0.1823919 -0.3543978 -0.9171344 5.665e-5 -0.3527891 -0.9357029 -0.1024938 -0.8507865 0.5154199 -2.80801e-5 -0.8509396 0.5252636 0.3580939 -0.3528717 -0.8644365 -0.2010192 -0.8509312 0.4852913 -0.1293445 -0.7487507 0.6501095 0.5196077 -0.3537931 -0.7777136 -0.2919654 -0.8507579 0.4369979 0.6615767 -0.3531032 -0.6615396 -0.3715654 -0.8508265 0.3715289 0.7776756 -0.3538642 -0.5196161 -0.4369682 -0.8507663 0.2919856 0.864306 -0.353316 -0.3579707 -0.4852898 -0.8509374 0.2009958 0.9176359 -0.3530384 -0.1825056 -0.5151305 -0.850967 0.102449 0.917636 -0.3530384 0.1825056 0.9351716 -0.3541952 0 -0.5151305 -0.850967 -0.1024491 -0.5257807 -0.8506202 0 0.864306 -0.353316 0.3579707 -0.4852898 -0.8509374 -0.2009959 0.7776756 -0.3538643 0.519616 -0.4369682 -0.8507663 -0.2919856 0.5197253 -0.3535725 0.7777353 0.6614323 -0.3535547 0.6614427 -0.2919548 -0.8507645 -0.4369924 -0.3716246 -0.8507596 -0.3716226 0.3579935 -0.3533455 0.8642845 -0.2010204 -0.8509317 -0.4852896 0.1823919 -0.3543978 0.9171344 -0.1024938 -0.8507865 -0.5154199 5.66503e-5 -0.3527891 0.9357029 -2.80539e-5 -0.8509396 -0.5252636 -0.1825879 -0.3541338 0.9171974 0.1025448 -0.8506227 -0.5156798 -0.3579593 -0.353322 0.8643082 0.201007 -0.8509359 -0.4852879 -0.519726 -0.3535692 0.7777363 0.2920646 -0.8506478 -0.4371461 -0.6614431 -0.353545 0.661437 0.3714734 -0.8508801 -0.3714976 -0.7779313 -0.3531595 0.5197127 0.437266 -0.8505742 -0.2920997 -0.917524 -0.3533404 0.182484 -0.8642992 -0.3533118 0.357991 0.4854487 -0.8508338 -0.2010507 0.5155487 -0.8507068 -0.1025062 -0.9175232 -0.3533369 -0.1824952 -0.9355419 -0.3532159 0 0.5155487 -0.8507068 0.1025063 0.5255237 -0.8507789 0 -0.8643069 -0.3533133 -0.3579712 0.4854487 -0.8508338 0.2010508 -0.7779134 -0.3531741 -0.5197296 0.4372659 -0.8505742 0.2920998 -0.6614422 -0.3535373 -0.6614421 0.3715215 -0.8508487 0.3715215 -0.5197224 -0.3532 -0.7779064 0.2919772 -0.8507353 0.4370343 -0.1825211 -0.3536975 -0.917379 -0.3578823 -0.3539516 -0.8640826 0.1025448 -0.8506227 0.5156797 0.2010906 -0.8507629 0.4855567 -0.0869342 -0.8952382 0.4370252 -0.1705003 -0.8952593 0.4116314 -0.2475522 -0.8952456 0.3704773 -0.3150448 -0.8952599 0.3150501 -0.3704847 -0.8952444 0.2475451 -0.4117156 -0.8952121 0.1705458 -0.4370701 -0.8952162 0.08693611 -0.4455271 -0.8952685 0 -0.4370614 -0.8952205 -0.08693432 -0.4117155 -0.895212 -0.1705458 -0.3704954 -0.895238 -0.2475524 -0.3150448 -0.8952599 -0.3150503 -0.2475488 -0.8952486 -0.3704723 -0.1705003 -0.8952593 -0.4116314 -0.08693933 -0.8952251 -0.4370511 9.65891e-6 -0.8952546 -0.445555 0.08694386 -0.8952224 -0.4370555 0.1704559 -0.8952803 -0.4116043 0.2475523 -0.8952469 -0.370474 0.3150639 -0.8952569 -0.3150392 0.3704838 -0.8952476 -0.2475348 0.4116175 -0.8952632 -0.1705136 0.4369527 -0.8952741 -0.08692896 0.4455359 -0.8952642 0 0.4369488 -0.8952762 0.08692818 0.4116209 -0.8952614 0.170515 0.3704808 -0.8952494 0.2475328 0.3150639 -0.8952569 0.3150392 0.2475482 -0.8952507 0.3704677 0.1704559 -0.8952802 0.4116044 0.08694684 -0.8952146 0.437071 9.65891e-6 -0.8952546 0.445555 -0.5758937 0.8175246 -5.07894e-6 -0.5648087 0.8175403 -0.1123355 7.96848e-7 0.8175325 0.5758824 0.1123557 0.8175113 0.5648466 0.5648713 0.8174919 -0.1123728 0.5320495 0.8175285 -0.2203878 -0.3199517 0.8175175 -0.4788488 -0.4071738 0.817575 -0.4071617 -0.407195 0.8175394 0.407212 -0.3199855 0.8175017 0.4788531 0.53212 0.8174757 0.2204125 0.2203776 0.8174862 -0.5321184 0.1123557 0.8175113 -0.5648466 -0.5648201 0.8175312 0.1123439 0.2203705 0.8175261 0.53206 0.4788805 0.817488 -0.3199794 -0.4787977 0.8175578 -0.3199253 -0.2203683 0.8175248 0.5320632 0.5648877 0.8174821 0.1123611 3.2761e-5 0.81753 -0.575886 -0.1123965 0.8175039 -0.5648491 -0.5319962 0.8175684 0.220368 0.3199585 0.8174844 0.4789007 0.4072613 0.8174822 -0.4072603 -0.5319888 0.8175684 -0.2203855 -0.1123569 0.8175027 0.5648587 0.57594 0.8174921 0 -0.2203592 0.8175277 -0.5320626 -0.4787974 0.8175535 0.3199365 0.4072879 0.8174591 0.4072805 0.3199802 0.8174747 -0.4789029 0.4788828 0.8174745 0.3200106 0.2650621 0.7212536 -0.6399496 0.5897541 0.799027 0.1172437 -0.555481 0.7990427 0.2301563 0.5897541 0.7990269 -0.1172437 0.6012119 0.7990897 0 -0.4998953 0.7990972 0.3339886 0.5554577 0.7990792 -0.2300853 -0.3340451 0.7990462 0.4999392 -0.4251927 0.7990286 0.4251644 -0.23015 0.7990337 0.5554965 -0.11726 0.7991257 -0.5896172 2.44079e-5 0.7991042 -0.6011928 0.4999136 0.7990159 -0.3341556 -0.1172227 0.7991318 0.5896161 -0.2300763 0.7990598 -0.5554893 0.3340959 0.7990387 -0.4999173 0.425194 0.7990309 -0.4251584 1.00042e-5 0.7991198 0.6011719 -0.3340451 0.7990462 -0.4999392 0.1172026 0.7991263 -0.5896276 0.2301608 0.7990288 -0.5554988 0.1172026 0.7991263 0.5896276 -0.4998953 0.7990972 -0.3339885 -0.4251927 0.7990286 -0.4251644 0.3340959 0.7990387 0.4999173 0.2301608 0.7990288 0.5554988 -0.555481 0.7990427 -0.2301563 0.4999136 0.7990159 0.3341556 0.425194 0.7990309 0.4251584 -0.6013522 0.7989841 0 -0.5897709 0.7990095 -0.1172783 0.5554577 0.7990792 0.2300853 -0.5897709 0.7990095 0.1172783 6.17327e-7 0 -1 1.34577e-6 0 -1 1.93881e-5 0 -1 -4.98335e-7 0 -1 -1.50024e-5 0 -1 8.23749e-7 0 -1 4.97633e-7 0 -1 1.49952e-5 0 -1 1.92627e-5 0 -1 4.98247e-7 0 -1 1.50096e-5 0 -1 -2.9639e-7 0 1 0.996504 0.08354485 0 0.1939996 0.9810016 0 0.01316577 -0.1609984 -0.9868669 0 0 1 -0.9235287 0.3835296 0 -0.2701091 0.9628298 0 -0.6611682 -0.6741203 -0.3292697 -0.02675318 -0.9795905 -0.1992154 -0.8730599 -0.4791136 0.09064567 -0.02678161 -0.9794977 0.1996675 -0.6610215 -0.6740982 0.3296094 0.3194147 -0.7862714 0.5289155 0.1498954 -0.9887019 0 0.04167759 -0.9991312 0 0.9041376 -0.4272417 0 0.02839457 -0.05803614 0.9979106 1.42639e-7 0 -1 0.9765109 0.2154684 0 -0.03889232 0.174484 0.9838917 0 0 -1 -0.7685606 -0.6397771 0 0.02739089 -0.9996249 0 -0.8396405 0.4527078 0.3000991 -0.3170258 0.9311399 0.1802032 -0.9765228 0.1991263 -0.08217126 -0.3170275 0.931181 -0.1799879 -0.8399406 0.4526358 -0.2993671 0.07405728 0.8687845 -0.4896216 -0.1496933 0.9887326 0 -0.2562221 0.966618 0 0.7368931 0.6760093 0 -0.9994255 -0.03389364 0 0.01100134 0.07082927 -0.9974279 -0.9596781 -0.2811016 3.38996e-7 0.9803453 0.1972898 6.62841e-7 -0.9703718 -0.2416165 -5.1398e-7 0.9706168 0.2406305 -3.82152e-7 0.8820127 0 -0.4712257 -0.4712813 0 0.8819831 -0.9988383 0 0.0481891 -0.9988543 0 -0.04785388 -0.001157879 -0.9999824 -0.005818963 -1.28218e-7 -0.9999825 -0.005930006 -1.71238e-7 -0.9999824 -0.005932748 0.001158118 -0.9999824 -0.005817294 0.002270579 -0.9999824 -0.005480527 0.001157045 -0.9999825 -0.005821466 0.003296613 -0.9999825 -0.004934728 0.002269864 -0.9999824 -0.005483925 0.004195034 -0.9999824 -0.004196941 0.003297209 -0.9999825 -0.004935443 0.004932165 -0.9999824 -0.003295242 0.004195392 -0.9999825 -0.004196047 0.003823995 -0.9999915 -0.001581132 0.004932284 -0.9999824 -0.003296136 0.005481004 -0.9999824 -0.002268791 0.005818963 -0.9999825 0.001158535 0.005480647 -0.9999824 0.002271056 0.004932403 -0.9999824 0.003295719 0.004195034 -0.9999825 0.004196107 0.004195392 -0.9999825 0.004195094 0.003296911 -0.9999824 0.004933357 0.003297209 -0.9999825 0.004934847 0.002270996 -0.9999825 0.005480706 0.002271592 -0.9999824 0.005482077 0.001157343 -0.9999824 0.005819797 0.001157522 -0.9999825 0.005822181 0 -0.9999824 0.005932748 1.44807e-7 -0.9999825 0.005934953 -0.00115776 -0.9999825 0.005821287 -0.001158535 -0.9999824 0.005822539 -0.00227046 -0.9999824 0.005480468 -0.002271056 -0.9999824 0.005483627 -0.003072857 -0.9999824 0.005083501 -0.003782868 -0.9999822 0.004610896 -0.00329715 -0.9999825 0.004936218 -0.003072261 -0.9999824 -0.005084633 -0.002270698 -0.9999824 -0.005482554 -0.002269804 -0.9999825 -0.005485713 -0.001156985 -0.9999825 -0.005821108 -0.00329715 -0.9999825 -0.004935979 -0.003782868 -0.9999822 -0.004610419 0.004931211 -0.9999824 0.003296136 0.6343455 0 0.7730497 0.9568858 0 0.2904648</float_array>
          <technique_common>
            <accessor source="#Cylinder-mesh-normals-array" count="4312" stride="3">
              <param name="X" type="float"/>
              <param name="Y" type="float"/>
              <param name="Z" type="float"/>
            </accessor>
          </technique_common>
        </source>
        <source id="Cylinder-mesh-map-0">
          <float_array id="Cylinder-mesh-map-0-array" count="39096">0.8469 0.8355 0.9763 0.8313 0.9763 0.8355 0.8469 0.8313 0.9763 0.8271 0.9763 0.8313 0.8469 0.8271 0.9763 0.823 0.9763 0.8271 0.8469 0.823 0.9763 0.8188 0.9763 0.823 0.8469 0.8188 0.9763 0.8146 0.9763 0.8188 0.8469 0.8146 0.9763 0.8104 0.9763 0.8146 0.8469 0.8104 0.9763 0.8062 0.9763 0.8104 0.8469 0.8062 0.9763 0.802 0.9763 0.8062 0.8469 0.802 0.9763 0.7978 0.9763 0.802 0.8469 0.7978 0.9763 0.7936 0.9763 0.7978 0.8469 0.7936 0.9763 0.7894 0.9763 0.7936 0.8469 0.7894 0.9763 0.7852 0.9763 0.7894 0.8469 0.7852 0.9763 0.781 0.9763 0.7852 0.8469 0.781 0.9763 0.7768 0.9763 0.781 0.8469 0.7768 0.9763 0.7726 0.9763 0.7768 0.8469 0.7726 0.9763 0.7684 0.9763 0.7726 0.8469 0.9027 0.9763 0.8985 0.9763 0.9027 0.8469 0.8985 0.9763 0.8943 0.9763 0.8985 0.8469 0.8943 0.9763 0.8901 0.9763 0.8943 0.8469 0.8901 0.9763 0.8859 0.9763 0.8901 0.8469 0.8859 0.9763 0.8817 0.9763 0.8859 0.8469 0.8817 0.9763 0.8775 0.9763 0.8817 0.8469 0.8775 0.9763 0.8733 0.9763 0.8775 0.8469 0.8733 0.9763 0.8691 0.9763 0.8733 0.8469 0.8691 0.9763 0.8649 0.9763 0.8691 0.8469 0.8649 0.9763 0.8607 0.9763 0.8649 0.8469 0.8607 0.9763 0.8565 0.9763 0.8607 0.8469 0.8565 0.9763 0.8523 0.9763 0.8565 0.8469 0.8523 0.9763 0.8481 0.9763 0.8523 0.8469 0.8481 0.9763 0.8439 0.9763 0.8481 0.8469 0.8397 0.9763 0.8355 0.9763 0.8397 0.8469 0.8439 0.9763 0.8397 0.9763 0.8439 0.4658 0.4712 0.4424 0.452 0.4616 0.4285 0.6298 0.6148 0.6819 0.6256 0.6866 0.6808 0.5899 0.757 0.5965 0.7084 0.6089 0.7636 0.5271 0.7446 0.5826 0.7222 0.5899 0.757 0.4917 0.7209 0.5376 0.6958 0.5038 0.7437 0.5965 0.7084 0.5455 0.7116 0.5376 0.6958 0.7158 0.09489995 0.7219 0.06709998 0.7388 0.08779996 0.5636 0.5133 0.6461 0.4674 0.6453 0.5305 0.5435 0.5974 0.4908 0.5863 0.5471 0.5718 0.5435 0.5974 0.6367 0.5899 0.6298 0.6148 0.8702 0.0909 0.8721 0.1358 0.8424 0.1048 0.66 0.4397 0.6385 0.4353 0.64 0.4279 0.9555 0.1378 0.9528 0.2158 0.9092 0.1533 0.6453 0.5305 0.6755 0.4726 0.6865 0.5517 0.5636 0.5133 0.5612 0.4459 0.5904 0.4546 0.64 0.4279 0.6122 0.428 0.6139 0.42 0.5911 0.4223 0.6122 0.428 0.6023 0.4391 0.6023 0.4391 0.6385 0.4353 0.6427 0.4488 0.7388 0.1263999 0.7992 0.1493 0.7865 0.1777999 0.5471 0.5718 0.5164 0.5154 0.5636 0.5133 0.6367 0.5899 0.6865 0.5517 0.6819 0.6256 0.8318 0.2108 0.8551 0.2157 0.8419 0.2629 0.5471 0.5718 0.6453 0.5305 0.6367 0.5899 0.9036 0.1324999 0.9092 0.1533 0.8721 0.1358 0.5351 0.6809 0.6298 0.6148 0.6047 0.6951 0.5351 0.6809 0.4642 0.6352 0.5435 0.5974 0.6047 0.6951 0.6866 0.6808 0.6282 0.7479 0.8172 0.046 0.8424 0.1048 0.8011 0.06619995 0.5904 0.4546 0.6427 0.4488 0.6461 0.4674 0.5904 0.4546 0.5911 0.4223 0.6023 0.4391 0.6461 0.4674 0.66 0.4397 0.6755 0.4726 0.8419 0.2629 0.9169 0.251 0.9204 0.2959 0.6047 0.6951 0.5376 0.6958 0.5351 0.6809 0.5271 0.7446 0.5376 0.6958 0.5455 0.7116 0.6282 0.7479 0.5965 0.7084 0.6047 0.6951 0.5917 0.7658 0.6089 0.7636 0.6133 0.7677 0.5209 0.7536 0.5899 0.757 0.5917 0.7658 0.4978 0.7459 0.4917 0.7209 0.5038 0.7437 0.6356 0.7492 0.6866 0.6808 0.6925 0.6814 0.4585 0.6335 0.4908 0.5863 0.4642 0.6352 0.6817 0.4746 0.6865 0.5517 0.6755 0.4726 0.5102 0.5142 0.4908 0.5863 0.485 0.5835 0.643 0.4248 0.6139 0.42 0.6129 0.4168 0.6659 0.4395 0.6755 0.4726 0.66 0.4397 0.6129 0.4168 0.5911 0.4223 0.5856 0.4194 0.6925 0.5531 0.6819 0.6256 0.6865 0.5517 0.5545 0.445 0.5164 0.5154 0.5102 0.5142 0.6925 0.6814 0.6819 0.6256 0.6882 0.6254 0.4842 0.7191 0.4642 0.6352 0.4917 0.7209 0.643 0.4248 0.66 0.4397 0.64 0.4279 0.5856 0.4194 0.5612 0.4459 0.5545 0.445 0.6133 0.7677 0.6282 0.7479 0.6356 0.7492 0.5209 0.7536 0.5038 0.7437 0.5271 0.7446 0.9299 0.2645 0.9528 0.2158 0.9654 0.2263 0.8551 0.2157 0.8721 0.1358 0.9092 0.1533 0.7992 0.1493 0.8011 0.06619995 0.8424 0.1048 0.7388 0.08779996 0.7587 0.03249996 0.7793 0.04719996 0.8318 0.1755 0.8424 0.1048 0.8721 0.1358 0.9169 0.251 0.9092 0.1533 0.9528 0.2158 0.7587 0.1093 0.7793 0.04719996 0.8011 0.06619995 0.944 0.2655 0.9654 0.2263 0.9697 0.244 0.7501 0.01169997 0.7219 0.06709998 0.7023 0.06079995 0.9583 0.3094 0.9299 0.2645 0.944 0.2655 0.8172 0.046 0.7793 0.04719996 0.7856 0.02449995 0.7388 0.1263999 0.7388 0.08779996 0.7587 0.1093 0.9583 0.3094 0.9697 0.244 1.0114 0.2488 0.9204 0.2959 0.9299 0.2645 0.9373 0.3157 0.7856 0.02449995 0.7587 0.03249996 0.7501 0.01169997 0.9948 0.2143 0.9654 0.2263 0.9528 0.2158 1.0114 0.2488 0.9654 0.2263 1.0152 0.2284 0.7865 0.1777999 0.8318 0.1755 0.8318 0.2108 0.6316 0.2666 0.676 0.2713 0.6972 0.3189 0.6027 0.4162 0.596 0.3558 0.6278 0.4127 0.4938 0.3917 0.5856 0.3691 0.6027 0.4162 0.4793 0.3464 0.5297 0.3369 0.4718 0.3754 0.596 0.3558 0.5329 0.3514 0.5297 0.3369 0.5054 0.8954 0.4874 0.8725 0.5158 0.8743 0.5645 0.1626999 0.6677 0.1217 0.6526 0.1870999 0.5427 0.2431 0.5013 0.2245 0.5486 0.2188 0.5427 0.2431 0.6385 0.2427999 0.6316 0.2666 0.6173 0.7836 0.6495 0.8141 0.6062 0.8116 0.6972 0.09619998 0.6753 0.07179999 0.6881 0.05419999 0.7166 0.7735 0.7629 0.8227 0.6911 0.8038 0.6526 0.1870999 0.6948 0.1377 0.6869 0.2118999 0.5645 0.1626999 0.5527 0.09799998 0.5847 0.0981 0.6881 0.05419999 0.604 0.04949998 0.6016 0.03009998 0.5724 0.06029999 0.604 0.04949998 0.5947 0.074 0.5947 0.074 0.6753 0.07179999 0.6716 0.09639996 0.5423 0.902 0.6023 0.8795 0.6107 0.9082 0.5486 0.2188 0.5219 0.1671 0.5645 0.1626999 0.6385 0.2427999 0.6869 0.2118999 0.676 0.2713 0.6702 0.909 0.6898 0.8944 0.7123 0.9272 0.5486 0.2188 0.6526 0.1870999 0.6385 0.2427999 0.6744 0.7883 0.6911 0.8038 0.6495 0.8141 0.5293 0.3211 0.6316 0.2666 0.6042 0.3418 0.5293 0.3211 0.4585 0.2551 0.5427 0.2431 0.6042 0.3418 0.6972 0.3189 0.6345 0.3862 0.5489 0.7835 0.6062 0.8116 0.5493 0.8091 0.5847 0.0981 0.6716 0.09639996 0.6677 0.1217 0.5847 0.0981 0.5724 0.06029999 0.5947 0.074 0.6677 0.1217 0.6972 0.09619998 0.6948 0.1377 0.7123 0.9272 0.7584 0.8806 0.7938 0.9203 0.6042 0.3418 0.5297 0.3369 0.5293 0.3211 0.4938 0.3917 0.5297 0.3369 0.5329 0.3514 0.6345 0.3862 0.596 0.3558 0.6042 0.3418 0.8388 0.9102 0.8204 0.9262 0.8162 0.9215 0.838 0.7977 0.8463 0.9158 0.8388 0.9102 0.8167 0.7858 0.7997 0.7809 0.8208 0.7814 0.7938 0.9203 0.7125 0.9325 0.7123 0.9272 0.7166 0.7735 0.6738 0.7822 0.7172 0.7684 0.5423 0.902 0.6091 0.9138 0.5381 0.9071 0.6173 0.7836 0.6738 0.7822 0.6744 0.7883 0.4666 0.8854 0.4624 0.7878 0.4696 0.7934 0.5054 0.8954 0.5381 0.9071 0.5 0.9001 0.4696 0.7934 0.5062 0.7813 0.5114 0.7866 0.6107 0.9082 0.669 0.9152 0.6091 0.9138 0.5489 0.7835 0.6161 0.778 0.6173 0.7836 0.7123 0.9272 0.669 0.9152 0.6702 0.909 0.7956 0.7863 0.7172 0.7684 0.7997 0.7809 0.4666 0.8854 0.5 0.9001 0.4585 0.8903 0.5114 0.7866 0.5452 0.778 0.5489 0.7835 0.8162 0.9215 0.7978 0.9261 0.7938 0.9203 0.838 0.7977 0.8208 0.7814 0.8463 0.7922 0.7786 0.8832 0.7629 0.8227 0.7804 0.8211 0.6898 0.8944 0.6495 0.8141 0.6911 0.8038 0.6023 0.8795 0.5493 0.8091 0.6062 0.8116 0.5158 0.8743 0.4929 0.8085 0.5199 0.8083 0.6444 0.8795 0.6062 0.8116 0.6495 0.8141 0.7584 0.8806 0.6911 0.8038 0.7629 0.8227 0.5453 0.8764 0.5199 0.8083 0.5493 0.8091 0.7906 0.8754 0.7804 0.8211 0.7972 0.8312 0.4666 0.8854 0.4929 0.8085 0.4874 0.8725 0.8388 0.9102 0.7786 0.8832 0.7906 0.8754 0.5489 0.7835 0.5199 0.8083 0.5114 0.7866 0.5423 0.902 0.5158 0.8743 0.5453 0.8764 0.8388 0.9102 0.7972 0.8312 0.838 0.7977 0.7938 0.9203 0.7786 0.8832 0.8162 0.9215 0.5114 0.7866 0.4929 0.8085 0.4696 0.7934 0.7956 0.7863 0.7804 0.8211 0.7629 0.8227 0.838 0.7977 0.7804 0.8211 0.8167 0.7858 0.6107 0.9082 0.6444 0.8795 0.6702 0.909 0.1296 0.7468 0.1357 0.7393 0.1356 0.7464 0.1357 0.7393 0.1413 0.7461 0.1356 0.7464 0.1413 0.7461 0.147 0.7402 0.1468999 0.7458 0.1468999 0.7458 0.1525 0.7406 0.1525 0.7456 0.1525 0.7406 0.1579 0.7453 0.1525 0.7456 0.1579 0.7453 0.1629 0.7414 0.1629 0.745 0.05489999 0.7336 0.07539999 0.7496 0.05509996 0.7508 0.07539999 0.7496 0.09249997 0.736 0.09219998 0.7487 0.09249997 0.736 0.1051 0.748 0.09219998 0.7487 0.1053 0.737 0.1149 0.7475 0.1051 0.748 0.1149 0.7475 0.123 0.7383 0.123 0.7471 0.1296 0.7468 0.123 0.7383 0.1297 0.7389 0.1297 0.7389 0.1367 0.7323 0.1357 0.7393 0.1357 0.7393 0.1423 0.7335 0.1414 0.7398 0.1423 0.7335 0.147 0.7402 0.1414 0.7398 0.147 0.7402 0.1533 0.7358 0.1525 0.7406 0.1525 0.7406 0.1586 0.7369 0.1579 0.7411 0.1579 0.7411 0.1633999 0.7379 0.1629 0.7414 0.05669999 0.7162 0.07589995 0.7349 0.05489999 0.7336 0.0776 0.7201 0.09249997 0.736 0.07589995 0.7349 0.09389996 0.7234 0.1053 0.737 0.09249997 0.736 0.1053 0.737 0.1166 0.728 0.115 0.7377 0.1166 0.728 0.123 0.7383 0.115 0.7377 0.1242 0.7296 0.1297 0.7389 0.123 0.7383 0.133 0.7234 0.1367 0.7323 0.1308 0.731 0.1367 0.7323 0.1441 0.7273 0.1423 0.7335 0.1441 0.7273 0.1478 0.7346 0.1423 0.7335 0.1493 0.7292 0.1533 0.7358 0.1478 0.7346 0.1546 0.7311 0.1586 0.7369 0.1533 0.7358 0.1586 0.7369 0.1644 0.7345 0.1633999 0.7379 0.06079995 0.6988 0.0776 0.7201 0.05669999 0.7162 0.0776 0.7201 0.0974 0.7111 0.09389996 0.7234 0.09389996 0.7234 0.1097 0.7152 0.1069 0.726 0.1069 0.726 0.1191 0.7185 0.1166 0.728 0.1191 0.7185 0.1242 0.7296 0.1166 0.728 0.1242 0.7296 0.133 0.7234 0.1308 0.731 0.1360999 0.7161 0.1387 0.7254 0.133 0.7234 0.1387 0.7254 0.1466 0.7215 0.1441 0.7273 0.1441 0.7273 0.1516 0.724 0.1493 0.7292 0.1516 0.724 0.1546 0.7311 0.1493 0.7292 0.1565 0.7266 0.1597 0.7329 0.1546 0.7311 0.1597 0.7329 0.1658 0.7313 0.1644 0.7345 0.0672 0.6816 0.08139997 0.7055 0.06079995 0.6988 0.08139997 0.7055 0.1024 0.6992 0.0974 0.7111 0.0974 0.7111 0.1139 0.7049 0.1097 0.7152 0.1139 0.7049 0.1191 0.7185 0.1097 0.7152 0.1231 0.7095 0.1267 0.7212 0.1191 0.7185 0.1267 0.7212 0.1360999 0.7161 0.133 0.7234 0.1402 0.7093 0.1414999 0.7189 0.1360999 0.7161 0.1414999 0.7189 0.1498 0.716 0.1466 0.7215 0.1466 0.7215 0.1545 0.7192 0.1516 0.724 0.1545 0.7192 0.1565 0.7266 0.1516 0.724 0.1565 0.7266 0.1635 0.7254 0.1614 0.729 0.1635 0.7254 0.1658 0.7313 0.1614 0.729 0.0672 0.6816 0.09489995 0.6783 0.08719998 0.6915 0.09489995 0.6783 0.1024 0.6992 0.08719998 0.6915 0.1024 0.6992 0.1197 0.6953 0.1139 0.7049 0.1197 0.6953 0.1231 0.7095 0.1139 0.7049 0.1279 0.7009 0.1301 0.7131 0.1231 0.7095 0.1301 0.7131 0.1402 0.7093 0.1360999 0.7161 0.1450999 0.7031 0.1452 0.7128 0.1402 0.7093 0.1496 0.7072 0.1498 0.716 0.1452 0.7128 0.1538 0.711 0.1545 0.7192 0.1498 0.716 0.158 0.7147 0.159 0.7223 0.1545 0.7192 0.159 0.7223 0.1661 0.7221 0.1635 0.7254 0.1661 0.7221 0.1676 0.7282 0.1635 0.7254 0.0769 0.6659 0.1042 0.6663 0.09489995 0.6783 0.1042 0.6663 0.109 0.6881 0.09489995 0.6783 0.109 0.6881 0.1266 0.6865 0.1197 0.6953 0.1197 0.6953 0.1341 0.6932 0.1279 0.7009 0.1279 0.7009 0.14 0.6986 0.1346 0.7055 0.1346 0.7055 0.1450999 0.7031 0.1402 0.7093 0.1450999 0.7031 0.1547 0.7021 0.1496 0.7072 0.1496 0.7072 0.1583999 0.7065 0.1538 0.711 0.1538 0.711 0.162 0.7108 0.158 0.7147 0.158 0.7147 0.1656 0.7151 0.1621 0.7185 0.1656 0.7151 0.1661 0.7221 0.1621 0.7185 0.1661 0.7221 0.1723999 0.723 0.1698 0.7255 0.1012 0.6398 0.1042 0.6663 0.08829998 0.652 0.1042 0.6663 0.1263 0.669 0.1172 0.6781 0.1263 0.669 0.1266 0.6865 0.1172 0.6781 0.1347 0.6789 0.1341 0.6932 0.1266 0.6865 0.1412 0.6863 0.14 0.6986 0.1341 0.6932 0.1463 0.6923 0.1450999 0.7031 0.14 0.6986 0.1508 0.6976 0.1604 0.6979 0.1547 0.7021 0.1604 0.6979 0.1583999 0.7065 0.1547 0.7021 0.1635 0.7027 0.162 0.7108 0.1583999 0.7065 0.162 0.7108 0.1696 0.7121 0.1656 0.7151 0.1656 0.7151 0.1725 0.7167 0.1691 0.7192 0.1691 0.7192 0.1752 0.7209 0.1723999 0.723 0.1152 0.6288 0.1148 0.6556 0.1012 0.6398 0.127 0.6467 0.1263 0.669 0.1148 0.6556 0.1365 0.6611 0.1347 0.6789 0.1263 0.669 0.1347 0.6789 0.1491 0.6805 0.1412 0.6863 0.1412 0.6863 0.1534 0.6871 0.1463 0.6923 0.1534 0.6871 0.1508 0.6976 0.1463 0.6923 0.164 0.6889 0.1604 0.6979 0.1571 0.6928 0.1667 0.6944 0.1635 0.7027 0.1604 0.6979 0.1691 0.6996 0.1666 0.7074 0.1635 0.7027 0.1715 0.7047 0.1696 0.7121 0.1666 0.7074 0.1696 0.7121 0.1762 0.7147 0.1725 0.7167 0.1762 0.7147 0.1752 0.7209 0.1725 0.7167 0.1152 0.6288 0.1403 0.6393 0.127 0.6467 0.1403 0.6393 0.1365 0.6611 0.127 0.6467 0.1365 0.6611 0.1534 0.6665 0.1435 0.6719 0.1435 0.6719 0.1577 0.6755 0.1491 0.6805 0.1491 0.6805 0.1612 0.6828 0.1534 0.6871 0.1534 0.6871 0.164 0.6889 0.1571 0.6928 0.164 0.6889 0.1733 0.6918 0.1667 0.6944 0.1733 0.6918 0.1691 0.6996 0.1667 0.6944 0.1691 0.6996 0.1768 0.7026 0.1715 0.7047 0.1715 0.7047 0.1784999 0.7079 0.1739 0.7097 0.1739 0.7097 0.1802 0.7132 0.1762 0.7147 0.1802 0.7132 0.1784 0.7192 0.1762 0.7147 0.1308 0.6197 0.1546 0.6339 0.1403 0.6393 0.1546 0.6339 0.1478 0.6546 0.1403 0.6393 0.1597 0.6496 0.1534 0.6665 0.1478 0.6546 0.1639 0.6625 0.1577 0.6755 0.1534 0.6665 0.1577 0.6755 0.1694 0.6796 0.1612 0.6828 0.1694 0.6796 0.164 0.6889 0.1612 0.6828 0.1791999 0.684 0.1733 0.6918 0.1715 0.686 0.1802999 0.69 0.1751 0.6972 0.1733 0.6918 0.1751 0.6972 0.1823 0.7012 0.1768 0.7026 0.1823 0.7012 0.1784999 0.7079 0.1768 0.7026 0.1833 0.7067 0.1802 0.7132 0.1784999 0.7079 0.1802 0.7132 0.1851 0.7171 0.1817 0.7179 0.1655 0.6085 0.1546 0.6339 0.1477 0.6125 0.1546 0.6339 0.1723 0.6467 0.1597 0.6496 0.1597 0.6496 0.1748 0.6596 0.1639 0.6625 0.1748 0.6596 0.1669 0.6717 0.1639 0.6625 0.1669 0.6717 0.178 0.6773 0.1694 0.6796 0.1694 0.6796 0.1791999 0.684 0.1715 0.686 0.1870999 0.6832 0.1802999 0.69 0.1791999 0.684 0.1802999 0.69 0.1877 0.695 0.1813 0.6957 0.1877 0.695 0.1823 0.7012 0.1813 0.6957 0.188 0.7006 0.1833 0.7067 0.1823 0.7012 0.1833 0.7067 0.1885 0.7116 0.1843 0.7121 0.1885 0.7116 0.1851 0.7171 0.1843 0.7121 0.1655 0.6085 0.1844 0.6278 0.1693 0.6298 0.1844 0.6278 0.1723 0.6467 0.1693 0.6298 0.1723 0.6467 0.1859 0.6582 0.1748 0.6596 0.1748 0.6596 0.1863999 0.6684 0.1765 0.6694 0.1863999 0.6684 0.178 0.6773 0.1765 0.6694 0.178 0.6773 0.1870999 0.6832 0.1791999 0.684 0.1951 0.6833 0.1874 0.6892 0.1870999 0.6832 0.1874 0.6892 0.1941 0.6951 0.1877 0.695 0.1877 0.695 0.1937 0.7007 0.188 0.7006 0.1937 0.7007 0.1881999 0.7062 0.188 0.7006 0.1881999 0.7062 0.1927 0.7117 0.1885 0.7116 0.1927 0.7117 0.1887 0.7167 0.1885 0.7116 0.1834 0.6069 0.1995 0.6282 0.1844 0.6278 0.1995 0.6282 0.1852999 0.6456 0.1844 0.6278 0.1852999 0.6456 0.1971 0.6583 0.1859 0.6582 0.1971 0.6583 0.1863999 0.6684 0.1859 0.6582 0.1963 0.6685 0.1868 0.6762 0.1863999 0.6684 0.1868 0.6762 0.1951 0.6833 0.1870999 0.6832 0.1951 0.6833 0.2017 0.6904 0.1946 0.6893 0.1946 0.6893 0.2005 0.696 0.1941 0.6951 0.1941 0.6951 0.1993 0.7015 0.1937 0.7007 0.1993 0.7015 0.1932 0.7063 0.1937 0.7007 0.1932 0.7063 0.1969 0.7124 0.1927 0.7117 0.1969 0.7124 0.1923 0.7168 0.1927 0.7117 0.2012 0.6069 0.2145 0.6305 0.1995 0.6282 0.2145 0.6305 0.1982 0.6455 0.1995 0.6282 0.1982 0.6455 0.2082 0.66 0.1971 0.6583 0.2082 0.66 0.1963 0.6685 0.1971 0.6583 0.2061 0.6699 0.1957 0.6765 0.1963 0.6685 0.2045 0.6778 0.1951 0.6833 0.1957 0.6765 0.203 0.6844 0.2086 0.6924 0.2017 0.6904 0.2086 0.6924 0.2005 0.696 0.2017 0.6904 0.2067 0.6978 0.1993 0.7015 0.2005 0.696 0.2048 0.7031 0.1981 0.707 0.1993 0.7015 0.2029 0.7084 0.1969 0.7124 0.1981 0.707 0.201 0.7136 0.1958 0.7173 0.1969 0.7124 0.219 0.6093 0.2292 0.6347 0.2145 0.6305 0.2145 0.6305 0.2236 0.6509 0.2111 0.6473 0.2111 0.6473 0.219 0.6632 0.2082 0.66 0.2082 0.66 0.2157 0.6726 0.2061 0.6699 0.2061 0.6699 0.2129999 0.6802 0.2045 0.6778 0.2129999 0.6802 0.203 0.6844 0.2045 0.6778 0.2179999 0.6898 0.2086 0.6924 0.2107 0.6866 0.2086 0.6924 0.2125999 0.7004 0.2067 0.6978 0.2067 0.6978 0.21 0.7054 0.2048 0.7031 0.2048 0.7031 0.2074 0.7104 0.2029 0.7084 0.2029 0.7084 0.2049 0.7153 0.201 0.7136 0.201 0.7136 0.2026 0.7197 0.1992 0.7183 0.2534 0.6211 0.2292 0.6347 0.2365 0.614 0.2431 0.6408 0.2236 0.6509 0.2292 0.6347 0.2355 0.656 0.219 0.6632 0.2236 0.6509 0.2294 0.6678 0.2157 0.6726 0.219 0.6632 0.2249 0.6764 0.2129999 0.6802 0.2157 0.6726 0.2129999 0.6802 0.2179999 0.6898 0.2107 0.6866 0.2249 0.6939 0.2152 0.6953 0.2179999 0.6898 0.2214 0.699 0.2125999 0.7004 0.2152 0.6953 0.2181 0.7037 0.21 0.7054 0.2125999 0.7004 0.2149 0.7083 0.2074 0.7104 0.21 0.7054 0.2117 0.713 0.2049 0.7153 0.2074 0.7104 0.2049 0.7153 0.2056 0.7216 0.2026 0.7197 0.2686 0.6309 0.2431 0.6408 0.2534 0.6211 0.2431 0.6408 0.2467 0.6624 0.2355 0.656 0.2355 0.656 0.2391 0.6735 0.2294 0.6678 0.2294 0.6678 0.2334 0.6817 0.2249 0.6764 0.2249 0.6764 0.2287999 0.6883 0.2211 0.6838 0.2211 0.6838 0.2249 0.6939 0.2179999 0.6898 0.2311 0.6989 0.2214 0.699 0.2249 0.6939 0.2214 0.699 0.2232 0.7077 0.2181 0.7037 0.2232 0.7077 0.2149 0.7083 0.2181 0.7037 0.2193 0.7119 0.2117 0.713 0.2149 0.7083 0.2117 0.713 0.2118999 0.7201 0.2085 0.7175 0.2118999 0.7201 0.2056 0.7216 0.2085 0.7175 0.2686 0.6309 0.2683 0.658 0.2562 0.6488 0.2683 0.658 0.2467 0.6624 0.2562 0.6488 0.2467 0.6624 0.248 0.6804 0.2391 0.6735 0.2391 0.6735 0.2411 0.688 0.2334 0.6817 0.2411 0.688 0.2287999 0.6883 0.2334 0.6817 0.2287999 0.6883 0.2311 0.6989 0.2249 0.6939 0.2311 0.6989 0.2321 0.7086 0.2271 0.7034 0.2271 0.7034 0.2276 0.7124 0.2232 0.7077 0.2276 0.7124 0.2193 0.7119 0.2232 0.7077 0.2193 0.7119 0.219 0.7197 0.2156 0.7161 0.2156 0.7161 0.2148 0.7232 0.2118999 0.7201 0.2148 0.7232 0.2084 0.7239 0.2118999 0.7201 0.2824 0.6421 0.2791 0.6688 0.2683 0.658 0.2791 0.6688 0.2567 0.6708 0.2683 0.658 0.2659 0.68 0.248 0.6804 0.2567 0.6708 0.248 0.6804 0.248 0.6951 0.2411 0.688 0.248 0.6951 0.2358 0.6938 0.2411 0.688 0.2419 0.7003 0.2311 0.6989 0.2358 0.6938 0.2415 0.7111 0.2321 0.7086 0.2366999 0.7046 0.2363 0.7144 0.2276 0.7124 0.2321 0.7086 0.2315 0.7175 0.2233 0.716 0.2276 0.7124 0.2233 0.716 0.222 0.7237 0.219 0.7197 0.219 0.7197 0.2172999 0.7266 0.2148 0.7232 0.2148 0.7232 0.2131 0.7294 0.2109 0.7265 0.3071 0.6689 0.2791 0.6688 0.2954 0.6545 0.2884 0.681 0.2659 0.68 0.2791 0.6688 0.2738 0.6904 0.2559 0.6884 0.2659 0.68 0.2559 0.6884 0.254 0.7031 0.248 0.6951 0.248 0.6951 0.2472 0.7075 0.2419 0.7003 0.2419 0.7003 0.2415 0.7111 0.2366999 0.7046 0.2454 0.7181 0.2363 0.7144 0.2415 0.7111 0.2398 0.7208 0.2315 0.7175 0.2363 0.7144 0.2346 0.7232 0.2267 0.7206 0.2315 0.7175 0.2294999 0.7256 0.222 0.7237 0.2267 0.7206 0.222 0.7237 0.2194 0.7304 0.2172999 0.7266 0.2172999 0.7266 0.2148 0.7325 0.2131 0.7294 0.3155 0.6855 0.2884 0.681 0.3071 0.6689 0.2955 0.6947 0.2738 0.6904 0.2884 0.681 0.2738 0.6904 0.268 0.7075 0.2625 0.6976 0.2625 0.6976 0.2589 0.7118 0.254 0.7031 0.254 0.7031 0.2515 0.7153 0.2472 0.7075 0.2472 0.7075 0.2454 0.7181 0.2415 0.7111 0.2454 0.7181 0.2424 0.7274 0.2398 0.7208 0.2424 0.7274 0.2346 0.7232 0.2398 0.7208 0.2346 0.7232 0.2315 0.7309 0.2294999 0.7256 0.2294999 0.7256 0.2262 0.7326 0.2244 0.728 0.2244 0.728 0.221 0.7343 0.2194 0.7304 0.2194 0.7304 0.2161 0.7359 0.2148 0.7325 0.3218 0.7025 0.2955 0.6947 0.3155 0.6855 0.3012 0.7089 0.28 0.7019 0.2955 0.6947 0.2844 0.7141 0.268 0.7075 0.28 0.7019 0.272 0.7181 0.2589 0.7118 0.268 0.7075 0.2589 0.7118 0.2548 0.7235 0.2515 0.7153 0.2548 0.7235 0.2454 0.7181 0.2515 0.7153 0.2502 0.7334 0.2424 0.7274 0.2481999 0.7256 0.2442 0.7344 0.2369 0.7292 0.2424 0.7274 0.2369 0.7292 0.2329 0.7364 0.2315 0.7309 0.2329 0.7364 0.2262 0.7326 0.2315 0.7309 0.2274 0.7374 0.221 0.7343 0.2262 0.7326 0.222 0.7384 0.2161 0.7359 0.221 0.7343 0.3218 0.7025 0.305 0.7238 0.3012 0.7089 0.3012 0.7089 0.2878 0.7268 0.2844 0.7141 0.2844 0.7141 0.2747 0.7291 0.272 0.7181 0.2747 0.7291 0.2626 0.721 0.272 0.7181 0.2626 0.721 0.2569 0.7322 0.2548 0.7235 0.2548 0.7235 0.2502 0.7334 0.2481999 0.7256 0.2511 0.7413 0.2442 0.7344 0.2502 0.7334 0.2442 0.7344 0.2391999 0.7419 0.2384999 0.7354 0.2384999 0.7354 0.2336 0.7421 0.2329 0.7364 0.2336 0.7421 0.2274 0.7374 0.2329 0.7364 0.2279 0.7424 0.222 0.7384 0.2274 0.7374 0.2225 0.7426 0.217 0.7393 0.222 0.7384 0.3266 0.72 0.3063 0.7391 0.305 0.7238 0.305 0.7238 0.2891 0.7397 0.2878 0.7268 0.2878 0.7268 0.2762 0.7403 0.2747 0.7291 0.2762 0.7403 0.2648 0.7308 0.2747 0.7291 0.2659 0.7407 0.2569 0.7322 0.2648 0.7308 0.2569 0.7322 0.2511 0.7413 0.2502 0.7334 0.2509 0.7493 0.2449 0.7416 0.2511 0.7413 0.2449 0.7416 0.2391 0.7483 0.2391999 0.7419 0.2391 0.7483 0.2336 0.7421 0.2391999 0.7419 0.2334 0.7478 0.2279 0.7424 0.2336 0.7421 0.2279 0.7424 0.2224 0.7469 0.2225 0.7426 0.2224 0.7469 0.2174 0.7429 0.2225 0.7426 0.328 0.7383 0.3061 0.7544 0.3063 0.7391 0.3061 0.7544 0.2891 0.7397 0.3063 0.7391 0.2891 0.7397 0.2756 0.7515 0.2762 0.7403 0.2762 0.7403 0.2656 0.7506 0.2659 0.7407 0.2656 0.7506 0.2578 0.741 0.2659 0.7407 0.2578 0.741 0.2509 0.7493 0.2511 0.7413 0.2509 0.7493 0.2437 0.7559 0.2448 0.7488 0.2448 0.7488 0.2381 0.7546 0.2391 0.7483 0.2391 0.7483 0.2326 0.7534 0.2334 0.7478 0.2326 0.7534 0.2278 0.7473 0.2334 0.7478 0.2278 0.7473 0.2218 0.751 0.2224 0.7469 0.2218 0.751 0.2174 0.7464 0.2224 0.7469 0.328 0.7566 0.3034 0.7694 0.3061 0.7544 0.3034 0.7694 0.2888 0.7528 0.3061 0.7544 0.2888 0.7528 0.2739 0.7627 0.2756 0.7515 0.2739 0.7627 0.2656 0.7506 0.2756 0.7515 0.2643 0.7605 0.2577 0.7499 0.2656 0.7506 0.2563 0.7587 0.2509 0.7493 0.2577 0.7499 0.2495999 0.7572 0.2416 0.7627 0.2437 0.7559 0.2437 0.7559 0.2363 0.7608 0.2381 0.7546 0.2381 0.7546 0.231 0.7589 0.2326 0.7534 0.2326 0.7534 0.2257 0.757 0.2271 0.7522 0.2257 0.757 0.2218 0.751 0.2271 0.7522 0.2206 0.7551 0.2169 0.75 0.2218 0.751 0.3244 0.7746 0.2989 0.7839 0.3034 0.7694 0.3034 0.7694 0.283 0.7781 0.2865 0.7656 0.283 0.7781 0.2739 0.7627 0.2865 0.7656 0.2707 0.7735 0.2643 0.7605 0.2739 0.7627 0.2613 0.77 0.2563 0.7587 0.2643 0.7605 0.2537 0.7672 0.2495999 0.7572 0.2563 0.7587 0.2474 0.7649 0.2388 0.7693 0.2416 0.7627 0.2416 0.7627 0.2337 0.7667 0.2363 0.7608 0.2337 0.7667 0.231 0.7589 0.2363 0.7608 0.231 0.7589 0.2237 0.7615 0.2257 0.757 0.2257 0.757 0.2189 0.7589 0.2206 0.7551 0.2189 0.7589 0.2159 0.7534 0.2206 0.7551 0.3188 0.7914 0.293 0.7979 0.2989 0.7839 0.293 0.7979 0.283 0.7781 0.2989 0.7839 0.2778 0.7899 0.2707 0.7735 0.283 0.7781 0.2707 0.7735 0.2572 0.779 0.2613 0.77 0.2572 0.779 0.2537 0.7672 0.2613 0.77 0.2502 0.7753 0.2474 0.7649 0.2537 0.7672 0.2442 0.7722 0.2351 0.7754 0.2388 0.7693 0.2388 0.7693 0.2304 0.7721 0.2337 0.7667 0.2304 0.7721 0.2287 0.7641 0.2337 0.7667 0.2258 0.7689 0.2237 0.7615 0.2287 0.7641 0.2212 0.7657 0.2189 0.7589 0.2237 0.7615 0.2189 0.7589 0.2125999 0.7597 0.2145 0.7567 0.3025 0.8234 0.293 0.7979 0.3119 0.8078 0.293 0.7979 0.2709 0.8008 0.2778 0.7899 0.2778 0.7899 0.2604 0.7934 0.2661 0.7837 0.2661 0.7837 0.252 0.7874 0.2572 0.779 0.252 0.7874 0.2502 0.7753 0.2572 0.779 0.2456 0.7828 0.2442 0.7722 0.2502 0.7753 0.235 0.7851 0.2351 0.7754 0.24 0.7789 0.2351 0.7754 0.2263 0.7771 0.2304 0.7721 0.2304 0.7721 0.2222 0.7733 0.2258 0.7689 0.2222 0.7733 0.2212 0.7657 0.2258 0.7689 0.2181 0.7695 0.2167 0.7625 0.2212 0.7657 0.2167 0.7625 0.2104 0.7624 0.2125999 0.7597 0.2905 0.8368 0.2848 0.8106 0.3025 0.8234 0.2848 0.8106 0.2627 0.8107 0.2709 0.8008 0.2709 0.8008 0.2533 0.802 0.2604 0.7934 0.2533 0.802 0.252 0.7874 0.2604 0.7934 0.2458 0.7951 0.2456 0.7828 0.252 0.7874 0.2456 0.7828 0.235 0.7851 0.24 0.7789 0.235 0.7851 0.2254 0.7859 0.2305999 0.781 0.2254 0.7859 0.2263 0.7771 0.2305999 0.781 0.2217 0.7815 0.2222 0.7733 0.2263 0.7771 0.2222 0.7733 0.2145 0.7729 0.2181 0.7695 0.2181 0.7695 0.211 0.7687 0.2141 0.7658 0.211 0.7687 0.2104 0.7624 0.2141 0.7658 0.2905 0.8368 0.2641 0.8324 0.2752 0.8223 0.2641 0.8324 0.2627 0.8107 0.2752 0.8223 0.2536 0.8198 0.2533 0.802 0.2627 0.8107 0.2533 0.802 0.2387 0.8019 0.2458 0.7951 0.2458 0.7951 0.2336 0.7958 0.24 0.7898 0.2336 0.7958 0.235 0.7851 0.24 0.7898 0.2292 0.7906 0.2196 0.7901 0.2254 0.7859 0.2254 0.7859 0.2165 0.7853 0.2217 0.7815 0.2217 0.7815 0.2135 0.7805 0.2181 0.7772 0.2135 0.7805 0.2145 0.7729 0.2181 0.7772 0.2145 0.7729 0.2075999 0.7712 0.211 0.7687 0.2075999 0.7712 0.2078 0.7649 0.211 0.7687 0.2778 0.8489 0.252 0.8414 0.2641 0.8324 0.252 0.8414 0.2536 0.8198 0.2641 0.8324 0.2536 0.8198 0.236 0.816 0.2451 0.8095 0.236 0.816 0.2387 0.8019 0.2451 0.8095 0.2308 0.8079 0.2336 0.7958 0.2387 0.8019 0.2264 0.8009 0.2292 0.7906 0.2336 0.7958 0.2228 0.7953 0.2133 0.7935 0.2196 0.7901 0.2133 0.7935 0.2165 0.7853 0.2196 0.7901 0.2109 0.7883 0.2135 0.7805 0.2165 0.7853 0.2086 0.7832 0.2105 0.7758 0.2135 0.7805 0.2062 0.7782 0.2075999 0.7712 0.2105 0.7758 0.2075999 0.7712 0.2018 0.7687 0.205 0.767 0.2477999 0.868 0.252 0.8414 0.2637 0.8597 0.252 0.8414 0.2318 0.8332 0.2431 0.8271 0.2431 0.8271 0.2262 0.8215 0.236 0.816 0.236 0.816 0.2221 0.8125 0.2308 0.8079 0.2308 0.8079 0.2187 0.8052 0.2264 0.8009 0.2187 0.8052 0.2228 0.7953 0.2264 0.8009 0.2084 0.8019 0.2133 0.7935 0.2158 0.799 0.2067 0.7961 0.2109 0.7883 0.2133 0.7935 0.2049 0.7906 0.2086 0.7832 0.2109 0.7883 0.2032999 0.7853 0.2062 0.7782 0.2086 0.7832 0.2016 0.7799 0.2039 0.7732 0.2062 0.7782 0.2039 0.7732 0.1985 0.77 0.2018 0.7687 0.2312999 0.8751 0.2388 0.8488 0.2477999 0.868 0.2388 0.8488 0.2197 0.8378 0.2318 0.8332 0.2318 0.8332 0.2158 0.8256 0.2262 0.8215 0.2262 0.8215 0.2128 0.816 0.2221 0.8125 0.2221 0.8125 0.2105 0.8083 0.2187 0.8052 0.2187 0.8052 0.2084 0.8019 0.2158 0.799 0.2007 0.8037 0.2067 0.7961 0.2084 0.8019 0.1996999 0.7978 0.2049 0.7906 0.2067 0.7961 0.1987 0.7921 0.2032999 0.7853 0.2049 0.7906 0.2032999 0.7853 0.1967999 0.7811 0.2016 0.7799 0.2016 0.7799 0.1959 0.7757 0.2 0.7747 0.2 0.7747 0.1951 0.7708 0.1985 0.77 0.2136 0.8791 0.2247 0.8541 0.2312999 0.8751 0.21 0.8578 0.2197 0.8378 0.2247 0.8541 0.2071 0.8407 0.2158 0.8256 0.2197 0.8378 0.2158 0.8256 0.2032 0.8182 0.2128 0.816 0.2128 0.816 0.2019 0.8104 0.2105 0.8083 0.2105 0.8083 0.2007 0.8037 0.2084 0.8019 0.2007 0.8037 0.1926 0.7985 0.1996999 0.7978 0.1926 0.7985 0.1987 0.7921 0.1996999 0.7978 0.1987 0.7921 0.1921 0.7872 0.1978 0.7866 0.1978 0.7866 0.1919 0.7816 0.1967999 0.7811 0.1919 0.7816 0.1959 0.7757 0.1967999 0.7811 0.1959 0.7757 0.1915 0.7711 0.1951 0.7708 0.1959 0.8806 0.21 0.8578 0.2136 0.8791 0.21 0.8578 0.1942999 0.8422 0.2071 0.8407 0.1942999 0.8422 0.205 0.8284 0.2071 0.8407 0.1939 0.8293 0.2032 0.8182 0.205 0.8284 0.2032 0.8182 0.1931 0.8115 0.2019 0.8104 0.1931 0.8115 0.2007 0.8037 0.2019 0.8104 0.1928 0.8045 0.1854 0.7983 0.1926 0.7985 0.1854 0.7983 0.1924 0.7928 0.1926 0.7985 0.186 0.7926 0.1921 0.7872 0.1924 0.7928 0.1921 0.7872 0.187 0.7815 0.1919 0.7816 0.1919 0.7816 0.1875 0.7761 0.1917 0.7762 0.1917 0.7762 0.1879 0.7711 0.1915 0.7711 0.1779 0.8806 0.1949999 0.8597 0.1959 0.8806 0.1799 0.859 0.1942999 0.8422 0.1949999 0.8597 0.1814 0.842 0.1939 0.8293 0.1942999 0.8422 0.1939 0.8293 0.1835 0.8191 0.1934 0.8192 0.1934 0.8192 0.1843 0.8111 0.1931 0.8115 0.1843 0.8111 0.1928 0.8045 0.1931 0.8115 0.1849 0.8044 0.1784 0.7972 0.1854 0.7983 0.1854 0.7983 0.1796 0.7917 0.186 0.7926 0.1796 0.7917 0.1865 0.7871 0.186 0.7926 0.1809 0.7862 0.187 0.7815 0.1865 0.7871 0.1820999 0.7807 0.1875 0.7761 0.187 0.7815 0.1875 0.7761 0.1844 0.7705 0.1879 0.7711 0.1599 0.878 0.1799 0.859 0.1779 0.8806 0.1799 0.859 0.1686 0.8402 0.1814 0.842 0.1814 0.842 0.1716 0.827 0.1827 0.829 0.1827 0.829 0.1738 0.8177 0.1835 0.8191 0.1738 0.8177 0.1843 0.8111 0.1835 0.8191 0.1756 0.8097 0.1849 0.8044 0.1843 0.8111 0.1694 0.801 0.1784 0.7972 0.1771 0.8031 0.1784 0.7972 0.1735 0.7898 0.1796 0.7917 0.1735 0.7898 0.1809 0.7862 0.1796 0.7917 0.1809 0.7862 0.1773999 0.7793 0.1820999 0.7807 0.1820999 0.7807 0.1791999 0.7742 0.1833 0.7754 0.1833 0.7754 0.1809999 0.7695 0.1844 0.7705 0.1425999 0.8724 0.1649 0.8563 0.1599 0.878 0.1503 0.8521 0.1686 0.8402 0.1649 0.8563 0.1564 0.8363 0.1716 0.827 0.1686 0.8402 0.1716 0.827 0.1644 0.8147 0.1738 0.8177 0.1644 0.8147 0.1756 0.8097 0.1738 0.8177 0.1756 0.8097 0.1694 0.801 0.1771 0.8031 0.1694 0.801 0.165 0.7923 0.1716 0.7952 0.1716 0.7952 0.1676999 0.7872 0.1735 0.7898 0.1735 0.7898 0.1703 0.7823 0.1754 0.7846 0.1754 0.7846 0.1729 0.7773 0.1773999 0.7793 0.1729 0.7773 0.1791999 0.7742 0.1773999 0.7793 0.1754 0.7725 0.1809999 0.7695 0.1791999 0.7742 0.1425999 0.8724 0.1366 0.846 0.1503 0.8521 0.1503 0.8521 0.1447 0.831 0.1564 0.8363 0.1447 0.831 0.1608999 0.824 0.1564 0.8363 0.1507 0.8196 0.1644 0.8147 0.1608999 0.824 0.1554 0.8106 0.1671 0.8072 0.1644 0.8147 0.1590999 0.8037 0.1694 0.801 0.1671 0.8072 0.1622 0.7977 0.1589 0.7886 0.165 0.7923 0.165 0.7923 0.1622 0.7839 0.1676999 0.7872 0.1676999 0.7872 0.1654 0.7793 0.1703 0.7823 0.1703 0.7823 0.1686 0.7747 0.1729 0.7773 0.1686 0.7747 0.1754 0.7725 0.1729 0.7773 0.1718 0.7703 0.1777 0.768 0.1754 0.7725 0.1263999 0.8646 0.1237 0.8383 0.1366 0.846 0.1366 0.846 0.1339 0.8241 0.1447 0.831 0.1339 0.8241 0.1507 0.8196 0.1447 0.831 0.1413 0.8135 0.1554 0.8106 0.1507 0.8196 0.147 0.8055 0.1590999 0.8037 0.1554 0.8106 0.1515 0.7992 0.1622 0.7977 0.1590999 0.8037 0.1493 0.7886 0.1589 0.7886 0.1554999 0.7935 0.1534 0.7841 0.1622 0.7839 0.1589 0.7886 0.1622 0.7839 0.161 0.7758 0.1654 0.7793 0.161 0.7758 0.1686 0.7747 0.1654 0.7793 0.1648 0.7716 0.1718 0.7703 0.1686 0.7747 0.1718 0.7703 0.1719 0.7639 0.1747 0.7662 0.09799998 0.8441 0.1237 0.8383 0.1116999 0.855 0.1237 0.8383 0.1241 0.8159 0.1339 0.8241 0.1339 0.8241 0.1326 0.8067 0.1413 0.8135 0.1326 0.8067 0.147 0.8055 0.1413 0.8135 0.147 0.8055 0.1447 0.7935 0.1515 0.7992 0.1515 0.7992 0.1493 0.7886 0.1554999 0.7935 0.1493 0.7886 0.1485 0.779 0.1534 0.7841 0.1485 0.779 0.1572 0.7799 0.1534 0.7841 0.1572 0.7799 0.1571 0.7717 0.161 0.7758 0.161 0.7758 0.1614 0.7681 0.1648 0.7716 0.1614 0.7681 0.1685 0.7676 0.1648 0.7716 0.1685 0.7676 0.1694 0.7614 0.1719 0.7639 0.08569997 0.8314 0.1124 0.8286 0.09799998 0.8441 0.1124 0.8286 0.1151 0.8068 0.1241 0.8159 0.1151 0.8068 0.1326 0.8067 0.1241 0.8159 0.1249 0.7987 0.1393 0.7994 0.1326 0.8067 0.1393 0.7994 0.1387 0.7871 0.1447 0.7935 0.1387 0.7871 0.1493 0.7886 0.1447 0.7935 0.1438 0.7829 0.1442 0.7732 0.1485 0.779 0.1442 0.7732 0.1528 0.7753 0.1485 0.779 0.1528 0.7753 0.1536999 0.7671 0.1571 0.7717 0.1571 0.7717 0.1583999 0.7641 0.1614 0.7681 0.1583999 0.7641 0.1656 0.7646 0.1614 0.7681 0.1631 0.7612 0.1694 0.7614 0.1656 0.7646 0.08569997 0.8314 0.0934 0.8055 0.1021 0.8177 0.1021 0.8177 0.1075 0.7965 0.1151 0.8068 0.1075 0.7965 0.1249 0.7987 0.1151 0.8068 0.1183 0.7898 0.1324999 0.7923 0.1249 0.7987 0.1324999 0.7923 0.1334 0.7801 0.1387 0.7871 0.1334 0.7801 0.1438 0.7829 0.1387 0.7871 0.1392 0.7765 0.1407999 0.767 0.1442 0.7732 0.1407999 0.767 0.149 0.7702 0.1442 0.7732 0.149 0.7702 0.151 0.7622 0.1536999 0.7671 0.1536999 0.7671 0.1561 0.7598 0.1583999 0.7641 0.1561 0.7598 0.1631 0.7612 0.1583999 0.7641 0.161 0.7575 0.1672 0.7585 0.1631 0.7612 0.07499998 0.817 0.08629995 0.7924 0.0934 0.8055 0.0934 0.8055 0.1013 0.7854 0.1075 0.7965 0.1013 0.7854 0.1183 0.7898 0.1075 0.7965 0.1131 0.78 0.1269 0.7843 0.1183 0.7898 0.1269 0.7843 0.1292999 0.7724 0.1334 0.7801 0.1292999 0.7724 0.1392 0.7765 0.1334 0.7801 0.1324 0.7622 0.1407999 0.767 0.1353 0.7696 0.1407999 0.767 0.1436 0.7586 0.1459 0.7646 0.1459 0.7646 0.1489 0.7569 0.151 0.7622 0.151 0.7622 0.1543 0.7552 0.1561 0.7598 0.1561 0.7598 0.1595 0.7535 0.161 0.7575 0.161 0.7575 0.1642 0.752 0.1656 0.7553 0.06139999 0.7847 0.08629995 0.7924 0.06709998 0.801 0.08109998 0.7786 0.1013 0.7854 0.08629995 0.7924 0.09659999 0.7737 0.1131 0.78 0.1013 0.7854 0.1092 0.7697 0.122 0.7758 0.1131 0.78 0.1186 0.7667 0.1292999 0.7724 0.122 0.7758 0.1292999 0.7724 0.1324 0.7622 0.1353 0.7696 0.1306 0.7546 0.1382 0.7604 0.1324 0.7622 0.1364 0.7535 0.1436 0.7586 0.1382 0.7604 0.142 0.7525 0.1489 0.7569 0.1436 0.7586 0.1489 0.7569 0.1529999 0.7505 0.1543 0.7552 0.1529999 0.7505 0.1595 0.7535 0.1543 0.7552 0.1595 0.7535 0.1633 0.7485 0.1642 0.752 0.05669999 0.7681 0.08109998 0.7786 0.06139999 0.7847 0.08109998 0.7786 0.09389996 0.7613 0.09659999 0.7737 0.09389996 0.7613 0.1092 0.7697 0.09659999 0.7737 0.1092 0.7697 0.1159999 0.7572 0.1186 0.7667 0.1186 0.7667 0.1238999 0.7558 0.126 0.7643 0.126 0.7643 0.1306 0.7546 0.1324 0.7622 0.1306 0.7546 0.1356 0.7464 0.1364 0.7535 0.1356 0.7464 0.142 0.7525 0.1364 0.7535 0.1413 0.7461 0.1475999 0.7515 0.142 0.7525 0.1475999 0.7515 0.1525 0.7456 0.1529999 0.7505 0.1529999 0.7505 0.1579 0.7453 0.1583999 0.7495 0.1583999 0.7495 0.1629 0.745 0.1633 0.7485 0.05509996 0.7508 0.07749998 0.7642 0.05669999 0.7681 0.07539999 0.7496 0.09389996 0.7613 0.07749998 0.7642 0.09219998 0.7487 0.1065 0.759 0.09389996 0.7613 0.1065 0.759 0.1149 0.7475 0.1159999 0.7572 0.1159999 0.7572 0.123 0.7471 0.1238999 0.7558 0.123 0.7471 0.1306 0.7546 0.1238999 0.7558 0.4875 0.9493 0.4669 0.9483 0.4875 0.9479 0.4875 0.9479 0.4669 0.947 0.4875 0.9466 0.4875 0.9466 0.4669 0.9456 0.4875 0.9452 0.4875 0.9452 0.4669 0.9443 0.4875 0.9439 0.4875 0.9439 0.4669 0.9429 0.4875 0.9425 0.4875 0.9425 0.4669 0.9415 0.4875 0.9411 0.4875 0.9411 0.4668 0.9402 0.4875 0.9398 0.4875 0.9398 0.4667 0.9388 0.4875 0.9384 0.4668 0.9819 0.4875 0.9809 0.4875 0.9822 0.4669 0.9805 0.4875 0.9795 0.4875 0.9809 0.4669 0.9791 0.4875 0.9781 0.4875 0.9795 0.4669 0.9777 0.4875 0.9768 0.4875 0.9781 0.4669 0.9764 0.4875 0.9754 0.4875 0.9768 0.4669 0.975 0.4875 0.974 0.4875 0.9754 0.467 0.9737 0.4875 0.9727 0.4875 0.974 0.467 0.9724 0.4876 0.9713 0.4875 0.9727 0.467 0.971 0.4876 0.9699 0.4876 0.9713 0.467 0.9697 0.4876 0.9686 0.4876 0.9699 0.467 0.9684 0.4876 0.9672 0.4876 0.9686 0.467 0.967 0.4876 0.9658 0.4876 0.9672 0.467 0.9657 0.4876 0.9645 0.4876 0.9658 0.467 0.9644 0.4876 0.9631 0.4876 0.9645 0.467 0.963 0.4876 0.9617 0.4876 0.9631 0.467 0.9617 0.4876 0.9603 0.4876 0.9617 0.4876 0.9603 0.467 0.959 0.4876 0.9589 0.4876 0.9589 0.467 0.9576 0.4876 0.9575 0.4876 0.9575 0.467 0.9563 0.4876 0.9562 0.4876 0.9562 0.467 0.955 0.4876 0.9548 0.4876 0.9548 0.467 0.9536 0.4876 0.9534 0.4876 0.9534 0.467 0.9523 0.4876 0.952 0.4665 0.971 0.4588 0.9697 0.4665 0.9697 0.4876 0.9507 0.4669 0.9496 0.4875 0.9493 0.4876 0.952 0.4669 0.951 0.4876 0.9507 0.841 0.9495 0.8511 0.9485 0.8511 0.9501 0.8239 0.9499 0.8409 0.9478 0.841 0.9495 0.8071 0.9499 0.8239 0.9483 0.8239 0.9499 0.8071 0.9499 0.7904 0.9485 0.8071 0.9483 0.7905 0.9501 0.774 0.9488 0.7904 0.9485 0.7741 0.9504 0.7579 0.9492 0.774 0.9488 0.7579 0.9507 0.742 0.9495 0.7579 0.9492 0.742 0.951 0.7263 0.9497 0.742 0.9495 0.7263 0.9512 0.7108 0.9499 0.7263 0.9497 0.7108 0.9514 0.6955 0.95 0.7108 0.9499 0.6955 0.9515 0.6803 0.9501 0.6955 0.95 0.6651 0.9516 0.6803 0.9501 0.6803 0.9516 0.6651 0.9516 0.65 0.9503 0.6651 0.9502 0.65 0.9517 0.635 0.9503 0.65 0.9503 0.635 0.9517 0.62 0.9504 0.635 0.9503 0.62 0.9518 0.605 0.9504 0.62 0.9504 0.605 0.9518 0.5901 0.9504 0.605 0.9504 0.5901 0.9518 0.5752 0.9504 0.5901 0.9504 0.5752 0.9518 0.5603 0.9505 0.5752 0.9504 0.5603 0.9519 0.5454 0.9505 0.5603 0.9505 0.5304 0.9519 0.5454 0.9505 0.5454 0.9519 0.5155 0.9519 0.5304 0.9505 0.5304 0.9519 0.5027 0.9518 0.5155 0.9505 0.5155 0.9519 0.5028 0.9743 0.5021 0.9756 0.5021 0.9743 0.8409 0.9478 0.8511 0.9469 0.8511 0.9485 0.8239 0.9483 0.8408 0.9462 0.8409 0.9478 0.8071 0.9483 0.8239 0.9467 0.8239 0.9483 0.8071 0.9483 0.7904 0.9469 0.8071 0.9467 0.7904 0.9485 0.774 0.9473 0.7904 0.9469 0.774 0.9488 0.7578 0.9477 0.774 0.9473 0.7579 0.9492 0.7419 0.948 0.7578 0.9477 0.742 0.9495 0.7263 0.9482 0.7419 0.948 0.7263 0.9497 0.7108 0.9484 0.7263 0.9482 0.7108 0.9499 0.6955 0.9486 0.7108 0.9484 0.6955 0.95 0.6803 0.9487 0.6955 0.9486 0.6803 0.9501 0.6651 0.9488 0.6803 0.9487 0.6651 0.9502 0.65 0.9488 0.6651 0.9488 0.65 0.9503 0.635 0.9489 0.65 0.9488 0.635 0.9503 0.62 0.9489 0.635 0.9489 0.62 0.9504 0.605 0.949 0.62 0.9489 0.605 0.9504 0.5901 0.949 0.605 0.949 0.5901 0.9504 0.5752 0.949 0.5901 0.949 0.5752 0.9504 0.5603 0.9491 0.5752 0.949 0.5603 0.9505 0.5454 0.9491 0.5603 0.9491 0.5304 0.9505 0.5454 0.9491 0.5454 0.9505 0.5155 0.9505 0.5304 0.9491 0.5304 0.9505 0.5027 0.9504 0.5155 0.9491 0.5155 0.9505 0.4875 0.9768 0.4881 0.9755 0.488 0.9768 0.8411 0.9512 0.8511 0.9501 0.851 0.9518 0.8239 0.9515 0.841 0.9495 0.8411 0.9512 0.8071 0.9516 0.8239 0.9499 0.8239 0.9515 0.8071 0.9516 0.7905 0.9501 0.8071 0.9499 0.7905 0.9517 0.7741 0.9504 0.7905 0.9501 0.7741 0.952 0.7579 0.9507 0.7741 0.9504 0.7579 0.9523 0.742 0.951 0.7579 0.9507 0.742 0.9525 0.7263 0.9512 0.742 0.951 0.7263 0.9527 0.7108 0.9514 0.7263 0.9512 0.7109 0.9528 0.6955 0.9515 0.7108 0.9514 0.6955 0.9529 0.6803 0.9516 0.6955 0.9515 0.6803 0.953 0.6651 0.9516 0.6803 0.9516 0.6651 0.9531 0.65 0.9517 0.6651 0.9516 0.6501 0.9531 0.635 0.9517 0.65 0.9517 0.635 0.9531 0.62 0.9518 0.635 0.9517 0.62 0.9532 0.605 0.9518 0.62 0.9518 0.5901 0.9532 0.605 0.9518 0.605 0.9532 0.5752 0.9533 0.5901 0.9518 0.5901 0.9532 0.5752 0.9533 0.5603 0.9519 0.5752 0.9518 0.5454 0.9533 0.5603 0.9519 0.5603 0.9533 0.5304 0.9533 0.5454 0.9519 0.5454 0.9533 0.5155 0.9533 0.5304 0.9519 0.5304 0.9533 0.5027 0.9532 0.5155 0.9519 0.5155 0.9533 0.5028 0.9757 0.5021 0.977 0.5021 0.9756 0.8412 0.9529 0.851 0.9518 0.851 0.9534 0.8239 0.9532 0.8411 0.9512 0.8412 0.9529 0.8071 0.9533 0.8239 0.9515 0.8239 0.9532 0.8071 0.9533 0.7905 0.9517 0.8071 0.9516 0.7905 0.9534 0.7741 0.952 0.7905 0.9517 0.7741 0.9536 0.7579 0.9523 0.7741 0.952 0.758 0.9538 0.742 0.9525 0.7579 0.9523 0.742 0.954 0.7263 0.9527 0.742 0.9525 0.7264 0.9542 0.7109 0.9528 0.7263 0.9527 0.7109 0.9543 0.6955 0.9529 0.7109 0.9528 0.6955 0.9544 0.6803 0.953 0.6955 0.9529 0.6803 0.9544 0.6651 0.9531 0.6803 0.953 0.6651 0.9545 0.6501 0.9531 0.6651 0.9531 0.6501 0.9545 0.635 0.9531 0.6501 0.9531 0.635 0.9546 0.62 0.9532 0.635 0.9531 0.62 0.9546 0.605 0.9532 0.62 0.9532 0.605 0.9546 0.5901 0.9532 0.605 0.9532 0.5901 0.9546 0.5752 0.9533 0.5901 0.9532 0.5752 0.9547 0.5603 0.9533 0.5752 0.9533 0.5454 0.9547 0.5603 0.9533 0.5603 0.9547 0.5304 0.9547 0.5454 0.9533 0.5454 0.9547 0.5155 0.9547 0.5304 0.9533 0.5304 0.9547 0.5027 0.9546 0.5155 0.9533 0.5155 0.9547 0.4875 0.9781 0.488 0.9768 0.488 0.9782 0.8412 0.9547 0.851 0.9534 0.851 0.9551 0.8239 0.9549 0.8412 0.9529 0.8412 0.9547 0.8071 0.955 0.8239 0.9532 0.8239 0.9549 0.8071 0.955 0.7905 0.9534 0.8071 0.9533 0.7906 0.9551 0.7741 0.9536 0.7905 0.9534 0.7742 0.9552 0.758 0.9538 0.7741 0.9536 0.758 0.9554 0.742 0.954 0.758 0.9538 0.7421 0.9556 0.7264 0.9542 0.742 0.954 0.7264 0.9557 0.7109 0.9543 0.7264 0.9542 0.7109 0.9558 0.6955 0.9544 0.7109 0.9543 0.6955 0.9558 0.6803 0.9544 0.6955 0.9544 0.6803 0.9559 0.6651 0.9545 0.6803 0.9544 0.6652 0.9559 0.6501 0.9545 0.6651 0.9545 0.6501 0.956 0.635 0.9546 0.6501 0.9545 0.635 0.956 0.62 0.9546 0.635 0.9546 0.62 0.956 0.605 0.9546 0.62 0.9546 0.6051 0.956 0.5901 0.9546 0.605 0.9546 0.5901 0.956 0.5752 0.9547 0.5901 0.9546 0.5752 0.9561 0.5603 0.9547 0.5752 0.9547 0.5603 0.9561 0.5454 0.9547 0.5603 0.9547 0.5454 0.9561 0.5304 0.9547 0.5454 0.9547 0.5155 0.9561 0.5304 0.9547 0.5304 0.9561 0.5027 0.956 0.5155 0.9547 0.5155 0.9561 0.5027 0.9771 0.5021 0.9784 0.5021 0.977 0.8413 0.9565 0.851 0.9551 0.8509 0.9568 0.8239 0.9567 0.8412 0.9547 0.8413 0.9565 0.8071 0.9567 0.8239 0.9549 0.8239 0.9567 0.8071 0.9567 0.7906 0.9551 0.8071 0.955 0.7906 0.9568 0.7742 0.9552 0.7906 0.9551 0.7742 0.9569 0.758 0.9554 0.7742 0.9552 0.758 0.957 0.7421 0.9556 0.758 0.9554 0.7421 0.9571 0.7264 0.9557 0.7421 0.9556 0.7264 0.9572 0.7109 0.9558 0.7264 0.9557 0.7109 0.9572 0.6955 0.9558 0.7109 0.9558 0.6955 0.9573 0.6803 0.9559 0.6955 0.9558 0.6803 0.9573 0.6652 0.9559 0.6803 0.9559 0.6652 0.9574 0.6501 0.956 0.6652 0.9559 0.6501 0.9574 0.635 0.956 0.6501 0.956 0.635 0.9574 0.62 0.956 0.635 0.956 0.6051 0.9574 0.62 0.956 0.62 0.9574 0.5901 0.9574 0.6051 0.956 0.6051 0.9574 0.5901 0.9574 0.5752 0.9561 0.5901 0.956 0.5603 0.9575 0.5752 0.9561 0.5752 0.9575 0.5454 0.9575 0.5603 0.9561 0.5603 0.9575 0.5304 0.9575 0.5454 0.9561 0.5454 0.9575 0.5155 0.9575 0.5304 0.9561 0.5304 0.9575 0.5026 0.9575 0.5155 0.9561 0.5155 0.9575 0.4875 0.9795 0.488 0.9782 0.488 0.9795 0.8413 0.9583 0.8509 0.9568 0.8509 0.9585 0.8239 0.9584 0.8413 0.9565 0.8413 0.9583 0.8071 0.9584 0.8239 0.9567 0.8239 0.9584 0.8071 0.9584 0.7906 0.9568 0.8071 0.9567 0.7906 0.9585 0.7742 0.9569 0.7906 0.9568 0.7742 0.9585 0.758 0.957 0.7742 0.9569 0.758 0.9586 0.7421 0.9571 0.758 0.957 0.7421 0.9586 0.7264 0.9572 0.7421 0.9571 0.7264 0.9587 0.7109 0.9572 0.7264 0.9572 0.7109 0.9587 0.6955 0.9573 0.7109 0.9572 0.6803 0.9588 0.6955 0.9573 0.6955 0.9587 0.6803 0.9588 0.6652 0.9574 0.6803 0.9573 0.6652 0.9588 0.6501 0.9574 0.6652 0.9574 0.635 0.9588 0.6501 0.9574 0.6501 0.9588 0.635 0.9588 0.62 0.9574 0.635 0.9574 0.62 0.9588 0.6051 0.9574 0.62 0.9574 0.6051 0.9588 0.5901 0.9574 0.6051 0.9574 0.5752 0.9589 0.5901 0.9574 0.5901 0.9588 0.5752 0.9589 0.5603 0.9575 0.5752 0.9575 0.5603 0.9589 0.5454 0.9575 0.5603 0.9575 0.5304 0.9589 0.5454 0.9575 0.5454 0.9589 0.5155 0.9589 0.5304 0.9575 0.5304 0.9589 0.5026 0.9589 0.5155 0.9575 0.5155 0.9589 0.4876 0.9507 0.4882 0.952 0.4876 0.952 0.8413 0.9602 0.8509 0.9585 0.8509 0.9602 0.8239 0.9602 0.8413 0.9583 0.8413 0.9602 0.8071 0.9602 0.8239 0.9584 0.8239 0.9602 0.8071 0.9602 0.7906 0.9585 0.8071 0.9584 0.7906 0.9602 0.7742 0.9585 0.7906 0.9585 0.7742 0.9602 0.758 0.9586 0.7742 0.9585 0.758 0.9602 0.7421 0.9586 0.758 0.9586 0.7421 0.9602 0.7264 0.9587 0.7421 0.9586 0.7264 0.9602 0.7109 0.9587 0.7264 0.9587 0.7109 0.9602 0.6955 0.9587 0.7109 0.9587 0.6955 0.9602 0.6803 0.9588 0.6955 0.9587 0.6803 0.9602 0.6652 0.9588 0.6803 0.9588 0.6652 0.9602 0.6501 0.9588 0.6652 0.9588 0.6501 0.9602 0.635 0.9588 0.6501 0.9588 0.635 0.9602 0.62 0.9588 0.635 0.9588 0.6051 0.9602 0.62 0.9588 0.62 0.9602 0.6051 0.9602 0.5901 0.9588 0.6051 0.9588 0.5901 0.9603 0.5752 0.9589 0.5901 0.9588 0.5603 0.9603 0.5752 0.9589 0.5752 0.9603 0.5454 0.9603 0.5603 0.9589 0.5603 0.9603 0.5454 0.9603 0.5304 0.9589 0.5454 0.9589 0.5304 0.9603 0.5155 0.9589 0.5304 0.9589 0.5026 0.9603 0.5155 0.9589 0.5155 0.9603 0.5027 0.9784 0.502 0.9797 0.5021 0.9784 0.8509 0.9619 0.8413 0.9602 0.8509 0.9602 0.8413 0.962 0.8239 0.9602 0.8413 0.9602 0.8239 0.9619 0.8071 0.9602 0.8239 0.9602 0.7906 0.9619 0.8071 0.9602 0.8071 0.9619 0.7742 0.9619 0.7906 0.9602 0.7906 0.9619 0.758 0.9618 0.7742 0.9602 0.7742 0.9619 0.7421 0.9618 0.758 0.9602 0.758 0.9618 0.7264 0.9617 0.7421 0.9602 0.7421 0.9618 0.7109 0.9617 0.7264 0.9602 0.7264 0.9617 0.6955 0.9617 0.7109 0.9602 0.7109 0.9617 0.6803 0.9617 0.6955 0.9602 0.6955 0.9617 0.6652 0.9617 0.6803 0.9602 0.6803 0.9617 0.6501 0.9617 0.6652 0.9602 0.6652 0.9617 0.635 0.9617 0.6501 0.9602 0.6501 0.9617 0.62 0.9617 0.635 0.9602 0.635 0.9617 0.62 0.9617 0.6051 0.9602 0.62 0.9602 0.5901 0.9617 0.6051 0.9602 0.6051 0.9617 0.5752 0.9617 0.5901 0.9603 0.5901 0.9617 0.5752 0.9617 0.5603 0.9603 0.5752 0.9603 0.5603 0.9617 0.5454 0.9603 0.5603 0.9603 0.5304 0.9617 0.5454 0.9603 0.5454 0.9617 0.5155 0.9617 0.5304 0.9603 0.5304 0.9617 0.5155 0.9617 0.5026 0.9603 0.5155 0.9603 0.4875 0.9809 0.488 0.9795 0.488 0.9809 0.8509 0.9636 0.8413 0.962 0.8509 0.9619 0.8413 0.9639 0.8239 0.9619 0.8413 0.962 0.8239 0.9637 0.8071 0.9619 0.8239 0.9619 0.7906 0.9636 0.8071 0.9619 0.8071 0.9637 0.7742 0.9635 0.7906 0.9619 0.7906 0.9636 0.758 0.9634 0.7742 0.9619 0.7742 0.9635 0.7421 0.9633 0.758 0.9618 0.758 0.9634 0.7264 0.9632 0.7421 0.9618 0.7421 0.9633 0.7109 0.9632 0.7264 0.9617 0.7264 0.9632 0.6955 0.9631 0.7109 0.9617 0.7109 0.9632 0.6955 0.9631 0.6803 0.9617 0.6955 0.9617 0.6652 0.9631 0.6803 0.9617 0.6803 0.9631 0.6501 0.9631 0.6652 0.9617 0.6652 0.9631 0.6501 0.9631 0.635 0.9617 0.6501 0.9617 0.62 0.9631 0.635 0.9617 0.635 0.9631 0.6051 0.9631 0.62 0.9617 0.62 0.9631 0.5901 0.9631 0.6051 0.9617 0.6051 0.9631 0.5901 0.9631 0.5752 0.9617 0.5901 0.9617 0.5603 0.9631 0.5752 0.9617 0.5752 0.9631 0.5454 0.9631 0.5603 0.9617 0.5603 0.9631 0.5454 0.9631 0.5304 0.9617 0.5454 0.9617 0.5304 0.9631 0.5155 0.9617 0.5304 0.9617 0.5155 0.9631 0.5026 0.9617 0.5155 0.9617 0.5027 0.9518 0.5021 0.9505 0.5027 0.9504 0.851 0.9653 0.8413 0.9639 0.8509 0.9636 0.8412 0.9657 0.8239 0.9637 0.8413 0.9639 0.8239 0.9654 0.8071 0.9637 0.8239 0.9637 0.7906 0.9653 0.8071 0.9637 0.8071 0.9654 0.7742 0.9652 0.7906 0.9636 0.7906 0.9653 0.758 0.965 0.7742 0.9635 0.7742 0.9652 0.7421 0.9648 0.758 0.9634 0.758 0.965 0.7264 0.9647 0.7421 0.9633 0.7421 0.9648 0.7109 0.9646 0.7264 0.9632 0.7264 0.9647 0.6955 0.9646 0.7109 0.9632 0.7109 0.9646 0.6803 0.9646 0.6955 0.9631 0.6955 0.9646 0.6652 0.9645 0.6803 0.9631 0.6803 0.9646 0.6501 0.9645 0.6652 0.9631 0.6652 0.9645 0.635 0.9645 0.6501 0.9631 0.6501 0.9645 0.62 0.9645 0.635 0.9631 0.635 0.9645 0.62 0.9645 0.6051 0.9631 0.62 0.9631 0.6051 0.9645 0.5901 0.9631 0.6051 0.9631 0.5752 0.9645 0.5901 0.9631 0.5901 0.9645 0.5752 0.9645 0.5603 0.9631 0.5752 0.9631 0.5603 0.9645 0.5454 0.9631 0.5603 0.9631 0.5454 0.9645 0.5304 0.9631 0.5454 0.9631 0.5304 0.9645 0.5155 0.9631 0.5304 0.9631 0.5155 0.9645 0.5026 0.9631 0.5155 0.9631 0.4875 0.9493 0.4882 0.9506 0.4876 0.9507 0.851 0.9669 0.8412 0.9657 0.851 0.9653 0.8412 0.9675 0.8239 0.9654 0.8412 0.9657 0.8239 0.9672 0.8071 0.9654 0.8239 0.9654 0.7905 0.967 0.8071 0.9654 0.8071 0.9671 0.7741 0.9668 0.7906 0.9653 0.7905 0.967 0.758 0.9666 0.7742 0.9652 0.7741 0.9668 0.742 0.9664 0.758 0.965 0.758 0.9666 0.7264 0.9662 0.7421 0.9648 0.742 0.9664 0.7109 0.9661 0.7264 0.9647 0.7264 0.9662 0.6955 0.966 0.7109 0.9646 0.7109 0.9661 0.6803 0.966 0.6955 0.9646 0.6955 0.966 0.6652 0.966 0.6803 0.9646 0.6803 0.966 0.6501 0.9659 0.6652 0.9645 0.6652 0.966 0.635 0.9659 0.6501 0.9645 0.6501 0.9659 0.62 0.9659 0.635 0.9645 0.635 0.9659 0.6051 0.9659 0.62 0.9645 0.62 0.9659 0.5901 0.9659 0.6051 0.9645 0.6051 0.9659 0.5752 0.9659 0.5901 0.9645 0.5901 0.9659 0.5603 0.9659 0.5752 0.9645 0.5752 0.9659 0.5454 0.9659 0.5603 0.9645 0.5603 0.9659 0.5304 0.9659 0.5454 0.9645 0.5454 0.9659 0.5304 0.9659 0.5155 0.9645 0.5304 0.9645 0.5155 0.9659 0.5027 0.9646 0.5155 0.9645 0.5027 0.9798 0.502 0.9811 0.502 0.9797 0.851 0.9686 0.8412 0.9675 0.851 0.9669 0.8411 0.9692 0.8239 0.9672 0.8412 0.9675 0.8239 0.9688 0.8071 0.9671 0.8239 0.9672 0.7905 0.9687 0.8071 0.9671 0.8071 0.9688 0.7741 0.9684 0.7905 0.967 0.7905 0.9687 0.7579 0.9681 0.7741 0.9668 0.7741 0.9684 0.742 0.9679 0.758 0.9666 0.7579 0.9681 0.7263 0.9677 0.742 0.9664 0.742 0.9679 0.7109 0.9676 0.7264 0.9662 0.7263 0.9677 0.6955 0.9675 0.7109 0.9661 0.7109 0.9676 0.6803 0.9674 0.6955 0.966 0.6955 0.9675 0.6651 0.9674 0.6803 0.966 0.6803 0.9674 0.6501 0.9673 0.6652 0.966 0.6651 0.9674 0.635 0.9673 0.6501 0.9659 0.6501 0.9673 0.62 0.9673 0.635 0.9659 0.635 0.9673 0.6051 0.9673 0.62 0.9659 0.62 0.9673 0.5901 0.9673 0.6051 0.9659 0.6051 0.9673 0.5752 0.9673 0.5901 0.9659 0.5901 0.9673 0.5603 0.9673 0.5752 0.9659 0.5752 0.9673 0.5603 0.9673 0.5454 0.9659 0.5603 0.9659 0.5454 0.9673 0.5304 0.9659 0.5454 0.9659 0.5304 0.9673 0.5155 0.9659 0.5304 0.9659 0.5155 0.9673 0.5027 0.966 0.5155 0.9659 0.4875 0.9822 0.488 0.9809 0.488 0.9822 0.8511 0.9702 0.8411 0.9692 0.851 0.9686 0.841 0.9709 0.8239 0.9688 0.8411 0.9692 0.8239 0.9705 0.8071 0.9688 0.8239 0.9688 0.7905 0.9703 0.8071 0.9688 0.8071 0.9704 0.7741 0.97 0.7905 0.9687 0.7905 0.9703 0.7579 0.9697 0.7741 0.9684 0.7741 0.97 0.742 0.9694 0.7579 0.9681 0.7579 0.9697 0.7263 0.9692 0.742 0.9679 0.742 0.9694 0.7108 0.9691 0.7263 0.9677 0.7263 0.9692 0.6955 0.9689 0.7109 0.9676 0.7108 0.9691 0.6803 0.9689 0.6955 0.9675 0.6955 0.9689 0.6651 0.9688 0.6803 0.9674 0.6803 0.9689 0.6501 0.9688 0.6651 0.9674 0.6651 0.9688 0.635 0.9687 0.6501 0.9673 0.6501 0.9688 0.62 0.9687 0.635 0.9673 0.635 0.9687 0.6051 0.9687 0.62 0.9673 0.62 0.9687 0.6051 0.9687 0.5901 0.9673 0.6051 0.9673 0.5901 0.9687 0.5752 0.9673 0.5901 0.9673 0.5603 0.9687 0.5752 0.9673 0.5752 0.9687 0.5603 0.9687 0.5454 0.9673 0.5603 0.9673 0.5454 0.9687 0.5304 0.9673 0.5454 0.9673 0.5305 0.9687 0.5155 0.9673 0.5304 0.9673 0.5155 0.9687 0.5027 0.9674 0.5155 0.9673 0.5027 0.9504 0.5021 0.9491 0.5027 0.949 0.8511 0.9719 0.841 0.9709 0.8511 0.9702 0.8409 0.9726 0.8239 0.9705 0.841 0.9709 0.8239 0.9721 0.8071 0.9704 0.8239 0.9705 0.7904 0.9719 0.8071 0.9704 0.8071 0.9721 0.774 0.9716 0.7905 0.9703 0.7904 0.9719 0.7579 0.9712 0.7741 0.97 0.774 0.9716 0.742 0.9709 0.7579 0.9697 0.7579 0.9712 0.7263 0.9707 0.742 0.9694 0.742 0.9709 0.7108 0.9705 0.7263 0.9692 0.7263 0.9707 0.6955 0.9704 0.7108 0.9691 0.7108 0.9705 0.6803 0.9703 0.6955 0.9689 0.6955 0.9704 0.6803 0.9703 0.6651 0.9688 0.6803 0.9689 0.65 0.9702 0.6651 0.9688 0.6651 0.9702 0.635 0.9702 0.6501 0.9688 0.65 0.9702 0.62 0.9701 0.635 0.9687 0.635 0.9702 0.605 0.9701 0.62 0.9687 0.62 0.9701 0.5901 0.9701 0.6051 0.9687 0.605 0.9701 0.5752 0.9701 0.5901 0.9687 0.5901 0.9701 0.5603 0.9701 0.5752 0.9687 0.5752 0.9701 0.5454 0.9701 0.5603 0.9687 0.5603 0.9701 0.5454 0.9701 0.5305 0.9687 0.5454 0.9687 0.5305 0.9701 0.5155 0.9687 0.5305 0.9687 0.5155 0.9701 0.5027 0.9688 0.5155 0.9687 0.4876 0.952 0.4882 0.9534 0.4876 0.9534 0.8511 0.9735 0.8409 0.9726 0.8511 0.9719 0.8408 0.9742 0.8239 0.9721 0.8409 0.9726 0.8239 0.9737 0.8071 0.9721 0.8239 0.9721 0.7904 0.9734 0.8071 0.9721 0.8071 0.9737 0.774 0.9731 0.7904 0.9719 0.7904 0.9734 0.7578 0.9727 0.774 0.9716 0.774 0.9731 0.7419 0.9724 0.7579 0.9712 0.7578 0.9727 0.7263 0.9722 0.742 0.9709 0.7419 0.9724 0.7108 0.972 0.7263 0.9707 0.7263 0.9722 0.6955 0.9718 0.7108 0.9705 0.7108 0.972 0.6803 0.9717 0.6955 0.9704 0.6955 0.9718 0.6651 0.9717 0.6803 0.9703 0.6803 0.9717 0.65 0.9716 0.6651 0.9702 0.6651 0.9717 0.635 0.9716 0.65 0.9702 0.65 0.9716 0.62 0.9715 0.635 0.9702 0.635 0.9716 0.605 0.9715 0.62 0.9701 0.62 0.9715 0.5901 0.9715 0.605 0.9701 0.605 0.9715 0.5752 0.9715 0.5901 0.9701 0.5901 0.9715 0.5603 0.9715 0.5752 0.9701 0.5752 0.9715 0.5454 0.9715 0.5603 0.9701 0.5603 0.9715 0.5454 0.9715 0.5305 0.9701 0.5454 0.9701 0.5305 0.9715 0.5155 0.9701 0.5305 0.9701 0.5156 0.9715 0.5027 0.9702 0.5155 0.9701 0.5027 0.9811 0.5019 0.9824 0.502 0.9811 0.8511 0.9751 0.8408 0.9742 0.8511 0.9735 0.8407 0.9757 0.8239 0.9737 0.8408 0.9742 0.8238 0.9753 0.8071 0.9737 0.8239 0.9737 0.7904 0.975 0.8071 0.9737 0.8071 0.9752 0.7739 0.9746 0.7904 0.9734 0.7904 0.975 0.7578 0.9742 0.774 0.9731 0.7739 0.9746 0.7419 0.9739 0.7578 0.9727 0.7578 0.9742 0.7263 0.9736 0.7419 0.9724 0.7419 0.9739 0.7108 0.9734 0.7263 0.9722 0.7263 0.9736 0.6955 0.9733 0.7108 0.972 0.7108 0.9734 0.6803 0.9732 0.6955 0.9718 0.6955 0.9733 0.6651 0.9731 0.6803 0.9717 0.6803 0.9732 0.65 0.973 0.6651 0.9717 0.6651 0.9731 0.635 0.973 0.65 0.9716 0.65 0.973 0.62 0.9729 0.635 0.9716 0.635 0.973 0.605 0.9729 0.62 0.9715 0.62 0.9729 0.5901 0.9729 0.605 0.9715 0.605 0.9729 0.5752 0.9729 0.5901 0.9715 0.5901 0.9729 0.5603 0.9729 0.5752 0.9715 0.5752 0.9729 0.5603 0.9729 0.5454 0.9715 0.5603 0.9715 0.5454 0.9729 0.5305 0.9715 0.5454 0.9715 0.5305 0.9729 0.5156 0.9715 0.5305 0.9715 0.5156 0.9729 0.5027 0.9716 0.5156 0.9715 0.4875 0.9384 0.4879 0.9398 0.4875 0.9398 0.8511 0.9767 0.8407 0.9757 0.8511 0.9751 0.8405 0.9773 0.8238 0.9753 0.8407 0.9757 0.8238 0.9768 0.8071 0.9752 0.8238 0.9753 0.7903 0.9765 0.8071 0.9752 0.8071 0.9767 0.7739 0.9761 0.7904 0.975 0.7903 0.9765 0.7577 0.9757 0.7739 0.9746 0.7739 0.9761 0.7419 0.9753 0.7578 0.9742 0.7577 0.9757 0.7262 0.9751 0.7419 0.9739 0.7419 0.9753 0.7108 0.9748 0.7263 0.9736 0.7262 0.9751 0.6955 0.9747 0.7108 0.9734 0.7108 0.9748 0.6803 0.9746 0.6955 0.9733 0.6955 0.9747 0.6651 0.9745 0.6803 0.9732 0.6803 0.9746 0.65 0.9744 0.6651 0.9731 0.6651 0.9745 0.635 0.9744 0.65 0.973 0.65 0.9744 0.62 0.9744 0.635 0.973 0.635 0.9744 0.605 0.9743 0.62 0.9729 0.62 0.9744 0.5901 0.9743 0.605 0.9729 0.605 0.9743 0.5752 0.9743 0.5901 0.9729 0.5901 0.9743 0.5752 0.9743 0.5603 0.9729 0.5752 0.9729 0.5454 0.9743 0.5603 0.9729 0.5603 0.9743 0.5454 0.9743 0.5305 0.9729 0.5454 0.9729 0.5305 0.9743 0.5156 0.9729 0.5305 0.9729 0.5156 0.9743 0.5027 0.973 0.5156 0.9729 0.5027 0.9532 0.5021 0.9519 0.5027 0.9518 0.8511 0.9783 0.8405 0.9773 0.8511 0.9767 0.8404 0.9787 0.8238 0.9768 0.8405 0.9773 0.8238 0.9783 0.8071 0.9767 0.8238 0.9768 0.7903 0.978 0.8071 0.9767 0.807 0.9782 0.7738 0.9776 0.7903 0.9765 0.7903 0.978 0.7577 0.9772 0.7739 0.9761 0.7738 0.9776 0.7418 0.9768 0.7577 0.9757 0.7577 0.9772 0.7262 0.9765 0.7419 0.9753 0.7418 0.9768 0.7108 0.9763 0.7262 0.9751 0.7262 0.9765 0.6955 0.9761 0.7108 0.9748 0.7108 0.9763 0.6802 0.976 0.6955 0.9747 0.6955 0.9761 0.6651 0.9759 0.6803 0.9746 0.6802 0.976 0.65 0.9759 0.6651 0.9745 0.6651 0.9759 0.635 0.9758 0.65 0.9744 0.65 0.9759 0.62 0.9758 0.635 0.9744 0.635 0.9758 0.605 0.9757 0.62 0.9744 0.62 0.9758 0.5901 0.9757 0.605 0.9743 0.605 0.9757 0.5752 0.9757 0.5901 0.9743 0.5901 0.9757 0.5603 0.9757 0.5752 0.9743 0.5752 0.9757 0.5603 0.9757 0.5454 0.9743 0.5603 0.9743 0.5454 0.9757 0.5305 0.9743 0.5454 0.9743 0.5305 0.9757 0.5156 0.9743 0.5305 0.9743 0.5156 0.9757 0.5028 0.9743 0.5156 0.9743 0.4876 0.9534 0.4883 0.9547 0.4876 0.9548 0.8511 0.9799 0.8404 0.9787 0.8511 0.9783 0.8403 0.9802 0.8238 0.9783 0.8404 0.9787 0.8238 0.9798 0.807 0.9782 0.8238 0.9783 0.7903 0.9795 0.807 0.9782 0.807 0.9797 0.7738 0.9791 0.7903 0.978 0.7903 0.9795 0.7576 0.9786 0.7738 0.9776 0.7738 0.9791 0.7418 0.9782 0.7577 0.9772 0.7576 0.9786 0.7262 0.9779 0.7418 0.9768 0.7418 0.9782 0.7107 0.9777 0.7262 0.9765 0.7262 0.9779 0.6954 0.9775 0.7108 0.9763 0.7107 0.9777 0.6802 0.9774 0.6955 0.9761 0.6954 0.9775 0.6651 0.9773 0.6802 0.976 0.6802 0.9774 0.65 0.9773 0.6651 0.9759 0.6651 0.9773 0.635 0.9772 0.65 0.9759 0.65 0.9773 0.62 0.9772 0.635 0.9758 0.635 0.9772 0.62 0.9772 0.605 0.9757 0.62 0.9758 0.5901 0.9771 0.605 0.9757 0.605 0.9771 0.5752 0.9771 0.5901 0.9757 0.5901 0.9771 0.5603 0.9771 0.5752 0.9757 0.5752 0.9771 0.5454 0.9771 0.5603 0.9757 0.5603 0.9771 0.5454 0.9771 0.5305 0.9757 0.5454 0.9757 0.5305 0.9771 0.5156 0.9757 0.5305 0.9757 0.5156 0.9771 0.5028 0.9757 0.5156 0.9757 0.5027 0.9395 0.5019 0.9382 0.5026 0.9381 0.8511 0.9815 0.8403 0.9802 0.8511 0.9799 0.8403 0.9816 0.8238 0.9798 0.8403 0.9802 0.8238 0.9812 0.807 0.9797 0.8238 0.9798 0.7903 0.9809 0.807 0.9797 0.807 0.9812 0.7738 0.9805 0.7903 0.9795 0.7903 0.9809 0.7576 0.98 0.7738 0.9791 0.7738 0.9805 0.7418 0.9797 0.7576 0.9786 0.7576 0.98 0.7262 0.9794 0.7418 0.9782 0.7418 0.9797 0.7107 0.9791 0.7262 0.9779 0.7262 0.9794 0.6954 0.979 0.7107 0.9777 0.7107 0.9791 0.6802 0.9788 0.6954 0.9775 0.6954 0.979 0.6651 0.9787 0.6802 0.9774 0.6802 0.9788 0.65 0.9787 0.6651 0.9773 0.6651 0.9787 0.635 0.9786 0.65 0.9773 0.65 0.9787 0.62 0.9786 0.635 0.9772 0.635 0.9786 0.605 0.9785 0.62 0.9772 0.62 0.9786 0.5901 0.9785 0.605 0.9771 0.605 0.9785 0.5752 0.9785 0.5901 0.9771 0.5901 0.9785 0.5603 0.9785 0.5752 0.9771 0.5752 0.9785 0.5603 0.9785 0.5454 0.9771 0.5603 0.9771 0.5305 0.9785 0.5454 0.9771 0.5454 0.9785 0.5305 0.9785 0.5156 0.9771 0.5305 0.9771 0.5156 0.9785 0.5027 0.9771 0.5156 0.9771 0.4875 0.9398 0.4879 0.9411 0.4875 0.9411 0.851 0.9831 0.8403 0.9816 0.8511 0.9815 0.8402 0.983 0.8238 0.9812 0.8403 0.9816 0.8238 0.9827 0.807 0.9812 0.8238 0.9812 0.7902 0.9824 0.807 0.9812 0.807 0.9826 0.7737 0.9819 0.7903 0.9809 0.7902 0.9824 0.7576 0.9815 0.7738 0.9805 0.7737 0.9819 0.7417 0.9811 0.7576 0.98 0.7576 0.9815 0.7261 0.9808 0.7418 0.9797 0.7417 0.9811 0.7107 0.9805 0.7262 0.9794 0.7261 0.9808 0.6954 0.9804 0.7107 0.9791 0.7107 0.9805 0.6802 0.9802 0.6954 0.979 0.6954 0.9804 0.6802 0.9802 0.6651 0.9787 0.6802 0.9788 0.65 0.9801 0.6651 0.9787 0.6651 0.9802 0.635 0.98 0.65 0.9787 0.65 0.9801 0.635 0.98 0.62 0.9786 0.635 0.9786 0.605 0.98 0.62 0.9786 0.62 0.98 0.5901 0.9799 0.605 0.9785 0.605 0.98 0.5752 0.9799 0.5901 0.9785 0.5901 0.9799 0.5603 0.9799 0.5752 0.9785 0.5752 0.9799 0.5603 0.9799 0.5454 0.9785 0.5603 0.9785 0.5454 0.9799 0.5305 0.9785 0.5454 0.9785 0.5305 0.9799 0.5156 0.9785 0.5305 0.9785 0.5155 0.9799 0.5027 0.9784 0.5156 0.9785 0.5027 0.9546 0.5021 0.9533 0.5027 0.9532 0.851 0.9846 0.8402 0.983 0.851 0.9831 0.8401 0.9844 0.8238 0.9827 0.8402 0.983 0.8238 0.9841 0.807 0.9826 0.8238 0.9827 0.7902 0.9838 0.807 0.9826 0.807 0.9841 0.7737 0.9834 0.7902 0.9824 0.7902 0.9838 0.7575 0.9829 0.7737 0.9819 0.7737 0.9834 0.7417 0.9825 0.7576 0.9815 0.7575 0.9829 0.7261 0.9822 0.7417 0.9811 0.7417 0.9825 0.7107 0.9819 0.7261 0.9808 0.7261 0.9822 0.6954 0.9818 0.7107 0.9805 0.7107 0.9819 0.6802 0.9817 0.6954 0.9804 0.6954 0.9818 0.6651 0.9816 0.6802 0.9802 0.6802 0.9817 0.65 0.9815 0.6651 0.9802 0.6651 0.9816 0.65 0.9815 0.635 0.98 0.65 0.9801 0.62 0.9814 0.635 0.98 0.635 0.9814 0.605 0.9814 0.62 0.98 0.62 0.9814 0.605 0.9814 0.5901 0.9799 0.605 0.98 0.5752 0.9813 0.5901 0.9799 0.5901 0.9813 0.5603 0.9813 0.5752 0.9799 0.5752 0.9813 0.5454 0.9813 0.5603 0.9799 0.5603 0.9813 0.5305 0.9813 0.5454 0.9799 0.5454 0.9813 0.5305 0.9813 0.5155 0.9799 0.5305 0.9799 0.5155 0.9813 0.5027 0.9798 0.5155 0.9799 0.5027 0.9408 0.502 0.9395 0.5027 0.9395 0.8509 0.9862 0.8401 0.9844 0.851 0.9846 0.8401 0.9858 0.8238 0.9841 0.8401 0.9844 0.8237 0.9856 0.807 0.9841 0.8238 0.9841 0.807 0.9855 0.7902 0.9838 0.807 0.9841 0.7902 0.9852 0.7737 0.9834 0.7902 0.9838 0.7575 0.9843 0.7737 0.9834 0.7736 0.9848 0.7417 0.9839 0.7575 0.9829 0.7575 0.9843 0.7417 0.9839 0.7261 0.9822 0.7417 0.9825 0.7107 0.9834 0.7261 0.9822 0.7261 0.9836 0.6954 0.9832 0.7107 0.9819 0.7107 0.9834 0.6802 0.9831 0.6954 0.9818 0.6954 0.9832 0.6651 0.983 0.6802 0.9817 0.6802 0.9831 0.65 0.9829 0.6651 0.9816 0.6651 0.983 0.635 0.9828 0.65 0.9815 0.65 0.9829 0.635 0.9828 0.62 0.9814 0.635 0.9814 0.605 0.9828 0.62 0.9814 0.62 0.9828 0.5901 0.9827 0.605 0.9814 0.605 0.9828 0.5901 0.9827 0.5752 0.9813 0.5901 0.9813 0.5603 0.9827 0.5752 0.9813 0.5752 0.9827 0.5454 0.9827 0.5603 0.9813 0.5603 0.9827 0.5305 0.9827 0.5454 0.9813 0.5454 0.9827 0.5155 0.9828 0.5305 0.9813 0.5305 0.9827 0.5155 0.9828 0.5027 0.9811 0.5155 0.9813 0.4876 0.9548 0.4883 0.9561 0.4876 0.9562 0.8401 0.9359 0.8509 0.9342 0.851 0.9357 0.8238 0.9362 0.8401 0.9345 0.8401 0.9359 0.807 0.9363 0.8237 0.9348 0.8238 0.9362 0.7902 0.9366 0.807 0.9349 0.807 0.9363 0.7737 0.937 0.7902 0.9351 0.7902 0.9366 0.7737 0.937 0.7575 0.9361 0.7736 0.9356 0.7575 0.9375 0.7416 0.9365 0.7575 0.9361 0.7261 0.9382 0.7416 0.9365 0.7417 0.9379 0.7261 0.9382 0.7107 0.9371 0.7261 0.9368 0.7107 0.9385 0.6954 0.9372 0.7107 0.9371 0.6954 0.9386 0.6802 0.9374 0.6954 0.9372 0.6802 0.9388 0.665 0.9375 0.6802 0.9374 0.6651 0.9389 0.65 0.9376 0.665 0.9375 0.65 0.939 0.635 0.9376 0.65 0.9376 0.62 0.9391 0.635 0.9376 0.635 0.939 0.62 0.9391 0.605 0.9377 0.62 0.9377 0.605 0.9391 0.5901 0.9378 0.605 0.9377 0.5752 0.9392 0.5901 0.9378 0.5901 0.9392 0.5752 0.9392 0.5603 0.9378 0.5752 0.9378 0.5603 0.9392 0.5454 0.9378 0.5603 0.9378 0.5454 0.9392 0.5305 0.9378 0.5454 0.9378 0.5305 0.9392 0.5155 0.9378 0.5305 0.9378 0.5027 0.9395 0.5155 0.9378 0.5155 0.9392 0.4875 0.9411 0.488 0.9424 0.4875 0.9425 0.8402 0.9373 0.851 0.9357 0.851 0.9373 0.8238 0.9377 0.8401 0.9359 0.8402 0.9373 0.807 0.9377 0.8238 0.9362 0.8238 0.9377 0.807 0.9377 0.7902 0.9366 0.807 0.9363 0.7902 0.938 0.7737 0.937 0.7902 0.9366 0.7737 0.9385 0.7575 0.9375 0.7737 0.937 0.7576 0.9389 0.7417 0.9379 0.7575 0.9375 0.7417 0.9393 0.7261 0.9382 0.7417 0.9379 0.7261 0.9396 0.7107 0.9385 0.7261 0.9382 0.7107 0.9399 0.6954 0.9386 0.7107 0.9385 0.6954 0.9401 0.6802 0.9388 0.6954 0.9386 0.6802 0.9402 0.6651 0.9389 0.6802 0.9388 0.6651 0.9403 0.65 0.939 0.6651 0.9389 0.635 0.9404 0.65 0.939 0.65 0.9404 0.635 0.9404 0.62 0.9391 0.635 0.939 0.62 0.9405 0.605 0.9391 0.62 0.9391 0.5901 0.9406 0.605 0.9391 0.605 0.9405 0.5901 0.9406 0.5752 0.9392 0.5901 0.9392 0.5752 0.9406 0.5603 0.9392 0.5752 0.9392 0.5603 0.9406 0.5454 0.9392 0.5603 0.9392 0.5454 0.9406 0.5305 0.9392 0.5454 0.9392 0.5155 0.9406 0.5305 0.9392 0.5305 0.9406 0.5027 0.9408 0.5155 0.9392 0.5155 0.9406 0.5027 0.956 0.5021 0.9547 0.5027 0.9546 0.8403 0.9388 0.851 0.9373 0.8511 0.9389 0.8238 0.9391 0.8402 0.9373 0.8403 0.9388 0.807 0.9392 0.8238 0.9377 0.8238 0.9391 0.807 0.9392 0.7902 0.938 0.807 0.9377 0.7902 0.9395 0.7737 0.9385 0.7902 0.938 0.7737 0.9399 0.7576 0.9389 0.7737 0.9385 0.7576 0.9403 0.7417 0.9393 0.7576 0.9389 0.7417 0.9407 0.7261 0.9396 0.7417 0.9393 0.7261 0.941 0.7107 0.9399 0.7261 0.9396 0.7107 0.9413 0.6954 0.9401 0.7107 0.9399 0.6954 0.9415 0.6802 0.9402 0.6954 0.9401 0.6651 0.9417 0.6802 0.9402 0.6802 0.9416 0.6651 0.9417 0.65 0.9404 0.6651 0.9403 0.65 0.9418 0.635 0.9404 0.65 0.9404 0.62 0.9419 0.635 0.9404 0.635 0.9418 0.62 0.9419 0.605 0.9405 0.62 0.9405 0.605 0.9419 0.5901 0.9406 0.605 0.9405 0.5901 0.942 0.5752 0.9406 0.5901 0.9406 0.5752 0.942 0.5603 0.9406 0.5752 0.9406 0.5454 0.942 0.5603 0.9406 0.5603 0.942 0.5305 0.942 0.5454 0.9406 0.5454 0.942 0.5155 0.942 0.5305 0.9406 0.5305 0.942 0.5027 0.9422 0.5155 0.9406 0.5155 0.942 0.4876 0.9562 0.4883 0.9575 0.4876 0.9575 0.8403 0.9402 0.8511 0.9389 0.8511 0.9405 0.8238 0.9406 0.8403 0.9388 0.8403 0.9402 0.807 0.9407 0.8238 0.9391 0.8238 0.9406 0.807 0.9407 0.7902 0.9395 0.807 0.9392 0.7903 0.9409 0.7737 0.9399 0.7902 0.9395 0.7738 0.9413 0.7576 0.9403 0.7737 0.9399 0.7576 0.9418 0.7417 0.9407 0.7576 0.9403 0.7418 0.9422 0.7261 0.941 0.7417 0.9407 0.7262 0.9425 0.7107 0.9413 0.7261 0.941 0.7107 0.9427 0.6954 0.9415 0.7107 0.9413 0.6954 0.9429 0.6802 0.9416 0.6954 0.9415 0.6802 0.943 0.6651 0.9417 0.6802 0.9416 0.6651 0.9431 0.65 0.9418 0.6651 0.9417 0.65 0.9432 0.635 0.9418 0.65 0.9418 0.635 0.9433 0.62 0.9419 0.635 0.9418 0.62 0.9433 0.605 0.9419 0.62 0.9419 0.605 0.9434 0.5901 0.942 0.605 0.9419 0.5901 0.9434 0.5752 0.942 0.5901 0.942 0.5752 0.9434 0.5603 0.942 0.5752 0.942 0.5454 0.9434 0.5603 0.942 0.5603 0.9434 0.5454 0.9434 0.5305 0.942 0.5454 0.942 0.5155 0.9434 0.5305 0.942 0.5305 0.9434 0.5027 0.9435 0.5155 0.942 0.5155 0.9434 0.5027 0.9422 0.502 0.9409 0.5027 0.9408 0.8404 0.9416 0.8511 0.9405 0.8511 0.9421 0.8238 0.9421 0.8403 0.9402 0.8404 0.9416 0.807 0.9421 0.8238 0.9406 0.8238 0.9421 0.807 0.9421 0.7903 0.9409 0.807 0.9407 0.7903 0.9424 0.7738 0.9413 0.7903 0.9409 0.7738 0.9428 0.7576 0.9418 0.7738 0.9413 0.7577 0.9432 0.7418 0.9422 0.7576 0.9418 0.7418 0.9436 0.7262 0.9425 0.7418 0.9422 0.7262 0.9439 0.7107 0.9427 0.7262 0.9425 0.7108 0.9441 0.6954 0.9429 0.7107 0.9427 0.6954 0.9443 0.6802 0.943 0.6954 0.9429 0.6802 0.9444 0.6651 0.9431 0.6802 0.943 0.6651 0.9445 0.65 0.9432 0.6651 0.9431 0.65 0.9446 0.635 0.9433 0.65 0.9432 0.635 0.9447 0.62 0.9433 0.635 0.9433 0.605 0.9448 0.62 0.9433 0.62 0.9447 0.605 0.9448 0.5901 0.9434 0.605 0.9434 0.5901 0.9448 0.5752 0.9434 0.5901 0.9434 0.5752 0.9448 0.5603 0.9434 0.5752 0.9434 0.5603 0.9448 0.5454 0.9434 0.5603 0.9434 0.5305 0.9448 0.5454 0.9434 0.5454 0.9449 0.5155 0.9448 0.5305 0.9434 0.5305 0.9448 0.5027 0.9449 0.5155 0.9434 0.5155 0.9448 0.4875 0.9425 0.488 0.9438 0.4875 0.9439 0.8405 0.9431 0.8511 0.9421 0.8511 0.9437 0.8238 0.9436 0.8404 0.9416 0.8405 0.9431 0.8071 0.9436 0.8238 0.9421 0.8238 0.9436 0.8071 0.9436 0.7903 0.9424 0.807 0.9421 0.7903 0.9439 0.7738 0.9428 0.7903 0.9424 0.7739 0.9443 0.7577 0.9432 0.7738 0.9428 0.7577 0.9447 0.7418 0.9436 0.7577 0.9432 0.7419 0.9451 0.7262 0.9439 0.7418 0.9436 0.7262 0.9453 0.7108 0.9441 0.7262 0.9439 0.7108 0.9456 0.6954 0.9443 0.7108 0.9441 0.6955 0.9457 0.6802 0.9444 0.6954 0.9443 0.6802 0.9458 0.6651 0.9445 0.6802 0.9444 0.6651 0.9459 0.65 0.9446 0.6651 0.9445 0.65 0.946 0.635 0.9447 0.65 0.9446 0.635 0.9461 0.62 0.9447 0.635 0.9447 0.62 0.9461 0.605 0.9448 0.62 0.9447 0.605 0.9462 0.5901 0.9448 0.605 0.9448 0.5901 0.9462 0.5752 0.9448 0.5901 0.9448 0.5752 0.9462 0.5603 0.9448 0.5752 0.9448 0.5454 0.9463 0.5603 0.9448 0.5603 0.9463 0.5304 0.9463 0.5454 0.9449 0.5454 0.9463 0.5155 0.9462 0.5305 0.9448 0.5304 0.9463 0.5027 0.9463 0.5155 0.9448 0.5155 0.9462 0.5026 0.9575 0.5021 0.9561 0.5027 0.956 0.8407 0.9446 0.8511 0.9437 0.8511 0.9453 0.8238 0.9451 0.8405 0.9431 0.8407 0.9446 0.8071 0.9452 0.8238 0.9436 0.8238 0.9451 0.8071 0.9452 0.7903 0.9439 0.8071 0.9436 0.7904 0.9454 0.7739 0.9443 0.7903 0.9439 0.7739 0.9458 0.7577 0.9447 0.7739 0.9443 0.7578 0.9462 0.7419 0.9451 0.7577 0.9447 0.7419 0.9465 0.7262 0.9453 0.7419 0.9451 0.7262 0.9468 0.7108 0.9456 0.7262 0.9453 0.7108 0.947 0.6955 0.9457 0.7108 0.9456 0.6955 0.9472 0.6802 0.9458 0.6955 0.9457 0.6803 0.9473 0.6651 0.9459 0.6802 0.9458 0.6651 0.9474 0.65 0.946 0.6651 0.9459 0.65 0.9474 0.635 0.9461 0.65 0.946 0.635 0.9475 0.62 0.9461 0.635 0.9461 0.62 0.9475 0.605 0.9462 0.62 0.9461 0.605 0.9476 0.5901 0.9462 0.605 0.9462 0.5901 0.9476 0.5752 0.9462 0.5901 0.9462 0.5603 0.9477 0.5752 0.9462 0.5752 0.9476 0.5603 0.9477 0.5454 0.9463 0.5603 0.9463 0.5304 0.9477 0.5454 0.9463 0.5454 0.9477 0.5155 0.9476 0.5304 0.9463 0.5304 0.9477 0.5027 0.9476 0.5155 0.9462 0.5155 0.9476 0.4876 0.9575 0.4883 0.9589 0.4876 0.9589 0.8408 0.9462 0.8511 0.9453 0.8511 0.9469 0.8239 0.9467 0.8407 0.9446 0.8408 0.9462 0.8071 0.9467 0.8238 0.9451 0.8239 0.9467 0.8071 0.9467 0.7904 0.9454 0.8071 0.9452 0.7904 0.9469 0.7739 0.9458 0.7904 0.9454 0.774 0.9473 0.7578 0.9462 0.7739 0.9458 0.7578 0.9477 0.7419 0.9465 0.7578 0.9462 0.7419 0.948 0.7262 0.9468 0.7419 0.9465 0.7263 0.9482 0.7108 0.947 0.7262 0.9468 0.7108 0.9484 0.6955 0.9472 0.7108 0.947 0.6955 0.9486 0.6803 0.9473 0.6955 0.9472 0.6803 0.9487 0.6651 0.9474 0.6803 0.9473 0.6651 0.9488 0.65 0.9474 0.6651 0.9474 0.65 0.9488 0.635 0.9475 0.65 0.9474 0.635 0.9489 0.62 0.9475 0.635 0.9475 0.62 0.9489 0.605 0.9476 0.62 0.9475 0.605 0.949 0.5901 0.9476 0.605 0.9476 0.5901 0.949 0.5752 0.9476 0.5901 0.9476 0.5752 0.949 0.5603 0.9477 0.5752 0.9476 0.5454 0.9491 0.5603 0.9477 0.5603 0.9491 0.5304 0.9491 0.5454 0.9477 0.5454 0.9491 0.5155 0.9491 0.5304 0.9477 0.5304 0.9491 0.5027 0.949 0.5155 0.9476 0.5155 0.9491 0.5027 0.9435 0.502 0.9422 0.5027 0.9422 0.4882 0.952 0.5021 0.9505 0.5021 0.9519 0.4882 0.9506 0.5021 0.9491 0.5021 0.9505 0.4882 0.9534 0.5021 0.9519 0.5021 0.9533 0.4883 0.9547 0.5021 0.9533 0.5021 0.9547 0.4883 0.9561 0.5021 0.9547 0.5021 0.9561 0.4883 0.9575 0.5021 0.9561 0.5021 0.9575 0.4883 0.9589 0.5021 0.9575 0.5021 0.9589 0.5022 0.9603 0.4883 0.9589 0.5021 0.9589 0.4883 0.9617 0.5022 0.9603 0.5021 0.9617 0.5021 0.9631 0.4883 0.9617 0.5021 0.9617 0.5021 0.9645 0.4883 0.9631 0.5021 0.9631 0.5021 0.9659 0.4883 0.9645 0.5021 0.9645 0.5021 0.9673 0.4883 0.9659 0.5021 0.9659 0.5021 0.9687 0.4882 0.9673 0.5021 0.9673 0.5021 0.9701 0.4882 0.9687 0.5021 0.9687 0.5021 0.9715 0.4882 0.97 0.5021 0.9701 0.5021 0.9729 0.4882 0.9714 0.5021 0.9715 0.5021 0.9743 0.4881 0.9728 0.5021 0.9729 0.5021 0.9756 0.4881 0.9741 0.5021 0.9743 0.5021 0.977 0.4881 0.9755 0.5021 0.9756 0.5021 0.9784 0.488 0.9768 0.5021 0.977 0.502 0.9797 0.488 0.9782 0.5021 0.9784 0.502 0.9811 0.488 0.9795 0.502 0.9797 0.5019 0.9824 0.488 0.9809 0.502 0.9811 0.4879 0.9398 0.5019 0.9382 0.502 0.9395 0.4879 0.9411 0.502 0.9395 0.502 0.9409 0.488 0.9424 0.502 0.9409 0.502 0.9422 0.488 0.9438 0.502 0.9422 0.5021 0.9436 0.488 0.9451 0.5021 0.9436 0.5021 0.945 0.4881 0.9465 0.5021 0.945 0.5021 0.9463 0.4881 0.9479 0.5021 0.9463 0.5021 0.9477 0.4881 0.9492 0.5021 0.9477 0.5021 0.9491 0.4875 0.9754 0.4881 0.9741 0.4881 0.9755 0.5027 0.973 0.5021 0.9743 0.5021 0.9729 0.4875 0.974 0.4881 0.9728 0.4881 0.9741 0.5027 0.9716 0.5021 0.9729 0.5021 0.9715 0.4875 0.9727 0.4882 0.9714 0.4881 0.9728 0.5027 0.9702 0.5021 0.9715 0.5021 0.9701 0.4876 0.9713 0.4882 0.97 0.4882 0.9714 0.5027 0.9688 0.5021 0.9701 0.5021 0.9687 0.4876 0.9699 0.4882 0.9687 0.4882 0.97 0.5027 0.9674 0.5021 0.9687 0.5021 0.9673 0.4876 0.9686 0.4882 0.9673 0.4882 0.9687 0.5027 0.966 0.5021 0.9673 0.5021 0.9659 0.4876 0.9672 0.4883 0.9659 0.4882 0.9673 0.5027 0.9646 0.5021 0.9659 0.5021 0.9645 0.4876 0.9658 0.4883 0.9645 0.4883 0.9659 0.5026 0.9631 0.5021 0.9645 0.5021 0.9631 0.5027 0.949 0.5021 0.9477 0.5027 0.9476 0.4876 0.9645 0.4883 0.9631 0.4883 0.9645 0.5026 0.9617 0.5021 0.9631 0.5021 0.9617 0.4875 0.9479 0.4881 0.9492 0.4875 0.9493 0.5027 0.9476 0.5021 0.9463 0.5027 0.9463 0.4876 0.9631 0.4883 0.9617 0.4883 0.9631 0.5026 0.9603 0.5021 0.9617 0.5022 0.9603 0.4875 0.9466 0.4881 0.9479 0.4875 0.9479 0.5027 0.9463 0.5021 0.945 0.5027 0.9449 0.4876 0.9617 0.4883 0.9603 0.4883 0.9617 0.5026 0.9603 0.5021 0.9589 0.5026 0.9589 0.4875 0.9452 0.4881 0.9465 0.4875 0.9466 0.5027 0.9449 0.5021 0.9436 0.5027 0.9435 0.4876 0.9589 0.4883 0.9603 0.4876 0.9603 0.5026 0.9589 0.5021 0.9575 0.5026 0.9575 0.4875 0.9439 0.488 0.9451 0.4875 0.9452 0.4665 0.9496 0.4669 0.9483 0.4669 0.9496 0.4664 0.947 0.4669 0.9483 0.4664 0.9483 0.4664 0.9456 0.4669 0.947 0.4664 0.947 0.4664 0.9443 0.4669 0.9456 0.4664 0.9456 0.4664 0.9429 0.4669 0.9443 0.4664 0.9443 0.4664 0.9416 0.4669 0.9429 0.4664 0.9429 0.4663 0.9402 0.4669 0.9415 0.4664 0.9416 0.4662 0.9389 0.4668 0.9402 0.4663 0.9402 0.4662 0.9818 0.4669 0.9805 0.4668 0.9819 0.4663 0.9805 0.4669 0.9791 0.4669 0.9805 0.4664 0.9791 0.4669 0.9777 0.4669 0.9791 0.4664 0.9777 0.4669 0.9764 0.4669 0.9777 0.4664 0.9764 0.4669 0.975 0.4669 0.9764 0.4664 0.975 0.467 0.9737 0.4669 0.975 0.4665 0.9737 0.467 0.9724 0.467 0.9737 0.4665 0.971 0.467 0.9724 0.4665 0.9723 0.4665 0.9697 0.467 0.971 0.4665 0.971 0.4665 0.9684 0.467 0.9697 0.4665 0.9697 0.4665 0.967 0.467 0.9684 0.4665 0.9684 0.4665 0.9657 0.467 0.967 0.4665 0.967 0.4665 0.9644 0.467 0.9657 0.4665 0.9657 0.4665 0.963 0.467 0.9644 0.4665 0.9644 0.4665 0.9617 0.467 0.963 0.4665 0.963 0.4665 0.9603 0.467 0.9617 0.4665 0.9617 0.4665 0.9603 0.467 0.959 0.467 0.9603 0.4665 0.959 0.467 0.9576 0.467 0.959 0.4665 0.9576 0.467 0.9563 0.467 0.9576 0.4665 0.9563 0.467 0.955 0.467 0.9563 0.4665 0.955 0.467 0.9536 0.467 0.955 0.4665 0.9536 0.467 0.9523 0.467 0.9536 0.4665 0.9523 0.4669 0.951 0.467 0.9523 0.4664 0.951 0.4669 0.9496 0.4669 0.951 0.4664 0.9456 0.4587 0.9444 0.4664 0.9443 0.4665 0.9523 0.4588 0.951 0.4664 0.951 0.4665 0.9684 0.4588 0.9697 0.4588 0.9683 0.4664 0.9429 0.4587 0.9444 0.4587 0.9431 0.4665 0.9496 0.4588 0.951 0.4588 0.9497 0.4665 0.9684 0.4588 0.967 0.4665 0.967 0.4664 0.9416 0.4587 0.9431 0.4586 0.9418 0.4665 0.967 0.4588 0.9657 0.4665 0.9657 0.4663 0.9402 0.4586 0.9418 0.4586 0.9405 0.4665 0.9657 0.4588 0.9644 0.4665 0.9644 0.4663 0.9402 0.4585 0.9392 0.4662 0.9389 0.4665 0.963 0.4588 0.9644 0.4587 0.963 0.4663 0.9805 0.4586 0.9815 0.4586 0.9802 0.4665 0.9617 0.4587 0.963 0.4587 0.9617 0.4663 0.9805 0.4587 0.9788 0.4664 0.9791 0.4665 0.9617 0.4587 0.9603 0.4665 0.9603 0.4664 0.9791 0.4587 0.9775 0.4664 0.9777 0.4665 0.959 0.4587 0.9603 0.4587 0.959 0.4664 0.9777 0.4587 0.9762 0.4664 0.9764 0.4665 0.959 0.4587 0.9577 0.4665 0.9576 0.4664 0.975 0.4587 0.9762 0.4588 0.9749 0.4665 0.9576 0.4587 0.9563 0.4665 0.9563 0.4665 0.9737 0.4588 0.9749 0.4588 0.9736 0.4665 0.9496 0.4588 0.9484 0.4664 0.9483 0.4665 0.955 0.4587 0.9563 0.4588 0.955 0.4665 0.9723 0.4588 0.9736 0.4588 0.9723 0.4664 0.9483 0.4587 0.9471 0.4664 0.947 0.4665 0.9536 0.4588 0.955 0.4588 0.9537 0.4665 0.971 0.4588 0.9723 0.4588 0.971 0.4664 0.947 0.4587 0.9458 0.4664 0.9456 0.4665 0.9523 0.4588 0.9537 0.4588 0.9523 0.8604 0.947 0.8511 0.9453 0.8607 0.9453 0.8607 0.9453 0.8511 0.9437 0.861 0.9436 0.861 0.9436 0.8511 0.9421 0.8613 0.9419 0.8613 0.9419 0.8511 0.9405 0.8614 0.9401 0.8614 0.9401 0.8511 0.9389 0.8616 0.9384 0.8616 0.9384 0.851 0.9373 0.8616 0.9367 0.8616 0.9367 0.851 0.9357 0.8616 0.9349 0.8616 0.9349 0.8509 0.9342 0.8615 0.9332 0.8509 0.9862 0.8616 0.9855 0.8615 0.9872 0.851 0.9846 0.8616 0.9837 0.8616 0.9855 0.851 0.9831 0.8616 0.982 0.8616 0.9837 0.8511 0.9815 0.8614 0.9802 0.8616 0.982 0.8511 0.9799 0.8613 0.9785 0.8614 0.9802 0.8511 0.9783 0.861 0.9768 0.8613 0.9785 0.8511 0.9767 0.8607 0.9751 0.861 0.9768 0.8511 0.9751 0.8604 0.9734 0.8607 0.9751 0.8511 0.9735 0.8601 0.9717 0.8604 0.9734 0.8511 0.9719 0.8598 0.97 0.8601 0.9717 0.8511 0.9702 0.8595 0.9684 0.8598 0.97 0.851 0.9686 0.8592 0.9667 0.8595 0.9684 0.851 0.9669 0.859 0.9651 0.8592 0.9667 0.851 0.9653 0.8588 0.9634 0.859 0.9651 0.8509 0.9636 0.8587 0.9618 0.8588 0.9634 0.8509 0.9619 0.8587 0.9602 0.8587 0.9618 0.8587 0.9602 0.8509 0.9585 0.8587 0.9586 0.8587 0.9586 0.8509 0.9568 0.8588 0.9569 0.8588 0.9569 0.851 0.9551 0.859 0.9553 0.859 0.9553 0.851 0.9534 0.8592 0.9536 0.8592 0.9536 0.851 0.9518 0.8595 0.952 0.8595 0.952 0.8511 0.9501 0.8598 0.9503 0.8601 0.9487 0.8511 0.9469 0.8604 0.947 0.8598 0.9503 0.8511 0.9485 0.8601 0.9487 0.438 0.8706 0.3579 0.8651 0.4381 0.867 0.3559 0.9361 0.3474 0.9323 0.3559 0.9323 0.4374 0.9357 0.3559 0.9323 0.4374 0.932 0.4381 0.9827 0.3574 0.981 0.438 0.979 0.4374 0.932 0.356 0.9285 0.4374 0.9284 0.438 0.979 0.3571 0.9773 0.438 0.9754 0.4374 0.9284 0.3559 0.9248 0.4374 0.9248 0.438 0.9754 0.3568 0.9736 0.4379 0.9718 0.4374 0.9248 0.3559 0.921 0.4374 0.9212 0.4379 0.9718 0.3567 0.9699 0.4378 0.9682 0.4374 0.9212 0.3559 0.9173 0.4374 0.9176 0.4378 0.9682 0.3566 0.9662 0.4378 0.9646 0.4376 0.8995 0.3564 0.8947 0.4376 0.8959 0.4374 0.9176 0.356 0.9135 0.4374 0.9139 0.4378 0.9646 0.3565 0.9624 0.4377 0.961 0.4376 0.8959 0.3565 0.8909 0.4376 0.8923 0.4374 0.9139 0.3561 0.9097 0.4375 0.9103 0.4377 0.961 0.3564 0.9586 0.4376 0.9574 0.4376 0.8923 0.3565 0.8871 0.4377 0.8886 0.4375 0.9103 0.3561 0.9059 0.4375 0.9067 0.4376 0.9574 0.3563 0.9549 0.4376 0.9537 0.4377 0.8886 0.3566 0.8834 0.4378 0.885 0.4375 0.9067 0.3562 0.9022 0.4375 0.9031 0.4376 0.9537 0.3562 0.9511 0.4376 0.9501 0.4378 0.885 0.3568 0.8797 0.4378 0.8814 0.4375 0.9031 0.3563 0.8984 0.4376 0.8995 0.4376 0.9501 0.3561 0.9474 0.4375 0.9465 0.4378 0.8814 0.3571 0.876 0.4379 0.8778 0.4375 0.9465 0.356 0.9436 0.4375 0.9429 0.4379 0.8778 0.3572 0.8723 0.438 0.8742 0.4375 0.9429 0.3559 0.9398 0.4375 0.9393 0.438 0.8742 0.3576 0.8687 0.438 0.8706 0.4375 0.9393 0.3559 0.9361 0.4374 0.9357 0.3473 0.9248 0.338 0.921 0.3474 0.921 0.3578 0.9846 0.3489 0.9821 0.3574 0.981 0.3559 0.9323 0.3473 0.9285 0.356 0.9285 0.3571 0.9773 0.3489 0.9821 0.3486 0.9781 0.3559 0.9248 0.3473 0.9285 0.3473 0.9248 0.3571 0.9773 0.3484 0.9742 0.3568 0.9736 0.3559 0.921 0.3473 0.9248 0.3474 0.921 0.3567 0.9699 0.3484 0.9742 0.3481 0.9704 0.3559 0.921 0.3474 0.9172 0.3559 0.9173 0.3566 0.9662 0.3481 0.9704 0.348 0.9665 0.3564 0.8947 0.3477 0.8982 0.3477 0.8944 0.356 0.9135 0.3474 0.9172 0.3474 0.9134 0.3565 0.9624 0.348 0.9665 0.3478 0.9627 0.3564 0.8947 0.3478 0.8906 0.3565 0.8909 0.3561 0.9097 0.3474 0.9134 0.3474 0.9096 0.3565 0.9624 0.3477 0.9589 0.3564 0.9586 0.3565 0.8909 0.348 0.8868 0.3565 0.8871 0.3561 0.9097 0.3475 0.9058 0.3561 0.9059 0.3564 0.9586 0.3476 0.9551 0.3563 0.9549 0.3565 0.8871 0.3482 0.883 0.3566 0.8834 0.3562 0.9022 0.3475 0.9058 0.3476 0.902 0.3563 0.9549 0.3476 0.9513 0.3562 0.9511 0.3568 0.8797 0.3482 0.883 0.3483 0.8792 0.3563 0.8984 0.3476 0.902 0.3477 0.8982 0.3561 0.9474 0.3476 0.9513 0.3475 0.9475 0.3568 0.8797 0.3485 0.8754 0.3571 0.876 0.3561 0.9474 0.3474 0.9437 0.356 0.9436 0.3572 0.8723 0.3485 0.8754 0.3488 0.8715 0.356 0.9436 0.3474 0.9399 0.3559 0.9398 0.3576 0.8687 0.3488 0.8715 0.3491 0.8675 0.3559 0.9361 0.3474 0.9399 0.3474 0.9361 0.3576 0.8687 0.3496 0.8635 0.3579 0.8651 0.3381 0.9133 0.3161 0.9094 0.3381 0.9095 0.3484 0.9742 0.3386 0.9708 0.3481 0.9704 0.3474 0.921 0.338 0.9172 0.3474 0.9172 0.3481 0.9704 0.3385 0.9669 0.348 0.9665 0.3477 0.8982 0.3383 0.8942 0.3477 0.8944 0.3474 0.9172 0.3381 0.9133 0.3474 0.9134 0.348 0.9665 0.3384 0.963 0.3478 0.9627 0.3477 0.8944 0.3384 0.8904 0.3478 0.8906 0.3474 0.9134 0.3381 0.9095 0.3474 0.9096 0.3478 0.9627 0.3383 0.9592 0.3477 0.9589 0.3478 0.8906 0.3385 0.8865 0.348 0.8868 0.3474 0.9096 0.3381 0.9057 0.3475 0.9058 0.3477 0.9589 0.3382 0.9553 0.3476 0.9551 0.348 0.8868 0.3387 0.8827 0.3482 0.883 0.3475 0.9058 0.3382 0.9019 0.3476 0.902 0.3476 0.9551 0.3382 0.9515 0.3476 0.9513 0.3482 0.883 0.3388 0.8788 0.3483 0.8792 0.3476 0.902 0.3383 0.8981 0.3477 0.8982 0.3476 0.9513 0.3381 0.9476 0.3475 0.9475 0.3483 0.8792 0.3389 0.8749 0.3485 0.8754 0.3475 0.9475 0.3381 0.9438 0.3474 0.9437 0.3485 0.8754 0.3391 0.8709 0.3488 0.8715 0.3474 0.9437 0.338 0.94 0.3474 0.9399 0.3488 0.8715 0.3393 0.8669 0.3491 0.8675 0.3474 0.9399 0.338 0.9362 0.3474 0.9361 0.3491 0.8675 0.3394 0.8629 0.3496 0.8635 0.3474 0.9361 0.338 0.9324 0.3474 0.9323 0.3494 0.9862 0.339 0.9827 0.3489 0.9821 0.3474 0.9323 0.338 0.9286 0.3473 0.9285 0.3489 0.9821 0.3388 0.9787 0.3486 0.9781 0.3473 0.9285 0.338 0.9248 0.3473 0.9248 0.3486 0.9781 0.3387 0.9747 0.3484 0.9742 0.3137 0.9478 0.3143 0.944 0.3143 0.9478 0.3384 0.963 0.3161 0.9594 0.3383 0.9592 0.3384 0.8904 0.3164 0.8862 0.3385 0.8865 0.3381 0.9095 0.3161 0.9055 0.3381 0.9057 0.3383 0.9592 0.3161 0.9556 0.3382 0.9553 0.3385 0.8865 0.3164 0.8824 0.3387 0.8827 0.3381 0.9057 0.3161 0.9016 0.3382 0.9019 0.3382 0.9553 0.3161 0.9517 0.3382 0.9515 0.3387 0.8827 0.3165 0.8785 0.3388 0.8788 0.3382 0.9019 0.3162 0.8978 0.3383 0.8981 0.3382 0.9515 0.3161 0.9478 0.3381 0.9476 0.3388 0.8788 0.3165 0.8745 0.3389 0.8749 0.3381 0.9476 0.316 0.944 0.3381 0.9438 0.3389 0.8749 0.3165 0.8706 0.3391 0.8709 0.3381 0.9438 0.316 0.9402 0.338 0.94 0.3391 0.8709 0.3166 0.8667 0.3393 0.8669 0.338 0.94 0.316 0.9364 0.338 0.9362 0.3393 0.8669 0.3166 0.8628 0.3394 0.8629 0.338 0.9362 0.316 0.9325 0.338 0.9324 0.3391 0.9868 0.3163 0.9828 0.339 0.9827 0.338 0.9324 0.316 0.9286 0.338 0.9286 0.339 0.9827 0.3163 0.9788 0.3388 0.9787 0.338 0.9286 0.316 0.9248 0.338 0.9248 0.3388 0.9787 0.3162 0.9749 0.3387 0.9747 0.338 0.9248 0.316 0.9209 0.338 0.921 0.3387 0.9747 0.3162 0.9711 0.3386 0.9708 0.338 0.921 0.316 0.9171 0.338 0.9172 0.3386 0.9708 0.3162 0.9672 0.3385 0.9669 0.3383 0.8981 0.3162 0.894 0.3383 0.8942 0.338 0.9172 0.3161 0.9133 0.3381 0.9133 0.3385 0.9669 0.3162 0.9633 0.3384 0.963 0.3383 0.8942 0.3163 0.8901 0.3384 0.8904 0.3138 0.9633 0.2995 0.9596 0.3138 0.9594 0.3165 0.8785 0.3158 0.8824 0.3159 0.8785 0.3161 0.9055 0.3156 0.9016 0.3161 0.9016 0.3137 0.9517 0.3143 0.9478 0.3143 0.9517 0.3164 0.8824 0.3158 0.8862 0.3158 0.8824 0.3161 0.9055 0.3155 0.9094 0.3156 0.9055 0.3137 0.9517 0.3144 0.9556 0.3138 0.9556 0.3164 0.8862 0.3157 0.8901 0.3158 0.8862 0.3161 0.9094 0.3155 0.9132 0.3155 0.9094 0.3138 0.9556 0.3144 0.9594 0.3138 0.9594 0.3162 0.894 0.3157 0.8901 0.3163 0.8901 0.3161 0.9133 0.3155 0.9171 0.3155 0.9132 0.3138 0.9594 0.3144 0.9633 0.3138 0.9633 0.3162 0.8978 0.3157 0.894 0.3162 0.894 0.316 0.9171 0.3155 0.9209 0.3155 0.9171 0.3138 0.9633 0.3144 0.9672 0.3139 0.9672 0.316 0.9209 0.3154 0.9248 0.3155 0.9209 0.3139 0.9711 0.3144 0.9672 0.3145 0.9711 0.316 0.9248 0.3155 0.9286 0.3154 0.9248 0.3139 0.9749 0.3145 0.9711 0.3145 0.9749 0.316 0.9325 0.3155 0.9286 0.316 0.9286 0.3139 0.9788 0.3145 0.9749 0.3145 0.9788 0.316 0.9364 0.3155 0.9325 0.316 0.9325 0.3139 0.9828 0.3145 0.9788 0.3145 0.9828 0.316 0.9364 0.3155 0.9402 0.3155 0.9364 0.3139 0.9828 0.3145 0.9867 0.3139 0.9867 0.316 0.9402 0.3155 0.944 0.3155 0.9402 0.3143 0.8628 0.3148 0.8667 0.3142 0.8667 0.3161 0.9478 0.3155 0.944 0.316 0.944 0.3142 0.8706 0.3148 0.8667 0.3148 0.8706 0.3161 0.9517 0.3155 0.9478 0.3161 0.9478 0.3141 0.8745 0.3148 0.8706 0.3147 0.8745 0.2994 0.9519 0.2937 0.9481 0.2994 0.948 0.314 0.89 0.2996 0.8861 0.314 0.8862 0.3137 0.9093 0.2995 0.9055 0.3138 0.9054 0.3138 0.9594 0.2994 0.9557 0.3138 0.9556 0.314 0.8862 0.2997 0.8823 0.3141 0.8823 0.3138 0.9054 0.2994 0.9016 0.3138 0.9016 0.3138 0.9556 0.2994 0.9519 0.3137 0.9517 0.3141 0.8823 0.2997 0.8784 0.3141 0.8784 0.3138 0.9016 0.2994 0.8977 0.3139 0.8978 0.3137 0.9517 0.2994 0.948 0.3137 0.9478 0.3141 0.8784 0.2997 0.8745 0.3141 0.8745 0.3137 0.9478 0.2994 0.9441 0.3137 0.944 0.3141 0.8745 0.2997 0.8706 0.3142 0.8706 0.3137 0.944 0.2994 0.9403 0.3137 0.9402 0.3142 0.8706 0.2997 0.8667 0.3142 0.8667 0.3137 0.9402 0.2993 0.9364 0.3137 0.9363 0.3142 0.8667 0.2995 0.8628 0.3143 0.8628 0.3137 0.9363 0.2993 0.9326 0.3137 0.9325 0.3139 0.9867 0.2994 0.9827 0.3139 0.9828 0.3137 0.9325 0.2994 0.9287 0.3137 0.9286 0.3139 0.9828 0.2995 0.9789 0.3139 0.9788 0.3137 0.9286 0.2994 0.9249 0.3137 0.9248 0.3139 0.9788 0.2995 0.975 0.3139 0.9749 0.3137 0.9248 0.2993 0.921 0.3137 0.9209 0.3139 0.9749 0.2996 0.9712 0.3139 0.9711 0.3137 0.9209 0.2994 0.9171 0.3137 0.9171 0.3139 0.9711 0.2995 0.9673 0.3139 0.9672 0.3139 0.8978 0.2995 0.8939 0.3139 0.8939 0.3137 0.9171 0.2994 0.9133 0.3137 0.9132 0.3139 0.9672 0.2995 0.9635 0.3138 0.9633 0.3139 0.8939 0.2996 0.89 0.314 0.89 0.3137 0.9132 0.2994 0.9094 0.3137 0.9093 0.2937 0.9365 0.2887 0.9404 0.2887 0.9365 0.2997 0.8745 0.294 0.8783 0.294 0.8745 0.2994 0.948 0.2936 0.9442 0.2994 0.9441 0.2997 0.8745 0.2942 0.8706 0.2997 0.8706 0.2994 0.9403 0.2936 0.9442 0.2937 0.9403 0.2997 0.8706 0.2941 0.8669 0.2997 0.8667 0.2994 0.9403 0.2937 0.9365 0.2993 0.9364 0.2995 0.8628 0.2941 0.8669 0.2942 0.8634 0.2993 0.9364 0.2937 0.9326 0.2993 0.9326 0.2994 0.9827 0.294 0.986 0.2939 0.9825 0.2994 0.9287 0.2937 0.9326 0.2936 0.9287 0.2994 0.9827 0.2939 0.9788 0.2995 0.9789 0.2994 0.9287 0.2936 0.9248 0.2994 0.9249 0.2995 0.9789 0.2939 0.975 0.2995 0.975 0.2993 0.921 0.2936 0.9248 0.2937 0.921 0.2995 0.975 0.2938 0.9712 0.2996 0.9712 0.2994 0.9171 0.2937 0.921 0.2937 0.9171 0.2996 0.9712 0.2938 0.9674 0.2995 0.9673 0.2994 0.8977 0.2938 0.8938 0.2995 0.8939 0.2994 0.9171 0.2936 0.9132 0.2994 0.9133 0.2995 0.9673 0.2938 0.9635 0.2995 0.9635 0.2996 0.89 0.2938 0.8938 0.2938 0.8899 0.2994 0.9094 0.2936 0.9132 0.2937 0.9093 0.2995 0.9596 0.2938 0.9635 0.2938 0.9597 0.2996 0.8861 0.2938 0.8899 0.2939 0.886 0.2995 0.9055 0.2937 0.9093 0.2936 0.9054 0.2994 0.9557 0.2938 0.9597 0.2937 0.9558 0.2997 0.8823 0.2939 0.886 0.2939 0.8821 0.2994 0.9016 0.2936 0.9054 0.2937 0.9016 0.2994 0.9557 0.2938 0.9519 0.2994 0.9519 0.2997 0.8823 0.294 0.8783 0.2997 0.8784 0.2994 0.9016 0.2939 0.8977 0.2994 0.8977 0.2887 0.9287 0.2657 0.9249 0.2886 0.9248 0.2941 0.8669 0.2896 0.8628 0.2942 0.8634 0.2937 0.9365 0.2887 0.9326 0.2937 0.9326 0.294 0.986 0.2892 0.9827 0.2939 0.9825 0.2936 0.9287 0.2887 0.9326 0.2887 0.9287 0.2939 0.9788 0.2892 0.9827 0.289 0.9789 0.2936 0.9287 0.2886 0.9248 0.2936 0.9248 0.2939 0.975 0.289 0.9789 0.289 0.9751 0.2937 0.921 0.2886 0.9248 0.2887 0.9209 0.2939 0.975 0.2889 0.9713 0.2938 0.9712 0.2937 0.921 0.2886 0.9171 0.2937 0.9171 0.2938 0.9712 0.2889 0.9674 0.2938 0.9674 0.2939 0.8977 0.2888 0.8937 0.2938 0.8938 0.2937 0.9171 0.2887 0.9132 0.2936 0.9132 0.2938 0.9674 0.2888 0.9636 0.2938 0.9635 0.2938 0.8899 0.2888 0.8937 0.2889 0.8898 0.2936 0.9132 0.2886 0.9093 0.2937 0.9093 0.2938 0.9597 0.2888 0.9636 0.2888 0.9597 0.2939 0.886 0.2889 0.8898 0.2889 0.886 0.2937 0.9093 0.2887 0.9054 0.2936 0.9054 0.2937 0.9558 0.2888 0.9597 0.2888 0.9559 0.2939 0.8821 0.2889 0.886 0.289 0.8821 0.2936 0.9054 0.2888 0.9015 0.2937 0.9016 0.2938 0.9519 0.2888 0.9559 0.2888 0.952 0.294 0.8783 0.289 0.8821 0.289 0.8782 0.2937 0.9016 0.2888 0.8976 0.2939 0.8977 0.2937 0.9481 0.2888 0.952 0.2887 0.9481 0.294 0.8783 0.2891 0.8743 0.294 0.8745 0.2936 0.9442 0.2887 0.9481 0.2887 0.9442 0.2942 0.8706 0.2891 0.8743 0.2892 0.8705 0.2936 0.9442 0.2887 0.9404 0.2937 0.9403 0.2941 0.8669 0.2892 0.8705 0.2894 0.8666 0.289 0.9789 0.2662 0.9758 0.289 0.9751 0.2886 0.9248 0.2657 0.9209 0.2887 0.9209 0.289 0.9751 0.2661 0.9719 0.2889 0.9713 0.2887 0.9209 0.2657 0.917 0.2886 0.9171 0.2889 0.9713 0.266 0.9679 0.2889 0.9674 0.2888 0.8976 0.2658 0.8934 0.2888 0.8937 0.2886 0.9171 0.2657 0.9131 0.2887 0.9132 0.2888 0.8937 0.2659 0.8894 0.2889 0.8898 0.2887 0.9132 0.2657 0.9091 0.2886 0.9093 0.2889 0.8898 0.2659 0.8855 0.2889 0.886 0.2886 0.9093 0.2657 0.9052 0.2887 0.9054 0.2888 0.9597 0.2659 0.9562 0.2888 0.9559 0.2889 0.886 0.266 0.8816 0.289 0.8821 0.2887 0.9054 0.2657 0.9013 0.2888 0.9015 0.2888 0.9559 0.2658 0.9523 0.2888 0.952 0.289 0.8821 0.2661 0.8776 0.289 0.8782 0.2888 0.9015 0.2658 0.8973 0.2888 0.8976 0.2888 0.952 0.2658 0.9484 0.2887 0.9481 0.289 0.8782 0.2662 0.8737 0.2891 0.8743 0.2887 0.9481 0.2658 0.9445 0.2887 0.9442 0.2891 0.8743 0.2663 0.8697 0.2892 0.8705 0.2887 0.9442 0.2657 0.9405 0.2887 0.9404 0.2892 0.8705 0.2665 0.8658 0.2894 0.8666 0.2887 0.9404 0.2657 0.9366 0.2887 0.9365 0.2894 0.8666 0.2666 0.8618 0.2896 0.8628 0.2887 0.9365 0.2657 0.9327 0.2887 0.9326 0.2894 0.9866 0.2665 0.9836 0.2892 0.9827 0.2887 0.9326 0.2657 0.9288 0.2887 0.9287 0.2892 0.9827 0.2663 0.9797 0.289 0.9789 0.3157 0.9749 0.3145 0.9711 0.3157 0.9711 0.3155 0.9209 0.3143 0.9171 0.3155 0.9171 0.3157 0.9711 0.3144 0.9672 0.3156 0.9672 0.3156 0.8978 0.3145 0.8939 0.3157 0.894 0.3155 0.9171 0.3143 0.9132 0.3155 0.9132 0.3156 0.9672 0.3144 0.9633 0.3156 0.9633 0.3157 0.894 0.3145 0.89 0.3157 0.8901 0.3155 0.9132 0.3143 0.9093 0.3155 0.9094 0.3156 0.9633 0.3144 0.9594 0.3156 0.9594 0.3157 0.8901 0.3146 0.8862 0.3158 0.8862 0.3155 0.9094 0.3143 0.9054 0.3156 0.9055 0.3156 0.9594 0.3144 0.9556 0.3156 0.9556 0.3158 0.8862 0.3146 0.8823 0.3158 0.8824 0.3156 0.9055 0.3144 0.9016 0.3156 0.9016 0.3156 0.9556 0.3143 0.9517 0.3155 0.9517 0.3158 0.8824 0.3147 0.8784 0.3159 0.8785 0.3156 0.9016 0.3144 0.8978 0.3156 0.8978 0.3155 0.9517 0.3143 0.9478 0.3155 0.9478 0.3159 0.8785 0.3147 0.8745 0.3159 0.8745 0.3155 0.9478 0.3143 0.944 0.3155 0.944 0.3159 0.8745 0.3148 0.8706 0.316 0.8706 0.3155 0.944 0.3143 0.9402 0.3155 0.9402 0.316 0.8706 0.3148 0.8667 0.316 0.8667 0.3155 0.9402 0.3143 0.9363 0.3155 0.9364 0.316 0.8667 0.3148 0.8628 0.316 0.8629 0.3155 0.9364 0.3143 0.9325 0.3155 0.9325 0.3157 0.9867 0.3145 0.9828 0.3157 0.9828 0.3155 0.9325 0.3142 0.9286 0.3155 0.9286 0.3157 0.9828 0.3145 0.9788 0.3157 0.9788 0.3155 0.9286 0.3143 0.9248 0.3154 0.9248 0.3157 0.9788 0.3145 0.9749 0.3157 0.9749 0.3154 0.9248 0.3143 0.9209 0.3155 0.9209 0.3161 0.9016 0.3156 0.8978 0.3162 0.8978 0.3165 0.8745 0.3159 0.8785 0.3159 0.8745 0.3137 0.9402 0.3143 0.944 0.3137 0.944 0.3165 0.8745 0.316 0.8706 0.3165 0.8706 0.3137 0.9363 0.3143 0.9402 0.3137 0.9402 0.3165 0.8706 0.316 0.8667 0.3166 0.8667 0.3137 0.9363 0.3143 0.9325 0.3143 0.9363 0.3166 0.8628 0.316 0.8667 0.316 0.8629 0.3137 0.9325 0.3142 0.9286 0.3143 0.9325 0.3163 0.9828 0.3157 0.9867 0.3157 0.9828 0.3137 0.9248 0.3142 0.9286 0.3137 0.9286 0.3163 0.9828 0.3157 0.9788 0.3163 0.9788 0.3137 0.9209 0.3143 0.9248 0.3137 0.9248 0.3163 0.9788 0.3157 0.9749 0.3162 0.9749 0.3137 0.9171 0.3143 0.9209 0.3137 0.9209 0.3139 0.8978 0.3145 0.8939 0.3144 0.8978 0.3162 0.9749 0.3157 0.9711 0.3162 0.9711 0.3137 0.9132 0.3143 0.9171 0.3137 0.9171 0.3139 0.8939 0.3145 0.89 0.3145 0.8939 0.3162 0.9711 0.3156 0.9672 0.3162 0.9672 0.3137 0.9093 0.3143 0.9132 0.3137 0.9132 0.314 0.8862 0.3145 0.89 0.314 0.89 0.3162 0.9633 0.3156 0.9672 0.3156 0.9633 0.3138 0.9054 0.3143 0.9093 0.3137 0.9093 0.3141 0.8823 0.3146 0.8862 0.314 0.8862 0.3161 0.9594 0.3156 0.9633 0.3156 0.9594 0.3138 0.9054 0.3144 0.9016 0.3143 0.9054 0.3141 0.8784 0.3146 0.8823 0.3141 0.8823 0.3161 0.9556 0.3156 0.9594 0.3156 0.9556 0.3138 0.9016 0.3144 0.8978 0.3144 0.9016 0.3141 0.8745 0.3147 0.8784 0.3141 0.8784 0.3161 0.9517 0.3156 0.9556 0.3155 0.9517 0.2889 0.9674 0.266 0.964 0.2888 0.9636 0.2888 0.9636 0.2659 0.9601 0.2888 0.9597 0.4495 0.5519 0.447 0.5373 0.4495 0.5373 0.447 0.5519 0.4446 0.5373 0.447 0.5373 0.4446 0.5519 0.4423 0.5373 0.4446 0.5373 0.4423 0.5519 0.4403 0.5373 0.4423 0.5373 0.4403 0.5519 0.4385 0.5373 0.4403 0.5373 0.4631 0.5526 0.4651 0.5672 0.4631 0.5672 0.4368 0.4882 0.435 0.4907 0.4348 0.4882 0.4368 0.4882 0.435 0.4857 0.437 0.4857 0.4552 0.5672 0.4532 0.5526 0.4552 0.5526 0.437 0.4857 0.4357 0.4833 0.4378 0.4833 0.3867 0.5893 0.3891 0.6038 0.3867 0.6039 0.3891 0.5893 0.3912 0.6038 0.3891 0.6038 0.3912 0.5892 0.3931 0.6037 0.3912 0.6038 0.4524 0.5826 0.4505 0.5681 0.4524 0.568 0.4505 0.5826 0.4484 0.5681 0.4505 0.5681 0.4484 0.5827 0.446 0.5681 0.4484 0.5681 0.446 0.5827 0.4435 0.5681 0.446 0.5681 0.4435 0.5827 0.441 0.5681 0.4435 0.5681 0.441 0.5827 0.4385 0.5681 0.441 0.5681 0.4238 0.6037 0.4201 0.5892 0.4238 0.5891 0.4565 0.5519 0.4544 0.5373 0.4565 0.5373 0.4419 0.5834 0.4401 0.598 0.4401 0.5834 0.452 0.5519 0.4495 0.5373 0.452 0.5373 0.4544 0.5519 0.452 0.5373 0.4544 0.5373 0.4568 0.5048 0.4543 0.502 0.4568 0.5018 0.4548 0.505 0.4519 0.5028 0.4543 0.502 0.453 0.5055 0.4496 0.5039 0.4519 0.5028 0.4513 0.5064 0.4477 0.5055 0.4496 0.5039 0.4486 0.5091 0.4477 0.5055 0.4498 0.5077 0.4486 0.5091 0.4449 0.5097 0.4461 0.5075 0.4471 0.5127 0.4449 0.5097 0.4477 0.5108 0.4471 0.5127 0.4439 0.5146 0.4442 0.5121 0.4471 0.5165 0.4439 0.5146 0.4469 0.5146 0.4471 0.5165 0.4449 0.5195 0.4442 0.5171 0.4477 0.5184 0.4461 0.5217 0.4449 0.5195 0.4486 0.5201 0.4477 0.5237 0.4461 0.5217 0.4513 0.5228 0.4477 0.5237 0.4498 0.5216 0.453 0.5237 0.4496 0.5253 0.4513 0.5228 0.4548 0.5242 0.4519 0.5265 0.453 0.5237 0.4568 0.5244 0.4543 0.5272 0.4548 0.5242 0.4568 0.5244 0.4593 0.5272 0.4568 0.5274 0.4605 0.5237 0.4593 0.5272 0.4587 0.5242 0.4605 0.5237 0.4639 0.5253 0.4617 0.5265 0.4637 0.5216 0.4639 0.5253 0.4622 0.5228 0.4637 0.5077 0.4622 0.5064 0.4639 0.5039 0.4673 0.568 0.4636 0.5826 0.4636 0.5681 0.4622 0.5064 0.4617 0.5028 0.4639 0.5039 0.4605 0.5055 0.4593 0.502 0.4617 0.5028 0.4568 0.5048 0.4593 0.502 0.4587 0.505 0.4532 0.5981 0.4548 0.5835 0.4548 0.5981 0.4401 0.5834 0.4385 0.598 0.4385 0.5834 0.4548 0.5981 0.4565 0.5835 0.4565 0.598 0.4565 0.598 0.4584 0.5834 0.4584 0.598 0.4584 0.598 0.4603 0.5834 0.4603 0.598 0.4603 0.598 0.4622 0.5834 0.4622 0.598 0.4622 0.598 0.464 0.5835 0.464 0.598 0.464 0.598 0.4656 0.5836 0.4656 0.5981 0.4524 0.5834 0.451 0.598 0.451 0.5834 0.451 0.5834 0.4494 0.598 0.4494 0.5834 0.4475 0.5527 0.4456 0.5673 0.4456 0.5527 0.4442 0.4907 0.447 0.4882 0.4471 0.4901 0.4494 0.5834 0.4476 0.598 0.4476 0.5834 0.4456 0.5527 0.4437 0.5673 0.4437 0.5527 0.4664 0.5981 0.4678 0.5834 0.4678 0.598 0.4476 0.5834 0.4457 0.598 0.4457 0.5834 0.4437 0.5527 0.4418 0.5673 0.4418 0.5527 0.4524 0.5526 0.451 0.5672 0.451 0.5526 0.4457 0.5834 0.4437 0.598 0.4437 0.5834 0.4418 0.5527 0.4401 0.5672 0.4401 0.5527 0.451 0.5526 0.4493 0.5673 0.4493 0.5527 0.4437 0.5834 0.4419 0.598 0.4419 0.5834 0.4401 0.5527 0.4385 0.5672 0.4385 0.5526 0.4493 0.5527 0.4475 0.5673 0.4475 0.5527 0.4628 0.5827 0.4606 0.5681 0.4628 0.5681 0.4606 0.5826 0.4581 0.5681 0.4606 0.5681 0.4581 0.5826 0.4556 0.568 0.4581 0.5681 0.4556 0.5826 0.4531 0.5681 0.4556 0.568 0.437 0.5171 0.4357 0.5195 0.435 0.5171 0.437 0.4907 0.4357 0.4931 0.435 0.4907 0.4368 0.5146 0.435 0.5171 0.4348 0.5146 0.4368 0.5146 0.435 0.5121 0.437 0.5121 0.4642 0.5373 0.4662 0.5518 0.4642 0.5518 0.437 0.5121 0.4357 0.5097 0.4378 0.5097 0.4442 0.5121 0.4378 0.5097 0.4449 0.5097 0.4573 0.5373 0.4642 0.5518 0.4573 0.5519 0.4439 0.5146 0.437 0.5121 0.4442 0.5121 0.4439 0.5146 0.437 0.5171 0.4368 0.5146 0.4442 0.4907 0.4378 0.4931 0.437 0.4907 0.4442 0.5171 0.4378 0.5195 0.437 0.5171 0.4442 0.4857 0.4378 0.4833 0.4449 0.4833 0.4624 0.5672 0.4552 0.5526 0.4624 0.5526 0.444 0.4882 0.437 0.4857 0.4442 0.4857 0.444 0.4882 0.437 0.4907 0.4368 0.4882 0.7372 0.5822 0.7094 0.5714 0.7306 0.5657 0.7058 0.5278 0.7314 0.5132 0.7276 0.5306 0.7106 0.5061 0.7384 0.4969 0.7314 0.5132 0.7193 0.4858 0.7485 0.4824 0.7384 0.4969 0.7485 0.4824 0.748 0.4526 0.7613 0.47 0.7613 0.47 0.7668 0.4407 0.7763 0.4605 0.7668 0.4407 0.7927 0.4541 0.7763 0.4605 0.7927 0.4541 0.8083 0.4292 0.8099 0.451 0.8099 0.451 0.8301 0.4294 0.8275 0.4511 0.8301 0.4294 0.8448 0.4546 0.8275 0.4511 0.8517 0.4337 0.8613 0.4616 0.8448 0.4546 0.8613 0.4616 0.8907 0.4551 0.8761 0.4718 0.8761 0.4718 0.9062 0.4713 0.8885 0.4847 0.9062 0.4713 0.8981 0.4997 0.8885 0.4847 0.9179 0.49 0.9044 0.5162 0.8981 0.4997 0.9044 0.5162 0.9296 0.5323 0.9075 0.5337 0.9296 0.5323 0.9071 0.5514 0.9075 0.5337 0.9288 0.5544 0.9033 0.5687 0.9071 0.5514 0.9033 0.5687 0.9149 0.5959 0.896 0.5848 0.896 0.5848 0.9021 0.6139 0.8858 0.5993 0.8858 0.5993 0.8864 0.6288 0.8732 0.6114 0.8732 0.6114 0.8681 0.6403 0.8584 0.6208 0.8584 0.6208 0.8477 0.6482 0.842 0.6272 0.8477 0.6482 0.8248 0.6305 0.842 0.6272 0.8263 0.6523 0.8073 0.6302 0.8248 0.6305 0.8046 0.6518 0.7901 0.6267 0.8073 0.6302 0.7833 0.6474 0.7738 0.6198 0.7901 0.6267 0.763 0.6389 0.7591 0.6097 0.7738 0.6198 0.7591 0.6097 0.7292 0.6105 0.7467 0.5971 0.7467 0.5971 0.7174 0.592 0.7372 0.5822 0.7273 0.5482 0.7058 0.5278 0.7276 0.5306 0.7509 0.2581 0.8514 0.2998 0.8098 0.4003 0.7094 0.5714 0.7273 0.5482 0.7306 0.5657 0.7518 0.5599 0.7562 0.5462 0.7584 0.558 0.7094 0.5714 0.6931 0.5506 0.7053 0.5497 0.7494 0.5468 0.7563 0.5341 0.7562 0.5462 0.7053 0.5497 0.6931 0.5264 0.7058 0.5278 0.7494 0.5334 0.7588 0.5223 0.7563 0.5341 0.7058 0.5278 0.6979 0.502 0.7106 0.5061 0.7522 0.5203 0.7636 0.5112 0.7588 0.5223 0.7106 0.5061 0.7086 0.4798 0.7193 0.4858 0.7651 0.4969 0.7636 0.5112 0.7575 0.5079 0.7319 0.4679 0.7086 0.4798 0.7221 0.4597 0.7651 0.4969 0.779 0.4928 0.7704 0.5013 0.7319 0.4679 0.7398 0.4419 0.748 0.4526 0.7747 0.4874 0.7891 0.4863 0.779 0.4928 0.748 0.4526 0.7613 0.4293 0.7668 0.4407 0.7983 0.4752 0.7891 0.4863 0.7859 0.4802 0.7871 0.4329 0.7613 0.4293 0.7839 0.4214 0.7983 0.4752 0.8121 0.4797 0.8003 0.4818 0.7871 0.4329 0.8072 0.4168 0.8083 0.4292 0.8248 0.4728 0.8121 0.4797 0.8115 0.4728 0.8301 0.4294 0.8072 0.4168 0.8314 0.4168 0.8248 0.4728 0.8359 0.4822 0.8241 0.4797 0.8301 0.4294 0.8554 0.4214 0.8517 0.4337 0.8379 0.4756 0.847 0.487 0.8359 0.4822 0.8517 0.4337 0.8784 0.4307 0.8722 0.4423 0.8615 0.4884 0.847 0.487 0.8503 0.4809 0.8907 0.4551 0.8784 0.4307 0.8996 0.4447 0.8708 0.4981 0.857 0.4937 0.8615 0.4884 0.9062 0.4713 0.8996 0.4447 0.9165 0.4636 0.8708 0.4981 0.872 0.5125 0.8654 0.5024 0.9062 0.4713 0.9289 0.4845 0.9179 0.49 0.8831 0.5218 0.872 0.5125 0.8782 0.5093 0.9256 0.5106 0.9289 0.4845 0.9383 0.5071 0.8831 0.5218 0.8786 0.5356 0.8765 0.5238 0.9256 0.5106 0.9419 0.5314 0.9296 0.5323 0.8853 0.5484 0.8786 0.5356 0.8855 0.535 0.9288 0.5544 0.9419 0.5314 0.9419 0.556 0.8825 0.5615 0.8785 0.5477 0.8853 0.5484 0.9241 0.5759 0.9419 0.556 0.9358 0.5798 0.8825 0.5615 0.8711 0.5705 0.8759 0.5594 0.9241 0.5759 0.9264 0.6025 0.9149 0.5959 0.8695 0.5848 0.8711 0.5705 0.8772 0.5738 0.9021 0.6139 0.9264 0.6025 0.9115 0.6223 0.8599 0.5941 0.8643 0.5803 0.8695 0.5848 0.8864 0.6288 0.9115 0.6223 0.8937 0.6382 0.8488 0.6013 0.8557 0.5887 0.8599 0.5941 0.8681 0.6403 0.8937 0.6382 0.8739 0.6514 0.8364 0.6063 0.8457 0.5952 0.8488 0.6013 0.8477 0.6482 0.8739 0.6514 0.8512 0.6609 0.8364 0.6063 0.8228 0.6019 0.8345 0.5996 0.8477 0.6482 0.8271 0.6643 0.8263 0.6523 0.8233 0.6087 0.8108 0.6018 0.8228 0.6019 0.8263 0.6523 0.8033 0.6642 0.8046 0.6518 0.81 0.6086 0.799 0.5993 0.8108 0.6018 0.8046 0.6518 0.7796 0.6596 0.7833 0.6474 0.7969 0.6059 0.788 0.5946 0.799 0.5993 0.7833 0.6474 0.7569 0.6503 0.763 0.6389 0.7735 0.5932 0.788 0.5946 0.7846 0.6007 0.7447 0.6263 0.7569 0.6503 0.736 0.6365 0.7735 0.5932 0.7695 0.5793 0.778 0.5879 0.7447 0.6263 0.7195 0.6181 0.7292 0.6105 0.7569 0.5724 0.7695 0.5793 0.7642 0.5836 0.7174 0.592 0.7195 0.6181 0.7062 0.598 0.7518 0.5599 0.763 0.5692 0.7569 0.5724 0.7094 0.5714 0.7062 0.598 0.6966 0.575 0.3287 0.675 0.4081 0.6793 0.3287 0.6793 0.8002 0.5423 0.7584 0.558 0.7562 0.5462 0.8002 0.5423 0.7563 0.5341 0.8002 0.5389 0.8009 0.5356 0.7563 0.5341 0.7588 0.5223 0.8022 0.5325 0.7588 0.5223 0.7636 0.5112 0.8042 0.5297 0.7636 0.5112 0.7704 0.5013 0.8042 0.5297 0.779 0.4928 0.8066 0.5273 0.8066 0.5273 0.7891 0.4863 0.8094 0.5254 0.8094 0.5254 0.8003 0.4818 0.8126 0.5242 0.8159 0.5236 0.8003 0.4818 0.8121 0.4797 0.8193 0.5236 0.8121 0.4797 0.8241 0.4797 0.8226 0.5243 0.8241 0.4797 0.8359 0.4822 0.8226 0.5243 0.847 0.487 0.8258 0.5256 0.8286 0.5276 0.847 0.487 0.857 0.4937 0.8286 0.5276 0.8654 0.5024 0.831 0.53 0.831 0.53 0.872 0.5125 0.8328 0.5328 0.8328 0.5328 0.8765 0.5238 0.8341 0.536 0.8347 0.5393 0.8765 0.5238 0.8786 0.5356 0.8346 0.5427 0.8786 0.5356 0.8785 0.5477 0.8339 0.546 0.8785 0.5477 0.8759 0.5594 0.8339 0.546 0.8711 0.5705 0.8326 0.5492 0.8326 0.5492 0.8643 0.5803 0.8307 0.552 0.8307 0.552 0.8557 0.5887 0.8282 0.5543 0.8254 0.5562 0.8557 0.5887 0.8457 0.5952 0.8254 0.5562 0.8345 0.5996 0.8222 0.5574 0.8189 0.5581 0.8345 0.5996 0.8228 0.6019 0.8189 0.5581 0.8108 0.6018 0.8155 0.558 0.8122 0.5573 0.8108 0.6018 0.799 0.5993 0.8091 0.556 0.799 0.5993 0.788 0.5946 0.8091 0.556 0.778 0.5879 0.8063 0.5541 0.8063 0.5541 0.7695 0.5793 0.8039 0.5516 0.8021 0.5488 0.7695 0.5793 0.763 0.5692 0.8021 0.5488 0.7584 0.558 0.8008 0.5456 0.3287 0.7304 0.4081 0.7346 0.3287 0.7346 0.3287 0.6154 0.4081 0.6196 0.3287 0.6196 0.3287 0.6707 0.4081 0.675 0.3287 0.675 0.3287 0.7261 0.4081 0.7304 0.3287 0.7304 0.3287 0.6111 0.4081 0.6154 0.3287 0.6154 0.3287 0.6665 0.4081 0.6707 0.3287 0.6707 0.3287 0.7218 0.4081 0.7261 0.3287 0.7261 0.3287 0.6069 0.4081 0.6111 0.3287 0.6111 0.3287 0.6622 0.4081 0.6665 0.3287 0.6665 0.3287 0.7176 0.4081 0.7218 0.3287 0.7218 0.3287 0.658 0.4081 0.6622 0.3287 0.6622 0.3287 0.7133 0.4081 0.7176 0.3287 0.7176 0.3287 0.6537 0.4081 0.658 0.3287 0.658 0.3287 0.7091 0.4081 0.7133 0.3287 0.7133 0.3287 0.6494 0.4081 0.6537 0.3287 0.6537 0.3287 0.7048 0.4081 0.7091 0.3287 0.7091 0.3287 0.6452 0.4081 0.6494 0.3287 0.6494 0.3287 0.7005 0.4081 0.7048 0.3287 0.7048 0.3287 0.6409 0.4081 0.6452 0.3287 0.6452 0.3287 0.6963 0.4081 0.7005 0.3287 0.7005 0.3287 0.6367 0.4081 0.6409 0.3287 0.6409 0.3287 0.692 0.4081 0.6963 0.3287 0.6963 0.3287 0.6324 0.4081 0.6367 0.3287 0.6367 0.3287 0.6878 0.4081 0.692 0.3287 0.692 0.3287 0.6282 0.4081 0.6324 0.3287 0.6324 0.3287 0.6835 0.4081 0.6878 0.3287 0.6878 0.3287 0.7389 0.4081 0.7431 0.3287 0.7431 0.3287 0.6239 0.4081 0.6282 0.3287 0.6282 0.3287 0.6793 0.4081 0.6835 0.3287 0.6835 0.3287 0.7346 0.4081 0.7389 0.3287 0.7389 0.3287 0.6196 0.4081 0.6239 0.3287 0.6239 0.2506 0.1273 0.2364 0.06699997 0.2505 0.06699997 0.2225 0.1274 0.208 0.06689995 0.2222 0.06699997 0.2084 0.1274 0.1938 0.06699997 0.208 0.06689995 0.1942999 0.1274999 0.1796 0.06699997 0.1938 0.06699997 0.1802 0.1277 0.1653 0.06709998 0.1796 0.06699997 0.166 0.128 0.1511 0.06709998 0.1653 0.06709998 0.1518 0.1281999 0.1368 0.06709998 0.1511 0.06709998 0.1375 0.1285 0.1224 0.06709998 0.1368 0.06709998 0.1231 0.1289 0.108 0.06709998 0.1224 0.06709998 0.1085 0.1292 0.09359997 0.06699997 0.108 0.06709998 0.09389996 0.1296 0.07899999 0.06679999 0.09359997 0.06699997 0.07909995 0.1299 0.0643 0.06639999 0.07899999 0.06679999 0.06419998 0.1303 0.04939997 0.06589996 0.0643 0.06639999 0.04899996 0.1307 0.03439998 0.06519997 0.04939997 0.06589996 0.03369998 0.1310999 0.01899999 0.06439995 0.03439998 0.06519997 0.01809996 0.1315 0.003399968 0.06349998 0.01899999 0.06439995 0.4697 0.1335999 0.4536 0.06569999 0.4698 0.06499999 0.4537 0.1331 0.438 0.06629997 0.4536 0.06569999 0.4382 0.1324 0.4228 0.06689995 0.438 0.06629997 0.4229 0.1317999 0.4079 0.06729996 0.4228 0.06689995 0.4079 0.1312 0.3932 0.06749999 0.4079 0.06729996 0.3931 0.1306 0.3786 0.06769996 0.3932 0.06749999 0.3784 0.1301 0.3642 0.06769996 0.3786 0.06769996 0.3639 0.1296 0.3499 0.06769996 0.3642 0.06769996 0.3495 0.1292 0.3356 0.06769996 0.3499 0.06769996 0.3352 0.1288 0.3214 0.06759995 0.3356 0.06769996 0.3209 0.1284 0.3072 0.06749999 0.3214 0.06759995 0.3068 0.1281 0.293 0.06729996 0.3072 0.06749999 0.2927 0.1278 0.2788 0.0672 0.293 0.06729996 0.2786 0.1276 0.2647 0.06709998 0.2788 0.0672 0.194 0.4578 0.2068 0.4839 0.1977 0.4853 0.2366 0.1274 0.2222 0.06699997 0.2364 0.06699997 0.2646 0.1274 0.2505 0.06699997 0.2647 0.06709998 0.2962 0.4913 0.2844 0.4994 0.2874 0.4887 0.1088 0.4828 0.115 0.5178 0.0974 0.4884 0.3472 0.4805 0.3228 0.5021 0.3364 0.4756 0.2543 0.4559 0.2427 0.4822 0.2443 0.4554 0.1419 0.4697 0.1611 0.4948 0.1518999 0.4983 0.3908 0.5119 0.3561 0.5251 0.3799 0.5017 0.2948 0.462 0.2785 0.4866 0.2846 0.4598 0.194 0.4578 0.1886 0.487 0.1838 0.4594 0.08569997 0.495 0.115 0.5178 0.106 0.5243 0.3259 0.4712 0.3228 0.5021 0.314 0.498 0.2443 0.4554 0.2337999 0.4821 0.2343 0.4551 0.1419 0.4697 0.1427 0.5023 0.1310999 0.4735 0.3689 0.4933 0.3561 0.5251 0.3483 0.5183 0.2846 0.4598 0.2696 0.4849 0.2745 0.4582 0.1735 0.4614 0.1886 0.487 0.1795 0.4892 0.08569997 0.495 0.09709995 0.5315 0.07379996 0.5027 0.3154 0.4676 0.314 0.498 0.3051 0.4944 0.2142 0.4558 0.2248 0.4823 0.2158 0.4829 0.2243 0.4553 0.2337999 0.4821 0.2248 0.4823 0.1310999 0.4735 0.1334 0.5068 0.1201 0.4778 0.358 0.4864 0.3483 0.5183 0.34 0.5122 0.2644 0.4569 0.2696 0.4849 0.2606 0.4836 0.1631 0.4637 0.1795 0.4892 0.1703 0.4917 0.06139999 0.512 0.09709995 0.5315 0.08869999 0.5396 0.3154 0.4676 0.2962 0.4913 0.3051 0.4645 0.2142 0.4558 0.2068 0.4839 0.2041 0.4566 0.1201 0.4778 0.1242 0.512 0.1088 0.4828 0.358 0.4864 0.3315 0.5068 0.3472 0.4805 0.2644 0.4569 0.2517 0.4827 0.2543 0.4559 0.1525 0.4665 0.1703 0.4917 0.1611 0.4948 0.06139999 0.512 0.08089995 0.5488 0.04839998 0.5235 0.3051 0.4645 0.2874 0.4887 0.2948 0.462 0.2965 0.4546 0.3051 0.4645 0.2948 0.462 0.03959995 0.5131 0.06139999 0.512 0.04839998 0.5235 0.1504999 0.4589 0.1631 0.4637 0.1525 0.4665 0.2549 0.4487 0.2644 0.4569 0.2543 0.4559 0.3625 0.4785 0.3472 0.4805 0.351 0.4727 0.1052 0.4746 0.1201 0.4778 0.1088 0.4828 0.2035 0.4494 0.2142 0.4558 0.2041 0.4566 0.2127 0.4299 0.2238 0.4356 0.2131 0.4361 0.3071 0.4572 0.3154 0.4676 0.3051 0.4645 0.0679 0.4938 0.06139999 0.512 0.05439996 0.5025 0.172 0.454 0.1631 0.4637 0.1613 0.4562 0.2756 0.4509 0.2644 0.4569 0.2652 0.4497 0.3743 0.4853 0.358 0.4864 0.3625 0.4785 0.1283 0.4656 0.1201 0.4778 0.1169 0.4698 0.2240999 0.4481 0.2142 0.4558 0.2138 0.4486 0.2240999 0.4481 0.2343 0.4551 0.2243 0.4553 0.3286 0.4636 0.3154 0.4676 0.3178 0.4601 0.08079999 0.4864 0.07379996 0.5027 0.0679 0.4938 0.1826 0.4521 0.1735 0.4614 0.172 0.454 0.3117 0.4376 0.2991 0.4418 0.3003 0.4354 0.03959995 0.475 0.02709996 0.4928 0.02269995 0.4817 0.1572 0.4366 0.1472 0.4456 0.1457 0.4389 0.2561 0.43 0.2665 0.437 0.2557 0.4362 0.3599 0.4512 0.3698 0.4638 0.3572 0.4585 0.1094 0.4485 0.09929996 0.4599 0.09669995 0.4526 0.286 0.4526 0.2948 0.462 0.2846 0.4598 0.399 0.5036 0.3799 0.5017 0.3864 0.4935 0.1504999 0.4589 0.1419 0.4697 0.1395 0.462 0.2445999 0.4482 0.2543 0.4559 0.2443 0.4554 0.3397 0.4679 0.3472 0.4805 0.3364 0.4756 0.09319996 0.4801 0.1088 0.4828 0.0974 0.4884 0.1931 0.4506 0.2041 0.4566 0.194 0.4578 0.3003 0.4354 0.2882 0.4398 0.2891 0.4335 0.4014 0.4689 0.4121 0.4863 0.3969 0.4774 0.1339 0.4417 0.1472 0.4456 0.1356 0.4484 0.2452 0.4295 0.2557 0.4362 0.2451 0.4357 0.3472 0.4469 0.3572 0.4585 0.3449 0.454 0.09669995 0.4526 0.08649998 0.4649 0.08340001 0.4573 0.2018 0.4306 0.1916 0.4379 0.1909 0.4316 0.3117 0.4376 0.3216 0.4469 0.3103 0.4441 0.05509996 0.4685 0.04389995 0.4843 0.03959995 0.475 0.1572 0.4366 0.1697 0.441 0.1585 0.4431 0.278 0.432 0.2665 0.437 0.267 0.4308 0.3868 0.4621 0.3698 0.4638 0.373 0.4562 0.1218 0.4448 0.1118 0.4556 0.1094 0.4485 0.2236 0.4295 0.2344 0.4355 0.2238 0.4356 0.3351 0.4435 0.3216 0.4469 0.3233 0.4403 0.06959998 0.4626 0.05899995 0.4771 0.05509996 0.4685 0.1798 0.4329 0.1697 0.441 0.1686 0.4346 0.2891 0.4335 0.2773 0.4383 0.278 0.432 0.3868 0.4621 0.3969 0.4774 0.383 0.4701 0.1218 0.4448 0.1356 0.4484 0.1238999 0.4518 0.2452 0.4295 0.2344 0.4355 0.2344 0.4294 0.3472 0.4469 0.3331 0.4502 0.3351 0.4435 0.08340001 0.4573 0.07309997 0.4706 0.06959998 0.4626 0.1798 0.4329 0.1916 0.4379 0.1807 0.4393 0.286 0.4526 0.2745 0.4582 0.2756 0.4509 0.3743 0.4853 0.3799 0.5017 0.3689 0.4933 0.1283 0.4656 0.1419 0.4697 0.1310999 0.4735 0.2344 0.4479 0.2443 0.4554 0.2343 0.4551 0.3397 0.4679 0.3259 0.4712 0.3286 0.4636 0.09319996 0.4801 0.08569997 0.495 0.08079999 0.4864 0.1931 0.4506 0.1838 0.4594 0.1826 0.4521 0.3541 0.5403 0.3309 0.553 0.3475 0.5339 0.115 0.5178 0.1309 0.5231 0.1226 0.5288 0.2785 0.4866 0.2844 0.4994 0.276 0.4974 0.106 0.5243 0.1226 0.5288 0.1144 0.5351 0.2785 0.4866 0.2676 0.4957 0.2696 0.4849 0.106 0.5243 0.1064 0.542 0.09709995 0.5315 0.2248 0.4823 0.2166 0.494 0.2158 0.4829 0.2606 0.4836 0.2676 0.4957 0.2591 0.4945 0.09709995 0.5315 0.09889996 0.5494 0.08869999 0.5396 0.2068 0.4839 0.2166 0.494 0.2081 0.495 0.2517 0.4827 0.2591 0.4945 0.2507 0.4936 0.08089995 0.5488 0.09889996 0.5494 0.092 0.557 0.1977 0.4853 0.2081 0.495 0.1995 0.4964 0.2517 0.4827 0.2422 0.4932 0.2427 0.4822 0.3632 0.5327 0.3475 0.5339 0.3561 0.5251 0.1977 0.4853 0.1909 0.4982 0.1886 0.487 0.2427 0.4822 0.2337 0.4931 0.2337999 0.4821 0.3483 0.5183 0.3475 0.5339 0.3404 0.5278 0.1886 0.487 0.1823 0.5004 0.1795 0.4892 0.2248 0.4823 0.2337 0.4931 0.2251999 0.4933 0.34 0.5122 0.3404 0.5278 0.3329 0.5222 0.1795 0.4892 0.1737 0.503 0.1703 0.4917 0.34 0.5122 0.3251 0.5171 0.3315 0.5068 0.1611 0.4948 0.1737 0.503 0.1651 0.506 0.3315 0.5068 0.3171 0.5125 0.3228 0.5021 0.1611 0.4948 0.1565 0.5095 0.1518999 0.4983 0.314 0.498 0.3171 0.5125 0.3091 0.5085 0.1427 0.5023 0.1565 0.5095 0.1479 0.5135 0.314 0.498 0.3009 0.5051 0.3051 0.4944 0.1427 0.5023 0.1394 0.5181 0.1334 0.5068 0.2962 0.4913 0.3009 0.5051 0.2926 0.5021 0.1242 0.512 0.1394 0.5181 0.1309 0.5231 0.3164 0.5444 0.3069 0.5446 0.3103 0.5397 0.1995 0.4964 0.1965 0.5204 0.1909 0.4982 0.2422 0.4932 0.2341 0.5152 0.2337 0.4931 0.3475 0.5339 0.3247 0.5471 0.3404 0.5278 0.1909 0.4982 0.1891 0.5225 0.1823 0.5004 0.2337 0.4931 0.2266 0.5155 0.2251999 0.4933 0.3404 0.5278 0.3185 0.5418 0.3329 0.5222 0.1823 0.5004 0.1816 0.5251 0.1737 0.503 0.3329 0.5222 0.3122 0.5371 0.3251 0.5171 0.1737 0.503 0.1741999 0.528 0.1651 0.506 0.3251 0.5171 0.3056 0.5329 0.3171 0.5125 0.1651 0.506 0.1669 0.5314 0.1565 0.5095 0.3171 0.5125 0.299 0.5292 0.3091 0.5085 0.1565 0.5095 0.1597 0.5352 0.1479 0.5135 0.3091 0.5085 0.2921 0.526 0.3009 0.5051 0.1479 0.5135 0.1526 0.5395 0.1394 0.5181 0.3009 0.5051 0.2852 0.5232 0.2926 0.5021 0.1394 0.5181 0.1455 0.5444 0.1309 0.5231 0.2926 0.5021 0.2781 0.5209 0.2844 0.4994 0.1309 0.5231 0.1387 0.5497 0.1226 0.5288 0.2844 0.4994 0.271 0.519 0.276 0.4974 0.1226 0.5288 0.1319 0.5556 0.1144 0.5351 0.276 0.4974 0.2637 0.5175 0.2676 0.4957 0.1144 0.5351 0.1253 0.5621 0.1064 0.542 0.2251999 0.4933 0.2190999 0.5162 0.2166 0.494 0.2676 0.4957 0.2564 0.5164 0.2591 0.4945 0.1064 0.542 0.1187 0.5692 0.09889996 0.5494 0.2166 0.494 0.2115 0.5172 0.2081 0.495 0.2591 0.4945 0.249 0.5156 0.2507 0.4936 0.09889996 0.5494 0.1121 0.5768 0.092 0.557 0.2081 0.495 0.2039999 0.5186 0.1995 0.4964 0.2507 0.4936 0.2415 0.5152 0.2422 0.4932 0.2918 0.5431 0.2797 0.5541 0.286 0.5402 0.1827999 0.5282 0.1781 0.5366 0.1755 0.5311 0.3103 0.5397 0.301 0.5406 0.304 0.5356 0.1755 0.5311 0.1712999 0.5399 0.1684 0.5344 0.304 0.5356 0.2949 0.5371 0.2975 0.532 0.1684 0.5344 0.1646 0.5436 0.1614 0.5382 0.2975 0.532 0.2887 0.5341 0.2909 0.5288 0.1614 0.5382 0.1581 0.5477 0.1545 0.5425 0.2909 0.5288 0.2823 0.5315 0.2841 0.5261 0.1545 0.5425 0.1517 0.5523 0.1477 0.5472 0.2841 0.5261 0.2757 0.5293 0.2772 0.5239 0.1477 0.5472 0.1455 0.5576 0.141 0.5525 0.2772 0.5239 0.269 0.5275 0.2702 0.522 0.141 0.5525 0.1395 0.5633 0.1345 0.5584 0.2702 0.522 0.2622 0.5261 0.2631 0.5205 0.1345 0.5584 0.1335999 0.5696 0.1281 0.5649 0.2268 0.5186 0.2202 0.5251 0.2194 0.5193 0.2631 0.5205 0.2553 0.525 0.256 0.5194 0.1281 0.5649 0.1278 0.5768 0.1218 0.572 0.2194 0.5193 0.2131 0.5261 0.212 0.5204 0.256 0.5194 0.2484 0.5244 0.2487 0.5187 0.1218 0.572 0.1218 0.5852 0.1152 0.5795 0.212 0.5204 0.206 0.5275 0.2046999 0.5217 0.2487 0.5187 0.2414 0.524 0.2415 0.5183 0.3345 0.5619 0.3234 0.5601 0.3283 0.5555 0.2046999 0.5217 0.199 0.5292 0.1973 0.5235 0.2415 0.5183 0.2344 0.524 0.2341 0.5183 0.3283 0.5555 0.3181 0.5542 0.3224 0.5497 0.1973 0.5235 0.192 0.5313 0.1899999 0.5256 0.2341 0.5183 0.2273 0.5244 0.2268 0.5186 0.3224 0.5497 0.3126 0.5491 0.3164 0.5444 0.1899999 0.5256 0.185 0.5338 0.1827999 0.5282 0.4914 0.4474 0.5309 0.449 0.4914 0.449 0.1685 0.55 0.1723999 0.5681 0.1624 0.554 0.2799 0.5378 0.2797 0.5541 0.2746 0.5522 0.1624 0.554 0.1675 0.5718 0.1565 0.5584 0.2799 0.5378 0.2693 0.5506 0.2738 0.5357 0.1508 0.5633 0.1675 0.5718 0.163 0.5759 0.2675 0.5341 0.2693 0.5506 0.2638 0.5493 0.1508 0.5633 0.1589 0.5804 0.1454 0.5688 0.2611 0.5328 0.2638 0.5493 0.2582 0.5483 0.1454 0.5688 0.1551 0.5853 0.1402 0.575 0.2211 0.532 0.229 0.5478 0.2231 0.5485 0.2611 0.5328 0.2525 0.5476 0.2545 0.5318 0.1353999 0.582 0.1551 0.5853 0.152 0.5906 0.2211 0.532 0.2171 0.5495 0.2143 0.533 0.2479 0.5312 0.2525 0.5476 0.2467 0.5473 0.1353999 0.582 0.1496 0.5963 0.131 0.59 0.2075999 0.5344 0.2171 0.5495 0.2111999 0.5508 0.2479 0.5312 0.2409 0.5472 0.2413 0.5309 0.3213 0.5714 0.3042 0.5729 0.3173 0.5649 0.2009 0.5361 0.2111999 0.5508 0.2053 0.5524 0.2413 0.5309 0.235 0.5473 0.2346 0.5309 0.3128 0.5593 0.3042 0.5729 0.3012 0.5687 0.2009 0.5361 0.1995 0.5542 0.1942 0.5381 0.2278 0.5313 0.235 0.5473 0.229 0.5478 0.3079 0.5544 0.3012 0.5687 0.2976 0.5651 0.1942 0.5381 0.1938 0.5564 0.1876 0.5405 0.3028 0.5501 0.2976 0.5651 0.2936 0.5618 0.1811 0.5433 0.1938 0.5564 0.1881999 0.5588 0.2974 0.5464 0.2936 0.5618 0.2892 0.5589 0.1748 0.5464 0.1881999 0.5588 0.1827 0.5616 0.2974 0.5464 0.2846 0.5563 0.2918 0.5431 0.1748 0.5464 0.1773999 0.5647 0.1685 0.55 0.2508 0.02199995 0.265 0.02629995 0.2508 0.02619999 0.2647 0.06709998 0.2506 0.05919998 0.2647 0.0593 0.2364 0.05129998 0.2222999 0.02799999 0.2365 0.02809995 0.2505 0.06699997 0.2364 0.05919998 0.2506 0.05919998 0.2651 0.02219998 0.2792 0.02639997 0.265 0.02629995 0.2789 0.05939996 0.2647 0.06709998 0.2647 0.0593 0.2793 0.0223 0.2934 0.0266 0.2792 0.02639997 0.2931 0.05949997 0.2788 0.0672 0.2789 0.05939996 0.2934 0.02239996 0.3075 0.02669996 0.2934 0.0266 0.3072 0.06749999 0.2931 0.05949997 0.3073 0.05959999 0.3076 0.02259999 0.3216 0.02679997 0.3075 0.02669996 0.3214 0.06759995 0.3073 0.05959999 0.3214 0.05969995 0.3217 0.02269995 0.3357 0.02689999 0.3216 0.02679997 0.3357 0.05979996 0.3214 0.06759995 0.3214 0.05969995 0.3358 0.02279996 0.3498 0.02689999 0.3357 0.02689999 0.3499 0.05989998 0.3356 0.06769996 0.3357 0.05979996 0.3639 0.02269995 0.3498 0.02689999 0.3498 0.02279996 0.3642 0.05979996 0.3499 0.06769996 0.3499 0.05989998 0.3779 0.02249997 0.3639 0.02679997 0.3639 0.02269995 0.3786 0.06769996 0.3642 0.05979996 0.3786 0.05969995 0.3919 0.02209997 0.378 0.0266 0.3779 0.02249997 0.3932 0.06749999 0.3786 0.05969995 0.3931 0.05949997 0.4059 0.02139997 0.3921 0.02619999 0.3919 0.02209997 0.4077 0.05909997 0.3932 0.06749999 0.3931 0.05949997 0.42 0.02039998 0.4062 0.02549999 0.4059 0.02139997 0.4228 0.06689995 0.4077 0.05909997 0.4225 0.05859994 0.4342 0.01899999 0.4204 0.02459996 0.42 0.02039998 0.438 0.06629997 0.4225 0.05859994 0.4376 0.05789995 0.4485 0.0169 0.4347 0.02319997 0.4342 0.01899999 0.4536 0.06569999 0.4376 0.05789995 0.4532 0.05689996 0.4629 0.01379996 0.4493 0.0212 0.4485 0.0169 0.4695 0.05579996 0.4536 0.06569999 0.4532 0.05689996 0.01009994 0.01369994 0.02349996 0.02079999 0.008899986 0.01789999 0.01959997 0.05589997 0.003399968 0.06349998 0.003699958 0.05469995 0.02419996 0.01669996 0.03779995 0.02269995 0.02349996 0.02079999 0.03479999 0.05689996 0.01899999 0.06439995 0.01959997 0.05589997 0.03829997 0.01859998 0.05199998 0.02399998 0.03779995 0.02269995 0.04939997 0.06589996 0.03479999 0.05689996 0.04979997 0.05769997 0.06639999 0.02069997 0.05199998 0.02399998 0.05229997 0.01989996 0.0643 0.06639999 0.04979997 0.05769997 0.06459999 0.05829995 0.08039999 0.02129995 0.0661 0.0248 0.06639999 0.02069997 0.07899999 0.06679999 0.06459999 0.05829995 0.07919996 0.05869996 0.08039999 0.02129995 0.09439998 0.02569997 0.08029997 0.02539998 0.09359997 0.06699997 0.07919996 0.05869996 0.09369999 0.05899995 0.0945 0.02159994 0.1085 0.02599996 0.09439998 0.02569997 0.1080999 0.05909997 0.09359997 0.06699997 0.09369999 0.05899995 0.1227 0.02189999 0.1085 0.02599996 0.1086 0.02179998 0.1225 0.05919998 0.108 0.06709998 0.1080999 0.05909997 0.1227 0.02189999 0.1369 0.02609997 0.1227 0.02609997 0.1368 0.06709998 0.1225 0.05919998 0.1368 0.05919998 0.1511 0.02189999 0.1369 0.02609997 0.1369 0.02199995 0.1511 0.06709998 0.1368 0.05919998 0.1511 0.05919998 0.1653 0.02189999 0.1511 0.02609997 0.1511 0.02189999 0.1653 0.05919998 0.1511 0.06709998 0.1511 0.05919998 0.1653 0.02189999 0.1795 0.02599996 0.1653 0.02609997 0.1796 0.05919998 0.1653 0.06709998 0.1653 0.05919998 0.1795 0.02189999 0.1938 0.02599996 0.1795 0.02599996 0.1938 0.06699997 0.1796 0.05919998 0.1938 0.05909997 0.1938 0.02189999 0.2081 0.02599996 0.1938 0.02599996 0.208 0.06689995 0.1938 0.05909997 0.208 0.05909997 0.2222999 0.02189999 0.2081 0.02599996 0.2081 0.02189999 0.2222 0.06699997 0.208 0.05909997 0.2222 0.05909997 0.2366 0.02199995 0.2508 0.02619999 0.2366 0.02609997 0.2364 0.06699997 0.2222 0.05909997 0.2364 0.05919998 0.2364 0.05129998 0.2222 0.05909997 0.2222 0.05129998 0.2222 0.05129998 0.208 0.05909997 0.208 0.05129998 0.208 0.05129998 0.1938 0.05909997 0.1938 0.05129998 0.1938 0.05129998 0.1796 0.05919998 0.1796 0.05129998 0.1796 0.05919998 0.1653 0.05129998 0.1796 0.05129998 0.1653 0.05919998 0.1511 0.05139994 0.1653 0.05129998 0.1511 0.05139994 0.1368 0.05919998 0.1368 0.05139994 0.1368 0.05139994 0.1225 0.05919998 0.1225 0.05129998 0.1225 0.05919998 0.1082 0.05119997 0.1225 0.05129998 0.1080999 0.05909997 0.0938 0.05099999 0.1082 0.05119997 0.0938 0.05099999 0.07919996 0.05869996 0.0794 0.05069994 0.0794 0.05069994 0.06459999 0.05829995 0.06489998 0.05019998 0.06489998 0.05019998 0.04979997 0.05769997 0.0503 0.04949998 0.0503 0.04949998 0.03479999 0.05689996 0.03539997 0.04859995 0.03479999 0.05689996 0.02029997 0.04729998 0.03539997 0.04859995 0.01959997 0.05589997 0.004699945 0.04569995 0.02029997 0.04729998 0.4695 0.05579996 0.4525 0.04829996 0.4685 0.0467 0.4525 0.04829996 0.4376 0.05789995 0.4371 0.04949998 0.4371 0.04949998 0.4225 0.05859994 0.4221 0.05039995 0.4221 0.05039995 0.4077 0.05909997 0.4074 0.05099999 0.4077 0.05909997 0.3929 0.05149996 0.4074 0.05099999 0.3929 0.05149996 0.3786 0.05969995 0.3785 0.05179995 0.3785 0.05179995 0.3642 0.05979996 0.3642 0.05189996 0.3642 0.05979996 0.3499 0.05199998 0.3642 0.05189996 0.3499 0.05989998 0.3357 0.05199998 0.3499 0.05199998 0.3357 0.05979996 0.3215 0.05189996 0.3357 0.05199998 0.3215 0.05189996 0.3073 0.05959999 0.3073 0.05179995 0.3073 0.05179995 0.2931 0.05949997 0.2932 0.05169999 0.2931 0.05949997 0.279 0.05159997 0.2932 0.05169999 0.2789 0.05939996 0.2648 0.05149996 0.279 0.05159997 0.2506 0.05139994 0.2364 0.05919998 0.2364 0.05129998 0.2648 0.05149996 0.2506 0.05919998 0.2506 0.05139994 0.3185 0.5418 0.3239 0.548 0.3178 0.5427 0.2046999 0.5217 0.2118999 0.5193 0.212 0.5204 0.3247 0.5471 0.3301 0.5538 0.3239 0.548 0.2487 0.5187 0.2415 0.5173 0.2488 0.5176 0.3372 0.5593 0.3301 0.5538 0.3309 0.553 0.3345 0.5619 0.3292 0.5546 0.3354 0.5609 0.1121 0.5768 0.1198 0.5702 0.1133 0.5776 0.1973 0.5235 0.2045 0.5207 0.2046999 0.5217 0.1187 0.5692 0.1263 0.5631 0.1198 0.5702 0.2415 0.5183 0.2341 0.5172 0.2415 0.5173 0.3164 0.5444 0.3109 0.5388 0.3171 0.5435 0.1319 0.5556 0.1263 0.5631 0.1253 0.5621 0.3224 0.5497 0.3292 0.5546 0.3283 0.5555 0.1755 0.5311 0.1824 0.5271 0.1827999 0.5282 0.1387 0.5497 0.1328 0.5566 0.1319 0.5556 0.1899999 0.5256 0.1971 0.5224 0.1973 0.5235 0.3103 0.5397 0.3046 0.5347 0.3109 0.5388 0.1455 0.5444 0.1395 0.5507 0.1387 0.5497 0.2341 0.5183 0.2267 0.5176 0.2341 0.5172 0.1755 0.5311 0.1679 0.5334 0.1751 0.53 0.1526 0.5395 0.1463 0.5454 0.1455 0.5444 0.3164 0.5444 0.3232 0.5488 0.3224 0.5497 0.2975 0.532 0.3046 0.5347 0.304 0.5356 0.1597 0.5352 0.1532 0.5406 0.1526 0.5395 0.1827999 0.5282 0.1897 0.5246 0.1899999 0.5256 0.1614 0.5382 0.1679 0.5334 0.1684 0.5344 0.1597 0.5352 0.1674 0.5325 0.1603 0.5363 0.2909 0.5288 0.298 0.531 0.2975 0.532 0.1741999 0.528 0.1674 0.5325 0.1669 0.5314 0.1614 0.5382 0.1538 0.5415 0.1608 0.5372 0.1741999 0.528 0.182 0.5261 0.1747 0.5291 0.2841 0.5261 0.2913 0.5279 0.2909 0.5288 0.1894 0.5236 0.1824 0.5271 0.182 0.5261 0.3239 0.548 0.3171 0.5435 0.3178 0.5427 0.2341 0.5163 0.2267 0.5176 0.2266 0.5166 0.1967999 0.5215 0.1897 0.5246 0.1894 0.5236 0.3301 0.5538 0.3232 0.5488 0.3239 0.548 0.2415 0.5163 0.2341 0.5172 0.2341 0.5163 0.2043 0.5197 0.1971 0.5224 0.1967999 0.5215 0.3362 0.5601 0.3292 0.5546 0.3301 0.5538 0.2488999 0.5167 0.2415 0.5173 0.2415 0.5163 0.2117 0.5183 0.2045 0.5207 0.2043 0.5197 0.1198 0.5702 0.1142 0.5785 0.1133 0.5776 0.2562 0.5174 0.2488 0.5176 0.2488999 0.5167 0.2192 0.5173 0.2118999 0.5193 0.2117 0.5183 0.1263 0.5631 0.1207 0.5711 0.1198 0.5702 0.2635 0.5185 0.2561 0.5184 0.2562 0.5174 0.2266 0.5166 0.2193 0.5183 0.2192 0.5173 0.1328 0.5566 0.1272 0.564 0.1263 0.5631 0.2707 0.52 0.2633 0.5195 0.2635 0.5185 0.1395 0.5507 0.1335999 0.5575 0.1328 0.5566 0.2778 0.5219 0.2705 0.521 0.2707 0.52 0.1463 0.5454 0.1402 0.5516 0.1395 0.5507 0.2848 0.5242 0.2775 0.5229 0.2778 0.5219 0.1532 0.5406 0.1468999 0.5463 0.1463 0.5454 0.2917 0.527 0.2845 0.5251 0.2848 0.5242 0.1603 0.5363 0.1538 0.5415 0.1532 0.5406 0.2985 0.5302 0.2913 0.5279 0.2917 0.527 0.1674 0.5325 0.1608 0.5372 0.1603 0.5363 0.3051 0.5338 0.298 0.531 0.2985 0.5302 0.1747 0.5291 0.1679 0.5334 0.1674 0.5325 0.3115 0.538 0.3046 0.5347 0.3051 0.5338 0.182 0.5261 0.1751 0.53 0.1747 0.5291 0.3178 0.5427 0.3109 0.5388 0.3115 0.538 0.1152 0.5795 0.1207 0.5711 0.1218 0.572 0.3185 0.5418 0.3115 0.538 0.3122 0.5371 0.2487 0.5187 0.2561 0.5184 0.256 0.5194 0.3122 0.5371 0.3051 0.5338 0.3056 0.5329 0.2194 0.5193 0.2118999 0.5193 0.2193 0.5183 0.299 0.5292 0.3051 0.5338 0.2985 0.5302 0.1218 0.572 0.1272 0.564 0.1281 0.5649 0.2921 0.526 0.2985 0.5302 0.2917 0.527 0.256 0.5194 0.2633 0.5195 0.2631 0.5205 0.2852 0.5232 0.2917 0.527 0.2848 0.5242 0.2268 0.5186 0.2193 0.5183 0.2267 0.5176 0.2852 0.5232 0.2778 0.5219 0.2781 0.5209 0.1345 0.5584 0.1272 0.564 0.1335999 0.5575 0.2781 0.5209 0.2707 0.52 0.271 0.519 0.2702 0.522 0.2633 0.5195 0.2705 0.521 0.271 0.519 0.2635 0.5185 0.2637 0.5175 0.2266 0.5155 0.2192 0.5173 0.2190999 0.5162 0.141 0.5525 0.1335999 0.5575 0.1402 0.5516 0.2564 0.5164 0.2635 0.5185 0.2562 0.5174 0.2190999 0.5162 0.2117 0.5183 0.2115 0.5172 0.2772 0.5239 0.2705 0.521 0.2775 0.5229 0.249 0.5156 0.2562 0.5174 0.2488999 0.5167 0.2039999 0.5186 0.2117 0.5183 0.2043 0.5197 0.1477 0.5472 0.1402 0.5516 0.1468999 0.5463 0.249 0.5156 0.2415 0.5163 0.2415 0.5152 0.1965 0.5204 0.2043 0.5197 0.1967999 0.5215 0.2841 0.5261 0.2775 0.5229 0.2845 0.5251 0.2415 0.5152 0.2341 0.5163 0.2341 0.5152 0.1891 0.5225 0.1967999 0.5215 0.1894 0.5236 0.1545 0.5425 0.1468999 0.5463 0.1538 0.5415 0.2341 0.5152 0.2266 0.5166 0.2266 0.5155 0.1816 0.5251 0.1894 0.5236 0.182 0.5261 0.4914 0.4187 0.5309 0.4203 0.4914 0.4203 0.4914 0.449 0.5309 0.4506 0.4914 0.4506 0.4914 0.4203 0.5309 0.4219 0.4914 0.4219 0.4914 0.4506 0.5309 0.4522 0.4914 0.4522 0.4914 0.4219 0.5309 0.4235 0.4914 0.4235 0.4914 0.4522 0.5309 0.4538 0.4914 0.4538 0.4914 0.4235 0.5309 0.4251 0.4914 0.4251 0.4914 0.4538 0.5309 0.4554 0.4914 0.4554 0.4914 0.4251 0.5309 0.4267 0.4914 0.4267 0.4914 0.4554 0.5309 0.457 0.4914 0.457 0.4914 0.4347 0.5309 0.4363 0.4914 0.4363 0.4914 0.4267 0.5309 0.4283 0.4914 0.4283 0.4914 0.457 0.5309 0.4586 0.4914 0.4586 0.4914 0.4363 0.5309 0.4378 0.4914 0.4378 0.4914 0.4283 0.5309 0.4299 0.4914 0.4299 0.4914 0.4586 0.5309 0.4602 0.4914 0.4602 0.4914 0.4378 0.5309 0.4394 0.4914 0.4394 0.4914 0.4299 0.5309 0.4315 0.4914 0.4315 0.4914 0.4091 0.5309 0.4107 0.4914 0.4107 0.4914 0.4394 0.5309 0.441 0.4914 0.441 0.4914 0.4315 0.5309 0.4331 0.4914 0.4331 0.4914 0.4107 0.5309 0.4123 0.4914 0.4123 0.4914 0.441 0.5309 0.4426 0.4914 0.4426 0.4914 0.4331 0.5309 0.4347 0.4914 0.4347 0.4914 0.4123 0.5309 0.4139 0.4914 0.4139 0.4914 0.4426 0.5309 0.4442 0.4914 0.4442 0.4914 0.4139 0.5309 0.4155 0.4914 0.4155 0.4914 0.4442 0.5309 0.4458 0.4914 0.4458 0.4914 0.4155 0.5309 0.4171 0.4914 0.4171 0.4914 0.4458 0.5309 0.4474 0.4914 0.4474 0.4914 0.4171 0.5309 0.4187 0.4914 0.4187 0.2506 0.1404 0.2645 0.1304 0.2646 0.1405 0.126 0.4278 0.1114 0.1472 0.126 0.1472 0.1405 0.4278 0.126 0.1472 0.1405 0.1472 0.155 0.4278 0.1405 0.1472 0.155 0.1472 0.1696 0.4278 0.155 0.1472 0.1696 0.1472 0.1841 0.4278 0.1696 0.1472 0.1841 0.1472 0.1985999 0.4278 0.1841 0.1472 0.1985999 0.1472 0.2131 0.4278 0.1985999 0.1472 0.2131 0.1472 0.2276999 0.4278 0.2131 0.1472 0.2276999 0.1472 0.2422 0.4278 0.2276999 0.1472 0.2422 0.1472 0.2567 0.4278 0.2422 0.1472 0.2567 0.1472 0.2713 0.4278 0.2567 0.1472 0.2713 0.1472 0.2858 0.4278 0.2713 0.1472 0.2858 0.1472 0.3003 0.4278 0.2858 0.1472 0.3003 0.1472 0.3149 0.4278 0.3003 0.1472 0.3149 0.1472 0.3294 0.4278 0.3149 0.1472 0.3294 0.1472 0.3439 0.4278 0.3294 0.1472 0.3439 0.1472 0.3584 0.4278 0.3439 0.1472 0.3584 0.1472 0.373 0.4278 0.3584 0.1472 0.373 0.1472 0.3875 0.4278 0.373 0.1472 0.3875 0.1472 0.402 0.4278 0.3875 0.1472 0.402 0.1472 0.4166 0.4278 0.402 0.1472 0.4166 0.1472 0.4311 0.4278 0.4166 0.1472 0.4311 0.1472 0.4456 0.4278 0.4311 0.1472 0.4456 0.1472 0.4602 0.4278 0.4456 0.1472 0.4601 0.1472 0.01659995 0.4278 0.00209999 0.1472 0.01659995 0.1472 0.02429997 0.4278 0.0097 0.1472 0.02429997 0.1472 0.0388 0.4278 0.02429997 0.1472 0.0388 0.1472 0.05329996 0.4278 0.0388 0.1472 0.05329996 0.1472 0.0679 0.4278 0.05329996 0.1472 0.0679 0.1472 0.08239996 0.4278 0.0679 0.1472 0.08239996 0.1472 0.09689998 0.4278 0.08239996 0.1472 0.09689998 0.1472 0.1085 0.1292 0.09399998 0.1327 0.09389996 0.1296 0.2225 0.1274 0.2366 0.1303 0.2225 0.1303 0.4382 0.1324 0.4228 0.135 0.4229 0.1317999 0.1092 0.1459 0.0945 0.1432999 0.1091 0.1428 0.2226999 0.1434 0.2366 0.1405 0.2366 0.1434 0.3068 0.1281 0.2926 0.1308 0.2927 0.1278 0.4374 0.15 0.4224 0.1459 0.4376 0.1467 0.2084 0.1274 0.2225 0.1303 0.2084 0.1304 0.3066 0.1443 0.2926 0.141 0.3066 0.1413 0.07909995 0.1299 0.09399998 0.1327 0.07919996 0.1331 0.2087 0.1435 0.2226999 0.1405 0.2226999 0.1434 0.4079 0.1312 0.4228 0.135 0.4078 0.1342999 0.0798 0.147 0.0945 0.1432999 0.09459996 0.1464 0.2927 0.1278 0.2786 0.1306 0.2786 0.1276 0.4073 0.1483 0.4224 0.1459 0.4222 0.1491 0.2084 0.1274 0.1944 0.1305 0.1942999 0.1274999 0.2925 0.1439 0.2786 0.1407 0.2926 0.141 0.07909995 0.1299 0.06419998 0.1335 0.06419998 0.1303 0.2087 0.1435 0.1947 0.1407 0.2087 0.1406 0.3931 0.1306 0.4078 0.1342999 0.3929 0.1337 0.0798 0.147 0.06479996 0.1444 0.07969999 0.1438 0.2646 0.1274 0.2786 0.1306 0.2645 0.1304 0.3925 0.1475 0.4074 0.1450999 0.4073 0.1483 0.1802 0.1277 0.1944 0.1305 0.1802 0.1307 0.2645 0.1435 0.2786 0.1407 0.2785 0.1437 0.06419998 0.1303 0.04909998 0.1339 0.04899996 0.1307 0.1806 0.1439 0.1947 0.1407 0.1947 0.1437 0.3931 0.1306 0.3783 0.1332 0.3784 0.1301 0.06489998 0.1475999 0.0496 0.1449 0.06479996 0.1444 0.2506 0.1273 0.2366 0.1303 0.2366 0.1274 0.3925 0.1475 0.378 0.1437 0.3927 0.1444 0.166 0.128 0.1802 0.1307 0.1661 0.131 0.1114 0.4278 0.09689998 0.1472 0.1114 0.1472 0.2366 0.1405 0.2506 0.1303 0.2506 0.1404 0.2646 0.1405 0.2786 0.1306 0.2786 0.1407 0.2786 0.1407 0.2926 0.1308 0.2926 0.141 0.2926 0.141 0.3067 0.1310999 0.3066 0.1413 0.3066 0.1413 0.3208 0.1314 0.3207 0.1417 0.3207 0.1417 0.3351 0.1317999 0.3349 0.1421 0.3349 0.1421 0.3494 0.1322 0.3492 0.1425999 0.3492 0.1425999 0.3638 0.1327 0.3635 0.1431 0.3635 0.1431 0.3783 0.1332 0.378 0.1437 0.378 0.1437 0.3929 0.1337 0.3927 0.1444 0.3927 0.1444 0.4078 0.1342999 0.4074 0.1450999 0.4074 0.1450999 0.4228 0.135 0.4224 0.1459 0.4224 0.1459 0.438 0.1357 0.4376 0.1467 0.4376 0.1467 0.4536 0.1365 0.453 0.1478 0.453 0.1478 0.4699 0.1371999 0.4687 0.1495 0.002299964 0.1473 0.01809996 0.1348 0.0187 0.1462 0.0187 0.1462 0.03369998 0.1344 0.03429996 0.1455 0.03429996 0.1455 0.04909998 0.1339 0.0496 0.1449 0.0496 0.1449 0.06419998 0.1335 0.06479996 0.1444 0.06479996 0.1444 0.07919996 0.1331 0.07969999 0.1438 0.07969999 0.1438 0.09399998 0.1327 0.0945 0.1432999 0.0945 0.1432999 0.1086 0.1323 0.1091 0.1428 0.1091 0.1428 0.1231 0.1319 0.1236 0.1424 0.1236 0.1424 0.1375 0.1316 0.138 0.1419 0.138 0.1419 0.1518 0.1312 0.1522 0.1416 0.1522 0.1416 0.1661 0.131 0.1664 0.1412 0.1664 0.1412 0.1802 0.1307 0.1806 0.1409 0.1806 0.1409 0.1944 0.1305 0.1947 0.1407 0.1947 0.1407 0.2084 0.1304 0.2087 0.1406 0.2087 0.1406 0.2225 0.1303 0.2226999 0.1405 0.2226999 0.1405 0.2366 0.1303 0.2366 0.1405 0.3206 0.1447 0.3066 0.1413 0.3207 0.1417 0.4527 0.151 0.4376 0.1467 0.453 0.1478 0.3209 0.1284 0.3067 0.1310999 0.3068 0.1281 0.1237 0.1454 0.1091 0.1428 0.1236 0.1424 0.4537 0.1331 0.438 0.1357 0.4382 0.1324 0.1231 0.1289 0.1086 0.1323 0.1085 0.1292 0.3348 0.1450999 0.3207 0.1417 0.3349 0.1421 0.4527 0.151 0.4687 0.1495 0.468 0.1527 0.3352 0.1288 0.3208 0.1314 0.3209 0.1284 0.1237 0.1454 0.138 0.1419 0.138 0.145 0.4537 0.1331 0.4699 0.1371999 0.4536 0.1365 0.1231 0.1289 0.1375 0.1316 0.1231 0.1319 0.3491 0.1456 0.3349 0.1421 0.3492 0.1425999 0.01879996 0.1496 0.002299964 0.1473 0.0187 0.1462 0.3495 0.1292 0.3351 0.1317999 0.3352 0.1288 0.138 0.145 0.1522 0.1416 0.1523 0.1446 0.01809996 0.1315 0.001899957 0.1348 0.002299964 0.1314 0.1375 0.1285 0.1518 0.1312 0.1375 0.1316 0.3491 0.1456 0.3635 0.1431 0.3634 0.1462 0.03439998 0.1488 0.0187 0.1462 0.03429996 0.1455 0.3495 0.1292 0.3638 0.1327 0.3494 0.1322 0.2645 0.1435 0.2506 0.1404 0.2646 0.1405 0.1665 0.1442 0.1522 0.1416 0.1664 0.1412 0.03369998 0.1310999 0.01809996 0.1348 0.01809996 0.1315 0.166 0.128 0.1518 0.1312 0.1518 0.1281999 0.3779 0.1468 0.3635 0.1431 0.378 0.1437 0.2646 0.1274 0.2506 0.1303 0.2506 0.1273 0.04979997 0.1482 0.03429996 0.1455 0.0496 0.1449 0.3784 0.1301 0.3638 0.1327 0.3639 0.1296 0.2506 0.1434 0.2366 0.1405 0.2506 0.1404 0.1665 0.1442 0.1806 0.1409 0.1806 0.1439 0.04899996 0.1307 0.03369998 0.1344 0.03369998 0.1310999 0.2506 0.05139994 0.2365 0.02809995 0.2508 0.02809995 0.208 0.05129998 0.1938 0.02799999 0.2081 0.02799999 0.1938 0.05129998 0.1795 0.02799999 0.1938 0.02799999 0.1796 0.05129998 0.1653 0.02799999 0.1795 0.02799999 0.1653 0.05129998 0.1511 0.02799999 0.1653 0.02799999 0.1511 0.05139994 0.1369 0.02799999 0.1511 0.02799999 0.1368 0.05139994 0.1227 0.02799999 0.1369 0.02799999 0.1225 0.05129998 0.1085 0.02789998 0.1227 0.02799999 0.1082 0.05119997 0.09429997 0.02769994 0.1085 0.02789998 0.0938 0.05099999 0.08019995 0.0273 0.09429997 0.02769994 0.0794 0.05069994 0.0661 0.02669996 0.08019995 0.0273 0.06489998 0.05019998 0.05189996 0.0259 0.0661 0.02669996 0.0503 0.04949998 0.03759998 0.02469998 0.05189996 0.0259 0.03539997 0.04859995 0.02319997 0.02279996 0.03759998 0.02469998 0.02029997 0.04729998 0.008399963 0.01989996 0.02319997 0.02279996 0.4685 0.0467 0.4496 0.02319997 0.4646 0.02009999 0.4525 0.04829996 0.4349 0.02519994 0.4496 0.02319997 0.4371 0.04949998 0.4205 0.02649998 0.4349 0.02519994 0.4221 0.05039995 0.4063 0.02749997 0.4205 0.02649998 0.4074 0.05099999 0.3921 0.02809995 0.4063 0.02749997 0.3929 0.05149996 0.378 0.02849996 0.3921 0.02809995 0.3785 0.05179995 0.3639 0.02869999 0.378 0.02849996 0.3642 0.05189996 0.3498 0.02879995 0.3639 0.02869999 0.3499 0.05199998 0.3357 0.02879995 0.3498 0.02879995 0.3357 0.05199998 0.3216 0.02869999 0.3357 0.02879995 0.3215 0.05189996 0.3075 0.02859997 0.3216 0.02869999 0.3073 0.05179995 0.2934 0.02849996 0.3075 0.02859997 0.2932 0.05169999 0.2792 0.0284 0.2934 0.02849996 0.279 0.05159997 0.265 0.02819997 0.2792 0.0284 0.2648 0.05149996 0.2508 0.02809995 0.265 0.02819997 0.2222 0.05129998 0.2081 0.02799999 0.2222999 0.02799999 0.2365 0.02809995 0.2222999 0.02699995 0.2365 0.02709996 0.2222999 0.02699995 0.2366 0.02609997 0.2365 0.02709996 0.2222999 0.02799999 0.2081 0.02699995 0.2222999 0.02699995 0.2081 0.02699995 0.2222999 0.02609997 0.2222999 0.02699995 0.2081 0.02799999 0.1938 0.02699995 0.2081 0.02699995 0.1938 0.02699995 0.2081 0.02599996 0.2081 0.02699995 0.1938 0.02799999 0.1795 0.02699995 0.1938 0.02699995 0.1795 0.02699995 0.1938 0.02599996 0.1938 0.02699995 0.1795 0.02799999 0.1653 0.02699995 0.1795 0.02699995 0.1653 0.02699995 0.1795 0.02599996 0.1795 0.02699995 0.1511 0.02799999 0.1653 0.02699995 0.1653 0.02799999 0.1653 0.02699995 0.1511 0.02609997 0.1653 0.02609997 0.1369 0.02799999 0.1511 0.02709996 0.1511 0.02799999 0.1511 0.02709996 0.1369 0.02609997 0.1511 0.02609997 0.1227 0.02799999 0.1369 0.02709996 0.1369 0.02799999 0.1369 0.02709996 0.1227 0.02609997 0.1369 0.02609997 0.1227 0.02799999 0.1085 0.02689999 0.1227 0.02699995 0.1085 0.02689999 0.1227 0.02609997 0.1227 0.02699995 0.1085 0.02789998 0.09439998 0.02669996 0.1085 0.02689999 0.09439998 0.02669996 0.1085 0.02599996 0.1085 0.02689999 0.09429997 0.02769994 0.08019995 0.02629995 0.09439998 0.02669996 0.08019995 0.02629995 0.09439998 0.02569997 0.09439998 0.02669996 0.0661 0.02669996 0.08019995 0.02629995 0.08019995 0.0273 0.08019995 0.02629995 0.0661 0.0248 0.08029997 0.02539998 0.0661 0.02669996 0.05189996 0.02489995 0.0661 0.02579998 0.05189996 0.02489995 0.0661 0.0248 0.0661 0.02579998 0.05189996 0.0259 0.03769999 0.02369999 0.05189996 0.02489995 0.03769999 0.02369999 0.05199998 0.02399998 0.05189996 0.02489995 0.02319997 0.02279996 0.03769999 0.02369999 0.03759998 0.02469998 0.03769999 0.02369999 0.02349996 0.02079999 0.03779995 0.02269995 0.008399963 0.01989996 0.02329999 0.02179998 0.02319997 0.02279996 0.02329999 0.02179998 0.008899986 0.01789999 0.02349996 0.02079999 0.4496 0.02319997 0.4644 0.01899999 0.4646 0.02009999 0.4644 0.01899999 0.4493 0.0212 0.4641 0.01799994 0.4349 0.02519994 0.4494 0.02219998 0.4496 0.02319997 0.4494 0.02219998 0.4347 0.02319997 0.4493 0.0212 0.4205 0.02649998 0.4348 0.02419996 0.4349 0.02519994 0.4348 0.02419996 0.4204 0.02459996 0.4347 0.02319997 0.4063 0.02749997 0.4205 0.02559995 0.4205 0.02649998 0.4205 0.02559995 0.4062 0.02549999 0.4204 0.02459996 0.3921 0.02809995 0.4062 0.02649998 0.4063 0.02749997 0.4062 0.02649998 0.3921 0.02619999 0.4062 0.02549999 0.378 0.02849996 0.3921 0.02709996 0.3921 0.02809995 0.3921 0.02709996 0.378 0.0266 0.3921 0.02619999 0.378 0.02849996 0.3639 0.02779996 0.378 0.02749997 0.378 0.02749997 0.3639 0.02679997 0.378 0.0266 0.3498 0.02879995 0.3639 0.02779996 0.3639 0.02869999 0.3639 0.02779996 0.3498 0.02689999 0.3639 0.02679997 0.3498 0.02879995 0.3357 0.02789998 0.3498 0.02789998 0.3357 0.02789998 0.3498 0.02689999 0.3498 0.02789998 0.3357 0.02879995 0.3216 0.02779996 0.3357 0.02789998 0.3216 0.02779996 0.3357 0.02689999 0.3357 0.02789998 0.3216 0.02869999 0.3075 0.02769994 0.3216 0.02779996 0.3075 0.02769994 0.3216 0.02679997 0.3216 0.02779996 0.3075 0.02859997 0.2934 0.02749997 0.3075 0.02769994 0.2934 0.02749997 0.3075 0.02669996 0.3075 0.02769994 0.2792 0.0284 0.2934 0.02749997 0.2934 0.02849996 0.2934 0.02749997 0.2792 0.02639997 0.2934 0.0266 0.265 0.02819997 0.2792 0.02739995 0.2792 0.0284 0.2792 0.02739995 0.265 0.02629995 0.2792 0.02639997 0.265 0.02819997 0.2508 0.02719998 0.265 0.0273 0.2508 0.02719998 0.265 0.02629995 0.265 0.0273 0.2508 0.02809995 0.2365 0.02709996 0.2508 0.02719998 0.2365 0.02709996 0.2508 0.02619999 0.2508 0.02719998 0.2366 0.02199995 0.2222999 0.02609997 0.2222999 0.02189999 0.2224 0.01639997 0.2366 0.02199995 0.2222999 0.02189999 0.2081 0.01639997 0.2222999 0.02189999 0.2081 0.02189999 0.2081 0.01639997 0.1938 0.02189999 0.1938 0.01639997 0.1795 0.01639997 0.1938 0.02189999 0.1795 0.02189999 0.1795 0.01639997 0.1653 0.02189999 0.1653 0.01649999 0.1653 0.01649999 0.1511 0.02189999 0.1511 0.01649999 0.1369 0.01649999 0.1511 0.02189999 0.1369 0.02199995 0.1369 0.01649999 0.1227 0.02189999 0.1227 0.01649999 0.1086 0.01639997 0.1227 0.02189999 0.1086 0.02179998 0.1086 0.01639997 0.0945 0.02159994 0.09459996 0.0162 0.08059996 0.01589995 0.0945 0.02159994 0.08039999 0.02129995 0.06659996 0.01529997 0.08039999 0.02129995 0.06639999 0.02069997 0.06659996 0.01529997 0.05229997 0.01989996 0.05269998 0.01449996 0.03889995 0.01319998 0.05229997 0.01989996 0.03829997 0.01859998 0.03889995 0.01319998 0.02419996 0.01669996 0.02519994 0.01139998 0.02519994 0.01139998 0.01009994 0.01369994 0.01159995 0.008399963 0.4614 0.008399963 0.4485 0.0169 0.4475 0.0115 0.4336 0.01359999 0.4485 0.0169 0.4342 0.01899999 0.4196 0.0151 0.4342 0.01899999 0.42 0.02039998 0.4056 0.01599997 0.42 0.02039998 0.4059 0.02139997 0.4056 0.01599997 0.3919 0.02209997 0.3917 0.01669996 0.3778 0.01709997 0.3919 0.02209997 0.3779 0.02249997 0.3638 0.01729995 0.3779 0.02249997 0.3639 0.02269995 0.3498 0.01739996 0.3639 0.02269995 0.3498 0.02279996 0.3498 0.01739996 0.3358 0.02279996 0.3358 0.01739996 0.3358 0.01739996 0.3217 0.02269995 0.3217 0.01729995 0.3217 0.01729995 0.3076 0.02259999 0.3076 0.01719999 0.2935 0.01699995 0.3076 0.02259999 0.2934 0.02239996 0.2935 0.01699995 0.2793 0.0223 0.2793 0.0169 0.2793 0.0169 0.2651 0.02219998 0.2651 0.01669996 0.2651 0.01669996 0.2508 0.02199995 0.2509 0.01659995 0.2366 0.01649999 0.2508 0.02199995 0.2366 0.02199995 0.2965 0.4546 0.3088 0.4504 0.3071 0.4572 0.2979 0.448 0.3103 0.4441 0.3088 0.4504 0.05439996 0.5025 0.0327 0.5026 0.04859995 0.4933 0.04859995 0.4933 0.02709996 0.4928 0.04389995 0.4843 0.1613 0.4562 0.1486999 0.452 0.1597999 0.4494 0.1486999 0.452 0.1585 0.4431 0.1597999 0.4494 0.2652 0.4497 0.2554 0.4422 0.2659 0.4431 0.2554 0.4422 0.2665 0.437 0.2659 0.4431 0.3625 0.4785 0.3543 0.4655 0.3664 0.4709 0.3543 0.4655 0.3698 0.4638 0.3664 0.4709 0.1052 0.4746 0.1141 0.4624 0.1169 0.4698 0.1141 0.4624 0.09929996 0.4599 0.1118 0.4556 0.2138 0.4486 0.2029 0.4429 0.2134 0.4421 0.2029 0.4429 0.2131 0.4361 0.2134 0.4421 0.3071 0.4572 0.3198 0.4533 0.3178 0.4601 0.3198 0.4533 0.3103 0.4441 0.3216 0.4469 0.05439996 0.5025 0.06309998 0.4852 0.0679 0.4938 0.06309998 0.4852 0.04389995 0.4843 0.05899995 0.4771 0.1613 0.4562 0.1708 0.4472 0.172 0.454 0.1597999 0.4494 0.1697 0.441 0.1708 0.4472 0.2756 0.4509 0.2659 0.4431 0.2765 0.4444 0.2765 0.4444 0.2665 0.437 0.2773 0.4383 0.3743 0.4853 0.3664 0.4709 0.379 0.4775 0.3664 0.4709 0.383 0.4701 0.379 0.4775 0.1169 0.4698 0.1259 0.4585 0.1283 0.4656 0.1259 0.4585 0.1118 0.4556 0.1238999 0.4518 0.2344 0.4479 0.2239 0.4416 0.2344 0.4415 0.2239 0.4416 0.2344 0.4355 0.2344 0.4415 0.2138 0.4486 0.2239 0.4416 0.2240999 0.4481 0.2134 0.4421 0.2238 0.4356 0.2239 0.4416 0.3178 0.4601 0.331 0.4567 0.3286 0.4636 0.331 0.4567 0.3216 0.4469 0.3331 0.4502 0.0679 0.4938 0.07659995 0.4783 0.08079999 0.4864 0.07659995 0.4783 0.05899995 0.4771 0.07309997 0.4706 0.1826 0.4521 0.1708 0.4472 0.1816 0.4454 0.1816 0.4454 0.1697 0.441 0.1807 0.4393 0.2756 0.4509 0.2871 0.446 0.286 0.4526 0.2871 0.446 0.2773 0.4383 0.2882 0.4398 0.3864 0.4935 0.379 0.4775 0.3921 0.4854 0.3921 0.4854 0.383 0.4701 0.3969 0.4774 0.1395 0.462 0.1259 0.4585 0.1374 0.455 0.1374 0.455 0.1238999 0.4518 0.1356 0.4484 0.2445999 0.4482 0.2344 0.4415 0.2449 0.4417 0.2344 0.4415 0.2451 0.4357 0.2449 0.4417 0.3397 0.4679 0.331 0.4567 0.3425 0.4607 0.331 0.4567 0.3449 0.454 0.3425 0.4607 0.08079999 0.4864 0.08959996 0.4723 0.09319996 0.4801 0.08959996 0.4723 0.07309997 0.4706 0.08649998 0.4649 0.1931 0.4506 0.1816 0.4454 0.1923 0.444 0.1816 0.4454 0.1916 0.4379 0.1923 0.444 0.2965 0.4546 0.2871 0.446 0.2979 0.448 0.2979 0.448 0.2882 0.4398 0.2991 0.4418 0.3864 0.4935 0.4061 0.495 0.399 0.5036 0.4061 0.495 0.3969 0.4774 0.4121 0.4863 0.1395 0.462 0.1486999 0.452 0.1504999 0.4589 0.1374 0.455 0.1472 0.4456 0.1486999 0.452 0.2445999 0.4482 0.2554 0.4422 0.2549 0.4487 0.2554 0.4422 0.2451 0.4357 0.2557 0.4362 0.3397 0.4679 0.3543 0.4655 0.351 0.4727 0.3425 0.4607 0.3572 0.4585 0.3543 0.4655 0.09319996 0.4801 0.1021 0.467 0.1052 0.4746 0.1021 0.467 0.08649998 0.4649 0.09929996 0.4599 0.2035 0.4494 0.1923 0.444 0.2029 0.4429 0.1923 0.444 0.2024 0.4368 0.2029 0.4429 0.2018 0.4306 0.2131 0.4361 0.2024 0.4368 0.1646 0.5436 0.1748 0.5464 0.1685 0.55 0.2949 0.5371 0.2974 0.5464 0.2918 0.5431 0.1781 0.5366 0.1748 0.5464 0.1712999 0.5399 0.301 0.5406 0.3028 0.5501 0.2974 0.5464 0.185 0.5338 0.1811 0.5433 0.1781 0.5366 0.3126 0.5491 0.3028 0.5501 0.3069 0.5446 0.185 0.5338 0.1942 0.5381 0.1876 0.5405 0.3181 0.5542 0.3079 0.5544 0.3126 0.5491 0.2344 0.524 0.2278 0.5313 0.2273 0.5244 0.192 0.5313 0.2009 0.5361 0.1942 0.5381 0.3234 0.5601 0.3128 0.5593 0.3181 0.5542 0.2414 0.524 0.2346 0.5309 0.2344 0.524 0.206 0.5275 0.2009 0.5361 0.199 0.5292 0.3289 0.567 0.3173 0.5649 0.3234 0.5601 0.2414 0.524 0.2479 0.5312 0.2413 0.5309 0.206 0.5275 0.2143 0.533 0.2075999 0.5344 0.1218 0.5852 0.1353999 0.582 0.131 0.59 0.2484 0.5244 0.2545 0.5318 0.2479 0.5312 0.2202 0.5251 0.2143 0.533 0.2131 0.5261 0.1278 0.5768 0.1402 0.575 0.1353999 0.582 0.2622 0.5261 0.2545 0.5318 0.2553 0.525 0.2273 0.5244 0.2211 0.532 0.2202 0.5251 0.1395 0.5633 0.1402 0.575 0.1335999 0.5696 0.269 0.5275 0.2611 0.5328 0.2622 0.5261 0.1395 0.5633 0.1508 0.5633 0.1454 0.5688 0.269 0.5275 0.2738 0.5357 0.2675 0.5341 0.1517 0.5523 0.1508 0.5633 0.1455 0.5576 0.2823 0.5315 0.2738 0.5357 0.2757 0.5293 0.1581 0.5477 0.1565 0.5584 0.1517 0.5523 0.2823 0.5315 0.286 0.5402 0.2799 0.5378 0.1581 0.5477 0.1685 0.55 0.1624 0.554 0.2949 0.5371 0.286 0.5402 0.2887 0.5341 0.7518 0.5599 0.7273 0.5482 0.7494 0.5468 0.7273 0.5482 0.7494 0.5334 0.7494 0.5468 0.7467 0.5971 0.7569 0.5724 0.7642 0.5836 0.7591 0.6097 0.7642 0.5836 0.7735 0.5932 0.7846 0.6007 0.7591 0.6097 0.7735 0.5932 0.7969 0.6059 0.7738 0.6198 0.7846 0.6007 0.81 0.6086 0.7901 0.6267 0.7969 0.6059 0.8233 0.6087 0.8073 0.6302 0.81 0.6086 0.8364 0.6063 0.8248 0.6305 0.8233 0.6087 0.8584 0.6208 0.8364 0.6063 0.8488 0.6013 0.8732 0.6114 0.8488 0.6013 0.8599 0.5941 0.8858 0.5993 0.8599 0.5941 0.8695 0.5848 0.896 0.5848 0.8695 0.5848 0.8772 0.5738 0.9033 0.5687 0.8772 0.5738 0.8825 0.5615 0.8853 0.5484 0.9033 0.5687 0.8825 0.5615 0.8855 0.535 0.9071 0.5514 0.8853 0.5484 0.9044 0.5162 0.8855 0.535 0.8831 0.5218 0.8782 0.5093 0.9044 0.5162 0.8831 0.5218 0.8708 0.4981 0.8981 0.4997 0.8782 0.5093 0.8761 0.4718 0.8708 0.4981 0.8615 0.4884 0.8613 0.4616 0.8615 0.4884 0.8503 0.4809 0.8379 0.4756 0.8613 0.4616 0.8503 0.4809 0.8248 0.4728 0.8448 0.4546 0.8379 0.4756 0.8099 0.451 0.8248 0.4728 0.8115 0.4728 0.7927 0.4541 0.8115 0.4728 0.7983 0.4752 0.7859 0.4802 0.7927 0.4541 0.7983 0.4752 0.7613 0.47 0.7859 0.4802 0.7747 0.4874 0.7485 0.4824 0.7747 0.4874 0.7651 0.4969 0.7575 0.5079 0.7485 0.4824 0.7651 0.4969 0.7522 0.5203 0.7384 0.4969 0.7575 0.5079 0.7494 0.5334 0.7314 0.5132 0.7522 0.5203 0.7372 0.5822 0.7518 0.5599 0.7569 0.5724 0.3076 0.01719999 0.2509 0.01659995 0.02519994 0.01139998 0.2659 0.8894 0.2657 0.9209 0.2658 0.9523 0.8469 0.8355 0.8469 0.8313 0.9763 0.8313 0.8469 0.8313 0.8469 0.8271 0.9763 0.8271 0.8469 0.8271 0.8469 0.823 0.9763 0.823 0.8469 0.823 0.8469 0.8188 0.9763 0.8188 0.8469 0.8188 0.8469 0.8146 0.9763 0.8146 0.8469 0.8146 0.8469 0.8104 0.9763 0.8104 0.8469 0.8104 0.8469 0.8062 0.9763 0.8062 0.8469 0.8062 0.8469 0.802 0.9763 0.802 0.8469 0.802 0.8469 0.7978 0.9763 0.7978 0.8469 0.7978 0.8469 0.7936 0.9763 0.7936 0.8469 0.7936 0.8469 0.7894 0.9763 0.7894 0.8469 0.7894 0.8469 0.7852 0.9763 0.7852 0.8469 0.7852 0.8469 0.781 0.9763 0.781 0.8469 0.781 0.8469 0.7768 0.9763 0.7768 0.8469 0.7768 0.8469 0.7726 0.9763 0.7726 0.8469 0.7726 0.8469 0.7684 0.9763 0.7684 0.8469 0.9027 0.8469 0.8985 0.9763 0.8985 0.8469 0.8985 0.8469 0.8943 0.9763 0.8943 0.8469 0.8943 0.8469 0.8901 0.9763 0.8901 0.8469 0.8901 0.8469 0.8859 0.9763 0.8859 0.8469 0.8859 0.8469 0.8817 0.9763 0.8817 0.8469 0.8817 0.8469 0.8775 0.9763 0.8775 0.8469 0.8775 0.8469 0.8733 0.9763 0.8733 0.8469 0.8733 0.8469 0.8691 0.9763 0.8691 0.8469 0.8691 0.8469 0.8649 0.9763 0.8649 0.8469 0.8649 0.8469 0.8607 0.9763 0.8607 0.8469 0.8607 0.8469 0.8565 0.9763 0.8565 0.8469 0.8565 0.8469 0.8523 0.9763 0.8523 0.8469 0.8523 0.8469 0.8481 0.9763 0.8481 0.8469 0.8481 0.8469 0.8439 0.9763 0.8439 0.8469 0.8397 0.8469 0.8355 0.9763 0.8355 0.8469 0.8439 0.8469 0.8397 0.9763 0.8397 0.485 0.4478 0.485 0.452 0.4842 0.4561 0.4842 0.4561 0.4826 0.46 0.485 0.4478 0.4826 0.46 0.4803 0.4635 0.485 0.4478 0.4803 0.4635 0.4773 0.4664 0.4658 0.4712 0.4773 0.4664 0.4738 0.4688 0.4658 0.4712 0.4738 0.4688 0.4699 0.4704 0.4658 0.4712 0.4658 0.4712 0.4616 0.4712 0.4575 0.4704 0.4575 0.4704 0.4536 0.4688 0.4501 0.4664 0.4501 0.4664 0.4472 0.4635 0.4424 0.452 0.4472 0.4635 0.4448 0.46 0.4424 0.452 0.4448 0.46 0.4432 0.4561 0.4424 0.452 0.4424 0.452 0.4424 0.4478 0.4472 0.4363 0.4424 0.4478 0.4432 0.4436 0.4472 0.4363 0.4432 0.4436 0.4448 0.4398 0.4472 0.4363 0.4472 0.4363 0.4501 0.4333 0.4616 0.4285 0.4501 0.4333 0.4536 0.431 0.4616 0.4285 0.4536 0.431 0.4575 0.4294 0.4616 0.4285 0.4616 0.4285 0.4658 0.4285 0.4699 0.4294 0.4699 0.4294 0.4738 0.431 0.4773 0.4333 0.4773 0.4333 0.4803 0.4363 0.4826 0.4398 0.4826 0.4398 0.4842 0.4436 0.485 0.4478 0.4658 0.4712 0.4575 0.4704 0.4424 0.452 0.4575 0.4704 0.4501 0.4664 0.4424 0.452 0.4616 0.4285 0.4699 0.4294 0.4773 0.4333 0.4773 0.4333 0.4826 0.4398 0.4616 0.4285 0.4826 0.4398 0.485 0.4478 0.4616 0.4285 0.485 0.4478 0.4803 0.4635 0.4658 0.4712 0.4424 0.452 0.4472 0.4363 0.4616 0.4285 0.485 0.4478 0.4658 0.4712 0.4616 0.4285 0.6298 0.6148 0.6367 0.5899 0.6819 0.6256 0.5899 0.757 0.5826 0.7222 0.5965 0.7084 0.5271 0.7446 0.5455 0.7116 0.5826 0.7222 0.4917 0.7209 0.5351 0.6809 0.5376 0.6958 0.5965 0.7084 0.5826 0.7222 0.5455 0.7116 0.7158 0.09489995 0.7023 0.06079995 0.7219 0.06709998 0.5636 0.5133 0.5904 0.4546 0.6461 0.4674 0.5435 0.5974 0.4642 0.6352 0.4908 0.5863 0.5435 0.5974 0.5471 0.5718 0.6367 0.5899 0.8702 0.0909 0.9036 0.1324999 0.8721 0.1358 0.66 0.4397 0.6427 0.4488 0.6385 0.4353 0.9555 0.1378 0.9948 0.2143 0.9528 0.2158 0.6453 0.5305 0.6461 0.4674 0.6755 0.4726 0.5636 0.5133 0.5164 0.5154 0.5612 0.4459 0.64 0.4279 0.6385 0.4353 0.6122 0.428 0.5911 0.4223 0.6139 0.42 0.6122 0.428 0.6023 0.4391 0.6122 0.428 0.6385 0.4353 0.7388 0.1263999 0.7587 0.1093 0.7992 0.1493 0.5471 0.5718 0.4908 0.5863 0.5164 0.5154 0.6367 0.5899 0.6453 0.5305 0.6865 0.5517 0.8318 0.2108 0.8318 0.1755 0.8551 0.2157 0.5471 0.5718 0.5636 0.5133 0.6453 0.5305 0.9036 0.1324999 0.9555 0.1378 0.9092 0.1533 0.5351 0.6809 0.5435 0.5974 0.6298 0.6148 0.5351 0.6809 0.4917 0.7209 0.4642 0.6352 0.6047 0.6951 0.6298 0.6148 0.6866 0.6808 0.8172 0.046 0.8702 0.0909 0.8424 0.1048 0.5904 0.4546 0.6023 0.4391 0.6427 0.4488 0.5904 0.4546 0.5612 0.4459 0.5911 0.4223 0.6461 0.4674 0.6427 0.4488 0.66 0.4397 0.8419 0.2629 0.8551 0.2157 0.9169 0.251 0.6047 0.6951 0.5965 0.7084 0.5376 0.6958 0.5271 0.7446 0.5038 0.7437 0.5376 0.6958 0.6282 0.7479 0.6089 0.7636 0.5965 0.7084 0.5917 0.7658 0.5899 0.757 0.6089 0.7636 0.5209 0.7536 0.5271 0.7446 0.5899 0.757 0.4978 0.7459 0.4842 0.7191 0.4917 0.7209 0.6356 0.7492 0.6282 0.7479 0.6866 0.6808 0.4585 0.6335 0.485 0.5835 0.4908 0.5863 0.6817 0.4746 0.6925 0.5531 0.6865 0.5517 0.5102 0.5142 0.5164 0.5154 0.4908 0.5863 0.643 0.4248 0.64 0.4279 0.6139 0.42 0.6659 0.4395 0.6817 0.4746 0.6755 0.4726 0.6129 0.4168 0.6139 0.42 0.5911 0.4223 0.6925 0.5531 0.6882 0.6254 0.6819 0.6256 0.5545 0.445 0.5612 0.4459 0.5164 0.5154 0.6925 0.6814 0.6866 0.6808 0.6819 0.6256 0.4842 0.7191 0.4585 0.6335 0.4642 0.6352 0.643 0.4248 0.6659 0.4395 0.66 0.4397 0.5856 0.4194 0.5911 0.4223 0.5612 0.4459 0.6133 0.7677 0.6089 0.7636 0.6282 0.7479 0.5209 0.7536 0.4978 0.7459 0.5038 0.7437 0.9299 0.2645 0.9169 0.251 0.9528 0.2158 0.8551 0.2157 0.8318 0.1755 0.8721 0.1358 0.7992 0.1493 0.7587 0.1093 0.8011 0.06619995 0.7388 0.08779996 0.7219 0.06709998 0.7587 0.03249996 0.8318 0.1755 0.7992 0.1493 0.8424 0.1048 0.9169 0.251 0.8551 0.2157 0.9092 0.1533 0.7587 0.1093 0.7388 0.08779996 0.7793 0.04719996 0.944 0.2655 0.9299 0.2645 0.9654 0.2263 0.7501 0.01169997 0.7587 0.03249996 0.7219 0.06709998 0.9583 0.3094 0.9373 0.3157 0.9299 0.2645 0.8172 0.046 0.8011 0.06619995 0.7793 0.04719996 0.7388 0.1263999 0.7158 0.09489995 0.7388 0.08779996 0.9583 0.3094 0.944 0.2655 0.9697 0.244 0.9204 0.2959 0.9169 0.251 0.9299 0.2645 0.7856 0.02449995 0.7793 0.04719996 0.7587 0.03249996 0.9948 0.2143 1.0152 0.2284 0.9654 0.2263 1.0114 0.2488 0.9697 0.244 0.9654 0.2263 0.7865 0.1777999 0.7992 0.1493 0.8318 0.1755 0.6316 0.2666 0.6385 0.2427999 0.676 0.2713 0.6027 0.4162 0.5856 0.3691 0.596 0.3558 0.4938 0.3917 0.5329 0.3514 0.5856 0.3691 0.4793 0.3464 0.5293 0.3211 0.5297 0.3369 0.596 0.3558 0.5856 0.3691 0.5329 0.3514 0.5054 0.8954 0.4666 0.8854 0.4874 0.8725 0.5645 0.1626999 0.5847 0.0981 0.6677 0.1217 0.5427 0.2431 0.4585 0.2551 0.5013 0.2245 0.5427 0.2431 0.5486 0.2188 0.6385 0.2427999 0.6173 0.7836 0.6744 0.7883 0.6495 0.8141 0.6972 0.09619998 0.6716 0.09639996 0.6753 0.07179999 0.7166 0.7735 0.7956 0.7863 0.7629 0.8227 0.6526 0.1870999 0.6677 0.1217 0.6948 0.1377 0.5645 0.1626999 0.5219 0.1671 0.5527 0.09799998 0.6881 0.05419999 0.6753 0.07179999 0.604 0.04949998 0.5724 0.06029999 0.6016 0.03009998 0.604 0.04949998 0.5947 0.074 0.604 0.04949998 0.6753 0.07179999 0.5423 0.902 0.5453 0.8764 0.6023 0.8795 0.5486 0.2188 0.5013 0.2245 0.5219 0.1671 0.6385 0.2427999 0.6526 0.1870999 0.6869 0.2118999 0.6702 0.909 0.6444 0.8795 0.6898 0.8944 0.5486 0.2188 0.5645 0.1626999 0.6526 0.1870999 0.6744 0.7883 0.7166 0.7735 0.6911 0.8038 0.5293 0.3211 0.5427 0.2431 0.6316 0.2666 0.5293 0.3211 0.4793 0.3464 0.4585 0.2551 0.6042 0.3418 0.6316 0.2666 0.6972 0.3189 0.5489 0.7835 0.6173 0.7836 0.6062 0.8116 0.5847 0.0981 0.5947 0.074 0.6716 0.09639996 0.5847 0.0981 0.5527 0.09799998 0.5724 0.06029999 0.6677 0.1217 0.6716 0.09639996 0.6972 0.09619998 0.7123 0.9272 0.6898 0.8944 0.7584 0.8806 0.6042 0.3418 0.596 0.3558 0.5297 0.3369 0.4938 0.3917 0.4718 0.3754 0.5297 0.3369 0.6345 0.3862 0.6278 0.4127 0.596 0.3558 0.8388 0.9102 0.8463 0.9158 0.8204 0.9262 0.838 0.7977 0.8463 0.7922 0.8463 0.9158 0.8167 0.7858 0.7956 0.7863 0.7997 0.7809 0.7938 0.9203 0.7978 0.9261 0.7125 0.9325 0.7166 0.7735 0.6744 0.7883 0.6738 0.7822 0.5423 0.902 0.6107 0.9082 0.6091 0.9138 0.6173 0.7836 0.6161 0.778 0.6738 0.7822 0.4666 0.8854 0.4585 0.8903 0.4624 0.7878 0.5054 0.8954 0.5423 0.902 0.5381 0.9071 0.4696 0.7934 0.4624 0.7878 0.5062 0.7813 0.6107 0.9082 0.6702 0.909 0.669 0.9152 0.5489 0.7835 0.5452 0.778 0.6161 0.778 0.7123 0.9272 0.7125 0.9325 0.669 0.9152 0.7956 0.7863 0.7166 0.7735 0.7172 0.7684 0.4666 0.8854 0.5054 0.8954 0.5 0.9001 0.5114 0.7866 0.5062 0.7813 0.5452 0.778 0.8162 0.9215 0.8204 0.9262 0.7978 0.9261 0.838 0.7977 0.8167 0.7858 0.8208 0.7814 0.7786 0.8832 0.7584 0.8806 0.7629 0.8227 0.6898 0.8944 0.6444 0.8795 0.6495 0.8141 0.6023 0.8795 0.5453 0.8764 0.5493 0.8091 0.5158 0.8743 0.4874 0.8725 0.4929 0.8085 0.6444 0.8795 0.6023 0.8795 0.6062 0.8116 0.7584 0.8806 0.6898 0.8944 0.6911 0.8038 0.5453 0.8764 0.5158 0.8743 0.5199 0.8083 0.7906 0.8754 0.7786 0.8832 0.7804 0.8211 0.4666 0.8854 0.4696 0.7934 0.4929 0.8085 0.8388 0.9102 0.8162 0.9215 0.7786 0.8832 0.5489 0.7835 0.5493 0.8091 0.5199 0.8083 0.5423 0.902 0.5054 0.8954 0.5158 0.8743 0.8388 0.9102 0.7906 0.8754 0.7972 0.8312 0.7938 0.9203 0.7584 0.8806 0.7786 0.8832 0.5114 0.7866 0.5199 0.8083 0.4929 0.8085 0.7956 0.7863 0.8167 0.7858 0.7804 0.8211 0.838 0.7977 0.7972 0.8312 0.7804 0.8211 0.6107 0.9082 0.6023 0.8795 0.6444 0.8795 0.1296 0.7468 0.1297 0.7389 0.1357 0.7393 0.1357 0.7393 0.1414 0.7398 0.1413 0.7461 0.1413 0.7461 0.1414 0.7398 0.147 0.7402 0.1468999 0.7458 0.147 0.7402 0.1525 0.7406 0.1525 0.7406 0.1579 0.7411 0.1579 0.7453 0.1579 0.7453 0.1579 0.7411 0.1629 0.7414 0.05489999 0.7336 0.07589995 0.7349 0.07539999 0.7496 0.07539999 0.7496 0.07589995 0.7349 0.09249997 0.736 0.09249997 0.736 0.1053 0.737 0.1051 0.748 0.1053 0.737 0.115 0.7377 0.1149 0.7475 0.1149 0.7475 0.115 0.7377 0.123 0.7383 0.1296 0.7468 0.123 0.7471 0.123 0.7383 0.1297 0.7389 0.1308 0.731 0.1367 0.7323 0.1357 0.7393 0.1367 0.7323 0.1423 0.7335 0.1423 0.7335 0.1478 0.7346 0.147 0.7402 0.147 0.7402 0.1478 0.7346 0.1533 0.7358 0.1525 0.7406 0.1533 0.7358 0.1586 0.7369 0.1579 0.7411 0.1586 0.7369 0.1633999 0.7379 0.05669999 0.7162 0.0776 0.7201 0.07589995 0.7349 0.0776 0.7201 0.09389996 0.7234 0.09249997 0.736 0.09389996 0.7234 0.1069 0.726 0.1053 0.737 0.1053 0.737 0.1069 0.726 0.1166 0.728 0.1166 0.728 0.1242 0.7296 0.123 0.7383 0.1242 0.7296 0.1308 0.731 0.1297 0.7389 0.133 0.7234 0.1387 0.7254 0.1367 0.7323 0.1367 0.7323 0.1387 0.7254 0.1441 0.7273 0.1441 0.7273 0.1493 0.7292 0.1478 0.7346 0.1493 0.7292 0.1546 0.7311 0.1533 0.7358 0.1546 0.7311 0.1597 0.7329 0.1586 0.7369 0.1586 0.7369 0.1597 0.7329 0.1644 0.7345 0.06079995 0.6988 0.08139997 0.7055 0.0776 0.7201 0.0776 0.7201 0.08139997 0.7055 0.0974 0.7111 0.09389996 0.7234 0.0974 0.7111 0.1097 0.7152 0.1069 0.726 0.1097 0.7152 0.1191 0.7185 0.1191 0.7185 0.1267 0.7212 0.1242 0.7296 0.1242 0.7296 0.1267 0.7212 0.133 0.7234 0.1360999 0.7161 0.1414999 0.7189 0.1387 0.7254 0.1387 0.7254 0.1414999 0.7189 0.1466 0.7215 0.1441 0.7273 0.1466 0.7215 0.1516 0.724 0.1516 0.724 0.1565 0.7266 0.1546 0.7311 0.1565 0.7266 0.1614 0.729 0.1597 0.7329 0.1597 0.7329 0.1614 0.729 0.1658 0.7313 0.0672 0.6816 0.08719998 0.6915 0.08139997 0.7055 0.08139997 0.7055 0.08719998 0.6915 0.1024 0.6992 0.0974 0.7111 0.1024 0.6992 0.1139 0.7049 0.1139 0.7049 0.1231 0.7095 0.1191 0.7185 0.1231 0.7095 0.1301 0.7131 0.1267 0.7212 0.1267 0.7212 0.1301 0.7131 0.1360999 0.7161 0.1402 0.7093 0.1452 0.7128 0.1414999 0.7189 0.1414999 0.7189 0.1452 0.7128 0.1498 0.716 0.1466 0.7215 0.1498 0.716 0.1545 0.7192 0.1545 0.7192 0.159 0.7223 0.1565 0.7266 0.1565 0.7266 0.159 0.7223 0.1635 0.7254 0.1635 0.7254 0.1676 0.7282 0.1658 0.7313 0.0672 0.6816 0.0769 0.6659 0.09489995 0.6783 0.09489995 0.6783 0.109 0.6881 0.1024 0.6992 0.1024 0.6992 0.109 0.6881 0.1197 0.6953 0.1197 0.6953 0.1279 0.7009 0.1231 0.7095 0.1279 0.7009 0.1346 0.7055 0.1301 0.7131 0.1301 0.7131 0.1346 0.7055 0.1402 0.7093 0.1450999 0.7031 0.1496 0.7072 0.1452 0.7128 0.1496 0.7072 0.1538 0.711 0.1498 0.716 0.1538 0.711 0.158 0.7147 0.1545 0.7192 0.158 0.7147 0.1621 0.7185 0.159 0.7223 0.159 0.7223 0.1621 0.7185 0.1661 0.7221 0.1661 0.7221 0.1698 0.7255 0.1676 0.7282 0.0769 0.6659 0.08829998 0.652 0.1042 0.6663 0.1042 0.6663 0.1172 0.6781 0.109 0.6881 0.109 0.6881 0.1172 0.6781 0.1266 0.6865 0.1197 0.6953 0.1266 0.6865 0.1341 0.6932 0.1279 0.7009 0.1341 0.6932 0.14 0.6986 0.1346 0.7055 0.14 0.6986 0.1450999 0.7031 0.1450999 0.7031 0.1508 0.6976 0.1547 0.7021 0.1496 0.7072 0.1547 0.7021 0.1583999 0.7065 0.1538 0.711 0.1583999 0.7065 0.162 0.7108 0.158 0.7147 0.162 0.7108 0.1656 0.7151 0.1656 0.7151 0.1691 0.7192 0.1661 0.7221 0.1661 0.7221 0.1691 0.7192 0.1723999 0.723 0.1012 0.6398 0.1148 0.6556 0.1042 0.6663 0.1042 0.6663 0.1148 0.6556 0.1263 0.669 0.1263 0.669 0.1347 0.6789 0.1266 0.6865 0.1347 0.6789 0.1412 0.6863 0.1341 0.6932 0.1412 0.6863 0.1463 0.6923 0.14 0.6986 0.1463 0.6923 0.1508 0.6976 0.1450999 0.7031 0.1508 0.6976 0.1571 0.6928 0.1604 0.6979 0.1604 0.6979 0.1635 0.7027 0.1583999 0.7065 0.1635 0.7027 0.1666 0.7074 0.162 0.7108 0.162 0.7108 0.1666 0.7074 0.1696 0.7121 0.1656 0.7151 0.1696 0.7121 0.1725 0.7167 0.1691 0.7192 0.1725 0.7167 0.1752 0.7209 0.1152 0.6288 0.127 0.6467 0.1148 0.6556 0.127 0.6467 0.1365 0.6611 0.1263 0.669 0.1365 0.6611 0.1435 0.6719 0.1347 0.6789 0.1347 0.6789 0.1435 0.6719 0.1491 0.6805 0.1412 0.6863 0.1491 0.6805 0.1534 0.6871 0.1534 0.6871 0.1571 0.6928 0.1508 0.6976 0.164 0.6889 0.1667 0.6944 0.1604 0.6979 0.1667 0.6944 0.1691 0.6996 0.1635 0.7027 0.1691 0.6996 0.1715 0.7047 0.1666 0.7074 0.1715 0.7047 0.1739 0.7097 0.1696 0.7121 0.1696 0.7121 0.1739 0.7097 0.1762 0.7147 0.1762 0.7147 0.1784 0.7192 0.1752 0.7209 0.1152 0.6288 0.1308 0.6197 0.1403 0.6393 0.1403 0.6393 0.1478 0.6546 0.1365 0.6611 0.1365 0.6611 0.1478 0.6546 0.1534 0.6665 0.1435 0.6719 0.1534 0.6665 0.1577 0.6755 0.1491 0.6805 0.1577 0.6755 0.1612 0.6828 0.1534 0.6871 0.1612 0.6828 0.164 0.6889 0.164 0.6889 0.1715 0.686 0.1733 0.6918 0.1733 0.6918 0.1751 0.6972 0.1691 0.6996 0.1691 0.6996 0.1751 0.6972 0.1768 0.7026 0.1715 0.7047 0.1768 0.7026 0.1784999 0.7079 0.1739 0.7097 0.1784999 0.7079 0.1802 0.7132 0.1802 0.7132 0.1817 0.7179 0.1784 0.7192 0.1308 0.6197 0.1477 0.6125 0.1546 0.6339 0.1546 0.6339 0.1597 0.6496 0.1478 0.6546 0.1597 0.6496 0.1639 0.6625 0.1534 0.6665 0.1639 0.6625 0.1669 0.6717 0.1577 0.6755 0.1577 0.6755 0.1669 0.6717 0.1694 0.6796 0.1694 0.6796 0.1715 0.686 0.164 0.6889 0.1791999 0.684 0.1802999 0.69 0.1733 0.6918 0.1802999 0.69 0.1813 0.6957 0.1751 0.6972 0.1751 0.6972 0.1813 0.6957 0.1823 0.7012 0.1823 0.7012 0.1833 0.7067 0.1784999 0.7079 0.1833 0.7067 0.1843 0.7121 0.1802 0.7132 0.1802 0.7132 0.1843 0.7121 0.1851 0.7171 0.1655 0.6085 0.1693 0.6298 0.1546 0.6339 0.1546 0.6339 0.1693 0.6298 0.1723 0.6467 0.1597 0.6496 0.1723 0.6467 0.1748 0.6596 0.1748 0.6596 0.1765 0.6694 0.1669 0.6717 0.1669 0.6717 0.1765 0.6694 0.178 0.6773 0.1694 0.6796 0.178 0.6773 0.1791999 0.684 0.1870999 0.6832 0.1874 0.6892 0.1802999 0.69 0.1802999 0.69 0.1874 0.6892 0.1877 0.695 0.1877 0.695 0.188 0.7006 0.1823 0.7012 0.188 0.7006 0.1881999 0.7062 0.1833 0.7067 0.1833 0.7067 0.1881999 0.7062 0.1885 0.7116 0.1885 0.7116 0.1887 0.7167 0.1851 0.7171 0.1655 0.6085 0.1834 0.6069 0.1844 0.6278 0.1844 0.6278 0.1852999 0.6456 0.1723 0.6467 0.1723 0.6467 0.1852999 0.6456 0.1859 0.6582 0.1748 0.6596 0.1859 0.6582 0.1863999 0.6684 0.1863999 0.6684 0.1868 0.6762 0.178 0.6773 0.178 0.6773 0.1868 0.6762 0.1870999 0.6832 0.1951 0.6833 0.1946 0.6893 0.1874 0.6892 0.1874 0.6892 0.1946 0.6893 0.1941 0.6951 0.1877 0.695 0.1941 0.6951 0.1937 0.7007 0.1937 0.7007 0.1932 0.7063 0.1881999 0.7062 0.1881999 0.7062 0.1932 0.7063 0.1927 0.7117 0.1927 0.7117 0.1923 0.7168 0.1887 0.7167 0.1834 0.6069 0.2012 0.6069 0.1995 0.6282 0.1995 0.6282 0.1982 0.6455 0.1852999 0.6456 0.1852999 0.6456 0.1982 0.6455 0.1971 0.6583 0.1971 0.6583 0.1963 0.6685 0.1863999 0.6684 0.1963 0.6685 0.1957 0.6765 0.1868 0.6762 0.1868 0.6762 0.1957 0.6765 0.1951 0.6833 0.1951 0.6833 0.203 0.6844 0.2017 0.6904 0.1946 0.6893 0.2017 0.6904 0.2005 0.696 0.1941 0.6951 0.2005 0.696 0.1993 0.7015 0.1993 0.7015 0.1981 0.707 0.1932 0.7063 0.1932 0.7063 0.1981 0.707 0.1969 0.7124 0.1969 0.7124 0.1958 0.7173 0.1923 0.7168 0.2012 0.6069 0.219 0.6093 0.2145 0.6305 0.2145 0.6305 0.2111 0.6473 0.1982 0.6455 0.1982 0.6455 0.2111 0.6473 0.2082 0.66 0.2082 0.66 0.2061 0.6699 0.1963 0.6685 0.2061 0.6699 0.2045 0.6778 0.1957 0.6765 0.2045 0.6778 0.203 0.6844 0.1951 0.6833 0.203 0.6844 0.2107 0.6866 0.2086 0.6924 0.2086 0.6924 0.2067 0.6978 0.2005 0.696 0.2067 0.6978 0.2048 0.7031 0.1993 0.7015 0.2048 0.7031 0.2029 0.7084 0.1981 0.707 0.2029 0.7084 0.201 0.7136 0.1969 0.7124 0.201 0.7136 0.1992 0.7183 0.1958 0.7173 0.219 0.6093 0.2365 0.614 0.2292 0.6347 0.2145 0.6305 0.2292 0.6347 0.2236 0.6509 0.2111 0.6473 0.2236 0.6509 0.219 0.6632 0.2082 0.66 0.219 0.6632 0.2157 0.6726 0.2061 0.6699 0.2157 0.6726 0.2129999 0.6802 0.2129999 0.6802 0.2107 0.6866 0.203 0.6844 0.2179999 0.6898 0.2152 0.6953 0.2086 0.6924 0.2086 0.6924 0.2152 0.6953 0.2125999 0.7004 0.2067 0.6978 0.2125999 0.7004 0.21 0.7054 0.2048 0.7031 0.21 0.7054 0.2074 0.7104 0.2029 0.7084 0.2074 0.7104 0.2049 0.7153 0.201 0.7136 0.2049 0.7153 0.2026 0.7197 0.2534 0.6211 0.2431 0.6408 0.2292 0.6347 0.2431 0.6408 0.2355 0.656 0.2236 0.6509 0.2355 0.656 0.2294 0.6678 0.219 0.6632 0.2294 0.6678 0.2249 0.6764 0.2157 0.6726 0.2249 0.6764 0.2211 0.6838 0.2129999 0.6802 0.2129999 0.6802 0.2211 0.6838 0.2179999 0.6898 0.2249 0.6939 0.2214 0.699 0.2152 0.6953 0.2214 0.699 0.2181 0.7037 0.2125999 0.7004 0.2181 0.7037 0.2149 0.7083 0.21 0.7054 0.2149 0.7083 0.2117 0.713 0.2074 0.7104 0.2117 0.713 0.2085 0.7175 0.2049 0.7153 0.2049 0.7153 0.2085 0.7175 0.2056 0.7216 0.2686 0.6309 0.2562 0.6488 0.2431 0.6408 0.2431 0.6408 0.2562 0.6488 0.2467 0.6624 0.2355 0.656 0.2467 0.6624 0.2391 0.6735 0.2294 0.6678 0.2391 0.6735 0.2334 0.6817 0.2249 0.6764 0.2334 0.6817 0.2287999 0.6883 0.2211 0.6838 0.2287999 0.6883 0.2249 0.6939 0.2311 0.6989 0.2271 0.7034 0.2214 0.699 0.2214 0.699 0.2271 0.7034 0.2232 0.7077 0.2232 0.7077 0.2193 0.7119 0.2149 0.7083 0.2193 0.7119 0.2156 0.7161 0.2117 0.713 0.2117 0.713 0.2156 0.7161 0.2118999 0.7201 0.2118999 0.7201 0.2084 0.7239 0.2056 0.7216 0.2686 0.6309 0.2824 0.6421 0.2683 0.658 0.2683 0.658 0.2567 0.6708 0.2467 0.6624 0.2467 0.6624 0.2567 0.6708 0.248 0.6804 0.2391 0.6735 0.248 0.6804 0.2411 0.688 0.2411 0.688 0.2358 0.6938 0.2287999 0.6883 0.2287999 0.6883 0.2358 0.6938 0.2311 0.6989 0.2311 0.6989 0.2366999 0.7046 0.2321 0.7086 0.2271 0.7034 0.2321 0.7086 0.2276 0.7124 0.2276 0.7124 0.2233 0.716 0.2193 0.7119 0.2193 0.7119 0.2233 0.716 0.219 0.7197 0.2156 0.7161 0.219 0.7197 0.2148 0.7232 0.2148 0.7232 0.2109 0.7265 0.2084 0.7239 0.2824 0.6421 0.2954 0.6545 0.2791 0.6688 0.2791 0.6688 0.2659 0.68 0.2567 0.6708 0.2659 0.68 0.2559 0.6884 0.248 0.6804 0.248 0.6804 0.2559 0.6884 0.248 0.6951 0.248 0.6951 0.2419 0.7003 0.2358 0.6938 0.2419 0.7003 0.2366999 0.7046 0.2311 0.6989 0.2415 0.7111 0.2363 0.7144 0.2321 0.7086 0.2363 0.7144 0.2315 0.7175 0.2276 0.7124 0.2315 0.7175 0.2267 0.7206 0.2233 0.716 0.2233 0.716 0.2267 0.7206 0.222 0.7237 0.219 0.7197 0.222 0.7237 0.2172999 0.7266 0.2148 0.7232 0.2172999 0.7266 0.2131 0.7294 0.3071 0.6689 0.2884 0.681 0.2791 0.6688 0.2884 0.681 0.2738 0.6904 0.2659 0.68 0.2738 0.6904 0.2625 0.6976 0.2559 0.6884 0.2559 0.6884 0.2625 0.6976 0.254 0.7031 0.248 0.6951 0.254 0.7031 0.2472 0.7075 0.2419 0.7003 0.2472 0.7075 0.2415 0.7111 0.2454 0.7181 0.2398 0.7208 0.2363 0.7144 0.2398 0.7208 0.2346 0.7232 0.2315 0.7175 0.2346 0.7232 0.2294999 0.7256 0.2267 0.7206 0.2294999 0.7256 0.2244 0.728 0.222 0.7237 0.222 0.7237 0.2244 0.728 0.2194 0.7304 0.2172999 0.7266 0.2194 0.7304 0.2148 0.7325 0.3155 0.6855 0.2955 0.6947 0.2884 0.681 0.2955 0.6947 0.28 0.7019 0.2738 0.6904 0.2738 0.6904 0.28 0.7019 0.268 0.7075 0.2625 0.6976 0.268 0.7075 0.2589 0.7118 0.254 0.7031 0.2589 0.7118 0.2515 0.7153 0.2472 0.7075 0.2515 0.7153 0.2454 0.7181 0.2454 0.7181 0.2481999 0.7256 0.2424 0.7274 0.2424 0.7274 0.2369 0.7292 0.2346 0.7232 0.2346 0.7232 0.2369 0.7292 0.2315 0.7309 0.2294999 0.7256 0.2315 0.7309 0.2262 0.7326 0.2244 0.728 0.2262 0.7326 0.221 0.7343 0.2194 0.7304 0.221 0.7343 0.2161 0.7359 0.3218 0.7025 0.3012 0.7089 0.2955 0.6947 0.3012 0.7089 0.2844 0.7141 0.28 0.7019 0.2844 0.7141 0.272 0.7181 0.268 0.7075 0.272 0.7181 0.2626 0.721 0.2589 0.7118 0.2589 0.7118 0.2626 0.721 0.2548 0.7235 0.2548 0.7235 0.2481999 0.7256 0.2454 0.7181 0.2502 0.7334 0.2442 0.7344 0.2424 0.7274 0.2442 0.7344 0.2384999 0.7354 0.2369 0.7292 0.2369 0.7292 0.2384999 0.7354 0.2329 0.7364 0.2329 0.7364 0.2274 0.7374 0.2262 0.7326 0.2274 0.7374 0.222 0.7384 0.221 0.7343 0.222 0.7384 0.217 0.7393 0.2161 0.7359 0.3218 0.7025 0.3266 0.72 0.305 0.7238 0.3012 0.7089 0.305 0.7238 0.2878 0.7268 0.2844 0.7141 0.2878 0.7268 0.2747 0.7291 0.2747 0.7291 0.2648 0.7308 0.2626 0.721 0.2626 0.721 0.2648 0.7308 0.2569 0.7322 0.2548 0.7235 0.2569 0.7322 0.2502 0.7334 0.2511 0.7413 0.2449 0.7416 0.2442 0.7344 0.2442 0.7344 0.2449 0.7416 0.2391999 0.7419 0.2384999 0.7354 0.2391999 0.7419 0.2336 0.7421 0.2336 0.7421 0.2279 0.7424 0.2274 0.7374 0.2279 0.7424 0.2225 0.7426 0.222 0.7384 0.2225 0.7426 0.2174 0.7429 0.217 0.7393 0.3266 0.72 0.328 0.7383 0.3063 0.7391 0.305 0.7238 0.3063 0.7391 0.2891 0.7397 0.2878 0.7268 0.2891 0.7397 0.2762 0.7403 0.2762 0.7403 0.2659 0.7407 0.2648 0.7308 0.2659 0.7407 0.2578 0.741 0.2569 0.7322 0.2569 0.7322 0.2578 0.741 0.2511 0.7413 0.2509 0.7493 0.2448 0.7488 0.2449 0.7416 0.2449 0.7416 0.2448 0.7488 0.2391 0.7483 0.2391 0.7483 0.2334 0.7478 0.2336 0.7421 0.2334 0.7478 0.2278 0.7473 0.2279 0.7424 0.2279 0.7424 0.2278 0.7473 0.2224 0.7469 0.2224 0.7469 0.2174 0.7464 0.2174 0.7429 0.328 0.7383 0.328 0.7566 0.3061 0.7544 0.3061 0.7544 0.2888 0.7528 0.2891 0.7397 0.2891 0.7397 0.2888 0.7528 0.2756 0.7515 0.2762 0.7403 0.2756 0.7515 0.2656 0.7506 0.2656 0.7506 0.2577 0.7499 0.2578 0.741 0.2578 0.741 0.2577 0.7499 0.2509 0.7493 0.2509 0.7493 0.2495999 0.7572 0.2437 0.7559 0.2448 0.7488 0.2437 0.7559 0.2381 0.7546 0.2391 0.7483 0.2381 0.7546 0.2326 0.7534 0.2326 0.7534 0.2271 0.7522 0.2278 0.7473 0.2278 0.7473 0.2271 0.7522 0.2218 0.751 0.2218 0.751 0.2169 0.75 0.2174 0.7464 0.328 0.7566 0.3244 0.7746 0.3034 0.7694 0.3034 0.7694 0.2865 0.7656 0.2888 0.7528 0.2888 0.7528 0.2865 0.7656 0.2739 0.7627 0.2739 0.7627 0.2643 0.7605 0.2656 0.7506 0.2643 0.7605 0.2563 0.7587 0.2577 0.7499 0.2563 0.7587 0.2495999 0.7572 0.2509 0.7493 0.2495999 0.7572 0.2474 0.7649 0.2416 0.7627 0.2437 0.7559 0.2416 0.7627 0.2363 0.7608 0.2381 0.7546 0.2363 0.7608 0.231 0.7589 0.2326 0.7534 0.231 0.7589 0.2257 0.757 0.2257 0.757 0.2206 0.7551 0.2218 0.751 0.2206 0.7551 0.2159 0.7534 0.2169 0.75 0.3244 0.7746 0.3188 0.7914 0.2989 0.7839 0.3034 0.7694 0.2989 0.7839 0.283 0.7781 0.283 0.7781 0.2707 0.7735 0.2739 0.7627 0.2707 0.7735 0.2613 0.77 0.2643 0.7605 0.2613 0.77 0.2537 0.7672 0.2563 0.7587 0.2537 0.7672 0.2474 0.7649 0.2495999 0.7572 0.2474 0.7649 0.2442 0.7722 0.2388 0.7693 0.2416 0.7627 0.2388 0.7693 0.2337 0.7667 0.2337 0.7667 0.2287 0.7641 0.231 0.7589 0.231 0.7589 0.2287 0.7641 0.2237 0.7615 0.2257 0.757 0.2237 0.7615 0.2189 0.7589 0.2189 0.7589 0.2145 0.7567 0.2159 0.7534 0.3188 0.7914 0.3119 0.8078 0.293 0.7979 0.293 0.7979 0.2778 0.7899 0.283 0.7781 0.2778 0.7899 0.2661 0.7837 0.2707 0.7735 0.2707 0.7735 0.2661 0.7837 0.2572 0.779 0.2572 0.779 0.2502 0.7753 0.2537 0.7672 0.2502 0.7753 0.2442 0.7722 0.2474 0.7649 0.2442 0.7722 0.24 0.7789 0.2351 0.7754 0.2388 0.7693 0.2351 0.7754 0.2304 0.7721 0.2304 0.7721 0.2258 0.7689 0.2287 0.7641 0.2258 0.7689 0.2212 0.7657 0.2237 0.7615 0.2212 0.7657 0.2167 0.7625 0.2189 0.7589 0.2189 0.7589 0.2167 0.7625 0.2125999 0.7597 0.3025 0.8234 0.2848 0.8106 0.293 0.7979 0.293 0.7979 0.2848 0.8106 0.2709 0.8008 0.2778 0.7899 0.2709 0.8008 0.2604 0.7934 0.2661 0.7837 0.2604 0.7934 0.252 0.7874 0.252 0.7874 0.2456 0.7828 0.2502 0.7753 0.2456 0.7828 0.24 0.7789 0.2442 0.7722 0.235 0.7851 0.2305999 0.781 0.2351 0.7754 0.2351 0.7754 0.2305999 0.781 0.2263 0.7771 0.2304 0.7721 0.2263 0.7771 0.2222 0.7733 0.2222 0.7733 0.2181 0.7695 0.2212 0.7657 0.2181 0.7695 0.2141 0.7658 0.2167 0.7625 0.2167 0.7625 0.2141 0.7658 0.2104 0.7624 0.2905 0.8368 0.2752 0.8223 0.2848 0.8106 0.2848 0.8106 0.2752 0.8223 0.2627 0.8107 0.2709 0.8008 0.2627 0.8107 0.2533 0.802 0.2533 0.802 0.2458 0.7951 0.252 0.7874 0.2458 0.7951 0.24 0.7898 0.2456 0.7828 0.2456 0.7828 0.24 0.7898 0.235 0.7851 0.235 0.7851 0.2292 0.7906 0.2254 0.7859 0.2254 0.7859 0.2217 0.7815 0.2263 0.7771 0.2217 0.7815 0.2181 0.7772 0.2222 0.7733 0.2222 0.7733 0.2181 0.7772 0.2145 0.7729 0.2181 0.7695 0.2145 0.7729 0.211 0.7687 0.211 0.7687 0.2078 0.7649 0.2104 0.7624 0.2905 0.8368 0.2778 0.8489 0.2641 0.8324 0.2641 0.8324 0.2536 0.8198 0.2627 0.8107 0.2536 0.8198 0.2451 0.8095 0.2533 0.802 0.2533 0.802 0.2451 0.8095 0.2387 0.8019 0.2458 0.7951 0.2387 0.8019 0.2336 0.7958 0.2336 0.7958 0.2292 0.7906 0.235 0.7851 0.2292 0.7906 0.2228 0.7953 0.2196 0.7901 0.2254 0.7859 0.2196 0.7901 0.2165 0.7853 0.2217 0.7815 0.2165 0.7853 0.2135 0.7805 0.2135 0.7805 0.2105 0.7758 0.2145 0.7729 0.2145 0.7729 0.2105 0.7758 0.2075999 0.7712 0.2075999 0.7712 0.205 0.767 0.2078 0.7649 0.2778 0.8489 0.2637 0.8597 0.252 0.8414 0.252 0.8414 0.2431 0.8271 0.2536 0.8198 0.2536 0.8198 0.2431 0.8271 0.236 0.816 0.236 0.816 0.2308 0.8079 0.2387 0.8019 0.2308 0.8079 0.2264 0.8009 0.2336 0.7958 0.2264 0.8009 0.2228 0.7953 0.2292 0.7906 0.2228 0.7953 0.2158 0.799 0.2133 0.7935 0.2133 0.7935 0.2109 0.7883 0.2165 0.7853 0.2109 0.7883 0.2086 0.7832 0.2135 0.7805 0.2086 0.7832 0.2062 0.7782 0.2105 0.7758 0.2062 0.7782 0.2039 0.7732 0.2075999 0.7712 0.2075999 0.7712 0.2039 0.7732 0.2018 0.7687 0.2477999 0.868 0.2388 0.8488 0.252 0.8414 0.252 0.8414 0.2388 0.8488 0.2318 0.8332 0.2431 0.8271 0.2318 0.8332 0.2262 0.8215 0.236 0.816 0.2262 0.8215 0.2221 0.8125 0.2308 0.8079 0.2221 0.8125 0.2187 0.8052 0.2187 0.8052 0.2158 0.799 0.2228 0.7953 0.2084 0.8019 0.2067 0.7961 0.2133 0.7935 0.2067 0.7961 0.2049 0.7906 0.2109 0.7883 0.2049 0.7906 0.2032999 0.7853 0.2086 0.7832 0.2032999 0.7853 0.2016 0.7799 0.2062 0.7782 0.2016 0.7799 0.2 0.7747 0.2039 0.7732 0.2039 0.7732 0.2 0.7747 0.1985 0.77 0.2312999 0.8751 0.2247 0.8541 0.2388 0.8488 0.2388 0.8488 0.2247 0.8541 0.2197 0.8378 0.2318 0.8332 0.2197 0.8378 0.2158 0.8256 0.2262 0.8215 0.2158 0.8256 0.2128 0.816 0.2221 0.8125 0.2128 0.816 0.2105 0.8083 0.2187 0.8052 0.2105 0.8083 0.2084 0.8019 0.2007 0.8037 0.1996999 0.7978 0.2067 0.7961 0.1996999 0.7978 0.1987 0.7921 0.2049 0.7906 0.1987 0.7921 0.1978 0.7866 0.2032999 0.7853 0.2032999 0.7853 0.1978 0.7866 0.1967999 0.7811 0.2016 0.7799 0.1967999 0.7811 0.1959 0.7757 0.2 0.7747 0.1959 0.7757 0.1951 0.7708 0.2136 0.8791 0.21 0.8578 0.2247 0.8541 0.21 0.8578 0.2071 0.8407 0.2197 0.8378 0.2071 0.8407 0.205 0.8284 0.2158 0.8256 0.2158 0.8256 0.205 0.8284 0.2032 0.8182 0.2128 0.816 0.2032 0.8182 0.2019 0.8104 0.2105 0.8083 0.2019 0.8104 0.2007 0.8037 0.2007 0.8037 0.1928 0.8045 0.1926 0.7985 0.1926 0.7985 0.1924 0.7928 0.1987 0.7921 0.1987 0.7921 0.1924 0.7928 0.1921 0.7872 0.1978 0.7866 0.1921 0.7872 0.1919 0.7816 0.1919 0.7816 0.1917 0.7762 0.1959 0.7757 0.1959 0.7757 0.1917 0.7762 0.1915 0.7711 0.1959 0.8806 0.1949999 0.8597 0.21 0.8578 0.21 0.8578 0.1949999 0.8597 0.1942999 0.8422 0.1942999 0.8422 0.1939 0.8293 0.205 0.8284 0.1939 0.8293 0.1934 0.8192 0.2032 0.8182 0.2032 0.8182 0.1934 0.8192 0.1931 0.8115 0.1931 0.8115 0.1928 0.8045 0.2007 0.8037 0.1928 0.8045 0.1849 0.8044 0.1854 0.7983 0.1854 0.7983 0.186 0.7926 0.1924 0.7928 0.186 0.7926 0.1865 0.7871 0.1921 0.7872 0.1921 0.7872 0.1865 0.7871 0.187 0.7815 0.1919 0.7816 0.187 0.7815 0.1875 0.7761 0.1917 0.7762 0.1875 0.7761 0.1879 0.7711 0.1779 0.8806 0.1799 0.859 0.1949999 0.8597 0.1799 0.859 0.1814 0.842 0.1942999 0.8422 0.1814 0.842 0.1827 0.829 0.1939 0.8293 0.1939 0.8293 0.1827 0.829 0.1835 0.8191 0.1934 0.8192 0.1835 0.8191 0.1843 0.8111 0.1843 0.8111 0.1849 0.8044 0.1928 0.8045 0.1849 0.8044 0.1771 0.8031 0.1784 0.7972 0.1854 0.7983 0.1784 0.7972 0.1796 0.7917 0.1796 0.7917 0.1809 0.7862 0.1865 0.7871 0.1809 0.7862 0.1820999 0.7807 0.187 0.7815 0.1820999 0.7807 0.1833 0.7754 0.1875 0.7761 0.1875 0.7761 0.1833 0.7754 0.1844 0.7705 0.1599 0.878 0.1649 0.8563 0.1799 0.859 0.1799 0.859 0.1649 0.8563 0.1686 0.8402 0.1814 0.842 0.1686 0.8402 0.1716 0.827 0.1827 0.829 0.1716 0.827 0.1738 0.8177 0.1738 0.8177 0.1756 0.8097 0.1843 0.8111 0.1756 0.8097 0.1771 0.8031 0.1849 0.8044 0.1694 0.801 0.1716 0.7952 0.1784 0.7972 0.1784 0.7972 0.1716 0.7952 0.1735 0.7898 0.1735 0.7898 0.1754 0.7846 0.1809 0.7862 0.1809 0.7862 0.1754 0.7846 0.1773999 0.7793 0.1820999 0.7807 0.1773999 0.7793 0.1791999 0.7742 0.1833 0.7754 0.1791999 0.7742 0.1809999 0.7695 0.1425999 0.8724 0.1503 0.8521 0.1649 0.8563 0.1503 0.8521 0.1564 0.8363 0.1686 0.8402 0.1564 0.8363 0.1608999 0.824 0.1716 0.827 0.1716 0.827 0.1608999 0.824 0.1644 0.8147 0.1644 0.8147 0.1671 0.8072 0.1756 0.8097 0.1756 0.8097 0.1671 0.8072 0.1694 0.801 0.1694 0.801 0.1622 0.7977 0.165 0.7923 0.1716 0.7952 0.165 0.7923 0.1676999 0.7872 0.1735 0.7898 0.1676999 0.7872 0.1703 0.7823 0.1754 0.7846 0.1703 0.7823 0.1729 0.7773 0.1729 0.7773 0.1754 0.7725 0.1791999 0.7742 0.1754 0.7725 0.1777 0.768 0.1809999 0.7695 0.1425999 0.8724 0.1263999 0.8646 0.1366 0.846 0.1503 0.8521 0.1366 0.846 0.1447 0.831 0.1447 0.831 0.1507 0.8196 0.1608999 0.824 0.1507 0.8196 0.1554 0.8106 0.1644 0.8147 0.1554 0.8106 0.1590999 0.8037 0.1671 0.8072 0.1590999 0.8037 0.1622 0.7977 0.1694 0.801 0.1622 0.7977 0.1554999 0.7935 0.1589 0.7886 0.165 0.7923 0.1589 0.7886 0.1622 0.7839 0.1676999 0.7872 0.1622 0.7839 0.1654 0.7793 0.1703 0.7823 0.1654 0.7793 0.1686 0.7747 0.1686 0.7747 0.1718 0.7703 0.1754 0.7725 0.1718 0.7703 0.1747 0.7662 0.1777 0.768 0.1263999 0.8646 0.1116999 0.855 0.1237 0.8383 0.1366 0.846 0.1237 0.8383 0.1339 0.8241 0.1339 0.8241 0.1413 0.8135 0.1507 0.8196 0.1413 0.8135 0.147 0.8055 0.1554 0.8106 0.147 0.8055 0.1515 0.7992 0.1590999 0.8037 0.1515 0.7992 0.1554999 0.7935 0.1622 0.7977 0.1493 0.7886 0.1534 0.7841 0.1589 0.7886 0.1534 0.7841 0.1572 0.7799 0.1622 0.7839 0.1622 0.7839 0.1572 0.7799 0.161 0.7758 0.161 0.7758 0.1648 0.7716 0.1686 0.7747 0.1648 0.7716 0.1685 0.7676 0.1718 0.7703 0.1718 0.7703 0.1685 0.7676 0.1719 0.7639 0.09799998 0.8441 0.1124 0.8286 0.1237 0.8383 0.1237 0.8383 0.1124 0.8286 0.1241 0.8159 0.1339 0.8241 0.1241 0.8159 0.1326 0.8067 0.1326 0.8067 0.1393 0.7994 0.147 0.8055 0.147 0.8055 0.1393 0.7994 0.1447 0.7935 0.1515 0.7992 0.1447 0.7935 0.1493 0.7886 0.1493 0.7886 0.1438 0.7829 0.1485 0.779 0.1485 0.779 0.1528 0.7753 0.1572 0.7799 0.1572 0.7799 0.1528 0.7753 0.1571 0.7717 0.161 0.7758 0.1571 0.7717 0.1614 0.7681 0.1614 0.7681 0.1656 0.7646 0.1685 0.7676 0.1685 0.7676 0.1656 0.7646 0.1694 0.7614 0.08569997 0.8314 0.1021 0.8177 0.1124 0.8286 0.1124 0.8286 0.1021 0.8177 0.1151 0.8068 0.1151 0.8068 0.1249 0.7987 0.1326 0.8067 0.1249 0.7987 0.1324999 0.7923 0.1393 0.7994 0.1393 0.7994 0.1324999 0.7923 0.1387 0.7871 0.1387 0.7871 0.1438 0.7829 0.1493 0.7886 0.1438 0.7829 0.1392 0.7765 0.1442 0.7732 0.1442 0.7732 0.149 0.7702 0.1528 0.7753 0.1528 0.7753 0.149 0.7702 0.1536999 0.7671 0.1571 0.7717 0.1536999 0.7671 0.1583999 0.7641 0.1583999 0.7641 0.1631 0.7612 0.1656 0.7646 0.1631 0.7612 0.1672 0.7585 0.1694 0.7614 0.08569997 0.8314 0.07499998 0.817 0.0934 0.8055 0.1021 0.8177 0.0934 0.8055 0.1075 0.7965 0.1075 0.7965 0.1183 0.7898 0.1249 0.7987 0.1183 0.7898 0.1269 0.7843 0.1324999 0.7923 0.1324999 0.7923 0.1269 0.7843 0.1334 0.7801 0.1334 0.7801 0.1392 0.7765 0.1438 0.7829 0.1392 0.7765 0.1353 0.7696 0.1407999 0.767 0.1407999 0.767 0.1459 0.7646 0.149 0.7702 0.149 0.7702 0.1459 0.7646 0.151 0.7622 0.1536999 0.7671 0.151 0.7622 0.1561 0.7598 0.1561 0.7598 0.161 0.7575 0.1631 0.7612 0.161 0.7575 0.1656 0.7553 0.1672 0.7585 0.07499998 0.817 0.06709998 0.801 0.08629995 0.7924 0.0934 0.8055 0.08629995 0.7924 0.1013 0.7854 0.1013 0.7854 0.1131 0.78 0.1183 0.7898 0.1131 0.78 0.122 0.7758 0.1269 0.7843 0.1269 0.7843 0.122 0.7758 0.1292999 0.7724 0.1292999 0.7724 0.1353 0.7696 0.1392 0.7765 0.1324 0.7622 0.1382 0.7604 0.1407999 0.767 0.1407999 0.767 0.1382 0.7604 0.1436 0.7586 0.1459 0.7646 0.1436 0.7586 0.1489 0.7569 0.151 0.7622 0.1489 0.7569 0.1543 0.7552 0.1561 0.7598 0.1543 0.7552 0.1595 0.7535 0.161 0.7575 0.1595 0.7535 0.1642 0.752 0.06139999 0.7847 0.08109998 0.7786 0.08629995 0.7924 0.08109998 0.7786 0.09659999 0.7737 0.1013 0.7854 0.09659999 0.7737 0.1092 0.7697 0.1131 0.78 0.1092 0.7697 0.1186 0.7667 0.122 0.7758 0.1186 0.7667 0.126 0.7643 0.1292999 0.7724 0.1292999 0.7724 0.126 0.7643 0.1324 0.7622 0.1306 0.7546 0.1364 0.7535 0.1382 0.7604 0.1364 0.7535 0.142 0.7525 0.1436 0.7586 0.142 0.7525 0.1475999 0.7515 0.1489 0.7569 0.1489 0.7569 0.1475999 0.7515 0.1529999 0.7505 0.1529999 0.7505 0.1583999 0.7495 0.1595 0.7535 0.1595 0.7535 0.1583999 0.7495 0.1633 0.7485 0.05669999 0.7681 0.07749998 0.7642 0.08109998 0.7786 0.08109998 0.7786 0.07749998 0.7642 0.09389996 0.7613 0.09389996 0.7613 0.1065 0.759 0.1092 0.7697 0.1092 0.7697 0.1065 0.759 0.1159999 0.7572 0.1186 0.7667 0.1159999 0.7572 0.1238999 0.7558 0.126 0.7643 0.1238999 0.7558 0.1306 0.7546 0.1306 0.7546 0.1296 0.7468 0.1356 0.7464 0.1356 0.7464 0.1413 0.7461 0.142 0.7525 0.1413 0.7461 0.1468999 0.7458 0.1475999 0.7515 0.1475999 0.7515 0.1468999 0.7458 0.1525 0.7456 0.1529999 0.7505 0.1525 0.7456 0.1579 0.7453 0.1583999 0.7495 0.1579 0.7453 0.1629 0.745 0.05509996 0.7508 0.07539999 0.7496 0.07749998 0.7642 0.07539999 0.7496 0.09219998 0.7487 0.09389996 0.7613 0.09219998 0.7487 0.1051 0.748 0.1065 0.759 0.1065 0.759 0.1051 0.748 0.1149 0.7475 0.1159999 0.7572 0.1149 0.7475 0.123 0.7471 0.123 0.7471 0.1296 0.7468 0.1306 0.7546 0.4875 0.9493 0.4669 0.9496 0.4669 0.9483 0.4875 0.9479 0.4669 0.9483 0.4669 0.947 0.4875 0.9466 0.4669 0.947 0.4669 0.9456 0.4875 0.9452 0.4669 0.9456 0.4669 0.9443 0.4875 0.9439 0.4669 0.9443 0.4669 0.9429 0.4875 0.9425 0.4669 0.9429 0.4669 0.9415 0.4875 0.9411 0.4669 0.9415 0.4668 0.9402 0.4875 0.9398 0.4668 0.9402 0.4667 0.9388 0.4668 0.9819 0.4669 0.9805 0.4875 0.9809 0.4669 0.9805 0.4669 0.9791 0.4875 0.9795 0.4669 0.9791 0.4669 0.9777 0.4875 0.9781 0.4669 0.9777 0.4669 0.9764 0.4875 0.9768 0.4669 0.9764 0.4669 0.975 0.4875 0.9754 0.4669 0.975 0.467 0.9737 0.4875 0.974 0.467 0.9737 0.467 0.9724 0.4875 0.9727 0.467 0.9724 0.467 0.971 0.4876 0.9713 0.467 0.971 0.467 0.9697 0.4876 0.9699 0.467 0.9697 0.467 0.9684 0.4876 0.9686 0.467 0.9684 0.467 0.967 0.4876 0.9672 0.467 0.967 0.467 0.9657 0.4876 0.9658 0.467 0.9657 0.467 0.9644 0.4876 0.9645 0.467 0.9644 0.467 0.963 0.4876 0.9631 0.467 0.963 0.467 0.9617 0.4876 0.9617 0.467 0.9617 0.467 0.9603 0.4876 0.9603 0.4876 0.9603 0.467 0.9603 0.467 0.959 0.4876 0.9589 0.467 0.959 0.467 0.9576 0.4876 0.9575 0.467 0.9576 0.467 0.9563 0.4876 0.9562 0.467 0.9563 0.467 0.955 0.4876 0.9548 0.467 0.955 0.467 0.9536 0.4876 0.9534 0.467 0.9536 0.467 0.9523 0.4665 0.971 0.4588 0.971 0.4588 0.9697 0.4876 0.9507 0.4669 0.951 0.4669 0.9496 0.4876 0.952 0.467 0.9523 0.4669 0.951 0.841 0.9495 0.8409 0.9478 0.8511 0.9485 0.8239 0.9499 0.8239 0.9483 0.8409 0.9478 0.8071 0.9499 0.8071 0.9483 0.8239 0.9483 0.8071 0.9499 0.7905 0.9501 0.7904 0.9485 0.7905 0.9501 0.7741 0.9504 0.774 0.9488 0.7741 0.9504 0.7579 0.9507 0.7579 0.9492 0.7579 0.9507 0.742 0.951 0.742 0.9495 0.742 0.951 0.7263 0.9512 0.7263 0.9497 0.7263 0.9512 0.7108 0.9514 0.7108 0.9499 0.7108 0.9514 0.6955 0.9515 0.6955 0.95 0.6955 0.9515 0.6803 0.9516 0.6803 0.9501 0.6651 0.9516 0.6651 0.9502 0.6803 0.9501 0.6651 0.9516 0.65 0.9517 0.65 0.9503 0.65 0.9517 0.635 0.9517 0.635 0.9503 0.635 0.9517 0.62 0.9518 0.62 0.9504 0.62 0.9518 0.605 0.9518 0.605 0.9504 0.605 0.9518 0.5901 0.9518 0.5901 0.9504 0.5901 0.9518 0.5752 0.9518 0.5752 0.9504 0.5752 0.9518 0.5603 0.9519 0.5603 0.9505 0.5603 0.9519 0.5454 0.9519 0.5454 0.9505 0.5304 0.9519 0.5304 0.9505 0.5454 0.9505 0.5155 0.9519 0.5155 0.9505 0.5304 0.9505 0.5027 0.9518 0.5027 0.9504 0.5155 0.9505 0.5028 0.9743 0.5028 0.9757 0.5021 0.9756 0.8409 0.9478 0.8408 0.9462 0.8511 0.9469 0.8239 0.9483 0.8239 0.9467 0.8408 0.9462 0.8071 0.9483 0.8071 0.9467 0.8239 0.9467 0.8071 0.9483 0.7904 0.9485 0.7904 0.9469 0.7904 0.9485 0.774 0.9488 0.774 0.9473 0.774 0.9488 0.7579 0.9492 0.7578 0.9477 0.7579 0.9492 0.742 0.9495 0.7419 0.948 0.742 0.9495 0.7263 0.9497 0.7263 0.9482 0.7263 0.9497 0.7108 0.9499 0.7108 0.9484 0.7108 0.9499 0.6955 0.95 0.6955 0.9486 0.6955 0.95 0.6803 0.9501 0.6803 0.9487 0.6803 0.9501 0.6651 0.9502 0.6651 0.9488 0.6651 0.9502 0.65 0.9503 0.65 0.9488 0.65 0.9503 0.635 0.9503 0.635 0.9489 0.635 0.9503 0.62 0.9504 0.62 0.9489 0.62 0.9504 0.605 0.9504 0.605 0.949 0.605 0.9504 0.5901 0.9504 0.5901 0.949 0.5901 0.9504 0.5752 0.9504 0.5752 0.949 0.5752 0.9504 0.5603 0.9505 0.5603 0.9491 0.5603 0.9505 0.5454 0.9505 0.5454 0.9491 0.5304 0.9505 0.5304 0.9491 0.5454 0.9491 0.5155 0.9505 0.5155 0.9491 0.5304 0.9491 0.5027 0.9504 0.5027 0.949 0.5155 0.9491 0.4875 0.9768 0.4875 0.9754 0.4881 0.9755 0.8411 0.9512 0.841 0.9495 0.8511 0.9501 0.8239 0.9515 0.8239 0.9499 0.841 0.9495 0.8071 0.9516 0.8071 0.9499 0.8239 0.9499 0.8071 0.9516 0.7905 0.9517 0.7905 0.9501 0.7905 0.9517 0.7741 0.952 0.7741 0.9504 0.7741 0.952 0.7579 0.9523 0.7579 0.9507 0.7579 0.9523 0.742 0.9525 0.742 0.951 0.742 0.9525 0.7263 0.9527 0.7263 0.9512 0.7263 0.9527 0.7109 0.9528 0.7108 0.9514 0.7109 0.9528 0.6955 0.9529 0.6955 0.9515 0.6955 0.9529 0.6803 0.953 0.6803 0.9516 0.6803 0.953 0.6651 0.9531 0.6651 0.9516 0.6651 0.9531 0.6501 0.9531 0.65 0.9517 0.6501 0.9531 0.635 0.9531 0.635 0.9517 0.635 0.9531 0.62 0.9532 0.62 0.9518 0.62 0.9532 0.605 0.9532 0.605 0.9518 0.5901 0.9532 0.5901 0.9518 0.605 0.9518 0.5752 0.9533 0.5752 0.9518 0.5901 0.9518 0.5752 0.9533 0.5603 0.9533 0.5603 0.9519 0.5454 0.9533 0.5454 0.9519 0.5603 0.9519 0.5304 0.9533 0.5304 0.9519 0.5454 0.9519 0.5155 0.9533 0.5155 0.9519 0.5304 0.9519 0.5027 0.9532 0.5027 0.9518 0.5155 0.9519 0.5028 0.9757 0.5027 0.9771 0.5021 0.977 0.8412 0.9529 0.8411 0.9512 0.851 0.9518 0.8239 0.9532 0.8239 0.9515 0.8411 0.9512 0.8071 0.9533 0.8071 0.9516 0.8239 0.9515 0.8071 0.9533 0.7905 0.9534 0.7905 0.9517 0.7905 0.9534 0.7741 0.9536 0.7741 0.952 0.7741 0.9536 0.758 0.9538 0.7579 0.9523 0.758 0.9538 0.742 0.954 0.742 0.9525 0.742 0.954 0.7264 0.9542 0.7263 0.9527 0.7264 0.9542 0.7109 0.9543 0.7109 0.9528 0.7109 0.9543 0.6955 0.9544 0.6955 0.9529 0.6955 0.9544 0.6803 0.9544 0.6803 0.953 0.6803 0.9544 0.6651 0.9545 0.6651 0.9531 0.6651 0.9545 0.6501 0.9545 0.6501 0.9531 0.6501 0.9545 0.635 0.9546 0.635 0.9531 0.635 0.9546 0.62 0.9546 0.62 0.9532 0.62 0.9546 0.605 0.9546 0.605 0.9532 0.605 0.9546 0.5901 0.9546 0.5901 0.9532 0.5901 0.9546 0.5752 0.9547 0.5752 0.9533 0.5752 0.9547 0.5603 0.9547 0.5603 0.9533 0.5454 0.9547 0.5454 0.9533 0.5603 0.9533 0.5304 0.9547 0.5304 0.9533 0.5454 0.9533 0.5155 0.9547 0.5155 0.9533 0.5304 0.9533 0.5027 0.9546 0.5027 0.9532 0.5155 0.9533 0.4875 0.9781 0.4875 0.9768 0.488 0.9768 0.8412 0.9547 0.8412 0.9529 0.851 0.9534 0.8239 0.9549 0.8239 0.9532 0.8412 0.9529 0.8071 0.955 0.8071 0.9533 0.8239 0.9532 0.8071 0.955 0.7906 0.9551 0.7905 0.9534 0.7906 0.9551 0.7742 0.9552 0.7741 0.9536 0.7742 0.9552 0.758 0.9554 0.758 0.9538 0.758 0.9554 0.7421 0.9556 0.742 0.954 0.7421 0.9556 0.7264 0.9557 0.7264 0.9542 0.7264 0.9557 0.7109 0.9558 0.7109 0.9543 0.7109 0.9558 0.6955 0.9558 0.6955 0.9544 0.6955 0.9558 0.6803 0.9559 0.6803 0.9544 0.6803 0.9559 0.6652 0.9559 0.6651 0.9545 0.6652 0.9559 0.6501 0.956 0.6501 0.9545 0.6501 0.956 0.635 0.956 0.635 0.9546 0.635 0.956 0.62 0.956 0.62 0.9546 0.62 0.956 0.6051 0.956 0.605 0.9546 0.6051 0.956 0.5901 0.956 0.5901 0.9546 0.5901 0.956 0.5752 0.9561 0.5752 0.9547 0.5752 0.9561 0.5603 0.9561 0.5603 0.9547 0.5603 0.9561 0.5454 0.9561 0.5454 0.9547 0.5454 0.9561 0.5304 0.9561 0.5304 0.9547 0.5155 0.9561 0.5155 0.9547 0.5304 0.9547 0.5027 0.956 0.5027 0.9546 0.5155 0.9547 0.5027 0.9771 0.5027 0.9784 0.5021 0.9784 0.8413 0.9565 0.8412 0.9547 0.851 0.9551 0.8239 0.9567 0.8239 0.9549 0.8412 0.9547 0.8071 0.9567 0.8071 0.955 0.8239 0.9549 0.8071 0.9567 0.7906 0.9568 0.7906 0.9551 0.7906 0.9568 0.7742 0.9569 0.7742 0.9552 0.7742 0.9569 0.758 0.957 0.758 0.9554 0.758 0.957 0.7421 0.9571 0.7421 0.9556 0.7421 0.9571 0.7264 0.9572 0.7264 0.9557 0.7264 0.9572 0.7109 0.9572 0.7109 0.9558 0.7109 0.9572 0.6955 0.9573 0.6955 0.9558 0.6955 0.9573 0.6803 0.9573 0.6803 0.9559 0.6803 0.9573 0.6652 0.9574 0.6652 0.9559 0.6652 0.9574 0.6501 0.9574 0.6501 0.956 0.6501 0.9574 0.635 0.9574 0.635 0.956 0.635 0.9574 0.62 0.9574 0.62 0.956 0.6051 0.9574 0.6051 0.956 0.62 0.956 0.5901 0.9574 0.5901 0.956 0.6051 0.956 0.5901 0.9574 0.5752 0.9575 0.5752 0.9561 0.5603 0.9575 0.5603 0.9561 0.5752 0.9561 0.5454 0.9575 0.5454 0.9561 0.5603 0.9561 0.5304 0.9575 0.5304 0.9561 0.5454 0.9561 0.5155 0.9575 0.5155 0.9561 0.5304 0.9561 0.5026 0.9575 0.5027 0.956 0.5155 0.9561 0.4875 0.9795 0.4875 0.9781 0.488 0.9782 0.8413 0.9583 0.8413 0.9565 0.8509 0.9568 0.8239 0.9584 0.8239 0.9567 0.8413 0.9565 0.8071 0.9584 0.8071 0.9567 0.8239 0.9567 0.8071 0.9584 0.7906 0.9585 0.7906 0.9568 0.7906 0.9585 0.7742 0.9585 0.7742 0.9569 0.7742 0.9585 0.758 0.9586 0.758 0.957 0.758 0.9586 0.7421 0.9586 0.7421 0.9571 0.7421 0.9586 0.7264 0.9587 0.7264 0.9572 0.7264 0.9587 0.7109 0.9587 0.7109 0.9572 0.7109 0.9587 0.6955 0.9587 0.6955 0.9573 0.6803 0.9588 0.6803 0.9573 0.6955 0.9573 0.6803 0.9588 0.6652 0.9588 0.6652 0.9574 0.6652 0.9588 0.6501 0.9588 0.6501 0.9574 0.635 0.9588 0.635 0.9574 0.6501 0.9574 0.635 0.9588 0.62 0.9588 0.62 0.9574 0.62 0.9588 0.6051 0.9588 0.6051 0.9574 0.6051 0.9588 0.5901 0.9588 0.5901 0.9574 0.5752 0.9589 0.5752 0.9575 0.5901 0.9574 0.5752 0.9589 0.5603 0.9589 0.5603 0.9575 0.5603 0.9589 0.5454 0.9589 0.5454 0.9575 0.5304 0.9589 0.5304 0.9575 0.5454 0.9575 0.5155 0.9589 0.5155 0.9575 0.5304 0.9575 0.5026 0.9589 0.5026 0.9575 0.5155 0.9575 0.4876 0.9507 0.4882 0.9506 0.4882 0.952 0.8413 0.9602 0.8413 0.9583 0.8509 0.9585 0.8239 0.9602 0.8239 0.9584 0.8413 0.9583 0.8071 0.9602 0.8071 0.9584 0.8239 0.9584 0.8071 0.9602 0.7906 0.9602 0.7906 0.9585 0.7906 0.9602 0.7742 0.9602 0.7742 0.9585 0.7742 0.9602 0.758 0.9602 0.758 0.9586 0.758 0.9602 0.7421 0.9602 0.7421 0.9586 0.7421 0.9602 0.7264 0.9602 0.7264 0.9587 0.7264 0.9602 0.7109 0.9602 0.7109 0.9587 0.7109 0.9602 0.6955 0.9602 0.6955 0.9587 0.6955 0.9602 0.6803 0.9602 0.6803 0.9588 0.6803 0.9602 0.6652 0.9602 0.6652 0.9588 0.6652 0.9602 0.6501 0.9602 0.6501 0.9588 0.6501 0.9602 0.635 0.9602 0.635 0.9588 0.635 0.9602 0.62 0.9602 0.62 0.9588 0.6051 0.9602 0.6051 0.9588 0.62 0.9588 0.6051 0.9602 0.5901 0.9603 0.5901 0.9588 0.5901 0.9603 0.5752 0.9603 0.5752 0.9589 0.5603 0.9603 0.5603 0.9589 0.5752 0.9589 0.5454 0.9603 0.5454 0.9589 0.5603 0.9589 0.5454 0.9603 0.5304 0.9603 0.5304 0.9589 0.5304 0.9603 0.5155 0.9603 0.5155 0.9589 0.5026 0.9603 0.5026 0.9589 0.5155 0.9589 0.5027 0.9784 0.5027 0.9798 0.502 0.9797 0.8509 0.9619 0.8413 0.962 0.8413 0.9602 0.8413 0.962 0.8239 0.9619 0.8239 0.9602 0.8239 0.9619 0.8071 0.9619 0.8071 0.9602 0.7906 0.9619 0.7906 0.9602 0.8071 0.9602 0.7742 0.9619 0.7742 0.9602 0.7906 0.9602 0.758 0.9618 0.758 0.9602 0.7742 0.9602 0.7421 0.9618 0.7421 0.9602 0.758 0.9602 0.7264 0.9617 0.7264 0.9602 0.7421 0.9602 0.7109 0.9617 0.7109 0.9602 0.7264 0.9602 0.6955 0.9617 0.6955 0.9602 0.7109 0.9602 0.6803 0.9617 0.6803 0.9602 0.6955 0.9602 0.6652 0.9617 0.6652 0.9602 0.6803 0.9602 0.6501 0.9617 0.6501 0.9602 0.6652 0.9602 0.635 0.9617 0.635 0.9602 0.6501 0.9602 0.62 0.9617 0.62 0.9602 0.635 0.9602 0.62 0.9617 0.6051 0.9617 0.6051 0.9602 0.5901 0.9617 0.5901 0.9603 0.6051 0.9602 0.5752 0.9617 0.5752 0.9603 0.5901 0.9603 0.5752 0.9617 0.5603 0.9617 0.5603 0.9603 0.5603 0.9617 0.5454 0.9617 0.5454 0.9603 0.5304 0.9617 0.5304 0.9603 0.5454 0.9603 0.5155 0.9617 0.5155 0.9603 0.5304 0.9603 0.5155 0.9617 0.5026 0.9617 0.5026 0.9603 0.4875 0.9809 0.4875 0.9795 0.488 0.9795 0.8509 0.9636 0.8413 0.9639 0.8413 0.962 0.8413 0.9639 0.8239 0.9637 0.8239 0.9619 0.8239 0.9637 0.8071 0.9637 0.8071 0.9619 0.7906 0.9636 0.7906 0.9619 0.8071 0.9619 0.7742 0.9635 0.7742 0.9619 0.7906 0.9619 0.758 0.9634 0.758 0.9618 0.7742 0.9619 0.7421 0.9633 0.7421 0.9618 0.758 0.9618 0.7264 0.9632 0.7264 0.9617 0.7421 0.9618 0.7109 0.9632 0.7109 0.9617 0.7264 0.9617 0.6955 0.9631 0.6955 0.9617 0.7109 0.9617 0.6955 0.9631 0.6803 0.9631 0.6803 0.9617 0.6652 0.9631 0.6652 0.9617 0.6803 0.9617 0.6501 0.9631 0.6501 0.9617 0.6652 0.9617 0.6501 0.9631 0.635 0.9631 0.635 0.9617 0.62 0.9631 0.62 0.9617 0.635 0.9617 0.6051 0.9631 0.6051 0.9617 0.62 0.9617 0.5901 0.9631 0.5901 0.9617 0.6051 0.9617 0.5901 0.9631 0.5752 0.9631 0.5752 0.9617 0.5603 0.9631 0.5603 0.9617 0.5752 0.9617 0.5454 0.9631 0.5454 0.9617 0.5603 0.9617 0.5454 0.9631 0.5304 0.9631 0.5304 0.9617 0.5304 0.9631 0.5155 0.9631 0.5155 0.9617 0.5155 0.9631 0.5026 0.9631 0.5026 0.9617 0.5027 0.9518 0.5021 0.9519 0.5021 0.9505 0.851 0.9653 0.8412 0.9657 0.8413 0.9639 0.8412 0.9657 0.8239 0.9654 0.8239 0.9637 0.8239 0.9654 0.8071 0.9654 0.8071 0.9637 0.7906 0.9653 0.7906 0.9636 0.8071 0.9637 0.7742 0.9652 0.7742 0.9635 0.7906 0.9636 0.758 0.965 0.758 0.9634 0.7742 0.9635 0.7421 0.9648 0.7421 0.9633 0.758 0.9634 0.7264 0.9647 0.7264 0.9632 0.7421 0.9633 0.7109 0.9646 0.7109 0.9632 0.7264 0.9632 0.6955 0.9646 0.6955 0.9631 0.7109 0.9632 0.6803 0.9646 0.6803 0.9631 0.6955 0.9631 0.6652 0.9645 0.6652 0.9631 0.6803 0.9631 0.6501 0.9645 0.6501 0.9631 0.6652 0.9631 0.635 0.9645 0.635 0.9631 0.6501 0.9631 0.62 0.9645 0.62 0.9631 0.635 0.9631 0.62 0.9645 0.6051 0.9645 0.6051 0.9631 0.6051 0.9645 0.5901 0.9645 0.5901 0.9631 0.5752 0.9645 0.5752 0.9631 0.5901 0.9631 0.5752 0.9645 0.5603 0.9645 0.5603 0.9631 0.5603 0.9645 0.5454 0.9645 0.5454 0.9631 0.5454 0.9645 0.5304 0.9645 0.5304 0.9631 0.5304 0.9645 0.5155 0.9645 0.5155 0.9631 0.5155 0.9645 0.5027 0.9646 0.5026 0.9631 0.4875 0.9493 0.4881 0.9492 0.4882 0.9506 0.851 0.9669 0.8412 0.9675 0.8412 0.9657 0.8412 0.9675 0.8239 0.9672 0.8239 0.9654 0.8239 0.9672 0.8071 0.9671 0.8071 0.9654 0.7905 0.967 0.7906 0.9653 0.8071 0.9654 0.7741 0.9668 0.7742 0.9652 0.7906 0.9653 0.758 0.9666 0.758 0.965 0.7742 0.9652 0.742 0.9664 0.7421 0.9648 0.758 0.965 0.7264 0.9662 0.7264 0.9647 0.7421 0.9648 0.7109 0.9661 0.7109 0.9646 0.7264 0.9647 0.6955 0.966 0.6955 0.9646 0.7109 0.9646 0.6803 0.966 0.6803 0.9646 0.6955 0.9646 0.6652 0.966 0.6652 0.9645 0.6803 0.9646 0.6501 0.9659 0.6501 0.9645 0.6652 0.9645 0.635 0.9659 0.635 0.9645 0.6501 0.9645 0.62 0.9659 0.62 0.9645 0.635 0.9645 0.6051 0.9659 0.6051 0.9645 0.62 0.9645 0.5901 0.9659 0.5901 0.9645 0.6051 0.9645 0.5752 0.9659 0.5752 0.9645 0.5901 0.9645 0.5603 0.9659 0.5603 0.9645 0.5752 0.9645 0.5454 0.9659 0.5454 0.9645 0.5603 0.9645 0.5304 0.9659 0.5304 0.9645 0.5454 0.9645 0.5304 0.9659 0.5155 0.9659 0.5155 0.9645 0.5155 0.9659 0.5027 0.966 0.5027 0.9646 0.5027 0.9798 0.5027 0.9811 0.502 0.9811 0.851 0.9686 0.8411 0.9692 0.8412 0.9675 0.8411 0.9692 0.8239 0.9688 0.8239 0.9672 0.8239 0.9688 0.8071 0.9688 0.8071 0.9671 0.7905 0.9687 0.7905 0.967 0.8071 0.9671 0.7741 0.9684 0.7741 0.9668 0.7905 0.967 0.7579 0.9681 0.758 0.9666 0.7741 0.9668 0.742 0.9679 0.742 0.9664 0.758 0.9666 0.7263 0.9677 0.7264 0.9662 0.742 0.9664 0.7109 0.9676 0.7109 0.9661 0.7264 0.9662 0.6955 0.9675 0.6955 0.966 0.7109 0.9661 0.6803 0.9674 0.6803 0.966 0.6955 0.966 0.6651 0.9674 0.6652 0.966 0.6803 0.966 0.6501 0.9673 0.6501 0.9659 0.6652 0.966 0.635 0.9673 0.635 0.9659 0.6501 0.9659 0.62 0.9673 0.62 0.9659 0.635 0.9659 0.6051 0.9673 0.6051 0.9659 0.62 0.9659 0.5901 0.9673 0.5901 0.9659 0.6051 0.9659 0.5752 0.9673 0.5752 0.9659 0.5901 0.9659 0.5603 0.9673 0.5603 0.9659 0.5752 0.9659 0.5603 0.9673 0.5454 0.9673 0.5454 0.9659 0.5454 0.9673 0.5304 0.9673 0.5304 0.9659 0.5304 0.9673 0.5155 0.9673 0.5155 0.9659 0.5155 0.9673 0.5027 0.9674 0.5027 0.966 0.4875 0.9822 0.4875 0.9809 0.488 0.9809 0.8511 0.9702 0.841 0.9709 0.8411 0.9692 0.841 0.9709 0.8239 0.9705 0.8239 0.9688 0.8239 0.9705 0.8071 0.9704 0.8071 0.9688 0.7905 0.9703 0.7905 0.9687 0.8071 0.9688 0.7741 0.97 0.7741 0.9684 0.7905 0.9687 0.7579 0.9697 0.7579 0.9681 0.7741 0.9684 0.742 0.9694 0.742 0.9679 0.7579 0.9681 0.7263 0.9692 0.7263 0.9677 0.742 0.9679 0.7108 0.9691 0.7109 0.9676 0.7263 0.9677 0.6955 0.9689 0.6955 0.9675 0.7109 0.9676 0.6803 0.9689 0.6803 0.9674 0.6955 0.9675 0.6651 0.9688 0.6651 0.9674 0.6803 0.9674 0.6501 0.9688 0.6501 0.9673 0.6651 0.9674 0.635 0.9687 0.635 0.9673 0.6501 0.9673 0.62 0.9687 0.62 0.9673 0.635 0.9673 0.6051 0.9687 0.6051 0.9673 0.62 0.9673 0.6051 0.9687 0.5901 0.9687 0.5901 0.9673 0.5901 0.9687 0.5752 0.9687 0.5752 0.9673 0.5603 0.9687 0.5603 0.9673 0.5752 0.9673 0.5603 0.9687 0.5454 0.9687 0.5454 0.9673 0.5454 0.9687 0.5305 0.9687 0.5304 0.9673 0.5305 0.9687 0.5155 0.9687 0.5155 0.9673 0.5155 0.9687 0.5027 0.9688 0.5027 0.9674 0.5027 0.9504 0.5021 0.9505 0.5021 0.9491 0.8511 0.9719 0.8409 0.9726 0.841 0.9709 0.8409 0.9726 0.8239 0.9721 0.8239 0.9705 0.8239 0.9721 0.8071 0.9721 0.8071 0.9704 0.7904 0.9719 0.7905 0.9703 0.8071 0.9704 0.774 0.9716 0.7741 0.97 0.7905 0.9703 0.7579 0.9712 0.7579 0.9697 0.7741 0.97 0.742 0.9709 0.742 0.9694 0.7579 0.9697 0.7263 0.9707 0.7263 0.9692 0.742 0.9694 0.7108 0.9705 0.7108 0.9691 0.7263 0.9692 0.6955 0.9704 0.6955 0.9689 0.7108 0.9691 0.6803 0.9703 0.6803 0.9689 0.6955 0.9689 0.6803 0.9703 0.6651 0.9702 0.6651 0.9688 0.65 0.9702 0.6501 0.9688 0.6651 0.9688 0.635 0.9702 0.635 0.9687 0.6501 0.9688 0.62 0.9701 0.62 0.9687 0.635 0.9687 0.605 0.9701 0.6051 0.9687 0.62 0.9687 0.5901 0.9701 0.5901 0.9687 0.6051 0.9687 0.5752 0.9701 0.5752 0.9687 0.5901 0.9687 0.5603 0.9701 0.5603 0.9687 0.5752 0.9687 0.5454 0.9701 0.5454 0.9687 0.5603 0.9687 0.5454 0.9701 0.5305 0.9701 0.5305 0.9687 0.5305 0.9701 0.5155 0.9701 0.5155 0.9687 0.5155 0.9701 0.5027 0.9702 0.5027 0.9688 0.4876 0.952 0.4882 0.952 0.4882 0.9534 0.8511 0.9735 0.8408 0.9742 0.8409 0.9726 0.8408 0.9742 0.8239 0.9737 0.8239 0.9721 0.8239 0.9737 0.8071 0.9737 0.8071 0.9721 0.7904 0.9734 0.7904 0.9719 0.8071 0.9721 0.774 0.9731 0.774 0.9716 0.7904 0.9719 0.7578 0.9727 0.7579 0.9712 0.774 0.9716 0.7419 0.9724 0.742 0.9709 0.7579 0.9712 0.7263 0.9722 0.7263 0.9707 0.742 0.9709 0.7108 0.972 0.7108 0.9705 0.7263 0.9707 0.6955 0.9718 0.6955 0.9704 0.7108 0.9705 0.6803 0.9717 0.6803 0.9703 0.6955 0.9704 0.6651 0.9717 0.6651 0.9702 0.6803 0.9703 0.65 0.9716 0.65 0.9702 0.6651 0.9702 0.635 0.9716 0.635 0.9702 0.65 0.9702 0.62 0.9715 0.62 0.9701 0.635 0.9702 0.605 0.9715 0.605 0.9701 0.62 0.9701 0.5901 0.9715 0.5901 0.9701 0.605 0.9701 0.5752 0.9715 0.5752 0.9701 0.5901 0.9701 0.5603 0.9715 0.5603 0.9701 0.5752 0.9701 0.5454 0.9715 0.5454 0.9701 0.5603 0.9701 0.5454 0.9715 0.5305 0.9715 0.5305 0.9701 0.5305 0.9715 0.5156 0.9715 0.5155 0.9701 0.5156 0.9715 0.5027 0.9716 0.5027 0.9702 0.5027 0.9811 0.5026 0.9825 0.5019 0.9824 0.8511 0.9751 0.8407 0.9757 0.8408 0.9742 0.8407 0.9757 0.8238 0.9753 0.8239 0.9737 0.8238 0.9753 0.8071 0.9752 0.8071 0.9737 0.7904 0.975 0.7904 0.9734 0.8071 0.9737 0.7739 0.9746 0.774 0.9731 0.7904 0.9734 0.7578 0.9742 0.7578 0.9727 0.774 0.9731 0.7419 0.9739 0.7419 0.9724 0.7578 0.9727 0.7263 0.9736 0.7263 0.9722 0.7419 0.9724 0.7108 0.9734 0.7108 0.972 0.7263 0.9722 0.6955 0.9733 0.6955 0.9718 0.7108 0.972 0.6803 0.9732 0.6803 0.9717 0.6955 0.9718 0.6651 0.9731 0.6651 0.9717 0.6803 0.9717 0.65 0.973 0.65 0.9716 0.6651 0.9717 0.635 0.973 0.635 0.9716 0.65 0.9716 0.62 0.9729 0.62 0.9715 0.635 0.9716 0.605 0.9729 0.605 0.9715 0.62 0.9715 0.5901 0.9729 0.5901 0.9715 0.605 0.9715 0.5752 0.9729 0.5752 0.9715 0.5901 0.9715 0.5603 0.9729 0.5603 0.9715 0.5752 0.9715 0.5603 0.9729 0.5454 0.9729 0.5454 0.9715 0.5454 0.9729 0.5305 0.9729 0.5305 0.9715 0.5305 0.9729 0.5156 0.9729 0.5156 0.9715 0.5156 0.9729 0.5027 0.973 0.5027 0.9716 0.4875 0.9384 0.488 0.9385 0.4879 0.9398 0.8511 0.9767 0.8405 0.9773 0.8407 0.9757 0.8405 0.9773 0.8238 0.9768 0.8238 0.9753 0.8238 0.9768 0.8071 0.9767 0.8071 0.9752 0.7903 0.9765 0.7904 0.975 0.8071 0.9752 0.7739 0.9761 0.7739 0.9746 0.7904 0.975 0.7577 0.9757 0.7578 0.9742 0.7739 0.9746 0.7419 0.9753 0.7419 0.9739 0.7578 0.9742 0.7262 0.9751 0.7263 0.9736 0.7419 0.9739 0.7108 0.9748 0.7108 0.9734 0.7263 0.9736 0.6955 0.9747 0.6955 0.9733 0.7108 0.9734 0.6803 0.9746 0.6803 0.9732 0.6955 0.9733 0.6651 0.9745 0.6651 0.9731 0.6803 0.9732 0.65 0.9744 0.65 0.973 0.6651 0.9731 0.635 0.9744 0.635 0.973 0.65 0.973 0.62 0.9744 0.62 0.9729 0.635 0.973 0.605 0.9743 0.605 0.9729 0.62 0.9729 0.5901 0.9743 0.5901 0.9729 0.605 0.9729 0.5752 0.9743 0.5752 0.9729 0.5901 0.9729 0.5752 0.9743 0.5603 0.9743 0.5603 0.9729 0.5454 0.9743 0.5454 0.9729 0.5603 0.9729 0.5454 0.9743 0.5305 0.9743 0.5305 0.9729 0.5305 0.9743 0.5156 0.9743 0.5156 0.9729 0.5156 0.9743 0.5028 0.9743 0.5027 0.973 0.5027 0.9532 0.5021 0.9533 0.5021 0.9519 0.8511 0.9783 0.8404 0.9787 0.8405 0.9773 0.8404 0.9787 0.8238 0.9783 0.8238 0.9768 0.8238 0.9783 0.807 0.9782 0.8071 0.9767 0.7903 0.978 0.7903 0.9765 0.8071 0.9767 0.7738 0.9776 0.7739 0.9761 0.7903 0.9765 0.7577 0.9772 0.7577 0.9757 0.7739 0.9761 0.7418 0.9768 0.7419 0.9753 0.7577 0.9757 0.7262 0.9765 0.7262 0.9751 0.7419 0.9753 0.7108 0.9763 0.7108 0.9748 0.7262 0.9751 0.6955 0.9761 0.6955 0.9747 0.7108 0.9748 0.6802 0.976 0.6803 0.9746 0.6955 0.9747 0.6651 0.9759 0.6651 0.9745 0.6803 0.9746 0.65 0.9759 0.65 0.9744 0.6651 0.9745 0.635 0.9758 0.635 0.9744 0.65 0.9744 0.62 0.9758 0.62 0.9744 0.635 0.9744 0.605 0.9757 0.605 0.9743 0.62 0.9744 0.5901 0.9757 0.5901 0.9743 0.605 0.9743 0.5752 0.9757 0.5752 0.9743 0.5901 0.9743 0.5603 0.9757 0.5603 0.9743 0.5752 0.9743 0.5603 0.9757 0.5454 0.9757 0.5454 0.9743 0.5454 0.9757 0.5305 0.9757 0.5305 0.9743 0.5305 0.9757 0.5156 0.9757 0.5156 0.9743 0.5156 0.9757 0.5028 0.9757 0.5028 0.9743 0.4876 0.9534 0.4882 0.9534 0.4883 0.9547 0.8511 0.9799 0.8403 0.9802 0.8404 0.9787 0.8403 0.9802 0.8238 0.9798 0.8238 0.9783 0.8238 0.9798 0.807 0.9797 0.807 0.9782 0.7903 0.9795 0.7903 0.978 0.807 0.9782 0.7738 0.9791 0.7738 0.9776 0.7903 0.978 0.7576 0.9786 0.7577 0.9772 0.7738 0.9776 0.7418 0.9782 0.7418 0.9768 0.7577 0.9772 0.7262 0.9779 0.7262 0.9765 0.7418 0.9768 0.7107 0.9777 0.7108 0.9763 0.7262 0.9765 0.6954 0.9775 0.6955 0.9761 0.7108 0.9763 0.6802 0.9774 0.6802 0.976 0.6955 0.9761 0.6651 0.9773 0.6651 0.9759 0.6802 0.976 0.65 0.9773 0.65 0.9759 0.6651 0.9759 0.635 0.9772 0.635 0.9758 0.65 0.9759 0.62 0.9772 0.62 0.9758 0.635 0.9758 0.62 0.9772 0.605 0.9771 0.605 0.9757 0.5901 0.9771 0.5901 0.9757 0.605 0.9757 0.5752 0.9771 0.5752 0.9757 0.5901 0.9757 0.5603 0.9771 0.5603 0.9757 0.5752 0.9757 0.5454 0.9771 0.5454 0.9757 0.5603 0.9757 0.5454 0.9771 0.5305 0.9771 0.5305 0.9757 0.5305 0.9771 0.5156 0.9771 0.5156 0.9757 0.5156 0.9771 0.5027 0.9771 0.5028 0.9757 0.5027 0.9395 0.502 0.9395 0.5019 0.9382 0.8511 0.9815 0.8403 0.9816 0.8403 0.9802 0.8403 0.9816 0.8238 0.9812 0.8238 0.9798 0.8238 0.9812 0.807 0.9812 0.807 0.9797 0.7903 0.9809 0.7903 0.9795 0.807 0.9797 0.7738 0.9805 0.7738 0.9791 0.7903 0.9795 0.7576 0.98 0.7576 0.9786 0.7738 0.9791 0.7418 0.9797 0.7418 0.9782 0.7576 0.9786 0.7262 0.9794 0.7262 0.9779 0.7418 0.9782 0.7107 0.9791 0.7107 0.9777 0.7262 0.9779 0.6954 0.979 0.6954 0.9775 0.7107 0.9777 0.6802 0.9788 0.6802 0.9774 0.6954 0.9775 0.6651 0.9787 0.6651 0.9773 0.6802 0.9774 0.65 0.9787 0.65 0.9773 0.6651 0.9773 0.635 0.9786 0.635 0.9772 0.65 0.9773 0.62 0.9786 0.62 0.9772 0.635 0.9772 0.605 0.9785 0.605 0.9771 0.62 0.9772 0.5901 0.9785 0.5901 0.9771 0.605 0.9771 0.5752 0.9785 0.5752 0.9771 0.5901 0.9771 0.5603 0.9785 0.5603 0.9771 0.5752 0.9771 0.5603 0.9785 0.5454 0.9785 0.5454 0.9771 0.5305 0.9785 0.5305 0.9771 0.5454 0.9771 0.5305 0.9785 0.5156 0.9785 0.5156 0.9771 0.5156 0.9785 0.5027 0.9784 0.5027 0.9771 0.4875 0.9398 0.4879 0.9398 0.4879 0.9411 0.851 0.9831 0.8402 0.983 0.8403 0.9816 0.8402 0.983 0.8238 0.9827 0.8238 0.9812 0.8238 0.9827 0.807 0.9826 0.807 0.9812 0.7902 0.9824 0.7903 0.9809 0.807 0.9812 0.7737 0.9819 0.7738 0.9805 0.7903 0.9809 0.7576 0.9815 0.7576 0.98 0.7738 0.9805 0.7417 0.9811 0.7418 0.9797 0.7576 0.98 0.7261 0.9808 0.7262 0.9794 0.7418 0.9797 0.7107 0.9805 0.7107 0.9791 0.7262 0.9794 0.6954 0.9804 0.6954 0.979 0.7107 0.9791 0.6802 0.9802 0.6802 0.9788 0.6954 0.979 0.6802 0.9802 0.6651 0.9802 0.6651 0.9787 0.65 0.9801 0.65 0.9787 0.6651 0.9787 0.635 0.98 0.635 0.9786 0.65 0.9787 0.635 0.98 0.62 0.98 0.62 0.9786 0.605 0.98 0.605 0.9785 0.62 0.9786 0.5901 0.9799 0.5901 0.9785 0.605 0.9785 0.5752 0.9799 0.5752 0.9785 0.5901 0.9785 0.5603 0.9799 0.5603 0.9785 0.5752 0.9785 0.5603 0.9799 0.5454 0.9799 0.5454 0.9785 0.5454 0.9799 0.5305 0.9799 0.5305 0.9785 0.5305 0.9799 0.5155 0.9799 0.5156 0.9785 0.5155 0.9799 0.5027 0.9798 0.5027 0.9784 0.5027 0.9546 0.5021 0.9547 0.5021 0.9533 0.851 0.9846 0.8401 0.9844 0.8402 0.983 0.8401 0.9844 0.8238 0.9841 0.8238 0.9827 0.8238 0.9841 0.807 0.9841 0.807 0.9826 0.7902 0.9838 0.7902 0.9824 0.807 0.9826 0.7737 0.9834 0.7737 0.9819 0.7902 0.9824 0.7575 0.9829 0.7576 0.9815 0.7737 0.9819 0.7417 0.9825 0.7417 0.9811 0.7576 0.9815 0.7261 0.9822 0.7261 0.9808 0.7417 0.9811 0.7107 0.9819 0.7107 0.9805 0.7261 0.9808 0.6954 0.9818 0.6954 0.9804 0.7107 0.9805 0.6802 0.9817 0.6802 0.9802 0.6954 0.9804 0.6651 0.9816 0.6651 0.9802 0.6802 0.9802 0.65 0.9815 0.65 0.9801 0.6651 0.9802 0.65 0.9815 0.635 0.9814 0.635 0.98 0.62 0.9814 0.62 0.98 0.635 0.98 0.605 0.9814 0.605 0.98 0.62 0.98 0.605 0.9814 0.5901 0.9813 0.5901 0.9799 0.5752 0.9813 0.5752 0.9799 0.5901 0.9799 0.5603 0.9813 0.5603 0.9799 0.5752 0.9799 0.5454 0.9813 0.5454 0.9799 0.5603 0.9799 0.5305 0.9813 0.5305 0.9799 0.5454 0.9799 0.5305 0.9813 0.5155 0.9813 0.5155 0.9799 0.5155 0.9813 0.5027 0.9811 0.5027 0.9798 0.5027 0.9408 0.502 0.9409 0.502 0.9395 0.8509 0.9862 0.8401 0.9858 0.8401 0.9844 0.8401 0.9858 0.8237 0.9856 0.8238 0.9841 0.8237 0.9856 0.807 0.9855 0.807 0.9841 0.807 0.9855 0.7902 0.9852 0.7902 0.9838 0.7902 0.9852 0.7736 0.9848 0.7737 0.9834 0.7575 0.9843 0.7575 0.9829 0.7737 0.9834 0.7417 0.9839 0.7417 0.9825 0.7575 0.9829 0.7417 0.9839 0.7261 0.9836 0.7261 0.9822 0.7107 0.9834 0.7107 0.9819 0.7261 0.9822 0.6954 0.9832 0.6954 0.9818 0.7107 0.9819 0.6802 0.9831 0.6802 0.9817 0.6954 0.9818 0.6651 0.983 0.6651 0.9816 0.6802 0.9817 0.65 0.9829 0.65 0.9815 0.6651 0.9816 0.635 0.9828 0.635 0.9814 0.65 0.9815 0.635 0.9828 0.62 0.9828 0.62 0.9814 0.605 0.9828 0.605 0.9814 0.62 0.9814 0.5901 0.9827 0.5901 0.9813 0.605 0.9814 0.5901 0.9827 0.5752 0.9827 0.5752 0.9813 0.5603 0.9827 0.5603 0.9813 0.5752 0.9813 0.5454 0.9827 0.5454 0.9813 0.5603 0.9813 0.5305 0.9827 0.5305 0.9813 0.5454 0.9813 0.5155 0.9828 0.5155 0.9813 0.5305 0.9813 0.5155 0.9828 0.5026 0.9825 0.5027 0.9811 0.4876 0.9548 0.4883 0.9547 0.4883 0.9561 0.8401 0.9359 0.8401 0.9345 0.8509 0.9342 0.8238 0.9362 0.8237 0.9348 0.8401 0.9345 0.807 0.9363 0.807 0.9349 0.8237 0.9348 0.7902 0.9366 0.7902 0.9351 0.807 0.9349 0.7737 0.937 0.7736 0.9356 0.7902 0.9351 0.7737 0.937 0.7575 0.9375 0.7575 0.9361 0.7575 0.9375 0.7417 0.9379 0.7416 0.9365 0.7261 0.9382 0.7261 0.9368 0.7416 0.9365 0.7261 0.9382 0.7107 0.9385 0.7107 0.9371 0.7107 0.9385 0.6954 0.9386 0.6954 0.9372 0.6954 0.9386 0.6802 0.9388 0.6802 0.9374 0.6802 0.9388 0.6651 0.9389 0.665 0.9375 0.6651 0.9389 0.65 0.939 0.65 0.9376 0.65 0.939 0.635 0.939 0.635 0.9376 0.62 0.9391 0.62 0.9377 0.635 0.9376 0.62 0.9391 0.605 0.9391 0.605 0.9377 0.605 0.9391 0.5901 0.9392 0.5901 0.9378 0.5752 0.9392 0.5752 0.9378 0.5901 0.9378 0.5752 0.9392 0.5603 0.9392 0.5603 0.9378 0.5603 0.9392 0.5454 0.9392 0.5454 0.9378 0.5454 0.9392 0.5305 0.9392 0.5305 0.9378 0.5305 0.9392 0.5155 0.9392 0.5155 0.9378 0.5027 0.9395 0.5026 0.9381 0.5155 0.9378 0.4875 0.9411 0.4879 0.9411 0.488 0.9424 0.8402 0.9373 0.8401 0.9359 0.851 0.9357 0.8238 0.9377 0.8238 0.9362 0.8401 0.9359 0.807 0.9377 0.807 0.9363 0.8238 0.9362 0.807 0.9377 0.7902 0.938 0.7902 0.9366 0.7902 0.938 0.7737 0.9385 0.7737 0.937 0.7737 0.9385 0.7576 0.9389 0.7575 0.9375 0.7576 0.9389 0.7417 0.9393 0.7417 0.9379 0.7417 0.9393 0.7261 0.9396 0.7261 0.9382 0.7261 0.9396 0.7107 0.9399 0.7107 0.9385 0.7107 0.9399 0.6954 0.9401 0.6954 0.9386 0.6954 0.9401 0.6802 0.9402 0.6802 0.9388 0.6802 0.9402 0.6651 0.9403 0.6651 0.9389 0.6651 0.9403 0.65 0.9404 0.65 0.939 0.635 0.9404 0.635 0.939 0.65 0.939 0.635 0.9404 0.62 0.9405 0.62 0.9391 0.62 0.9405 0.605 0.9405 0.605 0.9391 0.5901 0.9406 0.5901 0.9392 0.605 0.9391 0.5901 0.9406 0.5752 0.9406 0.5752 0.9392 0.5752 0.9406 0.5603 0.9406 0.5603 0.9392 0.5603 0.9406 0.5454 0.9406 0.5454 0.9392 0.5454 0.9406 0.5305 0.9406 0.5305 0.9392 0.5155 0.9406 0.5155 0.9392 0.5305 0.9392 0.5027 0.9408 0.5027 0.9395 0.5155 0.9392 0.5027 0.956 0.5021 0.9561 0.5021 0.9547 0.8403 0.9388 0.8402 0.9373 0.851 0.9373 0.8238 0.9391 0.8238 0.9377 0.8402 0.9373 0.807 0.9392 0.807 0.9377 0.8238 0.9377 0.807 0.9392 0.7902 0.9395 0.7902 0.938 0.7902 0.9395 0.7737 0.9399 0.7737 0.9385 0.7737 0.9399 0.7576 0.9403 0.7576 0.9389 0.7576 0.9403 0.7417 0.9407 0.7417 0.9393 0.7417 0.9407 0.7261 0.941 0.7261 0.9396 0.7261 0.941 0.7107 0.9413 0.7107 0.9399 0.7107 0.9413 0.6954 0.9415 0.6954 0.9401 0.6954 0.9415 0.6802 0.9416 0.6802 0.9402 0.6651 0.9417 0.6651 0.9403 0.6802 0.9402 0.6651 0.9417 0.65 0.9418 0.65 0.9404 0.65 0.9418 0.635 0.9418 0.635 0.9404 0.62 0.9419 0.62 0.9405 0.635 0.9404 0.62 0.9419 0.605 0.9419 0.605 0.9405 0.605 0.9419 0.5901 0.942 0.5901 0.9406 0.5901 0.942 0.5752 0.942 0.5752 0.9406 0.5752 0.942 0.5603 0.942 0.5603 0.9406 0.5454 0.942 0.5454 0.9406 0.5603 0.9406 0.5305 0.942 0.5305 0.9406 0.5454 0.9406 0.5155 0.942 0.5155 0.9406 0.5305 0.9406 0.5027 0.9422 0.5027 0.9408 0.5155 0.9406 0.4876 0.9562 0.4883 0.9561 0.4883 0.9575 0.8403 0.9402 0.8403 0.9388 0.8511 0.9389 0.8238 0.9406 0.8238 0.9391 0.8403 0.9388 0.807 0.9407 0.807 0.9392 0.8238 0.9391 0.807 0.9407 0.7903 0.9409 0.7902 0.9395 0.7903 0.9409 0.7738 0.9413 0.7737 0.9399 0.7738 0.9413 0.7576 0.9418 0.7576 0.9403 0.7576 0.9418 0.7418 0.9422 0.7417 0.9407 0.7418 0.9422 0.7262 0.9425 0.7261 0.941 0.7262 0.9425 0.7107 0.9427 0.7107 0.9413 0.7107 0.9427 0.6954 0.9429 0.6954 0.9415 0.6954 0.9429 0.6802 0.943 0.6802 0.9416 0.6802 0.943 0.6651 0.9431 0.6651 0.9417 0.6651 0.9431 0.65 0.9432 0.65 0.9418 0.65 0.9432 0.635 0.9433 0.635 0.9418 0.635 0.9433 0.62 0.9433 0.62 0.9419 0.62 0.9433 0.605 0.9434 0.605 0.9419 0.605 0.9434 0.5901 0.9434 0.5901 0.942 0.5901 0.9434 0.5752 0.9434 0.5752 0.942 0.5752 0.9434 0.5603 0.9434 0.5603 0.942 0.5454 0.9434 0.5454 0.942 0.5603 0.942 0.5454 0.9434 0.5305 0.9434 0.5305 0.942 0.5155 0.9434 0.5155 0.942 0.5305 0.942 0.5027 0.9435 0.5027 0.9422 0.5155 0.942 0.5027 0.9422 0.502 0.9422 0.502 0.9409 0.8404 0.9416 0.8403 0.9402 0.8511 0.9405 0.8238 0.9421 0.8238 0.9406 0.8403 0.9402 0.807 0.9421 0.807 0.9407 0.8238 0.9406 0.807 0.9421 0.7903 0.9424 0.7903 0.9409 0.7903 0.9424 0.7738 0.9428 0.7738 0.9413 0.7738 0.9428 0.7577 0.9432 0.7576 0.9418 0.7577 0.9432 0.7418 0.9436 0.7418 0.9422 0.7418 0.9436 0.7262 0.9439 0.7262 0.9425 0.7262 0.9439 0.7108 0.9441 0.7107 0.9427 0.7108 0.9441 0.6954 0.9443 0.6954 0.9429 0.6954 0.9443 0.6802 0.9444 0.6802 0.943 0.6802 0.9444 0.6651 0.9445 0.6651 0.9431 0.6651 0.9445 0.65 0.9446 0.65 0.9432 0.65 0.9446 0.635 0.9447 0.635 0.9433 0.635 0.9447 0.62 0.9447 0.62 0.9433 0.605 0.9448 0.605 0.9434 0.62 0.9433 0.605 0.9448 0.5901 0.9448 0.5901 0.9434 0.5901 0.9448 0.5752 0.9448 0.5752 0.9434 0.5752 0.9448 0.5603 0.9448 0.5603 0.9434 0.5603 0.9448 0.5454 0.9449 0.5454 0.9434 0.5305 0.9448 0.5305 0.9434 0.5454 0.9434 0.5155 0.9448 0.5155 0.9434 0.5305 0.9434 0.5027 0.9449 0.5027 0.9435 0.5155 0.9434 0.4875 0.9425 0.488 0.9424 0.488 0.9438 0.8405 0.9431 0.8404 0.9416 0.8511 0.9421 0.8238 0.9436 0.8238 0.9421 0.8404 0.9416 0.8071 0.9436 0.807 0.9421 0.8238 0.9421 0.8071 0.9436 0.7903 0.9439 0.7903 0.9424 0.7903 0.9439 0.7739 0.9443 0.7738 0.9428 0.7739 0.9443 0.7577 0.9447 0.7577 0.9432 0.7577 0.9447 0.7419 0.9451 0.7418 0.9436 0.7419 0.9451 0.7262 0.9453 0.7262 0.9439 0.7262 0.9453 0.7108 0.9456 0.7108 0.9441 0.7108 0.9456 0.6955 0.9457 0.6954 0.9443 0.6955 0.9457 0.6802 0.9458 0.6802 0.9444 0.6802 0.9458 0.6651 0.9459 0.6651 0.9445 0.6651 0.9459 0.65 0.946 0.65 0.9446 0.65 0.946 0.635 0.9461 0.635 0.9447 0.635 0.9461 0.62 0.9461 0.62 0.9447 0.62 0.9461 0.605 0.9462 0.605 0.9448 0.605 0.9462 0.5901 0.9462 0.5901 0.9448 0.5901 0.9462 0.5752 0.9462 0.5752 0.9448 0.5752 0.9462 0.5603 0.9463 0.5603 0.9448 0.5454 0.9463 0.5454 0.9449 0.5603 0.9448 0.5304 0.9463 0.5305 0.9448 0.5454 0.9449 0.5155 0.9462 0.5155 0.9448 0.5305 0.9448 0.5027 0.9463 0.5027 0.9449 0.5155 0.9448 0.5026 0.9575 0.5021 0.9575 0.5021 0.9561 0.8407 0.9446 0.8405 0.9431 0.8511 0.9437 0.8238 0.9451 0.8238 0.9436 0.8405 0.9431 0.8071 0.9452 0.8071 0.9436 0.8238 0.9436 0.8071 0.9452 0.7904 0.9454 0.7903 0.9439 0.7904 0.9454 0.7739 0.9458 0.7739 0.9443 0.7739 0.9458 0.7578 0.9462 0.7577 0.9447 0.7578 0.9462 0.7419 0.9465 0.7419 0.9451 0.7419 0.9465 0.7262 0.9468 0.7262 0.9453 0.7262 0.9468 0.7108 0.947 0.7108 0.9456 0.7108 0.947 0.6955 0.9472 0.6955 0.9457 0.6955 0.9472 0.6803 0.9473 0.6802 0.9458 0.6803 0.9473 0.6651 0.9474 0.6651 0.9459 0.6651 0.9474 0.65 0.9474 0.65 0.946 0.65 0.9474 0.635 0.9475 0.635 0.9461 0.635 0.9475 0.62 0.9475 0.62 0.9461 0.62 0.9475 0.605 0.9476 0.605 0.9462 0.605 0.9476 0.5901 0.9476 0.5901 0.9462 0.5901 0.9476 0.5752 0.9476 0.5752 0.9462 0.5603 0.9477 0.5603 0.9463 0.5752 0.9462 0.5603 0.9477 0.5454 0.9477 0.5454 0.9463 0.5304 0.9477 0.5304 0.9463 0.5454 0.9463 0.5155 0.9476 0.5155 0.9462 0.5304 0.9463 0.5027 0.9476 0.5027 0.9463 0.5155 0.9462 0.4876 0.9575 0.4883 0.9575 0.4883 0.9589 0.8408 0.9462 0.8407 0.9446 0.8511 0.9453 0.8239 0.9467 0.8238 0.9451 0.8407 0.9446 0.8071 0.9467 0.8071 0.9452 0.8238 0.9451 0.8071 0.9467 0.7904 0.9469 0.7904 0.9454 0.7904 0.9469 0.774 0.9473 0.7739 0.9458 0.774 0.9473 0.7578 0.9477 0.7578 0.9462 0.7578 0.9477 0.7419 0.948 0.7419 0.9465 0.7419 0.948 0.7263 0.9482 0.7262 0.9468 0.7263 0.9482 0.7108 0.9484 0.7108 0.947 0.7108 0.9484 0.6955 0.9486 0.6955 0.9472 0.6955 0.9486 0.6803 0.9487 0.6803 0.9473 0.6803 0.9487 0.6651 0.9488 0.6651 0.9474 0.6651 0.9488 0.65 0.9488 0.65 0.9474 0.65 0.9488 0.635 0.9489 0.635 0.9475 0.635 0.9489 0.62 0.9489 0.62 0.9475 0.62 0.9489 0.605 0.949 0.605 0.9476 0.605 0.949 0.5901 0.949 0.5901 0.9476 0.5901 0.949 0.5752 0.949 0.5752 0.9476 0.5752 0.949 0.5603 0.9491 0.5603 0.9477 0.5454 0.9491 0.5454 0.9477 0.5603 0.9477 0.5304 0.9491 0.5304 0.9477 0.5454 0.9477 0.5155 0.9491 0.5155 0.9476 0.5304 0.9477 0.5027 0.949 0.5027 0.9476 0.5155 0.9476 0.5027 0.9435 0.5021 0.9436 0.502 0.9422 0.4882 0.952 0.4882 0.9506 0.5021 0.9505 0.4882 0.9506 0.4881 0.9492 0.5021 0.9491 0.4882 0.9534 0.4882 0.952 0.5021 0.9519 0.4883 0.9547 0.4882 0.9534 0.5021 0.9533 0.4883 0.9561 0.4883 0.9547 0.5021 0.9547 0.4883 0.9575 0.4883 0.9561 0.5021 0.9561 0.4883 0.9589 0.4883 0.9575 0.5021 0.9575 0.5022 0.9603 0.4883 0.9603 0.4883 0.9589 0.4883 0.9617 0.4883 0.9603 0.5022 0.9603 0.5021 0.9631 0.4883 0.9631 0.4883 0.9617 0.5021 0.9645 0.4883 0.9645 0.4883 0.9631 0.5021 0.9659 0.4883 0.9659 0.4883 0.9645 0.5021 0.9673 0.4882 0.9673 0.4883 0.9659 0.5021 0.9687 0.4882 0.9687 0.4882 0.9673 0.5021 0.9701 0.4882 0.97 0.4882 0.9687 0.5021 0.9715 0.4882 0.9714 0.4882 0.97 0.5021 0.9729 0.4881 0.9728 0.4882 0.9714 0.5021 0.9743 0.4881 0.9741 0.4881 0.9728 0.5021 0.9756 0.4881 0.9755 0.4881 0.9741 0.5021 0.977 0.488 0.9768 0.4881 0.9755 0.5021 0.9784 0.488 0.9782 0.488 0.9768 0.502 0.9797 0.488 0.9795 0.488 0.9782 0.502 0.9811 0.488 0.9809 0.488 0.9795 0.5019 0.9824 0.488 0.9822 0.488 0.9809 0.4879 0.9398 0.488 0.9385 0.5019 0.9382 0.4879 0.9411 0.4879 0.9398 0.502 0.9395 0.488 0.9424 0.4879 0.9411 0.502 0.9409 0.488 0.9438 0.488 0.9424 0.502 0.9422 0.488 0.9451 0.488 0.9438 0.5021 0.9436 0.4881 0.9465 0.488 0.9451 0.5021 0.945 0.4881 0.9479 0.4881 0.9465 0.5021 0.9463 0.4881 0.9492 0.4881 0.9479 0.5021 0.9477 0.4875 0.9754 0.4875 0.974 0.4881 0.9741 0.5027 0.973 0.5028 0.9743 0.5021 0.9743 0.4875 0.974 0.4875 0.9727 0.4881 0.9728 0.5027 0.9716 0.5027 0.973 0.5021 0.9729 0.4875 0.9727 0.4876 0.9713 0.4882 0.9714 0.5027 0.9702 0.5027 0.9716 0.5021 0.9715 0.4876 0.9713 0.4876 0.9699 0.4882 0.97 0.5027 0.9688 0.5027 0.9702 0.5021 0.9701 0.4876 0.9699 0.4876 0.9686 0.4882 0.9687 0.5027 0.9674 0.5027 0.9688 0.5021 0.9687 0.4876 0.9686 0.4876 0.9672 0.4882 0.9673 0.5027 0.966 0.5027 0.9674 0.5021 0.9673 0.4876 0.9672 0.4876 0.9658 0.4883 0.9659 0.5027 0.9646 0.5027 0.966 0.5021 0.9659 0.4876 0.9658 0.4876 0.9645 0.4883 0.9645 0.5026 0.9631 0.5027 0.9646 0.5021 0.9645 0.5027 0.949 0.5021 0.9491 0.5021 0.9477 0.4876 0.9645 0.4876 0.9631 0.4883 0.9631 0.5026 0.9617 0.5026 0.9631 0.5021 0.9631 0.4875 0.9479 0.4881 0.9479 0.4881 0.9492 0.5027 0.9476 0.5021 0.9477 0.5021 0.9463 0.4876 0.9631 0.4876 0.9617 0.4883 0.9617 0.5026 0.9603 0.5026 0.9617 0.5021 0.9617 0.4875 0.9466 0.4881 0.9465 0.4881 0.9479 0.5027 0.9463 0.5021 0.9463 0.5021 0.945 0.4876 0.9617 0.4876 0.9603 0.4883 0.9603 0.5026 0.9603 0.5022 0.9603 0.5021 0.9589 0.4875 0.9452 0.488 0.9451 0.4881 0.9465 0.5027 0.9449 0.5021 0.945 0.5021 0.9436 0.4876 0.9589 0.4883 0.9589 0.4883 0.9603 0.5026 0.9589 0.5021 0.9589 0.5021 0.9575 0.4875 0.9439 0.488 0.9438 0.488 0.9451 0.4665 0.9496 0.4664 0.9483 0.4669 0.9483 0.4664 0.947 0.4669 0.947 0.4669 0.9483 0.4664 0.9456 0.4669 0.9456 0.4669 0.947 0.4664 0.9443 0.4669 0.9443 0.4669 0.9456 0.4664 0.9429 0.4669 0.9429 0.4669 0.9443 0.4664 0.9416 0.4669 0.9415 0.4669 0.9429 0.4663 0.9402 0.4668 0.9402 0.4669 0.9415 0.4662 0.9389 0.4667 0.9388 0.4668 0.9402 0.4662 0.9818 0.4663 0.9805 0.4669 0.9805 0.4663 0.9805 0.4664 0.9791 0.4669 0.9791 0.4664 0.9791 0.4664 0.9777 0.4669 0.9777 0.4664 0.9777 0.4664 0.9764 0.4669 0.9764 0.4664 0.9764 0.4664 0.975 0.4669 0.975 0.4664 0.975 0.4665 0.9737 0.467 0.9737 0.4665 0.9737 0.4665 0.9723 0.467 0.9724 0.4665 0.971 0.467 0.971 0.467 0.9724 0.4665 0.9697 0.467 0.9697 0.467 0.971 0.4665 0.9684 0.467 0.9684 0.467 0.9697 0.4665 0.967 0.467 0.967 0.467 0.9684 0.4665 0.9657 0.467 0.9657 0.467 0.967 0.4665 0.9644 0.467 0.9644 0.467 0.9657 0.4665 0.963 0.467 0.963 0.467 0.9644 0.4665 0.9617 0.467 0.9617 0.467 0.963 0.4665 0.9603 0.467 0.9603 0.467 0.9617 0.4665 0.9603 0.4665 0.959 0.467 0.959 0.4665 0.959 0.4665 0.9576 0.467 0.9576 0.4665 0.9576 0.4665 0.9563 0.467 0.9563 0.4665 0.9563 0.4665 0.955 0.467 0.955 0.4665 0.955 0.4665 0.9536 0.467 0.9536 0.4665 0.9536 0.4665 0.9523 0.467 0.9523 0.4665 0.9523 0.4664 0.951 0.4669 0.951 0.4664 0.951 0.4665 0.9496 0.4669 0.9496 0.4664 0.9456 0.4587 0.9458 0.4587 0.9444 0.4665 0.9523 0.4588 0.9523 0.4588 0.951 0.4665 0.9684 0.4665 0.9697 0.4588 0.9697 0.4664 0.9429 0.4664 0.9443 0.4587 0.9444 0.4665 0.9496 0.4664 0.951 0.4588 0.951 0.4665 0.9684 0.4588 0.9683 0.4588 0.967 0.4664 0.9416 0.4664 0.9429 0.4587 0.9431 0.4665 0.967 0.4588 0.967 0.4588 0.9657 0.4663 0.9402 0.4664 0.9416 0.4586 0.9418 0.4665 0.9657 0.4588 0.9657 0.4588 0.9644 0.4663 0.9402 0.4586 0.9405 0.4585 0.9392 0.4665 0.963 0.4665 0.9644 0.4588 0.9644 0.4663 0.9805 0.4662 0.9818 0.4586 0.9815 0.4665 0.9617 0.4665 0.963 0.4587 0.963 0.4663 0.9805 0.4586 0.9802 0.4587 0.9788 0.4665 0.9617 0.4587 0.9617 0.4587 0.9603 0.4664 0.9791 0.4587 0.9788 0.4587 0.9775 0.4665 0.959 0.4665 0.9603 0.4587 0.9603 0.4664 0.9777 0.4587 0.9775 0.4587 0.9762 0.4665 0.959 0.4587 0.959 0.4587 0.9577 0.4664 0.975 0.4664 0.9764 0.4587 0.9762 0.4665 0.9576 0.4587 0.9577 0.4587 0.9563 0.4665 0.9737 0.4664 0.975 0.4588 0.9749 0.4665 0.9496 0.4588 0.9497 0.4588 0.9484 0.4665 0.955 0.4665 0.9563 0.4587 0.9563 0.4665 0.9723 0.4665 0.9737 0.4588 0.9736 0.4664 0.9483 0.4588 0.9484 0.4587 0.9471 0.4665 0.9536 0.4665 0.955 0.4588 0.955 0.4665 0.971 0.4665 0.9723 0.4588 0.9723 0.4664 0.947 0.4587 0.9471 0.4587 0.9458 0.4665 0.9523 0.4665 0.9536 0.4588 0.9537 0.8604 0.947 0.8511 0.9469 0.8511 0.9453 0.8607 0.9453 0.8511 0.9453 0.8511 0.9437 0.861 0.9436 0.8511 0.9437 0.8511 0.9421 0.8613 0.9419 0.8511 0.9421 0.8511 0.9405 0.8614 0.9401 0.8511 0.9405 0.8511 0.9389 0.8616 0.9384 0.8511 0.9389 0.851 0.9373 0.8616 0.9367 0.851 0.9373 0.851 0.9357 0.8616 0.9349 0.851 0.9357 0.8509 0.9342 0.8509 0.9862 0.851 0.9846 0.8616 0.9855 0.851 0.9846 0.851 0.9831 0.8616 0.9837 0.851 0.9831 0.8511 0.9815 0.8616 0.982 0.8511 0.9815 0.8511 0.9799 0.8614 0.9802 0.8511 0.9799 0.8511 0.9783 0.8613 0.9785 0.8511 0.9783 0.8511 0.9767 0.861 0.9768 0.8511 0.9767 0.8511 0.9751 0.8607 0.9751 0.8511 0.9751 0.8511 0.9735 0.8604 0.9734 0.8511 0.9735 0.8511 0.9719 0.8601 0.9717 0.8511 0.9719 0.8511 0.9702 0.8598 0.97 0.8511 0.9702 0.851 0.9686 0.8595 0.9684 0.851 0.9686 0.851 0.9669 0.8592 0.9667 0.851 0.9669 0.851 0.9653 0.859 0.9651 0.851 0.9653 0.8509 0.9636 0.8588 0.9634 0.8509 0.9636 0.8509 0.9619 0.8587 0.9618 0.8509 0.9619 0.8509 0.9602 0.8587 0.9602 0.8587 0.9602 0.8509 0.9602 0.8509 0.9585 0.8587 0.9586 0.8509 0.9585 0.8509 0.9568 0.8588 0.9569 0.8509 0.9568 0.851 0.9551 0.859 0.9553 0.851 0.9551 0.851 0.9534 0.8592 0.9536 0.851 0.9534 0.851 0.9518 0.8595 0.952 0.851 0.9518 0.8511 0.9501 0.8601 0.9487 0.8511 0.9485 0.8511 0.9469 0.8598 0.9503 0.8511 0.9501 0.8511 0.9485 0.438 0.8706 0.3576 0.8687 0.3579 0.8651 0.3559 0.9361 0.3474 0.9361 0.3474 0.9323 0.4374 0.9357 0.3559 0.9361 0.3559 0.9323 0.4381 0.9827 0.3578 0.9846 0.3574 0.981 0.4374 0.932 0.3559 0.9323 0.356 0.9285 0.438 0.979 0.3574 0.981 0.3571 0.9773 0.4374 0.9284 0.356 0.9285 0.3559 0.9248 0.438 0.9754 0.3571 0.9773 0.3568 0.9736 0.4374 0.9248 0.3559 0.9248 0.3559 0.921 0.4379 0.9718 0.3568 0.9736 0.3567 0.9699 0.4374 0.9212 0.3559 0.921 0.3559 0.9173 0.4378 0.9682 0.3567 0.9699 0.3566 0.9662 0.4376 0.8995 0.3563 0.8984 0.3564 0.8947 0.4374 0.9176 0.3559 0.9173 0.356 0.9135 0.4378 0.9646 0.3566 0.9662 0.3565 0.9624 0.4376 0.8959 0.3564 0.8947 0.3565 0.8909 0.4374 0.9139 0.356 0.9135 0.3561 0.9097 0.4377 0.961 0.3565 0.9624 0.3564 0.9586 0.4376 0.8923 0.3565 0.8909 0.3565 0.8871 0.4375 0.9103 0.3561 0.9097 0.3561 0.9059 0.4376 0.9574 0.3564 0.9586 0.3563 0.9549 0.4377 0.8886 0.3565 0.8871 0.3566 0.8834 0.4375 0.9067 0.3561 0.9059 0.3562 0.9022 0.4376 0.9537 0.3563 0.9549 0.3562 0.9511 0.4378 0.885 0.3566 0.8834 0.3568 0.8797 0.4375 0.9031 0.3562 0.9022 0.3563 0.8984 0.4376 0.9501 0.3562 0.9511 0.3561 0.9474 0.4378 0.8814 0.3568 0.8797 0.3571 0.876 0.4375 0.9465 0.3561 0.9474 0.356 0.9436 0.4379 0.8778 0.3571 0.876 0.3572 0.8723 0.4375 0.9429 0.356 0.9436 0.3559 0.9398 0.438 0.8742 0.3572 0.8723 0.3576 0.8687 0.4375 0.9393 0.3559 0.9398 0.3559 0.9361 0.3473 0.9248 0.338 0.9248 0.338 0.921 0.3578 0.9846 0.3494 0.9862 0.3489 0.9821 0.3559 0.9323 0.3474 0.9323 0.3473 0.9285 0.3571 0.9773 0.3574 0.981 0.3489 0.9821 0.3559 0.9248 0.356 0.9285 0.3473 0.9285 0.3571 0.9773 0.3486 0.9781 0.3484 0.9742 0.3559 0.921 0.3559 0.9248 0.3473 0.9248 0.3567 0.9699 0.3568 0.9736 0.3484 0.9742 0.3559 0.921 0.3474 0.921 0.3474 0.9172 0.3566 0.9662 0.3567 0.9699 0.3481 0.9704 0.3564 0.8947 0.3563 0.8984 0.3477 0.8982 0.356 0.9135 0.3559 0.9173 0.3474 0.9172 0.3565 0.9624 0.3566 0.9662 0.348 0.9665 0.3564 0.8947 0.3477 0.8944 0.3478 0.8906 0.3561 0.9097 0.356 0.9135 0.3474 0.9134 0.3565 0.9624 0.3478 0.9627 0.3477 0.9589 0.3565 0.8909 0.3478 0.8906 0.348 0.8868 0.3561 0.9097 0.3474 0.9096 0.3475 0.9058 0.3564 0.9586 0.3477 0.9589 0.3476 0.9551 0.3565 0.8871 0.348 0.8868 0.3482 0.883 0.3562 0.9022 0.3561 0.9059 0.3475 0.9058 0.3563 0.9549 0.3476 0.9551 0.3476 0.9513 0.3568 0.8797 0.3566 0.8834 0.3482 0.883 0.3563 0.8984 0.3562 0.9022 0.3476 0.902 0.3561 0.9474 0.3562 0.9511 0.3476 0.9513 0.3568 0.8797 0.3483 0.8792 0.3485 0.8754 0.3561 0.9474 0.3475 0.9475 0.3474 0.9437 0.3572 0.8723 0.3571 0.876 0.3485 0.8754 0.356 0.9436 0.3474 0.9437 0.3474 0.9399 0.3576 0.8687 0.3572 0.8723 0.3488 0.8715 0.3559 0.9361 0.3559 0.9398 0.3474 0.9399 0.3576 0.8687 0.3491 0.8675 0.3496 0.8635 0.3381 0.9133 0.3161 0.9133 0.3161 0.9094 0.3484 0.9742 0.3387 0.9747 0.3386 0.9708 0.3474 0.921 0.338 0.921 0.338 0.9172 0.3481 0.9704 0.3386 0.9708 0.3385 0.9669 0.3477 0.8982 0.3383 0.8981 0.3383 0.8942 0.3474 0.9172 0.338 0.9172 0.3381 0.9133 0.348 0.9665 0.3385 0.9669 0.3384 0.963 0.3477 0.8944 0.3383 0.8942 0.3384 0.8904 0.3474 0.9134 0.3381 0.9133 0.3381 0.9095 0.3478 0.9627 0.3384 0.963 0.3383 0.9592 0.3478 0.8906 0.3384 0.8904 0.3385 0.8865 0.3474 0.9096 0.3381 0.9095 0.3381 0.9057 0.3477 0.9589 0.3383 0.9592 0.3382 0.9553 0.348 0.8868 0.3385 0.8865 0.3387 0.8827 0.3475 0.9058 0.3381 0.9057 0.3382 0.9019 0.3476 0.9551 0.3382 0.9553 0.3382 0.9515 0.3482 0.883 0.3387 0.8827 0.3388 0.8788 0.3476 0.902 0.3382 0.9019 0.3383 0.8981 0.3476 0.9513 0.3382 0.9515 0.3381 0.9476 0.3483 0.8792 0.3388 0.8788 0.3389 0.8749 0.3475 0.9475 0.3381 0.9476 0.3381 0.9438 0.3485 0.8754 0.3389 0.8749 0.3391 0.8709 0.3474 0.9437 0.3381 0.9438 0.338 0.94 0.3488 0.8715 0.3391 0.8709 0.3393 0.8669 0.3474 0.9399 0.338 0.94 0.338 0.9362 0.3491 0.8675 0.3393 0.8669 0.3394 0.8629 0.3474 0.9361 0.338 0.9362 0.338 0.9324 0.3494 0.9862 0.3391 0.9868 0.339 0.9827 0.3474 0.9323 0.338 0.9324 0.338 0.9286 0.3489 0.9821 0.339 0.9827 0.3388 0.9787 0.3473 0.9285 0.338 0.9286 0.338 0.9248 0.3486 0.9781 0.3388 0.9787 0.3387 0.9747 0.3137 0.9478 0.3137 0.944 0.3143 0.944 0.3384 0.963 0.3162 0.9633 0.3161 0.9594 0.3384 0.8904 0.3163 0.8901 0.3164 0.8862 0.3381 0.9095 0.3161 0.9094 0.3161 0.9055 0.3383 0.9592 0.3161 0.9594 0.3161 0.9556 0.3385 0.8865 0.3164 0.8862 0.3164 0.8824 0.3381 0.9057 0.3161 0.9055 0.3161 0.9016 0.3382 0.9553 0.3161 0.9556 0.3161 0.9517 0.3387 0.8827 0.3164 0.8824 0.3165 0.8785 0.3382 0.9019 0.3161 0.9016 0.3162 0.8978 0.3382 0.9515 0.3161 0.9517 0.3161 0.9478 0.3388 0.8788 0.3165 0.8785 0.3165 0.8745 0.3381 0.9476 0.3161 0.9478 0.316 0.944 0.3389 0.8749 0.3165 0.8745 0.3165 0.8706 0.3381 0.9438 0.316 0.944 0.316 0.9402 0.3391 0.8709 0.3165 0.8706 0.3166 0.8667 0.338 0.94 0.316 0.9402 0.316 0.9364 0.3393 0.8669 0.3166 0.8667 0.3166 0.8628 0.338 0.9362 0.316 0.9364 0.316 0.9325 0.3391 0.9868 0.3162 0.9868 0.3163 0.9828 0.338 0.9324 0.316 0.9325 0.316 0.9286 0.339 0.9827 0.3163 0.9828 0.3163 0.9788 0.338 0.9286 0.316 0.9286 0.316 0.9248 0.3388 0.9787 0.3163 0.9788 0.3162 0.9749 0.338 0.9248 0.316 0.9248 0.316 0.9209 0.3387 0.9747 0.3162 0.9749 0.3162 0.9711 0.338 0.921 0.316 0.9209 0.316 0.9171 0.3386 0.9708 0.3162 0.9711 0.3162 0.9672 0.3383 0.8981 0.3162 0.8978 0.3162 0.894 0.338 0.9172 0.316 0.9171 0.3161 0.9133 0.3385 0.9669 0.3162 0.9672 0.3162 0.9633 0.3383 0.8942 0.3162 0.894 0.3163 0.8901 0.3138 0.9633 0.2995 0.9635 0.2995 0.9596 0.3165 0.8785 0.3164 0.8824 0.3158 0.8824 0.3161 0.9055 0.3156 0.9055 0.3156 0.9016 0.3137 0.9517 0.3137 0.9478 0.3143 0.9478 0.3164 0.8824 0.3164 0.8862 0.3158 0.8862 0.3161 0.9055 0.3161 0.9094 0.3155 0.9094 0.3137 0.9517 0.3143 0.9517 0.3144 0.9556 0.3164 0.8862 0.3163 0.8901 0.3157 0.8901 0.3161 0.9094 0.3161 0.9133 0.3155 0.9132 0.3138 0.9556 0.3144 0.9556 0.3144 0.9594 0.3162 0.894 0.3157 0.894 0.3157 0.8901 0.3161 0.9133 0.316 0.9171 0.3155 0.9171 0.3138 0.9594 0.3144 0.9594 0.3144 0.9633 0.3162 0.8978 0.3156 0.8978 0.3157 0.894 0.316 0.9171 0.316 0.9209 0.3155 0.9209 0.3138 0.9633 0.3144 0.9633 0.3144 0.9672 0.316 0.9209 0.316 0.9248 0.3154 0.9248 0.3139 0.9711 0.3139 0.9672 0.3144 0.9672 0.316 0.9248 0.316 0.9286 0.3155 0.9286 0.3139 0.9749 0.3139 0.9711 0.3145 0.9711 0.316 0.9325 0.3155 0.9325 0.3155 0.9286 0.3139 0.9788 0.3139 0.9749 0.3145 0.9749 0.316 0.9364 0.3155 0.9364 0.3155 0.9325 0.3139 0.9828 0.3139 0.9788 0.3145 0.9788 0.316 0.9364 0.316 0.9402 0.3155 0.9402 0.3139 0.9828 0.3145 0.9828 0.3145 0.9867 0.316 0.9402 0.316 0.944 0.3155 0.944 0.3143 0.8628 0.3148 0.8628 0.3148 0.8667 0.3161 0.9478 0.3155 0.9478 0.3155 0.944 0.3142 0.8706 0.3142 0.8667 0.3148 0.8667 0.3161 0.9517 0.3155 0.9517 0.3155 0.9478 0.3141 0.8745 0.3142 0.8706 0.3148 0.8706 0.2994 0.9519 0.2938 0.9519 0.2937 0.9481 0.314 0.89 0.2996 0.89 0.2996 0.8861 0.3137 0.9093 0.2994 0.9094 0.2995 0.9055 0.3138 0.9594 0.2995 0.9596 0.2994 0.9557 0.314 0.8862 0.2996 0.8861 0.2997 0.8823 0.3138 0.9054 0.2995 0.9055 0.2994 0.9016 0.3138 0.9556 0.2994 0.9557 0.2994 0.9519 0.3141 0.8823 0.2997 0.8823 0.2997 0.8784 0.3138 0.9016 0.2994 0.9016 0.2994 0.8977 0.3137 0.9517 0.2994 0.9519 0.2994 0.948 0.3141 0.8784 0.2997 0.8784 0.2997 0.8745 0.3137 0.9478 0.2994 0.948 0.2994 0.9441 0.3141 0.8745 0.2997 0.8745 0.2997 0.8706 0.3137 0.944 0.2994 0.9441 0.2994 0.9403 0.3142 0.8706 0.2997 0.8706 0.2997 0.8667 0.3137 0.9402 0.2994 0.9403 0.2993 0.9364 0.3142 0.8667 0.2997 0.8667 0.2995 0.8628 0.3137 0.9363 0.2993 0.9364 0.2993 0.9326 0.3139 0.9867 0.2992 0.9866 0.2994 0.9827 0.3137 0.9325 0.2993 0.9326 0.2994 0.9287 0.3139 0.9828 0.2994 0.9827 0.2995 0.9789 0.3137 0.9286 0.2994 0.9287 0.2994 0.9249 0.3139 0.9788 0.2995 0.9789 0.2995 0.975 0.3137 0.9248 0.2994 0.9249 0.2993 0.921 0.3139 0.9749 0.2995 0.975 0.2996 0.9712 0.3137 0.9209 0.2993 0.921 0.2994 0.9171 0.3139 0.9711 0.2996 0.9712 0.2995 0.9673 0.3139 0.8978 0.2994 0.8977 0.2995 0.8939 0.3137 0.9171 0.2994 0.9171 0.2994 0.9133 0.3139 0.9672 0.2995 0.9673 0.2995 0.9635 0.3139 0.8939 0.2995 0.8939 0.2996 0.89 0.3137 0.9132 0.2994 0.9133 0.2994 0.9094 0.2937 0.9365 0.2937 0.9403 0.2887 0.9404 0.2997 0.8745 0.2997 0.8784 0.294 0.8783 0.2994 0.948 0.2937 0.9481 0.2936 0.9442 0.2997 0.8745 0.294 0.8745 0.2942 0.8706 0.2994 0.9403 0.2994 0.9441 0.2936 0.9442 0.2997 0.8706 0.2942 0.8706 0.2941 0.8669 0.2994 0.9403 0.2937 0.9403 0.2937 0.9365 0.2995 0.8628 0.2997 0.8667 0.2941 0.8669 0.2993 0.9364 0.2937 0.9365 0.2937 0.9326 0.2994 0.9827 0.2992 0.9866 0.294 0.986 0.2994 0.9287 0.2993 0.9326 0.2937 0.9326 0.2994 0.9827 0.2939 0.9825 0.2939 0.9788 0.2994 0.9287 0.2936 0.9287 0.2936 0.9248 0.2995 0.9789 0.2939 0.9788 0.2939 0.975 0.2993 0.921 0.2994 0.9249 0.2936 0.9248 0.2995 0.975 0.2939 0.975 0.2938 0.9712 0.2994 0.9171 0.2993 0.921 0.2937 0.921 0.2996 0.9712 0.2938 0.9712 0.2938 0.9674 0.2994 0.8977 0.2939 0.8977 0.2938 0.8938 0.2994 0.9171 0.2937 0.9171 0.2936 0.9132 0.2995 0.9673 0.2938 0.9674 0.2938 0.9635 0.2996 0.89 0.2995 0.8939 0.2938 0.8938 0.2994 0.9094 0.2994 0.9133 0.2936 0.9132 0.2995 0.9596 0.2995 0.9635 0.2938 0.9635 0.2996 0.8861 0.2996 0.89 0.2938 0.8899 0.2995 0.9055 0.2994 0.9094 0.2937 0.9093 0.2994 0.9557 0.2995 0.9596 0.2938 0.9597 0.2997 0.8823 0.2996 0.8861 0.2939 0.886 0.2994 0.9016 0.2995 0.9055 0.2936 0.9054 0.2994 0.9557 0.2937 0.9558 0.2938 0.9519 0.2997 0.8823 0.2939 0.8821 0.294 0.8783 0.2994 0.9016 0.2937 0.9016 0.2939 0.8977 0.2887 0.9287 0.2657 0.9288 0.2657 0.9249 0.2941 0.8669 0.2894 0.8666 0.2896 0.8628 0.2937 0.9365 0.2887 0.9365 0.2887 0.9326 0.294 0.986 0.2894 0.9866 0.2892 0.9827 0.2936 0.9287 0.2937 0.9326 0.2887 0.9326 0.2939 0.9788 0.2939 0.9825 0.2892 0.9827 0.2936 0.9287 0.2887 0.9287 0.2886 0.9248 0.2939 0.975 0.2939 0.9788 0.289 0.9789 0.2937 0.921 0.2936 0.9248 0.2886 0.9248 0.2939 0.975 0.289 0.9751 0.2889 0.9713 0.2937 0.921 0.2887 0.9209 0.2886 0.9171 0.2938 0.9712 0.2889 0.9713 0.2889 0.9674 0.2939 0.8977 0.2888 0.8976 0.2888 0.8937 0.2937 0.9171 0.2886 0.9171 0.2887 0.9132 0.2938 0.9674 0.2889 0.9674 0.2888 0.9636 0.2938 0.8899 0.2938 0.8938 0.2888 0.8937 0.2936 0.9132 0.2887 0.9132 0.2886 0.9093 0.2938 0.9597 0.2938 0.9635 0.2888 0.9636 0.2939 0.886 0.2938 0.8899 0.2889 0.8898 0.2937 0.9093 0.2886 0.9093 0.2887 0.9054 0.2937 0.9558 0.2938 0.9597 0.2888 0.9597 0.2939 0.8821 0.2939 0.886 0.2889 0.886 0.2936 0.9054 0.2887 0.9054 0.2888 0.9015 0.2938 0.9519 0.2937 0.9558 0.2888 0.9559 0.294 0.8783 0.2939 0.8821 0.289 0.8821 0.2937 0.9016 0.2888 0.9015 0.2888 0.8976 0.2937 0.9481 0.2938 0.9519 0.2888 0.952 0.294 0.8783 0.289 0.8782 0.2891 0.8743 0.2936 0.9442 0.2937 0.9481 0.2887 0.9481 0.2942 0.8706 0.294 0.8745 0.2891 0.8743 0.2936 0.9442 0.2887 0.9442 0.2887 0.9404 0.2941 0.8669 0.2942 0.8706 0.2892 0.8705 0.289 0.9789 0.2663 0.9797 0.2662 0.9758 0.2886 0.9248 0.2657 0.9249 0.2657 0.9209 0.289 0.9751 0.2662 0.9758 0.2661 0.9719 0.2887 0.9209 0.2657 0.9209 0.2657 0.917 0.2889 0.9713 0.2661 0.9719 0.266 0.9679 0.2888 0.8976 0.2658 0.8973 0.2658 0.8934 0.2886 0.9171 0.2657 0.917 0.2657 0.9131 0.2888 0.8937 0.2658 0.8934 0.2659 0.8894 0.2887 0.9132 0.2657 0.9131 0.2657 0.9091 0.2889 0.8898 0.2659 0.8894 0.2659 0.8855 0.2886 0.9093 0.2657 0.9091 0.2657 0.9052 0.2888 0.9597 0.2659 0.9601 0.2659 0.9562 0.2889 0.886 0.2659 0.8855 0.266 0.8816 0.2887 0.9054 0.2657 0.9052 0.2657 0.9013 0.2888 0.9559 0.2659 0.9562 0.2658 0.9523 0.289 0.8821 0.266 0.8816 0.2661 0.8776 0.2888 0.9015 0.2657 0.9013 0.2658 0.8973 0.2888 0.952 0.2658 0.9523 0.2658 0.9484 0.289 0.8782 0.2661 0.8776 0.2662 0.8737 0.2887 0.9481 0.2658 0.9484 0.2658 0.9445 0.2891 0.8743 0.2662 0.8737 0.2663 0.8697 0.2887 0.9442 0.2658 0.9445 0.2657 0.9405 0.2892 0.8705 0.2663 0.8697 0.2665 0.8658 0.2887 0.9404 0.2657 0.9405 0.2657 0.9366 0.2894 0.8666 0.2665 0.8658 0.2666 0.8618 0.2887 0.9365 0.2657 0.9366 0.2657 0.9327 0.2894 0.9866 0.2666 0.9874 0.2665 0.9836 0.2887 0.9326 0.2657 0.9327 0.2657 0.9288 0.2892 0.9827 0.2665 0.9836 0.2663 0.9797 0.3157 0.9749 0.3145 0.9749 0.3145 0.9711 0.3155 0.9209 0.3143 0.9209 0.3143 0.9171 0.3157 0.9711 0.3145 0.9711 0.3144 0.9672 0.3156 0.8978 0.3144 0.8978 0.3145 0.8939 0.3155 0.9171 0.3143 0.9171 0.3143 0.9132 0.3156 0.9672 0.3144 0.9672 0.3144 0.9633 0.3157 0.894 0.3145 0.8939 0.3145 0.89 0.3155 0.9132 0.3143 0.9132 0.3143 0.9093 0.3156 0.9633 0.3144 0.9633 0.3144 0.9594 0.3157 0.8901 0.3145 0.89 0.3146 0.8862 0.3155 0.9094 0.3143 0.9093 0.3143 0.9054 0.3156 0.9594 0.3144 0.9594 0.3144 0.9556 0.3158 0.8862 0.3146 0.8862 0.3146 0.8823 0.3156 0.9055 0.3143 0.9054 0.3144 0.9016 0.3156 0.9556 0.3144 0.9556 0.3143 0.9517 0.3158 0.8824 0.3146 0.8823 0.3147 0.8784 0.3156 0.9016 0.3144 0.9016 0.3144 0.8978 0.3155 0.9517 0.3143 0.9517 0.3143 0.9478 0.3159 0.8785 0.3147 0.8784 0.3147 0.8745 0.3155 0.9478 0.3143 0.9478 0.3143 0.944 0.3159 0.8745 0.3147 0.8745 0.3148 0.8706 0.3155 0.944 0.3143 0.944 0.3143 0.9402 0.316 0.8706 0.3148 0.8706 0.3148 0.8667 0.3155 0.9402 0.3143 0.9402 0.3143 0.9363 0.316 0.8667 0.3148 0.8667 0.3148 0.8628 0.3155 0.9364 0.3143 0.9363 0.3143 0.9325 0.3157 0.9867 0.3145 0.9867 0.3145 0.9828 0.3155 0.9325 0.3143 0.9325 0.3142 0.9286 0.3157 0.9828 0.3145 0.9828 0.3145 0.9788 0.3155 0.9286 0.3142 0.9286 0.3143 0.9248 0.3157 0.9788 0.3145 0.9788 0.3145 0.9749 0.3154 0.9248 0.3143 0.9248 0.3143 0.9209 0.3161 0.9016 0.3156 0.9016 0.3156 0.8978 0.3165 0.8745 0.3165 0.8785 0.3159 0.8785 0.3137 0.9402 0.3143 0.9402 0.3143 0.944 0.3165 0.8745 0.3159 0.8745 0.316 0.8706 0.3137 0.9363 0.3143 0.9363 0.3143 0.9402 0.3165 0.8706 0.316 0.8706 0.316 0.8667 0.3137 0.9363 0.3137 0.9325 0.3143 0.9325 0.3166 0.8628 0.3166 0.8667 0.316 0.8667 0.3137 0.9325 0.3137 0.9286 0.3142 0.9286 0.3163 0.9828 0.3162 0.9868 0.3157 0.9867 0.3137 0.9248 0.3143 0.9248 0.3142 0.9286 0.3163 0.9828 0.3157 0.9828 0.3157 0.9788 0.3137 0.9209 0.3143 0.9209 0.3143 0.9248 0.3163 0.9788 0.3157 0.9788 0.3157 0.9749 0.3137 0.9171 0.3143 0.9171 0.3143 0.9209 0.3139 0.8978 0.3139 0.8939 0.3145 0.8939 0.3162 0.9749 0.3157 0.9749 0.3157 0.9711 0.3137 0.9132 0.3143 0.9132 0.3143 0.9171 0.3139 0.8939 0.314 0.89 0.3145 0.89 0.3162 0.9711 0.3157 0.9711 0.3156 0.9672 0.3137 0.9093 0.3143 0.9093 0.3143 0.9132 0.314 0.8862 0.3146 0.8862 0.3145 0.89 0.3162 0.9633 0.3162 0.9672 0.3156 0.9672 0.3138 0.9054 0.3143 0.9054 0.3143 0.9093 0.3141 0.8823 0.3146 0.8823 0.3146 0.8862 0.3161 0.9594 0.3162 0.9633 0.3156 0.9633 0.3138 0.9054 0.3138 0.9016 0.3144 0.9016 0.3141 0.8784 0.3147 0.8784 0.3146 0.8823 0.3161 0.9556 0.3161 0.9594 0.3156 0.9594 0.3138 0.9016 0.3139 0.8978 0.3144 0.8978 0.3141 0.8745 0.3147 0.8745 0.3147 0.8784 0.3161 0.9517 0.3161 0.9556 0.3156 0.9556 0.2889 0.9674 0.266 0.9679 0.266 0.964 0.2888 0.9636 0.266 0.964 0.2659 0.9601 0.4495 0.5519 0.447 0.5519 0.447 0.5373 0.447 0.5519 0.4446 0.5519 0.4446 0.5373 0.4446 0.5519 0.4423 0.5519 0.4423 0.5373 0.4423 0.5519 0.4403 0.5519 0.4403 0.5373 0.4403 0.5519 0.4385 0.5519 0.4385 0.5373 0.4631 0.5526 0.4651 0.5527 0.4651 0.5672 0.4368 0.4882 0.437 0.4907 0.435 0.4907 0.4368 0.4882 0.4348 0.4882 0.435 0.4857 0.4552 0.5672 0.4532 0.5672 0.4532 0.5526 0.437 0.4857 0.435 0.4857 0.4357 0.4833 0.3867 0.5893 0.3891 0.5893 0.3891 0.6038 0.3891 0.5893 0.3912 0.5892 0.3912 0.6038 0.3912 0.5892 0.3931 0.5891 0.3931 0.6037 0.4524 0.5826 0.4505 0.5826 0.4505 0.5681 0.4505 0.5826 0.4484 0.5827 0.4484 0.5681 0.4484 0.5827 0.446 0.5827 0.446 0.5681 0.446 0.5827 0.4435 0.5827 0.4435 0.5681 0.4435 0.5827 0.441 0.5827 0.441 0.5681 0.441 0.5827 0.4385 0.5827 0.4385 0.5681 0.4238 0.6037 0.4201 0.6037 0.4201 0.5892 0.4565 0.5519 0.4544 0.5519 0.4544 0.5373 0.4419 0.5834 0.4419 0.598 0.4401 0.598 0.452 0.5519 0.4495 0.5519 0.4495 0.5373 0.4544 0.5519 0.452 0.5519 0.452 0.5373 0.4568 0.5048 0.4548 0.505 0.4543 0.502 0.4548 0.505 0.453 0.5055 0.4519 0.5028 0.453 0.5055 0.4513 0.5064 0.4496 0.5039 0.4513 0.5064 0.4498 0.5077 0.4477 0.5055 0.4486 0.5091 0.4461 0.5075 0.4477 0.5055 0.4486 0.5091 0.4477 0.5108 0.4449 0.5097 0.4471 0.5127 0.4442 0.5121 0.4449 0.5097 0.4471 0.5127 0.4469 0.5146 0.4439 0.5146 0.4471 0.5165 0.4442 0.5171 0.4439 0.5146 0.4471 0.5165 0.4477 0.5184 0.4449 0.5195 0.4477 0.5184 0.4486 0.5201 0.4461 0.5217 0.4486 0.5201 0.4498 0.5216 0.4477 0.5237 0.4513 0.5228 0.4496 0.5253 0.4477 0.5237 0.453 0.5237 0.4519 0.5265 0.4496 0.5253 0.4548 0.5242 0.4543 0.5272 0.4519 0.5265 0.4568 0.5244 0.4568 0.5274 0.4543 0.5272 0.4568 0.5244 0.4587 0.5242 0.4593 0.5272 0.4605 0.5237 0.4617 0.5265 0.4593 0.5272 0.4605 0.5237 0.4622 0.5228 0.4639 0.5253 0.4673 0.568 0.4673 0.5826 0.4636 0.5826 0.4622 0.5064 0.4605 0.5055 0.4617 0.5028 0.4605 0.5055 0.4587 0.505 0.4593 0.502 0.4568 0.5048 0.4568 0.5018 0.4593 0.502 0.4532 0.5981 0.4532 0.5836 0.4548 0.5835 0.4401 0.5834 0.4401 0.598 0.4385 0.598 0.4548 0.5981 0.4548 0.5835 0.4565 0.5835 0.4565 0.598 0.4565 0.5835 0.4584 0.5834 0.4584 0.598 0.4584 0.5834 0.4603 0.5834 0.4603 0.598 0.4603 0.5834 0.4622 0.5834 0.4622 0.598 0.4622 0.5834 0.464 0.5835 0.464 0.598 0.464 0.5835 0.4656 0.5836 0.4524 0.5834 0.4524 0.598 0.451 0.598 0.451 0.5834 0.451 0.598 0.4494 0.598 0.4475 0.5527 0.4475 0.5673 0.4456 0.5673 0.4593 0.5008 0.4568 0.501 0.4568 0.498 0.4568 0.501 0.4543 0.5008 0.4568 0.498 0.4543 0.5008 0.4519 0.5001 0.4549 0.4978 0.4519 0.5001 0.4497 0.4989 0.453 0.4973 0.4549 0.4978 0.4519 0.5001 0.453 0.4973 0.4497 0.4989 0.4477 0.4973 0.4513 0.4964 0.4477 0.4973 0.4461 0.4953 0.4498 0.4952 0.4513 0.4964 0.4477 0.4973 0.4498 0.4952 0.4461 0.4953 0.4449 0.4931 0.4486 0.4937 0.4449 0.4931 0.4442 0.4907 0.4477 0.492 0.4486 0.4937 0.4449 0.4931 0.4477 0.492 0.4442 0.4907 0.444 0.4882 0.447 0.4882 0.444 0.4882 0.4442 0.4857 0.4471 0.4863 0.4442 0.4857 0.4449 0.4833 0.4477 0.4844 0.4449 0.4833 0.4461 0.4811 0.4477 0.4844 0.4461 0.4811 0.4477 0.4791 0.4498 0.4813 0.4477 0.4791 0.4497 0.4775 0.4513 0.48 0.4497 0.4775 0.4519 0.4763 0.453 0.4791 0.4519 0.4763 0.4543 0.4756 0.4549 0.4786 0.4543 0.4756 0.4568 0.4754 0.4568 0.4784 0.4568 0.4754 0.4593 0.4756 0.4587 0.4786 0.4593 0.4756 0.4617 0.4763 0.4605 0.4791 0.4617 0.4763 0.4639 0.4775 0.4605 0.4791 0.4639 0.4775 0.4637 0.4813 0.4622 0.48 0.4639 0.4775 0.4622 0.48 0.4605 0.4791 0.4568 0.4754 0.4587 0.4786 0.4568 0.4784 0.4477 0.4791 0.4513 0.48 0.4498 0.4813 0.4519 0.4763 0.4549 0.4786 0.453 0.4791 0.444 0.4882 0.4471 0.4863 0.447 0.4882 0.4568 0.498 0.4543 0.5008 0.4549 0.4978 0.4639 0.4989 0.4617 0.5001 0.4605 0.4973 0.4617 0.5001 0.4593 0.5008 0.4587 0.4978 0.4622 0.4964 0.4637 0.4952 0.4639 0.4989 0.4605 0.4973 0.4622 0.4964 0.4639 0.4989 0.4617 0.5001 0.4587 0.4978 0.4605 0.4973 0.4593 0.4756 0.4605 0.4791 0.4587 0.4786 0.4568 0.498 0.4587 0.4978 0.4593 0.5008 0.4543 0.4756 0.4568 0.4784 0.4549 0.4786 0.4497 0.4775 0.453 0.4791 0.4513 0.48 0.4513 0.4964 0.453 0.4973 0.4497 0.4989 0.4498 0.4952 0.4461 0.4953 0.4486 0.4937 0.4461 0.4811 0.4498 0.4813 0.4486 0.4827 0.4461 0.4811 0.4486 0.4827 0.4477 0.4844 0.4442 0.4857 0.4477 0.4844 0.4471 0.4863 0.4471 0.4901 0.4477 0.492 0.4442 0.4907 0.4494 0.5834 0.4494 0.598 0.4476 0.598 0.4456 0.5527 0.4456 0.5673 0.4437 0.5673 0.4664 0.5981 0.4664 0.5835 0.4678 0.5834 0.4476 0.5834 0.4476 0.598 0.4457 0.598 0.4437 0.5527 0.4437 0.5673 0.4418 0.5673 0.4524 0.5526 0.4524 0.5672 0.451 0.5672 0.4457 0.5834 0.4457 0.598 0.4437 0.598 0.4418 0.5527 0.4418 0.5673 0.4401 0.5672 0.451 0.5526 0.451 0.5672 0.4493 0.5673 0.4437 0.5834 0.4437 0.598 0.4419 0.598 0.4401 0.5527 0.4401 0.5672 0.4385 0.5672 0.4493 0.5527 0.4493 0.5673 0.4475 0.5673 0.4628 0.5827 0.4606 0.5826 0.4606 0.5681 0.4606 0.5826 0.4581 0.5826 0.4581 0.5681 0.4581 0.5826 0.4556 0.5826 0.4556 0.568 0.4556 0.5826 0.4531 0.5826 0.4531 0.5681 0.437 0.5171 0.4378 0.5195 0.4357 0.5195 0.437 0.4907 0.4378 0.4931 0.4357 0.4931 0.4368 0.5146 0.437 0.5171 0.435 0.5171 0.4368 0.5146 0.4348 0.5146 0.435 0.5121 0.4642 0.5373 0.4662 0.5373 0.4662 0.5518 0.437 0.5121 0.435 0.5121 0.4357 0.5097 0.4442 0.5121 0.437 0.5121 0.4378 0.5097 0.4573 0.5373 0.4642 0.5373 0.4642 0.5518 0.4439 0.5146 0.4368 0.5146 0.437 0.5121 0.4439 0.5146 0.4442 0.5171 0.437 0.5171 0.4442 0.4907 0.4449 0.4931 0.4378 0.4931 0.4442 0.5171 0.4449 0.5195 0.4378 0.5195 0.4442 0.4857 0.437 0.4857 0.4378 0.4833 0.4624 0.5672 0.4552 0.5672 0.4552 0.5526 0.444 0.4882 0.4368 0.4882 0.437 0.4857 0.444 0.4882 0.4442 0.4907 0.437 0.4907 0.7372 0.5822 0.7174 0.592 0.7094 0.5714 0.7058 0.5278 0.7106 0.5061 0.7314 0.5132 0.7106 0.5061 0.7193 0.4858 0.7384 0.4969 0.7193 0.4858 0.7319 0.4679 0.7485 0.4824 0.7485 0.4824 0.7319 0.4679 0.748 0.4526 0.7613 0.47 0.748 0.4526 0.7668 0.4407 0.7668 0.4407 0.7871 0.4329 0.7927 0.4541 0.7927 0.4541 0.7871 0.4329 0.8083 0.4292 0.8099 0.451 0.8083 0.4292 0.8301 0.4294 0.8301 0.4294 0.8517 0.4337 0.8448 0.4546 0.8517 0.4337 0.8722 0.4423 0.8613 0.4616 0.8613 0.4616 0.8722 0.4423 0.8907 0.4551 0.8761 0.4718 0.8907 0.4551 0.9062 0.4713 0.9062 0.4713 0.9179 0.49 0.8981 0.4997 0.9179 0.49 0.9256 0.5106 0.9044 0.5162 0.9044 0.5162 0.9256 0.5106 0.9296 0.5323 0.9296 0.5323 0.9288 0.5544 0.9071 0.5514 0.9288 0.5544 0.9241 0.5759 0.9033 0.5687 0.9033 0.5687 0.9241 0.5759 0.9149 0.5959 0.896 0.5848 0.9149 0.5959 0.9021 0.6139 0.8858 0.5993 0.9021 0.6139 0.8864 0.6288 0.8732 0.6114 0.8864 0.6288 0.8681 0.6403 0.8584 0.6208 0.8681 0.6403 0.8477 0.6482 0.8477 0.6482 0.8263 0.6523 0.8248 0.6305 0.8263 0.6523 0.8046 0.6518 0.8073 0.6302 0.8046 0.6518 0.7833 0.6474 0.7901 0.6267 0.7833 0.6474 0.763 0.6389 0.7738 0.6198 0.763 0.6389 0.7447 0.6263 0.7591 0.6097 0.7591 0.6097 0.7447 0.6263 0.7292 0.6105 0.7467 0.5971 0.7292 0.6105 0.7174 0.592 0.7273 0.5482 0.7053 0.5497 0.7058 0.5278 0.8098 0.4003 0.7954 0.4047 0.7804 0.4062 0.7804 0.4062 0.7653 0.4047 0.7509 0.4003 0.7509 0.4003 0.7376 0.3932 0.7259 0.3836 0.7259 0.3836 0.7164 0.372 0.7093 0.3587 0.7093 0.3587 0.7049 0.3442 0.7034 0.3292 0.7034 0.3292 0.7049 0.3142 0.7093 0.2998 0.7093 0.2998 0.7164 0.2865 0.7259 0.2748 0.7259 0.2748 0.7376 0.2653 0.7509 0.2581 0.7509 0.2581 0.7653 0.2538 0.7804 0.2523 0.7804 0.2523 0.7954 0.2538 0.8098 0.2581 0.8098 0.2581 0.8231 0.2653 0.8348 0.2748 0.8348 0.2748 0.8443 0.2865 0.8514 0.2998 0.8514 0.2998 0.8558 0.3142 0.8573 0.3292 0.8573 0.3292 0.8558 0.3442 0.8514 0.3587 0.8514 0.3587 0.8443 0.372 0.8348 0.3836 0.8348 0.3836 0.8231 0.3932 0.8098 0.4003 0.8098 0.4003 0.7804 0.4062 0.7093 0.3587 0.7804 0.4062 0.7509 0.4003 0.7093 0.3587 0.7509 0.4003 0.7259 0.3836 0.7093 0.3587 0.7093 0.3587 0.7034 0.3292 0.7509 0.2581 0.7034 0.3292 0.7093 0.2998 0.7509 0.2581 0.7093 0.2998 0.7259 0.2748 0.7509 0.2581 0.7509 0.2581 0.7804 0.2523 0.8514 0.2998 0.7804 0.2523 0.8098 0.2581 0.8514 0.2998 0.8098 0.2581 0.8348 0.2748 0.8514 0.2998 0.8514 0.2998 0.8573 0.3292 0.8098 0.4003 0.8573 0.3292 0.8514 0.3587 0.8098 0.4003 0.8514 0.3587 0.8348 0.3836 0.8098 0.4003 0.8098 0.4003 0.7093 0.3587 0.7509 0.2581 0.7094 0.5714 0.7053 0.5497 0.7273 0.5482 0.7518 0.5599 0.7494 0.5468 0.7562 0.5462 0.7094 0.5714 0.6966 0.575 0.6931 0.5506 0.7494 0.5468 0.7494 0.5334 0.7563 0.5341 0.7053 0.5497 0.6931 0.5506 0.6931 0.5264 0.7494 0.5334 0.7522 0.5203 0.7588 0.5223 0.7058 0.5278 0.6931 0.5264 0.6979 0.502 0.7522 0.5203 0.7575 0.5079 0.7636 0.5112 0.7106 0.5061 0.6979 0.502 0.7086 0.4798 0.7651 0.4969 0.7704 0.5013 0.7636 0.5112 0.7319 0.4679 0.7193 0.4858 0.7086 0.4798 0.7651 0.4969 0.7747 0.4874 0.779 0.4928 0.7319 0.4679 0.7221 0.4597 0.7398 0.4419 0.7747 0.4874 0.7859 0.4802 0.7891 0.4863 0.748 0.4526 0.7398 0.4419 0.7613 0.4293 0.7983 0.4752 0.8003 0.4818 0.7891 0.4863 0.7871 0.4329 0.7668 0.4407 0.7613 0.4293 0.7983 0.4752 0.8115 0.4728 0.8121 0.4797 0.7871 0.4329 0.7839 0.4214 0.8072 0.4168 0.8248 0.4728 0.8241 0.4797 0.8121 0.4797 0.8301 0.4294 0.8083 0.4292 0.8072 0.4168 0.8248 0.4728 0.8379 0.4756 0.8359 0.4822 0.8301 0.4294 0.8314 0.4168 0.8554 0.4214 0.8379 0.4756 0.8503 0.4809 0.847 0.487 0.8517 0.4337 0.8554 0.4214 0.8784 0.4307 0.8615 0.4884 0.857 0.4937 0.847 0.487 0.8907 0.4551 0.8722 0.4423 0.8784 0.4307 0.8708 0.4981 0.8654 0.5024 0.857 0.4937 0.9062 0.4713 0.8907 0.4551 0.8996 0.4447 0.8708 0.4981 0.8782 0.5093 0.872 0.5125 0.9062 0.4713 0.9165 0.4636 0.9289 0.4845 0.8831 0.5218 0.8765 0.5238 0.872 0.5125 0.9256 0.5106 0.9179 0.49 0.9289 0.4845 0.8831 0.5218 0.8855 0.535 0.8786 0.5356 0.9256 0.5106 0.9383 0.5071 0.9419 0.5314 0.8853 0.5484 0.8785 0.5477 0.8786 0.5356 0.9288 0.5544 0.9296 0.5323 0.9419 0.5314 0.8825 0.5615 0.8759 0.5594 0.8785 0.5477 0.9241 0.5759 0.9288 0.5544 0.9419 0.556 0.8825 0.5615 0.8772 0.5738 0.8711 0.5705 0.9241 0.5759 0.9358 0.5798 0.9264 0.6025 0.8695 0.5848 0.8643 0.5803 0.8711 0.5705 0.9021 0.6139 0.9149 0.5959 0.9264 0.6025 0.8599 0.5941 0.8557 0.5887 0.8643 0.5803 0.8864 0.6288 0.9021 0.6139 0.9115 0.6223 0.8488 0.6013 0.8457 0.5952 0.8557 0.5887 0.8681 0.6403 0.8864 0.6288 0.8937 0.6382 0.8364 0.6063 0.8345 0.5996 0.8457 0.5952 0.8477 0.6482 0.8681 0.6403 0.8739 0.6514 0.8364 0.6063 0.8233 0.6087 0.8228 0.6019 0.8477 0.6482 0.8512 0.6609 0.8271 0.6643 0.8233 0.6087 0.81 0.6086 0.8108 0.6018 0.8263 0.6523 0.8271 0.6643 0.8033 0.6642 0.81 0.6086 0.7969 0.6059 0.799 0.5993 0.8046 0.6518 0.8033 0.6642 0.7796 0.6596 0.7969 0.6059 0.7846 0.6007 0.788 0.5946 0.7833 0.6474 0.7796 0.6596 0.7569 0.6503 0.7735 0.5932 0.778 0.5879 0.788 0.5946 0.7447 0.6263 0.763 0.6389 0.7569 0.6503 0.7735 0.5932 0.7642 0.5836 0.7695 0.5793 0.7447 0.6263 0.736 0.6365 0.7195 0.6181 0.7569 0.5724 0.763 0.5692 0.7695 0.5793 0.7174 0.592 0.7292 0.6105 0.7195 0.6181 0.7518 0.5599 0.7584 0.558 0.763 0.5692 0.7094 0.5714 0.7174 0.592 0.7062 0.598 0.3287 0.675 0.4081 0.675 0.4081 0.6793 0.8002 0.5423 0.8008 0.5456 0.7584 0.558 0.8002 0.5423 0.7562 0.5462 0.7563 0.5341 0.8009 0.5356 0.8002 0.5389 0.7563 0.5341 0.8022 0.5325 0.8009 0.5356 0.7588 0.5223 0.8042 0.5297 0.8022 0.5325 0.7636 0.5112 0.8042 0.5297 0.7704 0.5013 0.779 0.4928 0.8066 0.5273 0.779 0.4928 0.7891 0.4863 0.8094 0.5254 0.7891 0.4863 0.8003 0.4818 0.8159 0.5236 0.8126 0.5242 0.8003 0.4818 0.8193 0.5236 0.8159 0.5236 0.8121 0.4797 0.8226 0.5243 0.8193 0.5236 0.8241 0.4797 0.8226 0.5243 0.8359 0.4822 0.847 0.487 0.8286 0.5276 0.8258 0.5256 0.847 0.487 0.8286 0.5276 0.857 0.4937 0.8654 0.5024 0.831 0.53 0.8654 0.5024 0.872 0.5125 0.8328 0.5328 0.872 0.5125 0.8765 0.5238 0.8347 0.5393 0.8341 0.536 0.8765 0.5238 0.8346 0.5427 0.8347 0.5393 0.8786 0.5356 0.8339 0.546 0.8346 0.5427 0.8785 0.5477 0.8339 0.546 0.8759 0.5594 0.8711 0.5705 0.8326 0.5492 0.8711 0.5705 0.8643 0.5803 0.8307 0.552 0.8643 0.5803 0.8557 0.5887 0.8254 0.5562 0.8282 0.5543 0.8557 0.5887 0.8254 0.5562 0.8457 0.5952 0.8345 0.5996 0.8189 0.5581 0.8222 0.5574 0.8345 0.5996 0.8189 0.5581 0.8228 0.6019 0.8108 0.6018 0.8122 0.5573 0.8155 0.558 0.8108 0.6018 0.8091 0.556 0.8122 0.5573 0.799 0.5993 0.8091 0.556 0.788 0.5946 0.778 0.5879 0.8063 0.5541 0.778 0.5879 0.7695 0.5793 0.8021 0.5488 0.8039 0.5516 0.7695 0.5793 0.8021 0.5488 0.763 0.5692 0.7584 0.558 0.3287 0.7304 0.4081 0.7304 0.4081 0.7346 0.3287 0.6154 0.4081 0.6154 0.4081 0.6196 0.3287 0.6707 0.4081 0.6707 0.4081 0.675 0.3287 0.7261 0.4081 0.7261 0.4081 0.7304 0.3287 0.6111 0.4081 0.6111 0.4081 0.6154 0.3287 0.6665 0.4081 0.6665 0.4081 0.6707 0.3287 0.7218 0.4081 0.7218 0.4081 0.7261 0.3287 0.6069 0.4081 0.6069 0.4081 0.6111 0.3287 0.6622 0.4081 0.6622 0.4081 0.6665 0.3287 0.7176 0.4081 0.7176 0.4081 0.7218 0.3287 0.658 0.4081 0.658 0.4081 0.6622 0.3287 0.7133 0.4081 0.7133 0.4081 0.7176 0.3287 0.6537 0.4081 0.6537 0.4081 0.658 0.3287 0.7091 0.4081 0.7091 0.4081 0.7133 0.3287 0.6494 0.4081 0.6494 0.4081 0.6537 0.3287 0.7048 0.4081 0.7048 0.4081 0.7091 0.3287 0.6452 0.4081 0.6452 0.4081 0.6494 0.3287 0.7005 0.4081 0.7005 0.4081 0.7048 0.3287 0.6409 0.4081 0.6409 0.4081 0.6452 0.3287 0.6963 0.4081 0.6963 0.4081 0.7005 0.3287 0.6367 0.4081 0.6367 0.4081 0.6409 0.3287 0.692 0.4081 0.692 0.4081 0.6963 0.3287 0.6324 0.4081 0.6324 0.4081 0.6367 0.3287 0.6878 0.4081 0.6878 0.4081 0.692 0.3287 0.6282 0.4081 0.6282 0.4081 0.6324 0.3287 0.6835 0.4081 0.6835 0.4081 0.6878 0.3287 0.7389 0.4081 0.7389 0.4081 0.7431 0.3287 0.6239 0.4081 0.6239 0.4081 0.6282 0.3287 0.6793 0.4081 0.6793 0.4081 0.6835 0.3287 0.7346 0.4081 0.7346 0.4081 0.7389 0.3287 0.6196 0.4081 0.6196 0.4081 0.6239 0.2506 0.1273 0.2366 0.1274 0.2364 0.06699997 0.2225 0.1274 0.2084 0.1274 0.208 0.06689995 0.2084 0.1274 0.1942999 0.1274999 0.1938 0.06699997 0.1942999 0.1274999 0.1802 0.1277 0.1796 0.06699997 0.1802 0.1277 0.166 0.128 0.1653 0.06709998 0.166 0.128 0.1518 0.1281999 0.1511 0.06709998 0.1518 0.1281999 0.1375 0.1285 0.1368 0.06709998 0.1375 0.1285 0.1231 0.1289 0.1224 0.06709998 0.1231 0.1289 0.1085 0.1292 0.108 0.06709998 0.1085 0.1292 0.09389996 0.1296 0.09359997 0.06699997 0.09389996 0.1296 0.07909995 0.1299 0.07899999 0.06679999 0.07909995 0.1299 0.06419998 0.1303 0.0643 0.06639999 0.06419998 0.1303 0.04899996 0.1307 0.04939997 0.06589996 0.04899996 0.1307 0.03369998 0.1310999 0.03439998 0.06519997 0.03369998 0.1310999 0.01809996 0.1315 0.01899999 0.06439995 0.01809996 0.1315 0.002299964 0.1314 0.003399968 0.06349998 0.4697 0.1335999 0.4537 0.1331 0.4536 0.06569999 0.4537 0.1331 0.4382 0.1324 0.438 0.06629997 0.4382 0.1324 0.4229 0.1317999 0.4228 0.06689995 0.4229 0.1317999 0.4079 0.1312 0.4079 0.06729996 0.4079 0.1312 0.3931 0.1306 0.3932 0.06749999 0.3931 0.1306 0.3784 0.1301 0.3786 0.06769996 0.3784 0.1301 0.3639 0.1296 0.3642 0.06769996 0.3639 0.1296 0.3495 0.1292 0.3499 0.06769996 0.3495 0.1292 0.3352 0.1288 0.3356 0.06769996 0.3352 0.1288 0.3209 0.1284 0.3214 0.06759995 0.3209 0.1284 0.3068 0.1281 0.3072 0.06749999 0.3068 0.1281 0.2927 0.1278 0.293 0.06729996 0.2927 0.1278 0.2786 0.1276 0.2788 0.0672 0.2786 0.1276 0.2646 0.1274 0.2647 0.06709998 0.194 0.4578 0.2041 0.4566 0.2068 0.4839 0.2366 0.1274 0.2225 0.1274 0.2222 0.06699997 0.2646 0.1274 0.2506 0.1273 0.2505 0.06699997 0.2962 0.4913 0.2926 0.5021 0.2844 0.4994 0.1088 0.4828 0.1242 0.512 0.115 0.5178 0.3472 0.4805 0.3315 0.5068 0.3228 0.5021 0.2543 0.4559 0.2517 0.4827 0.2427 0.4822 0.1419 0.4697 0.1525 0.4665 0.1611 0.4948 0.3908 0.5119 0.3632 0.5327 0.3561 0.5251 0.2948 0.462 0.2874 0.4887 0.2785 0.4866 0.194 0.4578 0.1977 0.4853 0.1886 0.487 0.08569997 0.495 0.0974 0.4884 0.115 0.5178 0.3259 0.4712 0.3364 0.4756 0.3228 0.5021 0.2443 0.4554 0.2427 0.4822 0.2337999 0.4821 0.1419 0.4697 0.1518999 0.4983 0.1427 0.5023 0.3689 0.4933 0.3799 0.5017 0.3561 0.5251 0.2846 0.4598 0.2785 0.4866 0.2696 0.4849 0.1735 0.4614 0.1838 0.4594 0.1886 0.487 0.08569997 0.495 0.106 0.5243 0.09709995 0.5315 0.3154 0.4676 0.3259 0.4712 0.314 0.498 0.2142 0.4558 0.2243 0.4553 0.2248 0.4823 0.2243 0.4553 0.2343 0.4551 0.2337999 0.4821 0.1310999 0.4735 0.1427 0.5023 0.1334 0.5068 0.358 0.4864 0.3689 0.4933 0.3483 0.5183 0.2644 0.4569 0.2745 0.4582 0.2696 0.4849 0.1631 0.4637 0.1735 0.4614 0.1795 0.4892 0.06139999 0.512 0.07379996 0.5027 0.09709995 0.5315 0.3154 0.4676 0.3051 0.4944 0.2962 0.4913 0.2142 0.4558 0.2158 0.4829 0.2068 0.4839 0.1201 0.4778 0.1334 0.5068 0.1242 0.512 0.358 0.4864 0.34 0.5122 0.3315 0.5068 0.2644 0.4569 0.2606 0.4836 0.2517 0.4827 0.1525 0.4665 0.1631 0.4637 0.1703 0.4917 0.06139999 0.512 0.08869999 0.5396 0.08089995 0.5488 0.3051 0.4645 0.2962 0.4913 0.2874 0.4887 0.2965 0.4546 0.3071 0.4572 0.3051 0.4645 0.03959995 0.5131 0.05439996 0.5025 0.06139999 0.512 0.1504999 0.4589 0.1613 0.4562 0.1631 0.4637 0.2549 0.4487 0.2652 0.4497 0.2644 0.4569 0.3625 0.4785 0.358 0.4864 0.3472 0.4805 0.1052 0.4746 0.1169 0.4698 0.1201 0.4778 0.2035 0.4494 0.2138 0.4486 0.2142 0.4558 0.2127 0.4299 0.2236 0.4295 0.2238 0.4356 0.3071 0.4572 0.3178 0.4601 0.3154 0.4676 0.0679 0.4938 0.07379996 0.5027 0.06139999 0.512 0.172 0.454 0.1735 0.4614 0.1631 0.4637 0.2756 0.4509 0.2745 0.4582 0.2644 0.4569 0.3743 0.4853 0.3689 0.4933 0.358 0.4864 0.1283 0.4656 0.1310999 0.4735 0.1201 0.4778 0.2240999 0.4481 0.2243 0.4553 0.2142 0.4558 0.2240999 0.4481 0.2344 0.4479 0.2343 0.4551 0.3286 0.4636 0.3259 0.4712 0.3154 0.4676 0.08079999 0.4864 0.08569997 0.495 0.07379996 0.5027 0.1826 0.4521 0.1838 0.4594 0.1735 0.4614 0.3117 0.4376 0.3103 0.4441 0.2991 0.4418 0.03959995 0.475 0.04389995 0.4843 0.02709996 0.4928 0.1572 0.4366 0.1585 0.4431 0.1472 0.4456 0.2561 0.43 0.267 0.4308 0.2665 0.437 0.3599 0.4512 0.373 0.4562 0.3698 0.4638 0.1094 0.4485 0.1118 0.4556 0.09929996 0.4599 0.286 0.4526 0.2965 0.4546 0.2948 0.462 0.399 0.5036 0.3908 0.5119 0.3799 0.5017 0.1504999 0.4589 0.1525 0.4665 0.1419 0.4697 0.2445999 0.4482 0.2549 0.4487 0.2543 0.4559 0.3397 0.4679 0.351 0.4727 0.3472 0.4805 0.09319996 0.4801 0.1052 0.4746 0.1088 0.4828 0.1931 0.4506 0.2035 0.4494 0.2041 0.4566 0.3003 0.4354 0.2991 0.4418 0.2882 0.4398 0.4014 0.4689 0.4173 0.4766 0.4121 0.4863 0.1339 0.4417 0.1457 0.4389 0.1472 0.4456 0.2452 0.4295 0.2561 0.43 0.2557 0.4362 0.3472 0.4469 0.3599 0.4512 0.3572 0.4585 0.09669995 0.4526 0.09929996 0.4599 0.08649998 0.4649 0.2018 0.4306 0.2024 0.4368 0.1916 0.4379 0.3117 0.4376 0.3233 0.4403 0.3216 0.4469 0.05509996 0.4685 0.05899995 0.4771 0.04389995 0.4843 0.1572 0.4366 0.1686 0.4346 0.1697 0.441 0.278 0.432 0.2773 0.4383 0.2665 0.437 0.3868 0.4621 0.383 0.4701 0.3698 0.4638 0.1218 0.4448 0.1238999 0.4518 0.1118 0.4556 0.2236 0.4295 0.2344 0.4294 0.2344 0.4355 0.3351 0.4435 0.3331 0.4502 0.3216 0.4469 0.06959998 0.4626 0.07309997 0.4706 0.05899995 0.4771 0.1798 0.4329 0.1807 0.4393 0.1697 0.441 0.2891 0.4335 0.2882 0.4398 0.2773 0.4383 0.3868 0.4621 0.4014 0.4689 0.3969 0.4774 0.1218 0.4448 0.1339 0.4417 0.1356 0.4484 0.2452 0.4295 0.2451 0.4357 0.2344 0.4355 0.3472 0.4469 0.3449 0.454 0.3331 0.4502 0.08340001 0.4573 0.08649998 0.4649 0.07309997 0.4706 0.1798 0.4329 0.1909 0.4316 0.1916 0.4379 0.286 0.4526 0.2846 0.4598 0.2745 0.4582 0.3743 0.4853 0.3864 0.4935 0.3799 0.5017 0.1283 0.4656 0.1395 0.462 0.1419 0.4697 0.2344 0.4479 0.2445999 0.4482 0.2443 0.4554 0.3397 0.4679 0.3364 0.4756 0.3259 0.4712 0.09319996 0.4801 0.0974 0.4884 0.08569997 0.495 0.1931 0.4506 0.194 0.4578 0.1838 0.4594 0.3541 0.5403 0.3372 0.5593 0.3309 0.553 0.115 0.5178 0.1242 0.512 0.1309 0.5231 0.2785 0.4866 0.2874 0.4887 0.2844 0.4994 0.106 0.5243 0.115 0.5178 0.1226 0.5288 0.2785 0.4866 0.276 0.4974 0.2676 0.4957 0.106 0.5243 0.1144 0.5351 0.1064 0.542 0.2248 0.4823 0.2251999 0.4933 0.2166 0.494 0.2606 0.4836 0.2696 0.4849 0.2676 0.4957 0.09709995 0.5315 0.1064 0.542 0.09889996 0.5494 0.2068 0.4839 0.2158 0.4829 0.2166 0.494 0.2517 0.4827 0.2606 0.4836 0.2591 0.4945 0.08089995 0.5488 0.08869999 0.5396 0.09889996 0.5494 0.1977 0.4853 0.2068 0.4839 0.2081 0.495 0.2517 0.4827 0.2507 0.4936 0.2422 0.4932 0.3632 0.5327 0.3541 0.5403 0.3475 0.5339 0.1977 0.4853 0.1995 0.4964 0.1909 0.4982 0.2427 0.4822 0.2422 0.4932 0.2337 0.4931 0.3483 0.5183 0.3561 0.5251 0.3475 0.5339 0.1886 0.487 0.1909 0.4982 0.1823 0.5004 0.2248 0.4823 0.2337999 0.4821 0.2337 0.4931 0.34 0.5122 0.3483 0.5183 0.3404 0.5278 0.1795 0.4892 0.1823 0.5004 0.1737 0.503 0.34 0.5122 0.3329 0.5222 0.3251 0.5171 0.1611 0.4948 0.1703 0.4917 0.1737 0.503 0.3315 0.5068 0.3251 0.5171 0.3171 0.5125 0.1611 0.4948 0.1651 0.506 0.1565 0.5095 0.314 0.498 0.3228 0.5021 0.3171 0.5125 0.1427 0.5023 0.1518999 0.4983 0.1565 0.5095 0.314 0.498 0.3091 0.5085 0.3009 0.5051 0.1427 0.5023 0.1479 0.5135 0.1394 0.5181 0.2962 0.4913 0.3051 0.4944 0.3009 0.5051 0.1242 0.512 0.1334 0.5068 0.1394 0.5181 0.3164 0.5444 0.3126 0.5491 0.3069 0.5446 0.1995 0.4964 0.2039999 0.5186 0.1965 0.5204 0.2422 0.4932 0.2415 0.5152 0.2341 0.5152 0.3475 0.5339 0.3309 0.553 0.3247 0.5471 0.1909 0.4982 0.1965 0.5204 0.1891 0.5225 0.2337 0.4931 0.2341 0.5152 0.2266 0.5155 0.3404 0.5278 0.3247 0.5471 0.3185 0.5418 0.1823 0.5004 0.1891 0.5225 0.1816 0.5251 0.3329 0.5222 0.3185 0.5418 0.3122 0.5371 0.1737 0.503 0.1816 0.5251 0.1741999 0.528 0.3251 0.5171 0.3122 0.5371 0.3056 0.5329 0.1651 0.506 0.1741999 0.528 0.1669 0.5314 0.3171 0.5125 0.3056 0.5329 0.299 0.5292 0.1565 0.5095 0.1669 0.5314 0.1597 0.5352 0.3091 0.5085 0.299 0.5292 0.2921 0.526 0.1479 0.5135 0.1597 0.5352 0.1526 0.5395 0.3009 0.5051 0.2921 0.526 0.2852 0.5232 0.1394 0.5181 0.1526 0.5395 0.1455 0.5444 0.2926 0.5021 0.2852 0.5232 0.2781 0.5209 0.1309 0.5231 0.1455 0.5444 0.1387 0.5497 0.2844 0.4994 0.2781 0.5209 0.271 0.519 0.1226 0.5288 0.1387 0.5497 0.1319 0.5556 0.276 0.4974 0.271 0.519 0.2637 0.5175 0.1144 0.5351 0.1319 0.5556 0.1253 0.5621 0.2251999 0.4933 0.2266 0.5155 0.2190999 0.5162 0.2676 0.4957 0.2637 0.5175 0.2564 0.5164 0.1064 0.542 0.1253 0.5621 0.1187 0.5692 0.2166 0.494 0.2190999 0.5162 0.2115 0.5172 0.2591 0.4945 0.2564 0.5164 0.249 0.5156 0.09889996 0.5494 0.1187 0.5692 0.1121 0.5768 0.2081 0.495 0.2115 0.5172 0.2039999 0.5186 0.2507 0.4936 0.249 0.5156 0.2415 0.5152 0.2918 0.5431 0.2846 0.5563 0.2797 0.5541 0.1827999 0.5282 0.185 0.5338 0.1781 0.5366 0.3103 0.5397 0.3069 0.5446 0.301 0.5406 0.1755 0.5311 0.1781 0.5366 0.1712999 0.5399 0.304 0.5356 0.301 0.5406 0.2949 0.5371 0.1684 0.5344 0.1712999 0.5399 0.1646 0.5436 0.2975 0.532 0.2949 0.5371 0.2887 0.5341 0.1614 0.5382 0.1646 0.5436 0.1581 0.5477 0.2909 0.5288 0.2887 0.5341 0.2823 0.5315 0.1545 0.5425 0.1581 0.5477 0.1517 0.5523 0.2841 0.5261 0.2823 0.5315 0.2757 0.5293 0.1477 0.5472 0.1517 0.5523 0.1455 0.5576 0.2772 0.5239 0.2757 0.5293 0.269 0.5275 0.141 0.5525 0.1455 0.5576 0.1395 0.5633 0.2702 0.522 0.269 0.5275 0.2622 0.5261 0.1345 0.5584 0.1395 0.5633 0.1335999 0.5696 0.2268 0.5186 0.2273 0.5244 0.2202 0.5251 0.2631 0.5205 0.2622 0.5261 0.2553 0.525 0.1281 0.5649 0.1335999 0.5696 0.1278 0.5768 0.2194 0.5193 0.2202 0.5251 0.2131 0.5261 0.256 0.5194 0.2553 0.525 0.2484 0.5244 0.1218 0.572 0.1278 0.5768 0.1218 0.5852 0.212 0.5204 0.2131 0.5261 0.206 0.5275 0.2487 0.5187 0.2484 0.5244 0.2414 0.524 0.3345 0.5619 0.3289 0.567 0.3234 0.5601 0.2046999 0.5217 0.206 0.5275 0.199 0.5292 0.2415 0.5183 0.2414 0.524 0.2344 0.524 0.3283 0.5555 0.3234 0.5601 0.3181 0.5542 0.1973 0.5235 0.199 0.5292 0.192 0.5313 0.2341 0.5183 0.2344 0.524 0.2273 0.5244 0.3224 0.5497 0.3181 0.5542 0.3126 0.5491 0.1899999 0.5256 0.192 0.5313 0.185 0.5338 0.4914 0.4474 0.5309 0.4474 0.5309 0.449 0.1685 0.55 0.1773999 0.5647 0.1723999 0.5681 0.2799 0.5378 0.286 0.5402 0.2797 0.5541 0.1624 0.554 0.1723999 0.5681 0.1675 0.5718 0.2799 0.5378 0.2746 0.5522 0.2693 0.5506 0.1508 0.5633 0.1565 0.5584 0.1675 0.5718 0.2675 0.5341 0.2738 0.5357 0.2693 0.5506 0.1508 0.5633 0.163 0.5759 0.1589 0.5804 0.2611 0.5328 0.2675 0.5341 0.2638 0.5493 0.1454 0.5688 0.1589 0.5804 0.1551 0.5853 0.2211 0.532 0.2278 0.5313 0.229 0.5478 0.2611 0.5328 0.2582 0.5483 0.2525 0.5476 0.1353999 0.582 0.1402 0.575 0.1551 0.5853 0.2211 0.532 0.2231 0.5485 0.2171 0.5495 0.2479 0.5312 0.2545 0.5318 0.2525 0.5476 0.1353999 0.582 0.152 0.5906 0.1496 0.5963 0.2075999 0.5344 0.2143 0.533 0.2171 0.5495 0.2479 0.5312 0.2467 0.5473 0.2409 0.5472 0.3213 0.5714 0.3066 0.5774 0.3042 0.5729 0.2009 0.5361 0.2075999 0.5344 0.2111999 0.5508 0.2413 0.5309 0.2409 0.5472 0.235 0.5473 0.3128 0.5593 0.3173 0.5649 0.3042 0.5729 0.2009 0.5361 0.2053 0.5524 0.1995 0.5542 0.2278 0.5313 0.2346 0.5309 0.235 0.5473 0.3079 0.5544 0.3128 0.5593 0.3012 0.5687 0.1942 0.5381 0.1995 0.5542 0.1938 0.5564 0.3028 0.5501 0.3079 0.5544 0.2976 0.5651 0.1811 0.5433 0.1876 0.5405 0.1938 0.5564 0.2974 0.5464 0.3028 0.5501 0.2936 0.5618 0.1748 0.5464 0.1811 0.5433 0.1881999 0.5588 0.2974 0.5464 0.2892 0.5589 0.2846 0.5563 0.1748 0.5464 0.1827 0.5616 0.1773999 0.5647 0.2508 0.02199995 0.2651 0.02219998 0.265 0.02629995 0.2647 0.06709998 0.2505 0.06699997 0.2506 0.05919998 0.2364 0.05129998 0.2222 0.05129998 0.2222999 0.02799999 0.2505 0.06699997 0.2364 0.06699997 0.2364 0.05919998 0.2651 0.02219998 0.2793 0.0223 0.2792 0.02639997 0.2789 0.05939996 0.2788 0.0672 0.2647 0.06709998 0.2793 0.0223 0.2934 0.02239996 0.2934 0.0266 0.2931 0.05949997 0.293 0.06729996 0.2788 0.0672 0.2934 0.02239996 0.3076 0.02259999 0.3075 0.02669996 0.3072 0.06749999 0.293 0.06729996 0.2931 0.05949997 0.3076 0.02259999 0.3217 0.02269995 0.3216 0.02679997 0.3214 0.06759995 0.3072 0.06749999 0.3073 0.05959999 0.3217 0.02269995 0.3358 0.02279996 0.3357 0.02689999 0.3357 0.05979996 0.3356 0.06769996 0.3214 0.06759995 0.3358 0.02279996 0.3498 0.02279996 0.3498 0.02689999 0.3499 0.05989998 0.3499 0.06769996 0.3356 0.06769996 0.3639 0.02269995 0.3639 0.02679997 0.3498 0.02689999 0.3642 0.05979996 0.3642 0.06769996 0.3499 0.06769996 0.3779 0.02249997 0.378 0.0266 0.3639 0.02679997 0.3786 0.06769996 0.3642 0.06769996 0.3642 0.05979996 0.3919 0.02209997 0.3921 0.02619999 0.378 0.0266 0.3932 0.06749999 0.3786 0.06769996 0.3786 0.05969995 0.4059 0.02139997 0.4062 0.02549999 0.3921 0.02619999 0.4077 0.05909997 0.4079 0.06729996 0.3932 0.06749999 0.42 0.02039998 0.4204 0.02459996 0.4062 0.02549999 0.4228 0.06689995 0.4079 0.06729996 0.4077 0.05909997 0.4342 0.01899999 0.4347 0.02319997 0.4204 0.02459996 0.438 0.06629997 0.4228 0.06689995 0.4225 0.05859994 0.4485 0.0169 0.4493 0.0212 0.4347 0.02319997 0.4536 0.06569999 0.438 0.06629997 0.4376 0.05789995 0.4629 0.01379996 0.4641 0.01799994 0.4493 0.0212 0.4695 0.05579996 0.4698 0.06499999 0.4536 0.06569999 0.01009994 0.01369994 0.02419996 0.01669996 0.02349996 0.02079999 0.01959997 0.05589997 0.01899999 0.06439995 0.003399968 0.06349998 0.02419996 0.01669996 0.03829997 0.01859998 0.03779995 0.02269995 0.03479999 0.05689996 0.03439998 0.06519997 0.01899999 0.06439995 0.03829997 0.01859998 0.05229997 0.01989996 0.05199998 0.02399998 0.04939997 0.06589996 0.03439998 0.06519997 0.03479999 0.05689996 0.06639999 0.02069997 0.0661 0.0248 0.05199998 0.02399998 0.0643 0.06639999 0.04939997 0.06589996 0.04979997 0.05769997 0.08039999 0.02129995 0.08029997 0.02539998 0.0661 0.0248 0.07899999 0.06679999 0.0643 0.06639999 0.06459999 0.05829995 0.08039999 0.02129995 0.0945 0.02159994 0.09439998 0.02569997 0.09359997 0.06699997 0.07899999 0.06679999 0.07919996 0.05869996 0.0945 0.02159994 0.1086 0.02179998 0.1085 0.02599996 0.1080999 0.05909997 0.108 0.06709998 0.09359997 0.06699997 0.1227 0.02189999 0.1227 0.02609997 0.1085 0.02599996 0.1225 0.05919998 0.1224 0.06709998 0.108 0.06709998 0.1227 0.02189999 0.1369 0.02199995 0.1369 0.02609997 0.1368 0.06709998 0.1224 0.06709998 0.1225 0.05919998 0.1511 0.02189999 0.1511 0.02609997 0.1369 0.02609997 0.1511 0.06709998 0.1368 0.06709998 0.1368 0.05919998 0.1653 0.02189999 0.1653 0.02609997 0.1511 0.02609997 0.1653 0.05919998 0.1653 0.06709998 0.1511 0.06709998 0.1653 0.02189999 0.1795 0.02189999 0.1795 0.02599996 0.1796 0.05919998 0.1796 0.06699997 0.1653 0.06709998 0.1795 0.02189999 0.1938 0.02189999 0.1938 0.02599996 0.1938 0.06699997 0.1796 0.06699997 0.1796 0.05919998 0.1938 0.02189999 0.2081 0.02189999 0.2081 0.02599996 0.208 0.06689995 0.1938 0.06699997 0.1938 0.05909997 0.2222999 0.02189999 0.2222999 0.02609997 0.2081 0.02599996 0.2222 0.06699997 0.208 0.06689995 0.208 0.05909997 0.2366 0.02199995 0.2508 0.02199995 0.2508 0.02619999 0.2364 0.06699997 0.2222 0.06699997 0.2222 0.05909997 0.2364 0.05129998 0.2364 0.05919998 0.2222 0.05909997 0.2222 0.05129998 0.2222 0.05909997 0.208 0.05909997 0.208 0.05129998 0.208 0.05909997 0.1938 0.05909997 0.1938 0.05129998 0.1938 0.05909997 0.1796 0.05919998 0.1796 0.05919998 0.1653 0.05919998 0.1653 0.05129998 0.1653 0.05919998 0.1511 0.05919998 0.1511 0.05139994 0.1511 0.05139994 0.1511 0.05919998 0.1368 0.05919998 0.1368 0.05139994 0.1368 0.05919998 0.1225 0.05919998 0.1225 0.05919998 0.1080999 0.05909997 0.1082 0.05119997 0.1080999 0.05909997 0.09369999 0.05899995 0.0938 0.05099999 0.0938 0.05099999 0.09369999 0.05899995 0.07919996 0.05869996 0.0794 0.05069994 0.07919996 0.05869996 0.06459999 0.05829995 0.06489998 0.05019998 0.06459999 0.05829995 0.04979997 0.05769997 0.0503 0.04949998 0.04979997 0.05769997 0.03479999 0.05689996 0.03479999 0.05689996 0.01959997 0.05589997 0.02029997 0.04729998 0.01959997 0.05589997 0.003699958 0.05469995 0.004699945 0.04569995 0.4695 0.05579996 0.4532 0.05689996 0.4525 0.04829996 0.4525 0.04829996 0.4532 0.05689996 0.4376 0.05789995 0.4371 0.04949998 0.4376 0.05789995 0.4225 0.05859994 0.4221 0.05039995 0.4225 0.05859994 0.4077 0.05909997 0.4077 0.05909997 0.3931 0.05949997 0.3929 0.05149996 0.3929 0.05149996 0.3931 0.05949997 0.3786 0.05969995 0.3785 0.05179995 0.3786 0.05969995 0.3642 0.05979996 0.3642 0.05979996 0.3499 0.05989998 0.3499 0.05199998 0.3499 0.05989998 0.3357 0.05979996 0.3357 0.05199998 0.3357 0.05979996 0.3214 0.05969995 0.3215 0.05189996 0.3215 0.05189996 0.3214 0.05969995 0.3073 0.05959999 0.3073 0.05179995 0.3073 0.05959999 0.2931 0.05949997 0.2931 0.05949997 0.2789 0.05939996 0.279 0.05159997 0.2789 0.05939996 0.2647 0.0593 0.2648 0.05149996 0.2506 0.05139994 0.2506 0.05919998 0.2364 0.05919998 0.2648 0.05149996 0.2647 0.0593 0.2506 0.05919998 0.3185 0.5418 0.3247 0.5471 0.3239 0.548 0.2046999 0.5217 0.2045 0.5207 0.2118999 0.5193 0.3247 0.5471 0.3309 0.553 0.3301 0.5538 0.2487 0.5187 0.2415 0.5183 0.2415 0.5173 0.3372 0.5593 0.3362 0.5601 0.3301 0.5538 0.3345 0.5619 0.3283 0.5555 0.3292 0.5546 0.1121 0.5768 0.1187 0.5692 0.1198 0.5702 0.1973 0.5235 0.1971 0.5224 0.2045 0.5207 0.1187 0.5692 0.1253 0.5621 0.1263 0.5631 0.2415 0.5183 0.2341 0.5183 0.2341 0.5172 0.3164 0.5444 0.3103 0.5397 0.3109 0.5388 0.1319 0.5556 0.1328 0.5566 0.1263 0.5631 0.3224 0.5497 0.3232 0.5488 0.3292 0.5546 0.1755 0.5311 0.1751 0.53 0.1824 0.5271 0.1387 0.5497 0.1395 0.5507 0.1328 0.5566 0.1899999 0.5256 0.1897 0.5246 0.1971 0.5224 0.3103 0.5397 0.304 0.5356 0.3046 0.5347 0.1455 0.5444 0.1463 0.5454 0.1395 0.5507 0.2341 0.5183 0.2268 0.5186 0.2267 0.5176 0.1755 0.5311 0.1684 0.5344 0.1679 0.5334 0.1526 0.5395 0.1532 0.5406 0.1463 0.5454 0.3164 0.5444 0.3171 0.5435 0.3232 0.5488 0.2975 0.532 0.298 0.531 0.3046 0.5347 0.1597 0.5352 0.1603 0.5363 0.1532 0.5406 0.1827999 0.5282 0.1824 0.5271 0.1897 0.5246 0.1614 0.5382 0.1608 0.5372 0.1679 0.5334 0.1597 0.5352 0.1669 0.5314 0.1674 0.5325 0.2909 0.5288 0.2913 0.5279 0.298 0.531 0.1741999 0.528 0.1747 0.5291 0.1674 0.5325 0.1614 0.5382 0.1545 0.5425 0.1538 0.5415 0.1741999 0.528 0.1816 0.5251 0.182 0.5261 0.2841 0.5261 0.2845 0.5251 0.2913 0.5279 0.1894 0.5236 0.1897 0.5246 0.1824 0.5271 0.3239 0.548 0.3232 0.5488 0.3171 0.5435 0.2341 0.5163 0.2341 0.5172 0.2267 0.5176 0.1967999 0.5215 0.1971 0.5224 0.1897 0.5246 0.3301 0.5538 0.3292 0.5546 0.3232 0.5488 0.2415 0.5163 0.2415 0.5173 0.2341 0.5172 0.2043 0.5197 0.2045 0.5207 0.1971 0.5224 0.3362 0.5601 0.3354 0.5609 0.3292 0.5546 0.2488999 0.5167 0.2488 0.5176 0.2415 0.5173 0.2117 0.5183 0.2118999 0.5193 0.2045 0.5207 0.1198 0.5702 0.1207 0.5711 0.1142 0.5785 0.2562 0.5174 0.2561 0.5184 0.2488 0.5176 0.2192 0.5173 0.2193 0.5183 0.2118999 0.5193 0.1263 0.5631 0.1272 0.564 0.1207 0.5711 0.2635 0.5185 0.2633 0.5195 0.2561 0.5184 0.2266 0.5166 0.2267 0.5176 0.2193 0.5183 0.1328 0.5566 0.1335999 0.5575 0.1272 0.564 0.2707 0.52 0.2705 0.521 0.2633 0.5195 0.1395 0.5507 0.1402 0.5516 0.1335999 0.5575 0.2778 0.5219 0.2775 0.5229 0.2705 0.521 0.1463 0.5454 0.1468999 0.5463 0.1402 0.5516 0.2848 0.5242 0.2845 0.5251 0.2775 0.5229 0.1532 0.5406 0.1538 0.5415 0.1468999 0.5463 0.2917 0.527 0.2913 0.5279 0.2845 0.5251 0.1603 0.5363 0.1608 0.5372 0.1538 0.5415 0.2985 0.5302 0.298 0.531 0.2913 0.5279 0.1674 0.5325 0.1679 0.5334 0.1608 0.5372 0.3051 0.5338 0.3046 0.5347 0.298 0.531 0.1747 0.5291 0.1751 0.53 0.1679 0.5334 0.3115 0.538 0.3109 0.5388 0.3046 0.5347 0.182 0.5261 0.1824 0.5271 0.1751 0.53 0.3178 0.5427 0.3171 0.5435 0.3109 0.5388 0.1152 0.5795 0.1142 0.5785 0.1207 0.5711 0.3185 0.5418 0.3178 0.5427 0.3115 0.538 0.2487 0.5187 0.2488 0.5176 0.2561 0.5184 0.3122 0.5371 0.3115 0.538 0.3051 0.5338 0.2194 0.5193 0.212 0.5204 0.2118999 0.5193 0.299 0.5292 0.3056 0.5329 0.3051 0.5338 0.1218 0.572 0.1207 0.5711 0.1272 0.564 0.2921 0.526 0.299 0.5292 0.2985 0.5302 0.256 0.5194 0.2561 0.5184 0.2633 0.5195 0.2852 0.5232 0.2921 0.526 0.2917 0.527 0.2268 0.5186 0.2194 0.5193 0.2193 0.5183 0.2852 0.5232 0.2848 0.5242 0.2778 0.5219 0.1345 0.5584 0.1281 0.5649 0.1272 0.564 0.2781 0.5209 0.2778 0.5219 0.2707 0.52 0.2702 0.522 0.2631 0.5205 0.2633 0.5195 0.271 0.519 0.2707 0.52 0.2635 0.5185 0.2266 0.5155 0.2266 0.5166 0.2192 0.5173 0.141 0.5525 0.1345 0.5584 0.1335999 0.5575 0.2564 0.5164 0.2637 0.5175 0.2635 0.5185 0.2190999 0.5162 0.2192 0.5173 0.2117 0.5183 0.2772 0.5239 0.2702 0.522 0.2705 0.521 0.249 0.5156 0.2564 0.5164 0.2562 0.5174 0.2039999 0.5186 0.2115 0.5172 0.2117 0.5183 0.1477 0.5472 0.141 0.5525 0.1402 0.5516 0.249 0.5156 0.2488999 0.5167 0.2415 0.5163 0.1965 0.5204 0.2039999 0.5186 0.2043 0.5197 0.2841 0.5261 0.2772 0.5239 0.2775 0.5229 0.2415 0.5152 0.2415 0.5163 0.2341 0.5163 0.1891 0.5225 0.1965 0.5204 0.1967999 0.5215 0.1545 0.5425 0.1477 0.5472 0.1468999 0.5463 0.2341 0.5152 0.2341 0.5163 0.2266 0.5166 0.1816 0.5251 0.1891 0.5225 0.1894 0.5236 0.4914 0.4187 0.5309 0.4187 0.5309 0.4203 0.4914 0.449 0.5309 0.449 0.5309 0.4506 0.4914 0.4203 0.5309 0.4203 0.5309 0.4219 0.4914 0.4506 0.5309 0.4506 0.5309 0.4522 0.4914 0.4219 0.5309 0.4219 0.5309 0.4235 0.4914 0.4522 0.5309 0.4522 0.5309 0.4538 0.4914 0.4235 0.5309 0.4235 0.5309 0.4251 0.4914 0.4538 0.5309 0.4538 0.5309 0.4554 0.4914 0.4251 0.5309 0.4251 0.5309 0.4267 0.4914 0.4554 0.5309 0.4554 0.5309 0.457 0.4914 0.4347 0.5309 0.4347 0.5309 0.4363 0.4914 0.4267 0.5309 0.4267 0.5309 0.4283 0.4914 0.457 0.5309 0.457 0.5309 0.4586 0.4914 0.4363 0.5309 0.4363 0.5309 0.4378 0.4914 0.4283 0.5309 0.4283 0.5309 0.4299 0.4914 0.4586 0.5309 0.4586 0.5309 0.4602 0.4914 0.4378 0.5309 0.4378 0.5309 0.4394 0.4914 0.4299 0.5309 0.4299 0.5309 0.4315 0.4914 0.4091 0.5309 0.4091 0.5309 0.4107 0.4914 0.4394 0.5309 0.4394 0.5309 0.441 0.4914 0.4315 0.5309 0.4315 0.5309 0.4331 0.4914 0.4107 0.5309 0.4107 0.5309 0.4123 0.4914 0.441 0.5309 0.441 0.5309 0.4426 0.4914 0.4331 0.5309 0.4331 0.5309 0.4347 0.4914 0.4123 0.5309 0.4123 0.5309 0.4139 0.4914 0.4426 0.5309 0.4426 0.5309 0.4442 0.4914 0.4139 0.5309 0.4139 0.5309 0.4155 0.4914 0.4442 0.5309 0.4442 0.5309 0.4458 0.4914 0.4155 0.5309 0.4155 0.5309 0.4171 0.4914 0.4458 0.5309 0.4458 0.5309 0.4474 0.4914 0.4171 0.5309 0.4171 0.5309 0.4187 0.2506 0.1404 0.2506 0.1303 0.2645 0.1304 0.126 0.4278 0.1114 0.4278 0.1114 0.1472 0.1405 0.4278 0.126 0.4278 0.126 0.1472 0.155 0.4278 0.1405 0.4278 0.1405 0.1472 0.1696 0.4278 0.155 0.4278 0.155 0.1472 0.1841 0.4278 0.1696 0.4278 0.1696 0.1472 0.1985999 0.4278 0.1841 0.4278 0.1841 0.1472 0.2131 0.4278 0.1985999 0.4278 0.1985999 0.1472 0.2276999 0.4278 0.2131 0.4278 0.2131 0.1472 0.2422 0.4278 0.2276999 0.4278 0.2276999 0.1472 0.2567 0.4278 0.2422 0.4278 0.2422 0.1472 0.2713 0.4278 0.2567 0.4278 0.2567 0.1472 0.2858 0.4278 0.2713 0.4278 0.2713 0.1472 0.3003 0.4278 0.2858 0.4278 0.2858 0.1472 0.3149 0.4278 0.3003 0.4278 0.3003 0.1472 0.3294 0.4278 0.3149 0.4278 0.3149 0.1472 0.3439 0.4278 0.3294 0.4278 0.3294 0.1472 0.3584 0.4278 0.3439 0.4278 0.3439 0.1472 0.373 0.4278 0.3584 0.4278 0.3584 0.1472 0.3875 0.4278 0.373 0.4278 0.373 0.1472 0.402 0.4278 0.3875 0.4278 0.3875 0.1472 0.4166 0.4278 0.402 0.4278 0.402 0.1472 0.4311 0.4278 0.4166 0.4278 0.4166 0.1472 0.4456 0.4278 0.4311 0.4278 0.4311 0.1472 0.4602 0.4278 0.4456 0.4278 0.4456 0.1472 0.01659995 0.4278 0.00209999 0.4278 0.00209999 0.1472 0.02429997 0.4278 0.0097 0.4278 0.0097 0.1472 0.0388 0.4278 0.02429997 0.4278 0.02429997 0.1472 0.05329996 0.4278 0.0388 0.4278 0.0388 0.1472 0.0679 0.4278 0.05329996 0.4278 0.05329996 0.1472 0.08239996 0.4278 0.0679 0.4278 0.0679 0.1472 0.09689998 0.4278 0.08239996 0.4278 0.08239996 0.1472 0.1085 0.1292 0.1086 0.1323 0.09399998 0.1327 0.2225 0.1274 0.2366 0.1274 0.2366 0.1303 0.4382 0.1324 0.438 0.1357 0.4228 0.135 0.1092 0.1459 0.09459996 0.1464 0.0945 0.1432999 0.2226999 0.1434 0.2226999 0.1405 0.2366 0.1405 0.3068 0.1281 0.3067 0.1310999 0.2926 0.1308 0.4374 0.15 0.4222 0.1491 0.4224 0.1459 0.2084 0.1274 0.2225 0.1274 0.2225 0.1303 0.3066 0.1443 0.2925 0.1439 0.2926 0.141 0.07909995 0.1299 0.09389996 0.1296 0.09399998 0.1327 0.2087 0.1435 0.2087 0.1406 0.2226999 0.1405 0.4079 0.1312 0.4229 0.1317999 0.4228 0.135 0.0798 0.147 0.07969999 0.1438 0.0945 0.1432999 0.2927 0.1278 0.2926 0.1308 0.2786 0.1306 0.4073 0.1483 0.4074 0.1450999 0.4224 0.1459 0.2084 0.1274 0.2084 0.1304 0.1944 0.1305 0.2925 0.1439 0.2785 0.1437 0.2786 0.1407 0.07909995 0.1299 0.07919996 0.1331 0.06419998 0.1335 0.2087 0.1435 0.1947 0.1437 0.1947 0.1407 0.3931 0.1306 0.4079 0.1312 0.4078 0.1342999 0.0798 0.147 0.06489998 0.1475999 0.06479996 0.1444 0.2646 0.1274 0.2786 0.1276 0.2786 0.1306 0.3925 0.1475 0.3927 0.1444 0.4074 0.1450999 0.1802 0.1277 0.1942999 0.1274999 0.1944 0.1305 0.2645 0.1435 0.2646 0.1405 0.2786 0.1407 0.06419998 0.1303 0.06419998 0.1335 0.04909998 0.1339 0.1806 0.1439 0.1806 0.1409 0.1947 0.1407 0.3931 0.1306 0.3929 0.1337 0.3783 0.1332 0.06489998 0.1475999 0.04979997 0.1482 0.0496 0.1449 0.2506 0.1273 0.2506 0.1303 0.2366 0.1303 0.3925 0.1475 0.3779 0.1468 0.378 0.1437 0.166 0.128 0.1802 0.1277 0.1802 0.1307 0.1114 0.4278 0.09689998 0.4278 0.09689998 0.1472 0.2366 0.1405 0.2366 0.1303 0.2506 0.1303 0.2646 0.1405 0.2645 0.1304 0.2786 0.1306 0.2786 0.1407 0.2786 0.1306 0.2926 0.1308 0.2926 0.141 0.2926 0.1308 0.3067 0.1310999 0.3066 0.1413 0.3067 0.1310999 0.3208 0.1314 0.3207 0.1417 0.3208 0.1314 0.3351 0.1317999 0.3349 0.1421 0.3351 0.1317999 0.3494 0.1322 0.3492 0.1425999 0.3494 0.1322 0.3638 0.1327 0.3635 0.1431 0.3638 0.1327 0.3783 0.1332 0.378 0.1437 0.3783 0.1332 0.3929 0.1337 0.3927 0.1444 0.3929 0.1337 0.4078 0.1342999 0.4074 0.1450999 0.4078 0.1342999 0.4228 0.135 0.4224 0.1459 0.4228 0.135 0.438 0.1357 0.4376 0.1467 0.438 0.1357 0.4536 0.1365 0.453 0.1478 0.4536 0.1365 0.4699 0.1371999 0.002299964 0.1473 0.001899957 0.1348 0.01809996 0.1348 0.0187 0.1462 0.01809996 0.1348 0.03369998 0.1344 0.03429996 0.1455 0.03369998 0.1344 0.04909998 0.1339 0.0496 0.1449 0.04909998 0.1339 0.06419998 0.1335 0.06479996 0.1444 0.06419998 0.1335 0.07919996 0.1331 0.07969999 0.1438 0.07919996 0.1331 0.09399998 0.1327 0.0945 0.1432999 0.09399998 0.1327 0.1086 0.1323 0.1091 0.1428 0.1086 0.1323 0.1231 0.1319 0.1236 0.1424 0.1231 0.1319 0.1375 0.1316 0.138 0.1419 0.1375 0.1316 0.1518 0.1312 0.1522 0.1416 0.1518 0.1312 0.1661 0.131 0.1664 0.1412 0.1661 0.131 0.1802 0.1307 0.1806 0.1409 0.1802 0.1307 0.1944 0.1305 0.1947 0.1407 0.1944 0.1305 0.2084 0.1304 0.2087 0.1406 0.2084 0.1304 0.2225 0.1303 0.2226999 0.1405 0.2225 0.1303 0.2366 0.1303 0.3206 0.1447 0.3066 0.1443 0.3066 0.1413 0.4527 0.151 0.4374 0.15 0.4376 0.1467 0.3209 0.1284 0.3208 0.1314 0.3067 0.1310999 0.1237 0.1454 0.1092 0.1459 0.1091 0.1428 0.4537 0.1331 0.4536 0.1365 0.438 0.1357 0.1231 0.1289 0.1231 0.1319 0.1086 0.1323 0.3348 0.1450999 0.3206 0.1447 0.3207 0.1417 0.4527 0.151 0.453 0.1478 0.4687 0.1495 0.3352 0.1288 0.3351 0.1317999 0.3208 0.1314 0.1237 0.1454 0.1236 0.1424 0.138 0.1419 0.4537 0.1331 0.4697 0.1335999 0.4699 0.1371999 0.1231 0.1289 0.1375 0.1285 0.1375 0.1316 0.3491 0.1456 0.3348 0.1450999 0.3349 0.1421 0.01879996 0.1496 0.002899944 0.1508 0.002299964 0.1473 0.3495 0.1292 0.3494 0.1322 0.3351 0.1317999 0.138 0.145 0.138 0.1419 0.1522 0.1416 0.01809996 0.1315 0.01809996 0.1348 0.001899957 0.1348 0.1375 0.1285 0.1518 0.1281999 0.1518 0.1312 0.3491 0.1456 0.3492 0.1425999 0.3635 0.1431 0.03439998 0.1488 0.01879996 0.1496 0.0187 0.1462 0.3495 0.1292 0.3639 0.1296 0.3638 0.1327 0.2645 0.1435 0.2506 0.1434 0.2506 0.1404 0.1665 0.1442 0.1523 0.1446 0.1522 0.1416 0.03369998 0.1310999 0.03369998 0.1344 0.01809996 0.1348 0.166 0.128 0.1661 0.131 0.1518 0.1312 0.3779 0.1468 0.3634 0.1462 0.3635 0.1431 0.2646 0.1274 0.2645 0.1304 0.2506 0.1303 0.04979997 0.1482 0.03439998 0.1488 0.03429996 0.1455 0.3784 0.1301 0.3783 0.1332 0.3638 0.1327 0.2506 0.1434 0.2366 0.1434 0.2366 0.1405 0.1665 0.1442 0.1664 0.1412 0.1806 0.1409 0.04899996 0.1307 0.04909998 0.1339 0.03369998 0.1344 0.2506 0.05139994 0.2364 0.05129998 0.2365 0.02809995 0.208 0.05129998 0.1938 0.05129998 0.1938 0.02799999 0.1938 0.05129998 0.1796 0.05129998 0.1795 0.02799999 0.1796 0.05129998 0.1653 0.05129998 0.1653 0.02799999 0.1653 0.05129998 0.1511 0.05139994 0.1511 0.02799999 0.1511 0.05139994 0.1368 0.05139994 0.1369 0.02799999 0.1368 0.05139994 0.1225 0.05129998 0.1227 0.02799999 0.1225 0.05129998 0.1082 0.05119997 0.1085 0.02789998 0.1082 0.05119997 0.0938 0.05099999 0.09429997 0.02769994 0.0938 0.05099999 0.0794 0.05069994 0.08019995 0.0273 0.0794 0.05069994 0.06489998 0.05019998 0.0661 0.02669996 0.06489998 0.05019998 0.0503 0.04949998 0.05189996 0.0259 0.0503 0.04949998 0.03539997 0.04859995 0.03759998 0.02469998 0.03539997 0.04859995 0.02029997 0.04729998 0.02319997 0.02279996 0.02029997 0.04729998 0.004699945 0.04569995 0.008399963 0.01989996 0.4685 0.0467 0.4525 0.04829996 0.4496 0.02319997 0.4525 0.04829996 0.4371 0.04949998 0.4349 0.02519994 0.4371 0.04949998 0.4221 0.05039995 0.4205 0.02649998 0.4221 0.05039995 0.4074 0.05099999 0.4063 0.02749997 0.4074 0.05099999 0.3929 0.05149996 0.3921 0.02809995 0.3929 0.05149996 0.3785 0.05179995 0.378 0.02849996 0.3785 0.05179995 0.3642 0.05189996 0.3639 0.02869999 0.3642 0.05189996 0.3499 0.05199998 0.3498 0.02879995 0.3499 0.05199998 0.3357 0.05199998 0.3357 0.02879995 0.3357 0.05199998 0.3215 0.05189996 0.3216 0.02869999 0.3215 0.05189996 0.3073 0.05179995 0.3075 0.02859997 0.3073 0.05179995 0.2932 0.05169999 0.2934 0.02849996 0.2932 0.05169999 0.279 0.05159997 0.2792 0.0284 0.279 0.05159997 0.2648 0.05149996 0.265 0.02819997 0.2648 0.05149996 0.2506 0.05139994 0.2508 0.02809995 0.2222 0.05129998 0.208 0.05129998 0.2081 0.02799999 0.2365 0.02809995 0.2222999 0.02799999 0.2222999 0.02699995 0.2222999 0.02699995 0.2222999 0.02609997 0.2366 0.02609997 0.2222999 0.02799999 0.2081 0.02799999 0.2081 0.02699995 0.2081 0.02699995 0.2081 0.02599996 0.2222999 0.02609997 0.2081 0.02799999 0.1938 0.02799999 0.1938 0.02699995 0.1938 0.02699995 0.1938 0.02599996 0.2081 0.02599996 0.1938 0.02799999 0.1795 0.02799999 0.1795 0.02699995 0.1795 0.02699995 0.1795 0.02599996 0.1938 0.02599996 0.1795 0.02799999 0.1653 0.02799999 0.1653 0.02699995 0.1653 0.02699995 0.1653 0.02609997 0.1795 0.02599996 0.1511 0.02799999 0.1511 0.02709996 0.1653 0.02699995 0.1653 0.02699995 0.1511 0.02709996 0.1511 0.02609997 0.1369 0.02799999 0.1369 0.02709996 0.1511 0.02709996 0.1511 0.02709996 0.1369 0.02709996 0.1369 0.02609997 0.1227 0.02799999 0.1227 0.02699995 0.1369 0.02709996 0.1369 0.02709996 0.1227 0.02699995 0.1227 0.02609997 0.1227 0.02799999 0.1085 0.02789998 0.1085 0.02689999 0.1085 0.02689999 0.1085 0.02599996 0.1227 0.02609997 0.1085 0.02789998 0.09429997 0.02769994 0.09439998 0.02669996 0.09439998 0.02669996 0.09439998 0.02569997 0.1085 0.02599996 0.09429997 0.02769994 0.08019995 0.0273 0.08019995 0.02629995 0.08019995 0.02629995 0.08029997 0.02539998 0.09439998 0.02569997 0.0661 0.02669996 0.0661 0.02579998 0.08019995 0.02629995 0.08019995 0.02629995 0.0661 0.02579998 0.0661 0.0248 0.0661 0.02669996 0.05189996 0.0259 0.05189996 0.02489995 0.05189996 0.02489995 0.05199998 0.02399998 0.0661 0.0248 0.05189996 0.0259 0.03759998 0.02469998 0.03769999 0.02369999 0.03769999 0.02369999 0.03779995 0.02269995 0.05199998 0.02399998 0.02319997 0.02279996 0.02329999 0.02179998 0.03769999 0.02369999 0.03769999 0.02369999 0.02329999 0.02179998 0.02349996 0.02079999 0.008399963 0.01989996 0.008699953 0.01889997 0.02329999 0.02179998 0.02329999 0.02179998 0.008699953 0.01889997 0.008899986 0.01789999 0.4496 0.02319997 0.4494 0.02219998 0.4644 0.01899999 0.4644 0.01899999 0.4494 0.02219998 0.4493 0.0212 0.4349 0.02519994 0.4348 0.02419996 0.4494 0.02219998 0.4494 0.02219998 0.4348 0.02419996 0.4347 0.02319997 0.4205 0.02649998 0.4205 0.02559995 0.4348 0.02419996 0.4348 0.02419996 0.4205 0.02559995 0.4204 0.02459996 0.4063 0.02749997 0.4062 0.02649998 0.4205 0.02559995 0.4205 0.02559995 0.4062 0.02649998 0.4062 0.02549999 0.3921 0.02809995 0.3921 0.02709996 0.4062 0.02649998 0.4062 0.02649998 0.3921 0.02709996 0.3921 0.02619999 0.378 0.02849996 0.378 0.02749997 0.3921 0.02709996 0.3921 0.02709996 0.378 0.02749997 0.378 0.0266 0.378 0.02849996 0.3639 0.02869999 0.3639 0.02779996 0.378 0.02749997 0.3639 0.02779996 0.3639 0.02679997 0.3498 0.02879995 0.3498 0.02789998 0.3639 0.02779996 0.3639 0.02779996 0.3498 0.02789998 0.3498 0.02689999 0.3498 0.02879995 0.3357 0.02879995 0.3357 0.02789998 0.3357 0.02789998 0.3357 0.02689999 0.3498 0.02689999 0.3357 0.02879995 0.3216 0.02869999 0.3216 0.02779996 0.3216 0.02779996 0.3216 0.02679997 0.3357 0.02689999 0.3216 0.02869999 0.3075 0.02859997 0.3075 0.02769994 0.3075 0.02769994 0.3075 0.02669996 0.3216 0.02679997 0.3075 0.02859997 0.2934 0.02849996 0.2934 0.02749997 0.2934 0.02749997 0.2934 0.0266 0.3075 0.02669996 0.2792 0.0284 0.2792 0.02739995 0.2934 0.02749997 0.2934 0.02749997 0.2792 0.02739995 0.2792 0.02639997 0.265 0.02819997 0.265 0.0273 0.2792 0.02739995 0.2792 0.02739995 0.265 0.0273 0.265 0.02629995 0.265 0.02819997 0.2508 0.02809995 0.2508 0.02719998 0.2508 0.02719998 0.2508 0.02619999 0.265 0.02629995 0.2508 0.02809995 0.2365 0.02809995 0.2365 0.02709996 0.2365 0.02709996 0.2366 0.02609997 0.2508 0.02619999 0.2366 0.02199995 0.2366 0.02609997 0.2222999 0.02609997 0.2224 0.01639997 0.2366 0.01649999 0.2366 0.02199995 0.2081 0.01639997 0.2224 0.01639997 0.2222999 0.02189999 0.2081 0.01639997 0.2081 0.02189999 0.1938 0.02189999 0.1795 0.01639997 0.1938 0.01639997 0.1938 0.02189999 0.1795 0.01639997 0.1795 0.02189999 0.1653 0.02189999 0.1653 0.01649999 0.1653 0.02189999 0.1511 0.02189999 0.1369 0.01649999 0.1511 0.01649999 0.1511 0.02189999 0.1369 0.01649999 0.1369 0.02199995 0.1227 0.02189999 0.1086 0.01639997 0.1227 0.01649999 0.1227 0.02189999 0.1086 0.01639997 0.1086 0.02179998 0.0945 0.02159994 0.08059996 0.01589995 0.09459996 0.0162 0.0945 0.02159994 0.06659996 0.01529997 0.08059996 0.01589995 0.08039999 0.02129995 0.06659996 0.01529997 0.06639999 0.02069997 0.05229997 0.01989996 0.03889995 0.01319998 0.05269998 0.01449996 0.05229997 0.01989996 0.03889995 0.01319998 0.03829997 0.01859998 0.02419996 0.01669996 0.02519994 0.01139998 0.02419996 0.01669996 0.01009994 0.01369994 0.4614 0.008399963 0.4629 0.01379996 0.4485 0.0169 0.4336 0.01359999 0.4475 0.0115 0.4485 0.0169 0.4196 0.0151 0.4336 0.01359999 0.4342 0.01899999 0.4056 0.01599997 0.4196 0.0151 0.42 0.02039998 0.4056 0.01599997 0.4059 0.02139997 0.3919 0.02209997 0.3778 0.01709997 0.3917 0.01669996 0.3919 0.02209997 0.3638 0.01729995 0.3778 0.01709997 0.3779 0.02249997 0.3498 0.01739996 0.3638 0.01729995 0.3639 0.02269995 0.3498 0.01739996 0.3498 0.02279996 0.3358 0.02279996 0.3358 0.01739996 0.3358 0.02279996 0.3217 0.02269995 0.3217 0.01729995 0.3217 0.02269995 0.3076 0.02259999 0.2935 0.01699995 0.3076 0.01719999 0.3076 0.02259999 0.2935 0.01699995 0.2934 0.02239996 0.2793 0.0223 0.2793 0.0169 0.2793 0.0223 0.2651 0.02219998 0.2651 0.01669996 0.2651 0.02219998 0.2508 0.02199995 0.2366 0.01649999 0.2509 0.01659995 0.2508 0.02199995 0.2965 0.4546 0.2979 0.448 0.3088 0.4504 0.2979 0.448 0.2991 0.4418 0.3103 0.4441 0.05439996 0.5025 0.03959995 0.5131 0.0327 0.5026 0.04859995 0.4933 0.0327 0.5026 0.02709996 0.4928 0.1613 0.4562 0.1504999 0.4589 0.1486999 0.452 0.1486999 0.452 0.1472 0.4456 0.1585 0.4431 0.2652 0.4497 0.2549 0.4487 0.2554 0.4422 0.2554 0.4422 0.2557 0.4362 0.2665 0.437 0.3625 0.4785 0.351 0.4727 0.3543 0.4655 0.3543 0.4655 0.3572 0.4585 0.3698 0.4638 0.1052 0.4746 0.1021 0.467 0.1141 0.4624 0.1141 0.4624 0.1021 0.467 0.09929996 0.4599 0.2138 0.4486 0.2035 0.4494 0.2029 0.4429 0.2029 0.4429 0.2024 0.4368 0.2131 0.4361 0.3071 0.4572 0.3088 0.4504 0.3198 0.4533 0.3198 0.4533 0.3088 0.4504 0.3103 0.4441 0.05439996 0.5025 0.04859995 0.4933 0.06309998 0.4852 0.06309998 0.4852 0.04859995 0.4933 0.04389995 0.4843 0.1613 0.4562 0.1597999 0.4494 0.1708 0.4472 0.1597999 0.4494 0.1585 0.4431 0.1697 0.441 0.2756 0.4509 0.2652 0.4497 0.2659 0.4431 0.2765 0.4444 0.2659 0.4431 0.2665 0.437 0.3743 0.4853 0.3625 0.4785 0.3664 0.4709 0.3664 0.4709 0.3698 0.4638 0.383 0.4701 0.1169 0.4698 0.1141 0.4624 0.1259 0.4585 0.1259 0.4585 0.1141 0.4624 0.1118 0.4556 0.2344 0.4479 0.2240999 0.4481 0.2239 0.4416 0.2239 0.4416 0.2238 0.4356 0.2344 0.4355 0.2138 0.4486 0.2134 0.4421 0.2239 0.4416 0.2134 0.4421 0.2131 0.4361 0.2238 0.4356 0.3178 0.4601 0.3198 0.4533 0.331 0.4567 0.331 0.4567 0.3198 0.4533 0.3216 0.4469 0.0679 0.4938 0.06309998 0.4852 0.07659995 0.4783 0.07659995 0.4783 0.06309998 0.4852 0.05899995 0.4771 0.1826 0.4521 0.172 0.454 0.1708 0.4472 0.1816 0.4454 0.1708 0.4472 0.1697 0.441 0.2756 0.4509 0.2765 0.4444 0.2871 0.446 0.2871 0.446 0.2765 0.4444 0.2773 0.4383 0.3864 0.4935 0.3743 0.4853 0.379 0.4775 0.3921 0.4854 0.379 0.4775 0.383 0.4701 0.1395 0.462 0.1283 0.4656 0.1259 0.4585 0.1374 0.455 0.1259 0.4585 0.1238999 0.4518 0.2445999 0.4482 0.2344 0.4479 0.2344 0.4415 0.2344 0.4415 0.2344 0.4355 0.2451 0.4357 0.3397 0.4679 0.3286 0.4636 0.331 0.4567 0.331 0.4567 0.3331 0.4502 0.3449 0.454 0.08079999 0.4864 0.07659995 0.4783 0.08959996 0.4723 0.08959996 0.4723 0.07659995 0.4783 0.07309997 0.4706 0.1931 0.4506 0.1826 0.4521 0.1816 0.4454 0.1816 0.4454 0.1807 0.4393 0.1916 0.4379 0.2965 0.4546 0.286 0.4526 0.2871 0.446 0.2979 0.448 0.2871 0.446 0.2882 0.4398 0.3864 0.4935 0.3921 0.4854 0.4061 0.495 0.4061 0.495 0.3921 0.4854 0.3969 0.4774 0.1395 0.462 0.1374 0.455 0.1486999 0.452 0.1374 0.455 0.1356 0.4484 0.1472 0.4456 0.2445999 0.4482 0.2449 0.4417 0.2554 0.4422 0.2554 0.4422 0.2449 0.4417 0.2451 0.4357 0.3397 0.4679 0.3425 0.4607 0.3543 0.4655 0.3425 0.4607 0.3449 0.454 0.3572 0.4585 0.09319996 0.4801 0.08959996 0.4723 0.1021 0.467 0.1021 0.467 0.08959996 0.4723 0.08649998 0.4649 0.2035 0.4494 0.1931 0.4506 0.1923 0.444 0.1923 0.444 0.1916 0.4379 0.2024 0.4368 0.2018 0.4306 0.2127 0.4299 0.2131 0.4361 0.1646 0.5436 0.1712999 0.5399 0.1748 0.5464 0.2949 0.5371 0.301 0.5406 0.2974 0.5464 0.1781 0.5366 0.1811 0.5433 0.1748 0.5464 0.301 0.5406 0.3069 0.5446 0.3028 0.5501 0.185 0.5338 0.1876 0.5405 0.1811 0.5433 0.3126 0.5491 0.3079 0.5544 0.3028 0.5501 0.185 0.5338 0.192 0.5313 0.1942 0.5381 0.3181 0.5542 0.3128 0.5593 0.3079 0.5544 0.2344 0.524 0.2346 0.5309 0.2278 0.5313 0.192 0.5313 0.199 0.5292 0.2009 0.5361 0.3234 0.5601 0.3173 0.5649 0.3128 0.5593 0.2414 0.524 0.2413 0.5309 0.2346 0.5309 0.206 0.5275 0.2075999 0.5344 0.2009 0.5361 0.3289 0.567 0.3213 0.5714 0.3173 0.5649 0.2414 0.524 0.2484 0.5244 0.2479 0.5312 0.206 0.5275 0.2131 0.5261 0.2143 0.533 0.1218 0.5852 0.1278 0.5768 0.1353999 0.582 0.2484 0.5244 0.2553 0.525 0.2545 0.5318 0.2202 0.5251 0.2211 0.532 0.2143 0.533 0.1278 0.5768 0.1335999 0.5696 0.1402 0.575 0.2622 0.5261 0.2611 0.5328 0.2545 0.5318 0.2273 0.5244 0.2278 0.5313 0.2211 0.532 0.1395 0.5633 0.1454 0.5688 0.1402 0.575 0.269 0.5275 0.2675 0.5341 0.2611 0.5328 0.1395 0.5633 0.1455 0.5576 0.1508 0.5633 0.269 0.5275 0.2757 0.5293 0.2738 0.5357 0.1517 0.5523 0.1565 0.5584 0.1508 0.5633 0.2823 0.5315 0.2799 0.5378 0.2738 0.5357 0.1581 0.5477 0.1624 0.554 0.1565 0.5584 0.2823 0.5315 0.2887 0.5341 0.286 0.5402 0.1581 0.5477 0.1646 0.5436 0.1685 0.55 0.2949 0.5371 0.2918 0.5431 0.286 0.5402 0.7518 0.5599 0.7306 0.5657 0.7273 0.5482 0.7273 0.5482 0.7276 0.5306 0.7494 0.5334 0.7467 0.5971 0.7372 0.5822 0.7569 0.5724 0.7591 0.6097 0.7467 0.5971 0.7642 0.5836 0.7846 0.6007 0.7738 0.6198 0.7591 0.6097 0.7969 0.6059 0.7901 0.6267 0.7738 0.6198 0.81 0.6086 0.8073 0.6302 0.7901 0.6267 0.8233 0.6087 0.8248 0.6305 0.8073 0.6302 0.8364 0.6063 0.842 0.6272 0.8248 0.6305 0.8584 0.6208 0.842 0.6272 0.8364 0.6063 0.8732 0.6114 0.8584 0.6208 0.8488 0.6013 0.8858 0.5993 0.8732 0.6114 0.8599 0.5941 0.896 0.5848 0.8858 0.5993 0.8695 0.5848 0.9033 0.5687 0.896 0.5848 0.8772 0.5738 0.8853 0.5484 0.9071 0.5514 0.9033 0.5687 0.8855 0.535 0.9075 0.5337 0.9071 0.5514 0.9044 0.5162 0.9075 0.5337 0.8855 0.535 0.8782 0.5093 0.8981 0.4997 0.9044 0.5162 0.8708 0.4981 0.8885 0.4847 0.8981 0.4997 0.8761 0.4718 0.8885 0.4847 0.8708 0.4981 0.8613 0.4616 0.8761 0.4718 0.8615 0.4884 0.8379 0.4756 0.8448 0.4546 0.8613 0.4616 0.8248 0.4728 0.8275 0.4511 0.8448 0.4546 0.8099 0.451 0.8275 0.4511 0.8248 0.4728 0.7927 0.4541 0.8099 0.451 0.8115 0.4728 0.7859 0.4802 0.7763 0.4605 0.7927 0.4541 0.7613 0.47 0.7763 0.4605 0.7859 0.4802 0.7485 0.4824 0.7613 0.47 0.7747 0.4874 0.7575 0.5079 0.7384 0.4969 0.7485 0.4824 0.7522 0.5203 0.7314 0.5132 0.7384 0.4969 0.7494 0.5334 0.7276 0.5306 0.7314 0.5132 0.7372 0.5822 0.7306 0.5657 0.7518 0.5599 0.2509 0.01659995 0.2366 0.01649999 0.2224 0.01639997 0.2224 0.01639997 0.2081 0.01639997 0.1938 0.01639997 0.1938 0.01639997 0.1795 0.01639997 0.1369 0.01649999 0.1795 0.01639997 0.1653 0.01649999 0.1369 0.01649999 0.1653 0.01649999 0.1511 0.01649999 0.1369 0.01649999 0.1369 0.01649999 0.1227 0.01649999 0.08059996 0.01589995 0.1227 0.01649999 0.1086 0.01639997 0.08059996 0.01589995 0.1086 0.01639997 0.09459996 0.0162 0.08059996 0.01589995 0.08059996 0.01589995 0.06659996 0.01529997 0.02519994 0.01139998 0.06659996 0.01529997 0.05269998 0.01449996 0.02519994 0.01139998 0.05269998 0.01449996 0.03889995 0.01319998 0.02519994 0.01139998 0.02519994 0.01139998 0.4614 0.008399963 0.4475 0.0115 0.4475 0.0115 0.4336 0.01359999 0.02519994 0.01139998 0.4336 0.01359999 0.4196 0.0151 0.02519994 0.01139998 0.4196 0.0151 0.4056 0.01599997 0.3917 0.01669996 0.3917 0.01669996 0.3778 0.01709997 0.3638 0.01729995 0.3638 0.01729995 0.3498 0.01739996 0.3358 0.01739996 0.3358 0.01739996 0.3217 0.01729995 0.3638 0.01729995 0.3217 0.01729995 0.3076 0.01719999 0.3638 0.01729995 0.3076 0.01719999 0.2935 0.01699995 0.2793 0.0169 0.2793 0.0169 0.2651 0.01669996 0.3076 0.01719999 0.2651 0.01669996 0.2509 0.01659995 0.3076 0.01719999 0.2509 0.01659995 0.2224 0.01639997 0.1938 0.01639997 0.4196 0.0151 0.3917 0.01669996 0.02519994 0.01139998 0.3917 0.01669996 0.3638 0.01729995 0.02519994 0.01139998 0.2509 0.01659995 0.1938 0.01639997 0.02519994 0.01139998 0.1938 0.01639997 0.1369 0.01649999 0.02519994 0.01139998 0.1369 0.01649999 0.08059996 0.01589995 0.02519994 0.01139998 0.3638 0.01729995 0.3076 0.01719999 0.02519994 0.01139998 0.2659 0.8894 0.2658 0.8934 0.2657 0.9052 0.2658 0.8934 0.2658 0.8973 0.2657 0.9052 0.2658 0.8973 0.2657 0.9013 0.2657 0.9052 0.2657 0.9052 0.2657 0.9091 0.2657 0.9131 0.2657 0.9131 0.2657 0.917 0.2657 0.9209 0.2657 0.9209 0.2657 0.9249 0.2657 0.9288 0.2657 0.9288 0.2657 0.9327 0.2657 0.9209 0.2657 0.9327 0.2657 0.9366 0.2657 0.9209 0.2657 0.9366 0.2657 0.9405 0.2658 0.9445 0.2658 0.9445 0.2658 0.9484 0.2658 0.9523 0.2658 0.9523 0.2659 0.9562 0.266 0.9679 0.2659 0.9562 0.2659 0.9601 0.266 0.9679 0.2659 0.9601 0.266 0.964 0.266 0.9679 0.266 0.9679 0.2661 0.9719 0.2662 0.9758 0.2662 0.9758 0.2663 0.9797 0.2665 0.9836 0.2665 0.9836 0.2666 0.8618 0.2665 0.8658 0.2665 0.8658 0.2663 0.8697 0.2665 0.9836 0.2663 0.8697 0.2662 0.8737 0.2665 0.9836 0.2662 0.8737 0.2661 0.8776 0.266 0.8816 0.266 0.8816 0.2659 0.8855 0.2659 0.8894 0.2657 0.9052 0.2657 0.9131 0.2659 0.8894 0.2657 0.9131 0.2657 0.9209 0.2659 0.8894 0.2657 0.9366 0.2658 0.9445 0.2657 0.9209 0.2658 0.9445 0.2658 0.9523 0.2657 0.9209 0.266 0.9679 0.2662 0.9758 0.2665 0.9836 0.2662 0.8737 0.266 0.8816 0.2659 0.8894 0.2658 0.9523 0.266 0.9679 0.2659 0.8894 0.266 0.9679 0.2665 0.9836 0.2659 0.8894 0.2665 0.9836 0.2662 0.8737 0.2659 0.8894</float_array>
          <technique_common>
            <accessor source="#Cylinder-mesh-map-0-array" count="19548" stride="2">
              <param name="S" type="float"/>
              <param name="T" type="float"/>
            </accessor>
          </technique_common>
        </source>
        <vertices id="Cylinder-mesh-vertices">
          <input semantic="POSITION" source="#Cylinder-mesh-positions"/>
        </vertices>
        <triangles material="Material_002-material" count="6516">
          <input semantic="VERTEX" source="#Cylinder-mesh-vertices" offset="0"/>
          <input semantic="NORMAL" source="#Cylinder-mesh-normals" offset="1"/>
          <input semantic="TEXCOORD" source="#Cylinder-mesh-map-0" offset="2" set="0"/>
          <p>1 0 0 3333 1 1 3332 2 2 3 3 3 3334 4 4 3333 1 5 5 5 6 3335 6 7 3334 4 8 7 7 9 3336 8 10 3335 6 11 9 9 12 3337 10 13 3336 8 14 11 11 15 3338 12 16 3337 10 17 13 13 18 3339 14 19 3338 12 20 15 15 21 3340 16 22 3339 14 23 17 17 24 3341 18 25 3340 16 26 19 19 27 3342 20 28 3341 18 29 21 21 30 3343 22 31 3342 20 32 23 23 33 3344 24 34 3343 22 35 25 25 36 3345 26 37 3344 24 38 27 27 39 3346 28 40 3345 26 41 29 29 42 3347 30 43 3346 28 44 31 31 45 3348 32 46 3347 30 47 33 33 48 3349 34 49 3348 32 50 35 35 51 3350 36 52 3349 34 53 37 37 54 3351 38 55 3350 36 56 39 39 57 3352 40 58 3351 38 59 41 41 60 3353 42 61 3352 40 62 43 43 63 3354 44 64 3353 42 65 45 45 66 3355 46 67 3354 44 68 47 47 69 3356 48 70 3355 46 71 49 49 72 3357 50 73 3356 48 74 51 51 75 3358 52 76 3357 50 77 53 53 78 3359 54 79 3358 52 80 55 55 81 3360 56 82 3359 54 83 57 57 84 3361 58 85 3360 56 86 59 59 87 3362 60 88 3361 58 89 63 61 90 3332 2 91 3363 62 92 61 63 93 3363 62 94 3362 60 95 14 64 96 30 65 97 46 66 98 3381 67 99 3412 68 100 3383 69 101 3366 70 102 97 71 103 3364 72 104 3372 73 105 3369 74 106 3367 75 107 3378 76 108 99 77 109 3376 78 110 3370 79 111 3375 80 112 3380 81 113 93 82 114 3463 83 115 128 84 116 3392 85 117 79 86 118 85 87 119 91 78 120 3389 78 121 3410 78 122 3390 88 123 75 89 124 88 90 125 3433 91 126 3456 92 127 3459 93 128 3407 94 129 3404 95 130 3403 96 131 3428 97 132 118 98 133 3444 99 134 3394 72 135 3396 100 136 3395 101 137 84 102 138 3413 103 139 3393 104 140 3402 105 141 3398 106 142 3400 107 143 3408 108 144 3399 78 145 95 109 146 3409 110 147 83 111 148 92 112 149 3432 113 150 124 114 151 3431 115 152 3410 78 153 3397 116 154 84 102 155 3382 117 156 3395 101 157 3412 68 158 3440 118 159 3442 119 160 3424 120 161 72 121 162 85 87 163 75 89 164 3430 122 165 3444 99 166 3456 92 167 64 123 168 88 90 169 66 124 170 3391 125 171 3387 126 172 91 78 173 3371 127 174 3383 69 175 3385 128 176 3441 129 177 3459 93 178 3467 130 179 76 131 180 92 112 181 79 86 182 3393 104 183 3408 108 184 95 109 185 3411 132 186 3407 94 187 3396 100 188 3424 120 189 3455 133 190 3426 134 191 66 124 192 3380 81 193 64 123 194 3373 135 195 99 77 196 68 136 197 3385 128 198 97 71 199 3371 127 200 3416 137 201 3365 138 202 3414 139 203 3418 140 204 101 141 205 3416 137 206 3420 142 207 3379 143 208 3377 144 209 106 145 210 3384 146 211 3425 147 212 3429 148 213 108 149 214 3388 150 215 110 151 216 109 152 217 78 153 218 87 154 219 108 149 220 73 155 221 3436 156 222 112 157 223 3434 158 224 3438 159 225 78 153 226 114 160 227 3434 158 228 115 161 229 3439 162 230 86 163 231 74 164 232 109 152 233 77 165 234 111 166 235 87 154 236 89 167 237 74 164 238 116 168 239 65 169 240 107 170 241 104 171 242 3436 156 243 114 160 244 113 172 245 3439 162 246 117 173 247 77 165 248 3415 174 249 67 175 250 3427 176 251 3418 140 252 103 177 253 102 178 254 3446 179 255 3454 180 256 3448 181 257 3443 182 258 120 183 259 3445 182 260 3457 184 261 122 185 262 125 186 263 3464 187 264 3460 188 265 3465 189 266 121 190 267 125 186 268 120 183 269 119 191 270 127 192 271 3454 180 272 3458 193 273 3465 189 274 122 185 275 3450 194 276 3449 195 277 3452 196 278 3435 197 279 135 198 280 82 199 281 3417 200 282 130 201 283 3451 202 284 3441 129 285 129 203 286 94 204 287 3432 113 288 128 84 289 123 205 290 71 206 291 3453 207 292 3419 208 293 3426 134 294 130 201 295 96 209 296 94 204 297 134 210 298 81 211 299 3423 212 300 131 213 301 118 98 302 69 214 303 131 213 304 98 215 305 3431 115 306 3466 216 307 3440 118 308 3485 217 309 3516 218 310 3487 219 311 3470 220 312 169 221 313 3468 78 314 3476 222 315 3473 223 316 3471 224 317 3482 72 318 171 225 319 3480 72 320 3474 226 321 3479 227 322 3484 228 323 165 229 324 3567 230 325 200 231 326 3496 232 327 151 233 328 157 234 329 163 235 330 3493 236 331 3514 237 332 3494 238 333 147 239 334 160 240 335 3537 241 336 3560 242 337 3563 243 338 3511 244 339 3508 245 340 3507 78 341 3532 246 342 190 247 343 3548 248 344 3498 78 345 3500 249 346 3499 250 347 156 72 348 3517 72 349 3497 72 350 3506 251 351 3502 252 352 3504 253 353 3512 254 354 3503 255 355 167 256 356 3513 257 357 155 258 358 164 259 359 3536 260 360 196 261 361 3535 262 362 3514 237 363 3501 263 364 156 72 365 3486 264 366 3499 250 367 3516 218 368 3544 265 369 3546 266 370 3528 267 371 144 268 372 157 234 373 147 239 374 3534 269 375 3548 248 376 3560 242 377 136 270 378 160 240 379 138 271 380 3495 72 381 3491 272 382 163 235 383 3475 273 384 3487 219 385 3489 274 386 3545 275 387 3563 243 388 3571 276 389 148 277 390 164 259 391 151 233 392 3497 72 393 3512 254 394 167 256 395 3515 278 396 3511 244 397 3500 249 398 3528 267 399 3559 279 400 3530 280 401 138 271 402 3484 228 403 136 270 404 3477 281 405 171 225 406 140 282 407 3489 274 408 169 221 409 3475 273 410 3520 283 411 3469 284 412 3518 285 413 3522 286 414 173 287 415 3520 283 416 3524 288 417 3483 289 418 3481 290 419 178 291 420 3488 292 421 3529 293 422 3533 294 423 180 295 424 3492 296 425 182 297 426 181 298 427 150 299 428 159 300 429 180 295 430 145 301 431 3540 302 432 184 303 433 3538 304 434 3542 305 435 150 299 436 186 306 437 3538 304 438 187 307 439 3543 308 440 158 309 441 146 310 442 181 298 443 149 311 444 183 312 445 159 300 446 161 313 447 146 310 448 188 314 449 137 315 450 179 316 451 176 317 452 3540 302 453 186 306 454 185 318 455 3543 308 456 189 319 457 149 311 458 3519 320 459 139 321 460 3531 322 461 3522 286 462 175 323 463 174 324 464 3550 325 465 3558 326 466 3552 327 467 3547 328 468 192 329 469 3549 330 470 3561 331 471 194 332 472 197 333 473 3568 334 474 3564 335 475 3569 336 476 193 337 477 197 333 478 192 329 479 191 338 480 199 339 481 3558 326 482 3562 340 483 3569 336 484 194 332 485 3554 341 486 3553 341 487 3556 342 488 154 343 489 3565 344 490 207 345 491 3521 346 492 202 347 493 3555 348 494 3545 275 495 201 349 496 166 350 497 3536 260 498 200 231 499 195 351 500 143 352 501 3557 353 502 3523 354 503 3530 280 504 202 347 505 168 355 506 166 350 507 206 356 508 153 357 509 3527 358 510 203 359 511 190 247 512 141 360 513 203 359 514 170 361 515 3535 262 516 3570 362 517 3544 265 518 208 363 519 221 364 520 209 365 521 221 364 522 210 366 523 209 365 524 210 366 525 223 367 526 211 368 527 211 368 528 224 369 529 212 370 530 224 369 531 213 371 532 212 370 533 213 371 534 226 372 535 214 373 536 226 372 537 215 374 538 214 373 539 215 374 540 228 375 541 216 376 542 228 375 543 217 377 544 216 376 545 229 378 546 218 379 547 217 377 548 218 379 549 231 380 550 219 381 551 208 363 552 231 380 553 220 382 554 220 382 555 233 383 556 221 364 557 221 364 558 234 384 559 222 385 560 234 384 561 223 367 562 222 385 563 223 367 564 236 386 565 224 369 566 224 369 567 237 387 568 225 388 569 225 388 570 238 389 571 226 372 572 238 389 573 227 390 574 226 372 575 239 391 576 228 375 577 227 390 578 240 392 579 229 378 580 228 375 581 229 378 582 242 393 583 230 394 584 242 393 585 231 380 586 230 394 587 243 395 588 220 382 589 231 380 590 244 396 591 233 383 592 232 397 593 233 383 594 246 398 595 234 384 596 246 398 597 235 399 598 234 384 599 247 400 600 236 386 601 235 399 602 248 401 603 237 387 604 236 386 605 237 387 606 250 402 607 238 389 608 250 402 609 239 391 610 238 389 611 239 391 612 252 403 613 240 392 614 240 392 615 253 404 616 241 405 617 241 405 618 254 406 619 242 393 620 254 406 621 243 395 622 242 393 623 243 395 624 244 396 625 232 397 626 256 407 627 245 408 628 244 396 629 245 408 630 258 409 631 246 398 632 246 398 633 259 410 634 247 400 635 259 410 636 248 401 637 247 400 638 260 411 639 249 412 640 248 401 641 249 412 642 262 413 643 250 402 644 262 413 645 251 414 646 250 402 647 251 414 648 264 415 649 252 403 650 252 403 651 265 416 652 253 404 653 265 416 654 254 406 655 253 404 656 266 417 657 255 418 658 254 406 659 255 418 660 256 407 661 244 396 662 268 419 663 257 420 664 256 407 665 257 420 666 270 421 667 258 409 668 258 409 669 271 422 670 259 410 671 271 422 672 260 411 673 259 410 674 260 411 675 273 423 676 261 424 677 273 423 678 262 413 679 261 424 680 262 413 681 275 425 682 263 426 683 275 425 684 264 415 685 263 426 686 264 415 687 277 427 688 265 416 689 277 427 690 266 417 691 265 416 692 278 428 693 267 429 694 266 417 695 267 429 696 268 419 697 256 407 698 280 430 699 269 431 700 268 419 701 281 432 702 270 421 703 269 431 704 282 433 705 271 422 706 270 421 707 283 434 708 272 435 709 271 422 710 272 435 711 285 436 712 273 423 713 285 436 714 274 437 715 273 423 716 274 437 717 287 438 718 275 425 719 287 438 720 276 439 721 275 425 722 276 439 723 289 440 724 277 427 725 277 427 726 290 441 727 278 428 728 278 428 729 291 442 730 279 443 731 279 443 732 280 430 733 268 419 734 280 430 735 293 444 736 281 432 737 281 432 738 294 445 739 282 433 740 282 433 741 295 446 742 283 434 743 283 434 744 296 447 745 284 448 746 296 447 747 285 436 748 284 448 749 285 436 750 298 449 751 286 450 752 298 449 753 287 438 754 286 450 755 287 438 756 300 451 757 288 452 758 300 451 759 289 440 760 288 452 761 301 453 762 290 441 763 289 440 764 302 454 765 291 442 766 290 441 767 303 455 768 280 430 769 291 442 770 292 456 771 305 457 772 293 444 773 305 457 774 294 445 775 293 444 776 306 458 777 295 446 778 294 445 779 295 446 780 308 459 781 296 447 782 296 447 783 309 460 784 297 461 785 297 461 786 310 462 787 298 449 788 310 462 789 299 463 790 298 449 791 311 464 792 300 451 793 299 463 794 312 465 795 301 453 796 300 451 797 301 453 798 314 466 799 302 454 800 302 454 801 315 467 802 303 455 803 315 467 804 292 456 805 303 455 806 316 468 807 305 457 808 304 469 809 317 470 810 306 458 811 305 457 812 318 471 813 307 472 814 306 458 815 319 473 816 308 459 817 307 472 818 308 459 819 321 474 820 309 460 821 321 474 822 310 462 823 309 460 824 310 462 825 323 475 826 311 464 827 323 475 828 312 465 829 311 464 830 312 465 831 325 476 832 313 477 833 313 477 834 326 478 835 314 466 836 314 466 837 327 479 838 315 467 839 315 467 840 316 468 841 304 469 842 316 468 843 329 480 844 317 470 845 329 480 846 318 471 847 317 470 848 318 471 849 331 481 850 319 473 851 319 473 852 332 482 853 320 483 854 320 483 855 333 484 856 321 474 857 333 484 858 322 485 859 321 474 860 322 485 861 335 486 862 323 475 863 335 486 864 324 487 865 323 475 866 336 488 867 325 476 868 324 487 869 337 489 870 326 478 871 325 476 872 326 478 873 339 490 874 327 479 875 339 490 876 316 468 877 327 479 878 340 491 879 329 480 880 328 492 881 341 493 882 330 494 883 329 480 884 330 494 885 343 495 886 331 481 887 343 495 888 332 482 889 331 481 890 344 496 891 333 484 892 332 482 893 333 484 894 346 497 895 334 498 896 346 497 897 335 486 898 334 498 899 335 486 900 348 499 901 336 488 902 336 488 903 349 500 904 337 489 905 349 500 906 338 501 907 337 489 908 338 501 909 351 502 910 339 490 911 339 490 912 340 491 913 328 492 914 352 503 915 341 493 916 340 491 917 341 493 918 354 504 919 342 505 920 354 504 921 343 495 922 342 505 923 355 506 924 344 496 925 343 495 926 344 496 927 357 507 928 345 508 929 357 507 930 346 497 931 345 508 932 346 497 933 359 509 934 347 510 935 359 509 936 348 499 937 347 510 938 348 499 939 361 511 940 349 500 941 349 500 942 362 512 943 350 513 944 362 512 945 351 502 946 350 513 947 351 502 948 352 503 949 340 491 950 364 514 951 353 515 952 352 503 953 353 515 954 366 516 955 354 504 956 354 504 957 367 517 958 355 506 959 367 517 960 356 518 961 355 506 962 356 518 963 369 519 964 357 507 965 369 519 966 358 520 967 357 507 968 358 520 969 371 521 970 359 509 971 371 521 972 360 522 973 359 509 974 360 522 975 373 523 976 361 511 977 373 523 978 362 512 979 361 511 980 374 524 981 363 525 982 362 512 983 363 525 984 364 514 985 352 503 986 364 514 987 377 526 988 365 527 989 365 527 990 378 528 991 366 516 992 366 516 993 379 529 994 367 517 995 379 529 996 368 530 997 367 517 998 368 530 999 381 531 1000 369 519 1001 381 531 1002 370 532 1003 369 519 1004 370 532 1005 383 533 1006 371 521 1007 383 533 1008 372 534 1009 371 521 1010 372 534 1011 385 535 1012 373 523 1013 385 535 1014 374 524 1015 373 523 1016 386 536 1017 375 537 1018 374 524 1019 387 538 1020 364 514 1021 375 537 1022 376 539 1023 389 540 1024 377 526 1025 389 540 1026 378 528 1027 377 526 1028 390 541 1029 379 529 1030 378 528 1031 391 542 1032 380 543 1033 379 529 1034 392 544 1035 381 531 1036 380 543 1037 393 545 1038 382 546 1039 381 531 1040 382 546 1041 395 547 1042 383 533 1043 383 533 1044 396 548 1045 384 549 1046 384 549 1047 397 550 1048 385 535 1049 385 535 1050 398 551 1051 386 536 1052 386 536 1053 399 552 1054 387 538 1055 399 552 1056 376 539 1057 387 538 1058 400 553 1059 389 540 1060 388 554 1061 389 540 1062 402 555 1063 390 541 1064 390 541 1065 403 556 1066 391 542 1067 391 542 1068 404 557 1069 392 544 1070 392 544 1071 405 558 1072 393 545 1073 393 545 1074 406 559 1075 394 560 1076 406 559 1077 395 547 1078 394 560 1079 407 561 1080 396 548 1081 395 547 1082 408 562 1083 397 550 1084 396 548 1085 409 563 1086 398 551 1087 397 550 1088 410 564 1089 399 552 1090 398 551 1091 399 552 1092 400 553 1093 388 554 1094 412 565 1095 401 566 1096 400 553 1097 413 567 1098 402 555 1099 401 566 1100 414 568 1101 403 556 1102 402 555 1103 415 569 1104 404 557 1105 403 556 1106 416 570 1107 405 558 1108 404 557 1109 405 558 1110 418 571 1111 406 559 1112 418 571 1113 407 561 1114 406 559 1115 407 561 1116 420 572 1117 408 562 1118 408 562 1119 421 573 1120 409 563 1121 409 563 1122 422 574 1123 410 564 1124 410 564 1125 423 575 1126 411 576 1127 411 576 1128 412 565 1129 400 553 1130 424 577 1131 413 567 1132 412 565 1133 413 567 1134 426 578 1135 414 568 1136 426 578 1137 415 569 1138 414 568 1139 427 579 1140 416 570 1141 415 569 1142 416 570 1143 429 580 1144 417 581 1145 429 580 1146 418 571 1147 417 581 1148 418 571 1149 431 582 1150 419 583 1151 431 582 1152 420 572 1153 419 583 1154 420 572 1155 433 584 1156 421 573 1157 421 573 1158 434 585 1159 422 574 1160 434 585 1161 423 575 1162 422 574 1163 423 575 1164 424 577 1165 412 565 1166 424 577 1167 437 586 1168 425 587 1169 425 587 1170 438 588 1171 426 578 1172 438 588 1173 427 579 1174 426 578 1175 427 579 1176 440 589 1177 428 590 1178 428 590 1179 441 591 1180 429 580 1181 441 591 1182 430 592 1183 429 580 1184 430 592 1185 443 593 1186 431 582 1187 443 593 1188 432 594 1189 431 582 1190 444 595 1191 433 584 1192 432 594 1193 433 584 1194 446 596 1195 434 585 1196 446 596 1197 435 597 1198 434 585 1199 447 598 1200 424 577 1201 435 597 1202 448 599 1203 437 586 1204 436 600 1205 449 601 1206 438 588 1207 437 586 1208 450 602 1209 439 603 1210 438 588 1211 439 603 1212 452 604 1213 440 589 1214 440 589 1215 453 605 1216 441 591 1217 441 591 1218 454 606 1219 442 607 1220 454 606 1221 443 593 1222 442 607 1223 455 608 1224 444 595 1225 443 593 1226 456 609 1227 445 610 1228 444 595 1229 445 610 1230 458 611 1231 446 596 1232 446 596 1233 459 612 1234 447 598 1235 447 598 1236 448 599 1237 436 600 1238 460 613 1239 449 601 1240 448 599 1241 461 614 1242 450 602 1243 449 601 1244 462 615 1245 451 616 1246 450 602 1247 463 617 1248 452 604 1249 451 616 1250 452 604 1251 465 618 1252 453 605 1253 453 605 1254 466 619 1255 454 606 1256 466 619 1257 455 608 1258 454 606 1259 467 620 1260 456 609 1261 455 608 1262 456 609 1263 469 621 1264 457 622 1265 457 622 1266 470 623 1267 458 611 1268 458 611 1269 471 624 1270 459 612 1271 459 612 1272 460 613 1273 448 599 1274 460 613 1275 473 625 1276 461 614 1277 473 625 1278 462 615 1279 461 614 1280 462 615 1281 475 626 1282 463 617 1283 463 617 1284 476 627 1285 464 628 1286 464 628 1287 477 629 1288 465 618 1289 465 618 1290 478 630 1291 466 619 1292 478 630 1293 467 620 1294 466 619 1295 479 631 1296 468 632 1297 467 620 1298 480 633 1299 469 621 1300 468 632 1301 481 634 1302 470 623 1303 469 621 1304 470 623 1305 483 635 1306 471 624 1307 483 635 1308 460 613 1309 471 624 1310 484 636 1311 473 625 1312 472 637 1313 485 638 1314 474 639 1315 473 625 1316 474 639 1317 487 640 1318 475 626 1319 487 640 1320 476 627 1321 475 626 1322 488 641 1323 477 629 1324 476 627 1325 489 642 1326 478 630 1327 477 629 1328 478 630 1329 491 643 1330 479 631 1331 479 631 1332 492 644 1333 480 633 1334 480 633 1335 493 645 1336 481 634 1337 493 645 1338 482 646 1339 481 634 1340 482 646 1341 495 647 1342 483 635 1343 483 635 1344 484 636 1345 472 637 1346 496 648 1347 485 638 1348 484 636 1349 485 638 1350 498 649 1351 486 650 1352 486 650 1353 499 651 1354 487 640 1355 499 651 1356 488 641 1357 487 640 1358 500 652 1359 489 642 1360 488 641 1361 501 653 1362 490 654 1363 489 642 1364 490 654 1365 503 655 1366 491 643 1367 491 643 1368 504 656 1369 492 644 1370 492 644 1371 505 657 1372 493 645 1373 505 657 1374 494 658 1375 493 645 1376 506 659 1377 495 647 1378 494 658 1379 495 647 1380 496 648 1381 484 636 1382 508 660 1383 497 661 1384 496 648 1385 497 661 1386 510 662 1387 498 649 1388 510 662 1389 499 651 1390 498 649 1391 511 663 1392 500 652 1393 499 651 1394 500 652 1395 513 664 1396 501 653 1397 513 664 1398 502 665 1399 501 653 1400 502 665 1401 515 666 1402 503 655 1403 515 666 1404 504 656 1405 503 655 1406 504 656 1407 517 667 1408 505 657 1409 505 657 1410 518 668 1411 506 659 1412 518 668 1413 507 669 1414 506 659 1415 507 669 1416 508 660 1417 496 648 1418 508 660 1419 521 670 1420 509 671 1421 509 671 1422 522 672 1423 510 662 1424 510 662 1425 523 673 1426 511 663 1427 523 673 1428 512 674 1429 511 663 1430 512 674 1431 525 675 1432 513 664 1433 525 675 1434 514 676 1435 513 664 1436 514 676 1437 527 677 1438 515 666 1439 527 677 1440 516 678 1441 515 666 1442 516 678 1443 529 679 1444 517 667 1445 529 679 1446 518 668 1447 517 667 1448 530 680 1449 519 681 1450 518 668 1451 531 682 1452 508 660 1453 519 681 1454 520 683 1455 533 684 1456 521 670 1457 521 670 1458 534 685 1459 522 672 1460 522 672 1461 535 686 1462 523 673 1463 523 673 1464 536 687 1465 524 688 1466 536 687 1467 525 675 1468 524 688 1469 537 689 1470 526 690 1471 525 675 1472 526 690 1473 539 691 1474 527 677 1475 527 677 1476 540 692 1477 528 693 1478 540 692 1479 529 679 1480 528 693 1481 541 694 1482 530 680 1483 529 679 1484 542 695 1485 531 682 1486 530 680 1487 543 696 1488 520 683 1489 531 682 1490 532 697 1491 545 698 1492 533 684 1493 533 684 1494 546 699 1495 534 685 1496 546 699 1497 535 686 1498 534 685 1499 535 686 1500 548 700 1501 536 687 1502 536 687 1503 549 701 1504 537 689 1505 549 701 1506 538 702 1507 537 689 1508 538 702 1509 551 703 1510 539 691 1511 551 703 1512 540 692 1513 539 691 1514 552 704 1515 541 694 1516 540 692 1517 541 694 1518 554 705 1519 542 695 1520 554 705 1521 543 696 1522 542 695 1523 555 706 1524 532 697 1525 543 696 1526 544 707 1527 557 708 1528 545 698 1529 545 698 1530 558 709 1531 546 699 1532 558 709 1533 547 710 1534 546 699 1535 559 711 1536 548 700 1537 547 710 1538 560 712 1539 549 701 1540 548 700 1541 549 701 1542 562 713 1543 550 714 1544 562 713 1545 551 703 1546 550 714 1547 551 703 1548 564 715 1549 552 704 1550 552 704 1551 565 716 1552 553 717 1553 553 717 1554 566 718 1555 554 705 1556 566 718 1557 555 706 1558 554 705 1559 567 719 1560 544 707 1561 555 706 1562 568 720 1563 557 708 1564 556 721 1565 557 708 1566 570 722 1567 558 709 1568 558 709 1569 571 723 1570 559 711 1571 571 723 1572 560 712 1573 559 711 1574 572 724 1575 561 725 1576 560 712 1577 561 725 1578 574 726 1579 562 713 1580 574 726 1581 563 727 1582 562 713 1583 563 727 1584 576 728 1585 564 715 1586 564 715 1587 577 729 1588 565 716 1589 577 729 1590 566 718 1591 565 716 1592 578 730 1593 567 719 1594 566 718 1595 567 719 1596 568 720 1597 556 721 1598 568 720 1599 581 731 1600 569 732 1601 581 731 1602 570 722 1603 569 732 1604 582 733 1605 571 723 1606 570 722 1607 571 723 1608 584 734 1609 572 724 1610 572 724 1611 585 735 1612 573 736 1613 585 735 1614 574 726 1615 573 736 1616 574 726 1617 587 737 1618 575 738 1619 587 737 1620 576 728 1621 575 738 1622 588 739 1623 577 729 1624 576 728 1625 577 729 1626 590 740 1627 578 730 1628 578 730 1629 591 741 1630 579 742 1631 591 741 1632 568 720 1633 579 742 1634 580 743 1635 593 744 1636 581 731 1637 581 731 1638 594 745 1639 582 733 1640 582 733 1641 595 746 1642 583 747 1643 595 746 1644 584 734 1645 583 747 1646 584 734 1647 597 748 1648 585 735 1649 597 748 1650 586 749 1651 585 735 1652 586 749 1653 599 750 1654 587 737 1655 599 750 1656 588 739 1657 587 737 1658 588 739 1659 601 751 1660 589 752 1661 601 751 1662 590 740 1663 589 752 1664 602 753 1665 591 741 1666 590 740 1667 603 754 1668 580 743 1669 591 741 1670 592 755 1671 605 756 1672 593 744 1673 605 756 1674 594 745 1675 593 744 1676 606 757 1677 595 746 1678 594 745 1679 607 758 1680 596 759 1681 595 746 1682 608 760 1683 597 748 1684 596 759 1685 597 748 1686 610 761 1687 598 762 1688 610 761 1689 599 750 1690 598 762 1691 599 750 1692 612 763 1693 600 764 1694 600 764 1695 613 765 1696 601 751 1697 601 751 1698 614 766 1699 602 753 1700 602 753 1701 615 767 1702 603 754 1703 615 767 1704 592 755 1705 603 754 1706 616 768 1707 605 756 1708 604 769 1709 617 770 1710 606 757 1711 605 756 1712 618 771 1713 607 758 1714 606 757 1715 619 772 1716 608 760 1717 607 758 1718 620 773 1719 609 774 1720 608 760 1721 609 774 1722 622 775 1723 610 761 1724 622 775 1725 611 776 1726 610 761 1727 611 776 1728 624 777 1729 612 763 1730 612 763 1731 625 778 1732 613 765 1733 613 765 1734 626 779 1735 614 766 1736 614 766 1737 627 780 1738 615 767 1739 615 767 1740 616 768 1741 604 769 1742 628 781 1743 617 770 1744 616 768 1745 629 782 1746 618 771 1747 617 770 1748 630 783 1749 619 772 1750 618 771 1751 619 772 1752 632 784 1753 620 773 1754 620 773 1755 633 785 1756 621 786 1757 621 786 1758 634 787 1759 622 775 1760 634 787 1761 623 788 1762 622 775 1763 635 789 1764 624 777 1765 623 788 1766 636 790 1767 625 778 1768 624 777 1769 625 778 1770 638 791 1771 626 779 1772 626 779 1773 639 792 1774 627 780 1775 627 780 1776 628 781 1777 616 768 1778 628 781 1779 641 793 1780 629 782 1781 641 793 1782 630 783 1783 629 782 1784 630 783 1785 643 794 1786 631 795 1787 631 795 1788 644 796 1789 632 784 1790 644 796 1791 633 785 1792 632 784 1793 633 785 1794 646 797 1795 634 787 1796 646 797 1797 635 789 1798 634 787 1799 635 789 1800 648 798 1801 636 790 1802 648 798 1803 637 799 1804 636 790 1805 649 800 1806 638 791 1807 637 799 1808 638 791 1809 651 801 1810 639 792 1811 651 801 1812 628 781 1813 639 792 1814 640 802 1815 653 803 1816 641 793 1817 653 803 1818 642 804 1819 641 793 1820 654 805 1821 643 794 1822 642 804 1823 643 794 1824 656 806 1825 644 796 1826 644 796 1827 657 807 1828 645 808 1829 645 808 1830 658 809 1831 646 797 1832 658 809 1833 647 810 1834 646 797 1835 659 811 1836 648 798 1837 647 810 1838 660 812 1839 649 800 1840 648 798 1841 649 800 1842 662 813 1843 650 814 1844 650 814 1845 663 815 1846 651 801 1847 663 815 1848 640 802 1849 651 801 1850 652 816 1851 665 817 1852 653 803 1853 653 803 1854 666 818 1855 654 805 1856 666 818 1857 655 819 1858 654 805 1859 667 820 1860 656 806 1861 655 819 1862 668 821 1863 657 807 1864 656 806 1865 657 807 1866 670 822 1867 658 809 1868 670 822 1869 659 811 1870 658 809 1871 659 811 1872 672 823 1873 660 812 1874 660 812 1875 673 824 1876 661 825 1877 661 825 1878 674 826 1879 662 813 1880 674 826 1881 663 815 1882 662 813 1883 675 827 1884 652 816 1885 663 815 1886 676 828 1887 665 817 1888 664 829 1889 665 817 1890 678 830 1891 666 818 1892 678 830 1893 667 820 1894 666 818 1895 667 820 1896 680 831 1897 668 821 1898 668 821 1899 681 832 1900 669 833 1901 669 833 1902 682 834 1903 670 822 1904 682 834 1905 671 835 1906 670 822 1907 683 836 1908 672 823 1909 671 835 1910 684 837 1911 673 824 1912 672 823 1913 673 824 1914 686 838 1915 674 826 1916 686 838 1917 675 827 1918 674 826 1919 675 827 1920 676 828 1921 664 829 1922 676 828 1923 689 839 1924 677 840 1925 677 840 1926 690 841 1927 678 830 1928 678 830 1929 691 842 1930 679 843 1931 679 843 1932 692 844 1933 680 831 1934 692 844 1935 681 832 1936 680 831 1937 693 845 1938 682 834 1939 681 832 1940 682 834 1941 695 846 1942 683 836 1943 683 836 1944 696 847 1945 684 837 1946 696 847 1947 685 848 1948 684 837 1949 697 849 1950 686 838 1951 685 848 1952 698 850 1953 687 851 1954 686 838 1955 699 852 1956 676 828 1957 687 851 1958 688 853 1959 701 854 1960 689 839 1961 689 839 1962 702 855 1963 690 841 1964 690 841 1965 703 856 1966 691 842 1967 691 842 1968 704 857 1969 692 844 1970 704 857 1971 693 845 1972 692 844 1973 705 858 1974 694 859 1975 693 845 1976 694 859 1977 707 860 1978 695 846 1979 695 846 1980 708 861 1981 696 847 1982 708 861 1983 697 849 1984 696 847 1985 709 862 1986 698 850 1987 697 849 1988 710 863 1989 699 852 1990 698 850 1991 711 864 1992 688 853 1993 699 852 1994 712 865 1995 701 854 1996 700 866 1997 713 867 1998 702 855 1999 701 854 2000 702 855 2001 715 868 2002 703 856 2003 715 868 2004 704 857 2005 703 856 2006 716 869 2007 705 858 2008 704 857 2009 705 858 2010 718 870 2011 706 871 2012 718 870 2013 707 860 2014 706 871 2015 707 860 2016 720 872 2017 708 861 2018 708 861 2019 721 873 2020 709 862 2021 721 873 2022 710 863 2023 709 862 2024 710 863 2025 723 874 2026 711 864 2027 711 864 2028 712 865 2029 700 866 2030 712 865 2031 725 875 2032 713 867 2033 725 875 2034 714 876 2035 713 867 2036 714 876 2037 727 877 2038 715 868 2039 715 868 2040 728 878 2041 716 869 2042 728 878 2043 717 879 2044 716 869 2045 717 879 2046 730 880 2047 718 870 2048 730 880 2049 719 881 2050 718 870 2051 719 881 2052 732 882 2053 720 872 2054 732 882 2055 721 873 2056 720 872 2057 733 883 2058 722 884 2059 721 873 2060 722 884 2061 735 885 2062 723 874 2063 735 885 2064 712 865 2065 723 874 2066 724 886 2067 737 887 2068 725 875 2069 737 887 2070 726 888 2071 725 875 2072 726 888 2073 739 889 2074 727 877 2075 727 877 2076 740 890 2077 728 878 2078 740 890 2079 729 891 2080 728 878 2081 741 892 2082 730 880 2083 729 891 2084 730 880 2085 743 893 2086 731 894 2087 731 894 2088 744 895 2089 732 882 2090 744 895 2091 733 883 2092 732 882 2093 745 896 2094 734 897 2095 733 883 2096 734 897 2097 747 898 2098 735 885 2099 747 898 2100 724 886 2101 735 885 2102 736 899 2103 749 900 2104 737 887 2105 749 900 2106 738 901 2107 737 887 2108 738 901 2109 751 902 2110 739 889 2111 739 889 2112 752 903 2113 740 890 2114 752 903 2115 741 892 2116 740 890 2117 753 904 2118 742 905 2119 741 892 2120 742 905 2121 755 906 2122 743 893 2123 743 893 2124 756 907 2125 744 895 2126 756 907 2127 745 896 2128 744 895 2129 757 908 2130 746 909 2131 745 896 2132 746 909 2133 759 910 2134 747 898 2135 759 910 2136 736 899 2137 747 898 2138 760 911 2139 749 900 2140 748 912 2141 749 900 2142 762 913 2143 750 914 2144 750 914 2145 763 915 2146 751 902 2147 751 902 2148 764 916 2149 752 903 2150 752 903 2151 765 917 2152 753 904 2153 753 904 2154 766 918 2155 754 919 2156 766 918 2157 755 906 2158 754 919 2159 767 920 2160 756 907 2161 755 906 2162 768 921 2163 757 908 2164 756 907 2165 769 922 2166 758 923 2167 757 908 2168 770 924 2169 759 910 2170 758 923 2171 759 910 2172 760 911 2173 748 912 2174 772 925 2175 761 926 2176 760 911 2177 773 927 2178 762 913 2179 761 926 2180 774 928 2181 763 915 2182 762 913 2183 763 915 2184 776 929 2185 764 916 2186 776 929 2187 765 917 2188 764 916 2189 765 917 2190 778 930 2191 766 918 2192 778 930 2193 767 920 2194 766 918 2195 767 920 2196 780 931 2197 768 921 2198 780 931 2199 769 922 2200 768 921 2201 769 922 2202 782 932 2203 770 924 2204 770 924 2205 783 933 2206 771 934 2207 771 934 2208 772 925 2209 760 911 2210 772 925 2211 209 365 2212 773 927 2213 209 365 2214 774 928 2215 773 927 2216 210 366 2217 775 935 2218 774 928 2219 775 935 2220 212 370 2221 776 929 2222 776 929 2223 213 371 2224 777 936 2225 777 936 2226 214 373 2227 778 930 2228 214 373 2229 779 937 2230 778 930 2231 215 374 2232 780 931 2233 779 937 2234 216 376 2235 781 938 2236 780 931 2237 781 938 2238 218 379 2239 782 932 2240 782 932 2241 219 381 2242 783 933 2243 219 381 2244 772 925 2245 783 933 2246 3609 939 2247 3572 940 2248 3667 941 2249 3667 941 2250 3574 942 2251 3665 943 2252 3665 943 2253 3575 944 2254 3663 945 2255 3663 945 2256 3576 946 2257 3661 947 2258 3661 947 2259 3577 948 2260 3659 949 2261 3659 949 2262 3578 950 2263 3657 951 2264 3657 951 2265 3579 952 2266 3655 953 2267 3655 953 2268 3580 954 2269 3653 955 2270 3580 954 2271 1041 956 2272 3653 955 2273 3581 957 2274 1066 958 2275 1041 956 2276 3582 959 2277 1091 960 2278 1066 958 2279 3583 961 2280 3645 962 2281 1091 960 2282 3584 963 2283 3643 964 2284 3645 962 2285 3585 965 2286 3641 966 2287 3643 964 2288 3586 967 2289 3639 968 2290 3641 966 2291 3587 969 2292 3637 970 2293 3639 968 2294 3588 971 2295 3635 972 2296 3637 970 2297 3589 973 2298 3633 974 2299 3635 972 2300 3590 975 2301 3631 976 2302 3633 974 2303 3591 977 2304 3629 978 2305 3631 976 2306 3592 979 2307 3627 980 2308 3629 978 2309 3593 981 2310 3625 982 2311 3627 980 2312 3594 983 2313 3623 984 2314 3625 982 2315 3595 985 2316 3621 986 2317 3623 984 2318 3621 986 2319 3597 987 2320 3619 988 2321 3619 988 2322 3598 989 2323 3617 990 2324 3617 990 2325 3599 991 2326 1491 992 2327 1491 992 2328 3600 993 2329 1516 994 2330 1516 994 2331 3601 995 2332 1541 996 2333 1541 996 2334 3602 997 2335 1566 998 2336 800 999 2337 1729 1000 2338 3749 1001 2339 1591 1002 2340 3573 1003 2341 3609 939 2342 1566 998 2343 3603 1004 2344 1591 1002 2345 1589 1005 2346 1775 1006 2347 1774 1007 2348 1588 1008 2349 1614 1009 2350 1589 1005 2351 1587 1010 2352 1613 1011 2353 1588 1008 2354 1587 1010 2355 1611 1012 2356 1612 1013 2357 1586 1014 2358 1610 1015 2359 1611 1012 2360 1585 1016 2361 1609 1017 2362 1610 1015 2363 1584 1018 2364 1608 1019 2365 1609 1017 2366 1583 1020 2367 1607 1021 2368 1608 1019 2369 1582 1022 2370 1606 1023 2371 1607 1021 2372 1581 1024 2373 1605 1025 2374 1606 1023 2375 1580 1026 2376 1604 1027 2377 1605 1025 2378 1578 1028 2379 1604 1027 2380 1579 1029 2381 1578 1028 2382 1602 1030 2383 1603 1031 2384 1577 1032 2385 1601 1033 2386 1602 1030 2387 1576 1034 2388 1600 1035 2389 1601 1033 2390 1575 1036 2391 1599 1037 2392 1600 1035 2393 1574 1038 2394 1598 1039 2395 1599 1037 2396 1573 1040 2397 1597 1041 2398 1598 1039 2399 1572 1042 2400 1596 1043 2401 1597 1041 2402 1571 1044 2403 1595 1045 2404 1596 1043 2405 1569 1046 2406 1595 1045 2407 1570 1047 2408 1568 1048 2409 1594 1049 2410 1569 1046 2411 1567 1050 2412 1593 1051 2413 1568 1048 2414 1167 1052 2415 1643 1053 2416 1645 1054 2417 1614 1009 2418 1744 1055 2419 1775 1006 2420 1613 1011 2421 817 1056 2422 1614 1009 2423 1612 1013 2424 818 1057 2425 1613 1011 2426 1612 1013 2427 820 1058 2428 819 1059 2429 1611 1012 2430 821 1060 2431 820 1058 2432 1610 1015 2433 822 1061 2434 821 1060 2435 1609 1017 2436 823 1062 2437 822 1061 2438 1608 1019 2439 824 1063 2440 823 1062 2441 1607 1021 2442 825 1064 2443 824 1063 2444 1606 1023 2445 826 1065 2446 825 1064 2447 1605 1025 2448 827 1066 2449 826 1065 2450 1604 1027 2451 828 1067 2452 827 1066 2453 1603 1031 2454 829 1068 2455 828 1067 2456 1602 1030 2457 830 1069 2458 829 1068 2459 1601 1033 2460 831 1070 2461 830 1069 2462 1600 1035 2463 832 1071 2464 831 1070 2465 1599 1037 2466 833 1072 2467 832 1071 2468 1598 1039 2469 834 1073 2470 833 1072 2471 1597 1041 2472 835 1074 2473 834 1073 2474 1596 1043 2475 836 1075 2476 835 1074 2477 1594 1049 2478 836 1075 2479 1595 1045 2480 1593 1051 2481 837 1076 2482 1594 1049 2483 1592 1077 2484 838 1078 2485 1593 1051 2486 1116 1079 2487 1642 1080 2488 1640 1081 2489 1564 1082 2490 1774 1007 2491 1773 1083 2492 1563 1084 2493 1589 1005 2494 1564 1082 2495 1562 1085 2496 1588 1008 2497 1563 1084 2498 1562 1085 2499 1586 1014 2500 1587 1010 2501 1561 1086 2502 1585 1016 2503 1586 1014 2504 1560 1087 2505 1584 1018 2506 1585 1016 2507 1559 1088 2508 1583 1020 2509 1584 1018 2510 1558 1089 2511 1582 1022 2512 1583 1020 2513 1557 1090 2514 1581 1024 2515 1582 1022 2516 1556 1091 2517 1580 1026 2518 1581 1024 2519 1555 1092 2520 1579 1029 2521 1580 1026 2522 1554 1093 2523 1578 1028 2524 1579 1029 2525 1553 1094 2526 1577 1032 2527 1578 1028 2528 1552 1095 2529 1576 1034 2530 1577 1032 2531 1551 1096 2532 1575 1036 2533 1576 1034 2534 1550 1097 2535 1574 1038 2536 1575 1036 2537 1548 1098 2538 1574 1038 2539 1549 1099 2540 1547 1100 2541 1573 1040 2542 1548 1098 2543 1547 1100 2544 1571 1044 2545 1572 1042 2546 1545 1101 2547 1571 1044 2548 1546 1102 2549 1544 1103 2550 1570 1047 2551 1545 1101 2552 1543 1104 2553 1569 1046 2554 1544 1103 2555 1542 1105 2556 1568 1048 2557 1543 1104 2558 1142 1106 2559 3708 1107 2560 1643 1053 2561 1539 1108 2562 1773 1083 2563 1772 1109 2564 1538 1110 2565 1564 1082 2566 1539 1108 2567 1537 1111 2568 1563 1084 2569 1538 1110 2570 1537 1111 2571 1561 1086 2572 1562 1085 2573 1536 1112 2574 1560 1087 2575 1561 1086 2576 1535 1113 2577 1559 1088 2578 1560 1087 2579 1534 1114 2580 1558 1089 2581 1559 1088 2582 1533 1115 2583 1557 1090 2584 1558 1089 2585 1532 1116 2586 1556 1091 2587 1557 1090 2588 1531 1117 2589 1555 1092 2590 1556 1091 2591 1530 1118 2592 1554 1093 2593 1555 1092 2594 1529 1119 2595 1553 1094 2596 1554 1093 2597 1528 1120 2598 1552 1095 2599 1553 1094 2600 1527 1121 2601 1551 1096 2602 1552 1095 2603 1526 1122 2604 1550 1097 2605 1551 1096 2606 1525 1123 2607 1549 1099 2608 1550 1097 2609 1524 1124 2610 1548 1098 2611 1549 1099 2612 1523 1125 2613 1547 1100 2614 1548 1098 2615 1522 1126 2616 1546 1102 2617 1547 1100 2618 1520 1127 2619 1546 1102 2620 1521 1128 2621 1519 1129 2622 1545 1101 2623 1520 1127 2624 1518 1130 2625 1544 1103 2626 1519 1129 2627 1517 1131 2628 1543 1104 2629 1518 1130 2630 3647 1132 2631 1640 1081 2632 3711 1133 2633 1514 1134 2634 1772 1109 2635 1771 1135 2636 1513 1136 2637 1539 1108 2638 1514 1134 2639 1512 1137 2640 1538 1110 2641 1513 1136 2642 1512 1137 2643 1536 1112 2644 1537 1111 2645 1511 1138 2646 1535 1113 2647 1536 1112 2648 1510 1139 2649 1534 1114 2650 1535 1113 2651 1509 1140 2652 1533 1115 2653 1534 1114 2654 1508 1141 2655 1532 1116 2656 1533 1115 2657 1507 1142 2658 1531 1117 2659 1532 1116 2660 1506 1143 2661 1530 1118 2662 1531 1117 2663 1505 1144 2664 1529 1119 2665 1530 1118 2666 1504 1145 2667 1528 1120 2668 1529 1119 2669 1503 1146 2670 1527 1121 2671 1528 1120 2672 1502 1147 2673 1526 1122 2674 1527 1121 2675 1501 1148 2676 1525 1123 2677 1526 1122 2678 1500 1149 2679 1524 1124 2680 1525 1123 2681 1499 1150 2682 1523 1125 2683 1524 1124 2684 1498 1151 2685 1522 1126 2686 1523 1125 2687 1497 1152 2688 1521 1128 2689 1522 1126 2690 1496 1153 2691 1520 1127 2692 1521 1128 2693 1495 1154 2694 1519 1129 2695 1520 1127 2696 1493 1155 2697 1519 1129 2698 1494 1156 2699 1492 1157 2700 1518 1130 2701 1493 1155 2702 3644 1158 2703 3710 1159 2704 3708 1107 2705 1489 1160 2706 1771 1135 2707 1770 1161 2708 1488 1162 2709 1514 1134 2710 1489 1160 2711 1487 1163 2712 1513 1136 2713 1488 1162 2714 1487 1163 2715 1511 1138 2716 1512 1137 2717 1486 1164 2718 1510 1139 2719 1511 1138 2720 1485 1165 2721 1509 1140 2722 1510 1139 2723 1484 1166 2724 1508 1141 2725 1509 1140 2726 1483 1167 2727 1507 1142 2728 1508 1141 2729 1482 1168 2730 1506 1143 2731 1507 1142 2732 1481 1169 2733 1505 1144 2734 1506 1143 2735 1480 1170 2736 1504 1145 2737 1505 1144 2738 1479 1171 2739 1503 1146 2740 1504 1145 2741 1478 1172 2742 1502 1147 2743 1503 1146 2744 1477 1173 2745 1501 1148 2746 1502 1147 2747 1476 1174 2748 1500 1149 2749 1501 1148 2750 1474 1175 2751 1500 1149 2752 1475 1176 2753 1473 1177 2754 1499 1150 2755 1474 1175 2756 1473 1177 2757 1497 1152 2758 1498 1151 2759 1471 1178 2760 1497 1152 2761 1472 1179 2762 1470 1180 2763 1496 1153 2764 1471 1178 2765 1469 1181 2766 1495 1154 2767 1470 1180 2768 1468 1182 2769 1494 1156 2770 1469 1181 2771 3616 1183 2772 1493 1155 2773 1468 1182 2774 3649 1184 2775 3711 1133 2776 3713 1185 2777 1464 1186 2778 1770 1161 2779 1769 1187 2780 1463 1188 2781 1489 1160 2782 1464 1186 2783 1462 1189 2784 1488 1162 2785 1463 1188 2786 1462 1189 2787 1486 1164 2788 1487 1163 2789 1461 1190 2790 1485 1165 2791 1486 1164 2792 1460 1191 2793 1484 1166 2794 1485 1165 2795 1459 1192 2796 1483 1167 2797 1484 1166 2798 1458 1193 2799 1482 1168 2800 1483 1167 2801 1457 1194 2802 1481 1169 2803 1482 1168 2804 1456 1195 2805 1480 1170 2806 1481 1169 2807 1454 1196 2808 1480 1170 2809 1455 1197 2810 1454 1196 2811 1478 1172 2812 1479 1171 2813 1453 1198 2814 1477 1173 2815 1478 1172 2816 1451 1199 2817 1477 1173 2818 1452 1200 2819 1451 1199 2820 1475 1176 2821 1476 1174 2822 1450 1201 2823 1474 1175 2824 1475 1176 2825 1449 1202 2826 1473 1177 2827 1474 1175 2828 1447 1203 2829 1473 1177 2830 1448 1204 2831 1447 1203 2832 1471 1178 2833 1472 1179 2834 1446 1205 2835 1470 1180 2836 1471 1178 2837 1444 1206 2838 1470 1180 2839 1445 1207 2840 1443 1208 2841 1469 1181 2842 1444 1206 2843 3618 1209 2844 1468 1182 2845 1443 1208 2846 3607 1210 2847 3670 1211 2848 3606 1212 2849 1439 1213 2850 1769 1187 2851 1768 1214 2852 1438 1215 2853 1464 1186 2854 1439 1213 2855 1437 1216 2856 1463 1188 2857 1438 1215 2858 1437 1216 2859 1461 1190 2860 1462 1189 2861 1436 1217 2862 1460 1191 2863 1461 1190 2864 1435 1218 2865 1459 1192 2866 1460 1191 2867 1434 1219 2868 1458 1193 2869 1459 1192 2870 1433 1220 2871 1457 1194 2872 1458 1193 2873 1432 1221 2874 1456 1195 2875 1457 1194 2876 1431 1222 2877 1455 1197 2878 1456 1195 2879 1430 1223 2880 1454 1196 2881 1455 1197 2882 1429 1224 2883 1453 1198 2884 1454 1196 2885 1428 1225 2886 1452 1200 2887 1453 1198 2888 1427 1226 2889 1451 1199 2890 1452 1200 2891 1426 1227 2892 1450 1201 2893 1451 1199 2894 1424 1228 2895 1450 1201 2896 1425 1229 2897 1424 1228 2898 1448 1204 2899 1449 1202 2900 1423 1230 2901 1447 1203 2902 1448 1204 2903 1421 1231 2904 1447 1203 2905 1422 1232 2906 1420 1233 2907 1446 1205 2908 1421 1231 2909 1420 1233 2910 1444 1206 2911 1445 1207 2912 1419 1234 2913 1443 1208 2914 1444 1206 2915 3620 1235 2916 1443 1208 2917 1418 1236 2918 3646 1237 2919 3712 1238 2920 3710 1159 2921 1767 1239 2922 1439 1213 2923 1768 1214 2924 1414 1240 2925 1438 1215 2926 1439 1213 2927 1413 1241 2928 1437 1216 2929 1438 1215 2930 1411 1242 2931 1437 1216 2932 1412 1243 2933 1410 1244 2934 1436 1217 2935 1411 1242 2936 1409 1245 2937 1435 1218 2938 1410 1244 2939 1408 1246 2940 1434 1219 2941 1409 1245 2942 1407 1247 2943 1433 1220 2944 1408 1246 2945 1406 1248 2946 1432 1221 2947 1407 1247 2948 1405 1249 2949 1431 1222 2950 1406 1248 2951 1404 1250 2952 1430 1223 2953 1405 1249 2954 1403 1251 2955 1429 1224 2956 1404 1250 2957 1402 1252 2958 1428 1225 2959 1403 1251 2960 1401 1253 2961 1427 1226 2962 1402 1252 2963 1400 1254 2964 1426 1227 2965 1401 1253 2966 1400 1254 2967 1424 1228 2968 1425 1229 2969 1398 1255 2970 1424 1228 2971 1399 1256 2972 1397 1257 2973 1423 1230 2974 1398 1255 2975 1397 1257 2976 1421 1231 2977 1422 1232 2978 1396 1258 2979 1420 1233 2980 1421 1231 2981 1394 1259 2982 1420 1233 2983 1395 1260 2984 1393 1261 2985 1419 1234 2986 1394 1259 2987 1393 1261 2988 3620 1235 2989 1418 1236 2990 3651 1262 2991 3713 1185 2992 3715 1263 2993 1766 1264 2994 1414 1240 2995 1767 1239 2996 1389 1265 2997 1413 1241 2998 1414 1240 2999 1388 1266 3000 1412 1243 3001 1413 1241 3002 1386 1267 3003 1412 1243 3004 1387 1268 3005 1385 1269 3006 1411 1242 3007 1386 1267 3008 1384 1270 3009 1410 1244 3010 1385 1269 3011 1383 1271 3012 1409 1245 3013 1384 1270 3014 1382 1272 3015 1408 1246 3016 1383 1271 3017 1381 1273 3018 1407 1247 3019 1382 1272 3020 1380 1274 3021 1406 1248 3022 1381 1273 3023 1380 1274 3024 1404 1250 3025 1405 1249 3026 1378 1275 3027 1404 1250 3028 1379 1276 3029 1377 1277 3030 1403 1251 3031 1378 1275 3032 1377 1277 3033 1401 1253 3034 1402 1252 3035 1375 1278 3036 1401 1253 3037 1376 1279 3038 1374 1280 3039 1400 1254 3040 1375 1278 3041 1373 1281 3042 1399 1256 3043 1374 1280 3044 1373 1281 3045 1397 1257 3046 1398 1255 3047 1371 1282 3048 1397 1257 3049 1372 1283 3050 1370 1284 3051 1396 1258 3052 1371 1282 3053 1370 1284 3054 1394 1259 3055 1395 1260 3056 1369 1285 3057 1393 1261 3058 1394 1259 3059 1368 1286 3060 3622 1287 3061 1393 1261 3062 3604 1288 3063 3669 1289 3064 3605 1290 3065 1765 1291 3066 1389 1265 3067 1766 1264 3068 1364 1292 3069 1388 1266 3070 1389 1265 3071 1363 1293 3072 1387 1268 3073 1388 1266 3074 1361 1294 3075 1387 1268 3076 1362 1295 3077 1360 1296 3078 1386 1267 3079 1361 1294 3080 1359 1297 3081 1385 1269 3082 1360 1296 3083 1358 1298 3084 1384 1270 3085 1359 1297 3086 1357 1299 3087 1383 1271 3088 1358 1298 3089 1356 1300 3090 1382 1272 3091 1357 1299 3092 1355 1301 3093 1381 1273 3094 1356 1300 3095 1354 1302 3096 1380 1274 3097 1355 1301 3098 1353 1303 3099 1379 1276 3100 1354 1302 3101 1352 1304 3102 1378 1275 3103 1353 1303 3104 1351 1305 3105 1377 1277 3106 1352 1304 3107 1350 1306 3108 1376 1279 3109 1351 1305 3110 1350 1306 3111 1374 1280 3112 1375 1278 3113 1349 1307 3114 1373 1281 3115 1374 1280 3116 1347 1308 3117 1373 1281 3118 1348 1309 3119 1347 1308 3120 1371 1282 3121 1372 1283 3122 1346 1310 3123 1370 1284 3124 1371 1282 3125 1345 1311 3126 1369 1285 3127 1370 1284 3128 1344 1312 3129 1368 1286 3130 1369 1285 3131 1343 1313 3132 3624 1314 3133 1368 1286 3134 840 1315 3135 3671 1316 3136 3607 1210 3137 1764 1317 3138 1364 1292 3139 1765 1291 3140 1339 1318 3141 1363 1293 3142 1364 1292 3143 1338 1319 3144 1362 1295 3145 1363 1293 3146 1336 1320 3147 1362 1295 3148 1337 1321 3149 1335 1322 3150 1361 1294 3151 1336 1320 3152 1334 1323 3153 1360 1296 3154 1335 1322 3155 1333 1324 3156 1359 1297 3157 1334 1323 3158 1332 1325 3159 1358 1298 3160 1333 1324 3161 1331 1326 3162 1357 1299 3163 1332 1325 3164 1330 1327 3165 1356 1300 3166 1331 1326 3167 1329 1328 3168 1355 1301 3169 1330 1327 3170 1328 1329 3171 1354 1302 3172 1329 1328 3173 1327 1330 3174 1353 1303 3175 1328 1329 3176 1326 1331 3177 1352 1304 3178 1327 1330 3179 1325 1332 3180 1351 1305 3181 1326 1331 3182 1324 1333 3183 1350 1306 3184 1325 1332 3185 1323 1334 3186 1349 1307 3187 1324 1333 3188 1322 1335 3189 1348 1309 3190 1323 1334 3191 1321 1336 3192 1347 1308 3193 1322 1335 3194 1320 1337 3195 1346 1310 3196 1321 1336 3197 1319 1338 3198 1345 1311 3199 1320 1337 3200 1319 1338 3201 1343 1313 3202 1344 1312 3203 1318 1339 3204 3626 1340 3205 1343 1313 3206 3648 1341 3207 3714 1342 3208 3712 1238 3209 1763 1343 3210 1339 1318 3211 1764 1317 3212 1314 1344 3213 1338 1319 3214 1339 1318 3215 1313 1345 3216 1337 1321 3217 1338 1319 3218 1311 1346 3219 1337 1321 3220 1312 1347 3221 1310 1348 3222 1336 1320 3223 1311 1346 3224 1309 1349 3225 1335 1322 3226 1310 1348 3227 1308 1350 3228 1334 1323 3229 1309 1349 3230 1307 1351 3231 1333 1324 3232 1308 1350 3233 1306 1352 3234 1332 1325 3235 1307 1351 3236 1305 1353 3237 1331 1326 3238 1306 1352 3239 1304 1354 3240 1330 1327 3241 1305 1353 3242 1303 1355 3243 1329 1328 3244 1304 1354 3245 1302 1356 3246 1328 1329 3247 1303 1355 3248 1301 1357 3249 1327 1330 3250 1302 1356 3251 1300 1358 3252 1326 1331 3253 1301 1357 3254 1299 1359 3255 1325 1332 3256 1300 1358 3257 1298 1360 3258 1324 1333 3259 1299 1359 3260 1297 1361 3261 1323 1334 3262 1298 1360 3263 1296 1362 3264 1322 1335 3265 1297 1361 3266 1296 1362 3267 1320 1337 3268 1321 1336 3269 1295 1363 3270 1319 1338 3271 1320 1337 3272 1294 1364 3273 1318 1339 3274 1319 1338 3275 1293 1365 3276 3628 1366 3277 1318 1339 3278 1016 1367 3279 3715 1263 3280 3717 1368 3281 1762 1369 3282 1314 1344 3283 1763 1343 3284 1289 1370 3285 1313 1345 3286 1314 1344 3287 1288 1371 3288 1312 1347 3289 1313 1345 3290 1286 1372 3291 1312 1347 3292 1287 1373 3293 1285 1374 3294 1311 1346 3295 1286 1372 3296 1284 1375 3297 1310 1348 3298 1285 1374 3299 1283 1376 3300 1309 1349 3301 1284 1375 3302 1282 1377 3303 1308 1350 3304 1283 1376 3305 1281 1378 3306 1307 1351 3307 1282 1377 3308 1280 1379 3309 1306 1352 3310 1281 1378 3311 1279 1380 3312 1305 1353 3313 1280 1379 3314 1278 1381 3315 1304 1354 3316 1279 1380 3317 1277 1382 3318 1303 1355 3319 1278 1381 3320 1276 1383 3321 1302 1356 3322 1277 1382 3323 1275 1384 3324 1301 1357 3325 1276 1383 3326 1274 1385 3327 1300 1358 3328 1275 1384 3329 1274 1385 3330 1298 1360 3331 1299 1359 3332 1273 1386 3333 1297 1361 3334 1298 1360 3335 1271 1387 3336 1297 1361 3337 1272 1388 3338 1271 1387 3339 1295 1363 3340 1296 1362 3341 1270 1389 3342 1294 1364 3343 1295 1363 3344 1269 1390 3345 1293 1365 3346 1294 1364 3347 1268 1391 3348 3630 1392 3349 1293 1365 3350 3605 1290 3351 3672 1393 3352 839 1394 3353 1761 1395 3354 1289 1370 3355 1762 1369 3356 1264 1396 3357 1288 1371 3358 1289 1370 3359 1263 1397 3360 1287 1373 3361 1288 1371 3362 1261 1398 3363 1287 1373 3364 1262 1399 3365 1260 1400 3366 1286 1372 3367 1261 1398 3368 1259 1401 3369 1285 1374 3370 1260 1400 3371 1258 1402 3372 1284 1375 3373 1259 1401 3374 1257 1403 3375 1283 1376 3376 1258 1402 3377 1256 1404 3378 1282 1377 3379 1257 1403 3380 1255 1405 3381 1281 1378 3382 1256 1404 3383 1254 1406 3384 1280 1379 3385 1255 1405 3386 1254 1406 3387 1278 1381 3388 1279 1380 3389 1252 1407 3390 1278 1381 3391 1253 1408 3392 1251 1409 3393 1277 1382 3394 1252 1407 3395 1250 1410 3396 1276 1383 3397 1251 1409 3398 1249 1411 3399 1275 1384 3400 1250 1410 3401 1248 1412 3402 1274 1385 3403 1249 1411 3404 1247 1413 3405 1273 1386 3406 1248 1412 3407 1246 1414 3408 1272 1388 3409 1247 1413 3410 1245 1415 3411 1271 1387 3412 1246 1414 3413 1245 1415 3414 1269 1390 3415 1270 1389 3416 1244 1416 3417 1268 1391 3418 1269 1390 3419 1243 1417 3420 3632 1418 3421 1268 1391 3422 3606 1212 3423 3675 1419 3424 3611 1420 3425 1760 1421 3426 1264 1396 3427 1761 1395 3428 1239 1422 3429 1263 1397 3430 1264 1396 3431 1238 1423 3432 1262 1399 3433 1263 1397 3434 1236 1424 3435 1262 1399 3436 1237 1425 3437 1235 1426 3438 1261 1398 3439 1236 1424 3440 1234 1427 3441 1260 1400 3442 1235 1426 3443 1233 1428 3444 1259 1401 3445 1234 1427 3446 1232 1429 3447 1258 1402 3448 1233 1428 3449 1231 1430 3450 1257 1403 3451 1232 1429 3452 1230 1431 3453 1256 1404 3454 1231 1430 3455 1229 1432 3456 1255 1405 3457 1230 1431 3458 1228 1433 3459 1254 1406 3460 1229 1432 3461 1227 1434 3462 1253 1408 3463 1228 1433 3464 1226 1435 3465 1252 1407 3466 1227 1434 3467 1225 1436 3468 1251 1409 3469 1226 1435 3470 1224 1437 3471 1250 1410 3472 1225 1436 3473 1223 1438 3474 1249 1411 3475 1224 1437 3476 1222 1439 3477 1248 1412 3478 1223 1438 3479 1221 1440 3480 1247 1413 3481 1222 1439 3482 1220 1441 3483 1246 1414 3484 1221 1440 3485 1220 1441 3486 1244 1416 3487 1245 1415 3488 1219 1442 3489 1243 1417 3490 1244 1416 3491 1218 1443 3492 3634 1444 3493 1243 1417 3494 1042 1445 3495 3716 1446 3496 3714 1342 3497 1759 1447 3498 1239 1422 3499 1760 1421 3500 1214 1448 3501 1238 1423 3502 1239 1422 3503 1213 1449 3504 1237 1425 3505 1238 1423 3506 1211 1450 3507 1237 1425 3508 1212 1451 3509 1210 1452 3510 1236 1424 3511 1211 1450 3512 1209 1453 3513 1235 1426 3514 1210 1452 3515 1208 1454 3516 1234 1427 3517 1209 1453 3518 1207 1455 3519 1233 1428 3520 1208 1454 3521 1206 1456 3522 1232 1429 3523 1207 1455 3524 1205 1457 3525 1231 1430 3526 1206 1456 3527 1204 1458 3528 1230 1431 3529 1205 1457 3530 1203 1459 3531 1229 1432 3532 1204 1458 3533 1202 1460 3534 1228 1433 3535 1203 1459 3536 1201 1461 3537 1227 1434 3538 1202 1460 3539 1200 1462 3540 1226 1435 3541 1201 1461 3542 1199 1463 3543 1225 1436 3544 1200 1462 3545 1198 1464 3546 1224 1437 3547 1199 1463 3548 1197 1465 3549 1223 1438 3550 1198 1464 3551 1196 1466 3552 1222 1439 3553 1197 1465 3554 1196 1466 3555 1220 1441 3556 1221 1440 3557 1195 1467 3558 1219 1442 3559 1220 1441 3560 1194 1468 3561 1218 1443 3562 1219 1442 3563 1193 1469 3564 3636 1470 3565 1218 1443 3566 1016 1367 3567 3719 1471 3568 991 1472 3569 1758 1473 3570 1214 1448 3571 1759 1447 3572 1189 1474 3573 1213 1449 3574 1214 1448 3575 1188 1475 3576 1212 1451 3577 1213 1449 3578 1186 1476 3579 1212 1451 3580 1187 1477 3581 1185 1478 3582 1211 1450 3583 1186 1476 3584 1184 1479 3585 1210 1452 3586 1185 1478 3587 1183 1480 3588 1209 1453 3589 1184 1479 3590 1182 1481 3591 1208 1454 3592 1183 1480 3593 1181 1482 3594 1207 1455 3595 1182 1481 3596 1180 1483 3597 1206 1456 3598 1181 1482 3599 1179 1484 3600 1205 1457 3601 1180 1483 3602 1178 1485 3603 1204 1458 3604 1179 1484 3605 1177 1486 3606 1203 1459 3607 1178 1485 3608 1176 1487 3609 1202 1460 3610 1177 1486 3611 1175 1488 3612 1201 1461 3613 1176 1487 3614 1174 1489 3615 1200 1462 3616 1175 1488 3617 1173 1490 3618 1199 1463 3619 1174 1489 3620 1172 1491 3621 1198 1464 3622 1173 1490 3623 1172 1491 3624 1196 1466 3625 1197 1465 3626 1170 1492 3627 1196 1466 3628 1171 1493 3629 1170 1492 3630 1194 1468 3631 1195 1467 3632 1169 1494 3633 1193 1469 3634 1194 1468 3635 1168 1495 3636 3638 1496 3637 1193 1469 3638 3610 1497 3639 3668 1498 3640 3604 1288 3641 1757 1499 3642 1189 1474 3643 1758 1473 3644 1164 1500 3645 1188 1475 3646 1189 1474 3647 1163 1501 3648 1187 1477 3649 1188 1475 3650 1161 1502 3651 1187 1477 3652 1162 1503 3653 1160 1504 3654 1186 1476 3655 1161 1502 3656 1159 1505 3657 1185 1478 3658 1160 1504 3659 1158 1506 3660 1184 1479 3661 1159 1505 3662 1157 1507 3663 1183 1480 3664 1158 1506 3665 1156 1508 3666 1182 1481 3667 1157 1507 3668 1155 1509 3669 1181 1482 3670 1156 1508 3671 1154 1510 3672 1180 1483 3673 1155 1509 3674 1153 1511 3675 1179 1484 3676 1154 1510 3677 1152 1512 3678 1178 1485 3679 1153 1511 3680 1151 1513 3681 1177 1486 3682 1152 1512 3683 1150 1514 3684 1176 1487 3685 1151 1513 3686 1149 1515 3687 1175 1488 3688 1150 1514 3689 1148 1516 3690 1174 1489 3691 1149 1515 3692 1147 1517 3693 1173 1490 3694 1148 1516 3695 1146 1518 3696 1172 1491 3697 1147 1517 3698 1146 1518 3699 1170 1492 3700 1171 1493 3701 1145 1519 3702 1169 1494 3703 1170 1492 3704 1144 1520 3705 1168 1495 3706 1169 1494 3707 1143 1521 3708 3640 1522 3709 1168 1495 3710 3611 1420 3711 3677 1523 3712 3613 1524 3713 1756 1525 3714 1164 1500 3715 1757 1499 3716 1139 1526 3717 1163 1501 3718 1164 1500 3719 1138 1527 3720 1162 1503 3721 1163 1501 3722 1136 1528 3723 1162 1503 3724 1137 1529 3725 1135 1530 3726 1161 1502 3727 1136 1528 3728 1134 1531 3729 1160 1504 3730 1135 1530 3731 1133 1532 3732 1159 1505 3733 1134 1531 3734 1132 1533 3735 1158 1506 3736 1133 1532 3737 1131 1534 3738 1157 1507 3739 1132 1533 3740 1130 1535 3741 1156 1508 3742 1131 1534 3743 1129 1536 3744 1155 1509 3745 1130 1535 3746 1128 1537 3747 1154 1510 3748 1129 1536 3749 1127 1538 3750 1153 1511 3751 1128 1537 3752 1126 1539 3753 1152 1512 3754 1127 1538 3755 1125 1540 3756 1151 1513 3757 1126 1539 3758 1125 1540 3759 1149 1515 3760 1150 1514 3761 1123 1541 3762 1149 1515 3763 1124 1542 3764 1122 1543 3765 1148 1516 3766 1123 1541 3767 1121 1544 3768 1147 1517 3769 1122 1543 3770 1120 1545 3771 1146 1518 3772 1121 1544 3773 1120 1545 3774 1144 1520 3775 1145 1519 3776 1119 1546 3777 1143 1521 3778 1144 1520 3779 1118 1547 3780 3642 1548 3781 1143 1521 3782 992 1549 3783 3716 1446 3784 1017 1550 3785 1755 1551 3786 1139 1526 3787 1756 1525 3788 1114 1552 3789 1138 1527 3790 1139 1526 3791 1113 1553 3792 1137 1529 3793 1138 1527 3794 1111 1554 3795 1137 1529 3796 1112 1555 3797 1110 1556 3798 1136 1528 3799 1111 1554 3800 1109 1557 3801 1135 1530 3802 1110 1556 3803 1108 1558 3804 1134 1531 3805 1109 1557 3806 1107 1559 3807 1133 1532 3808 1108 1558 3809 1106 1560 3810 1132 1533 3811 1107 1559 3812 1105 1561 3813 1131 1534 3814 1106 1560 3815 1104 1562 3816 1130 1535 3817 1105 1561 3818 1103 1563 3819 1129 1536 3820 1104 1562 3821 1102 1564 3822 1128 1537 3823 1103 1563 3824 1101 1565 3825 1127 1538 3826 1102 1564 3827 1100 1566 3828 1126 1539 3829 1101 1565 3830 1099 1567 3831 1125 1540 3832 1100 1566 3833 1098 1568 3834 1124 1542 3835 1099 1567 3836 1097 1569 3837 1123 1541 3838 1098 1568 3839 1096 1570 3840 1122 1543 3841 1097 1569 3842 1096 1570 3843 1120 1545 3844 1121 1544 3845 1094 1571 3846 1120 1545 3847 1095 1572 3848 1094 1571 3849 1118 1547 3850 1119 1546 3851 1093 1573 3852 1117 1574 3853 1118 1547 3854 991 1472 3855 3721 1575 3856 966 1576 3857 1754 1577 3858 1114 1552 3859 1755 1551 3860 1089 1578 3861 1113 1553 3862 1114 1552 3863 1088 1579 3864 1112 1555 3865 1113 1553 3866 1086 1580 3867 1112 1555 3868 1087 1581 3869 1085 1582 3870 1111 1554 3871 1086 1580 3872 1084 1583 3873 1110 1556 3874 1085 1582 3875 1083 1584 3876 1109 1557 3877 1084 1583 3878 1082 1585 3879 1108 1558 3880 1083 1584 3881 1081 1586 3882 1107 1559 3883 1082 1585 3884 1080 1587 3885 1106 1560 3886 1081 1586 3887 1079 1588 3888 1105 1561 3889 1080 1587 3890 1079 1588 3891 1103 1563 3892 1104 1562 3893 1077 1589 3894 1103 1563 3895 1078 1590 3896 1076 1591 3897 1102 1564 3898 1077 1589 3899 1076 1591 3900 1100 1566 3901 1101 1565 3902 1074 1592 3903 1100 1566 3904 1075 1593 3905 1073 1594 3906 1099 1567 3907 1074 1592 3908 1072 1595 3909 1098 1568 3910 1073 1594 3911 1071 1596 3912 1097 1569 3913 1072 1595 3914 1071 1596 3915 1095 1572 3916 1096 1570 3917 1070 1597 3918 1094 1571 3919 1095 1572 3920 1069 1598 3921 1093 1573 3922 1094 1571 3923 1068 1599 3924 1092 1600 3925 1093 1573 3926 3612 1601 3927 3674 1602 3928 3610 1497 3929 1753 1603 3930 1089 1578 3931 1754 1577 3932 1064 1604 3933 1088 1579 3934 1089 1578 3935 1063 1605 3936 1087 1581 3937 1088 1579 3938 1061 1606 3939 1087 1581 3940 1062 1607 3941 1060 1608 3942 1086 1580 3943 1061 1606 3944 1059 1609 3945 1085 1582 3946 1060 1608 3947 1058 1610 3948 1084 1583 3949 1059 1609 3950 1057 1611 3951 1083 1584 3952 1058 1610 3953 1056 1612 3954 1082 1585 3955 1057 1611 3956 1055 1613 3957 1081 1586 3958 1056 1612 3959 1054 1614 3960 1080 1587 3961 1055 1613 3962 1053 1615 3963 1079 1588 3964 1054 1614 3965 1052 1616 3966 1078 1590 3967 1053 1615 3968 1052 1616 3969 1076 1591 3970 1077 1589 3971 1050 1617 3972 1076 1591 3973 1051 1618 3974 1049 1619 3975 1075 1593 3976 1050 1617 3977 1049 1619 3978 1073 1594 3979 1074 1592 3980 1047 1620 3981 1073 1594 3982 1048 1621 3983 1046 1622 3984 1072 1595 3985 1047 1620 3986 1045 1623 3987 1071 1596 3988 1046 1622 3989 1044 1624 3990 1070 1597 3991 1045 1623 3992 1044 1624 3993 1068 1599 3994 1069 1598 3995 1043 1625 3996 1067 1626 3997 1068 1599 3998 967 1627 3999 3718 1628 4000 992 1549 4001 1752 1629 4002 1064 1604 4003 1753 1603 4004 1039 1630 4005 1063 1605 4006 1064 1604 4007 1038 1631 4008 1062 1607 4009 1063 1605 4010 1037 1632 4011 1061 1606 4012 1062 1607 4013 1036 1633 4014 1060 1608 4015 1061 1606 4016 1034 1634 4017 1060 1608 4018 1035 1635 4019 1033 1636 4020 1059 1609 4021 1034 1634 4022 1033 1636 4023 1057 1611 4024 1058 1610 4025 1031 1637 4026 1057 1611 4027 1032 1638 4028 1030 1639 4029 1056 1612 4030 1031 1637 4031 1029 1640 4032 1055 1613 4033 1030 1639 4034 1028 1641 4035 1054 1614 4036 1029 1640 4037 1027 1642 4038 1053 1615 4039 1028 1641 4040 1026 1643 4041 1052 1616 4042 1027 1642 4043 1026 1643 4044 1050 1617 4045 1051 1618 4046 1024 1644 4047 1050 1617 4048 1025 1645 4049 1023 1646 4050 1049 1619 4051 1024 1644 4052 1023 1646 4053 1047 1620 4054 1048 1621 4055 1021 1647 4056 1047 1620 4057 1022 1648 4058 1020 1649 4059 1046 1622 4060 1021 1647 4061 1019 1650 4062 1045 1623 4063 1020 1649 4064 1018 1651 4065 1044 1624 4066 1019 1650 4067 1018 1651 4068 3650 1652 4069 1043 1625 4070 3613 1524 4071 3679 1653 4072 3615 1654 4073 1014 1655 4074 1752 1629 4075 1751 1656 4076 1013 1657 4077 1039 1630 4078 1014 1655 4079 1012 1658 4080 1038 1631 4081 1013 1657 4082 1011 1659 4083 1037 1632 4084 1012 1658 4085 1010 1660 4086 1036 1633 4087 1011 1659 4088 1010 1660 4089 1034 1634 4090 1035 1635 4091 1009 1661 4092 1033 1636 4093 1034 1634 4094 1007 1662 4095 1033 1636 4096 1008 1663 4097 1007 1662 4098 1031 1637 4099 1032 1638 4100 1006 1664 4101 1030 1639 4102 1031 1637 4103 1005 1665 4104 1029 1640 4105 1030 1639 4106 1004 1666 4107 1028 1641 4108 1029 1640 4109 1003 1667 4110 1027 1642 4111 1028 1641 4112 1002 1668 4113 1026 1643 4114 1027 1642 4115 1000 1669 4116 1026 1643 4117 1001 1670 4118 1000 1669 4119 1024 1644 4120 1025 1645 4121 999 1671 4122 1023 1646 4123 1024 1644 4124 997 1672 4125 1023 1646 4126 998 1673 4127 997 1672 4128 1021 1647 4129 1022 1648 4130 996 1674 4131 1020 1649 4132 1021 1647 4133 995 1675 4134 1019 1650 4135 1020 1649 4136 994 1676 4137 1018 1651 4138 1019 1650 4139 3654 1677 4140 1018 1651 4141 993 1678 4142 966 1576 4143 3723 1679 4144 941 1680 4145 989 1681 4146 1751 1656 4147 1750 1682 4148 988 1683 4149 1014 1655 4150 989 1681 4151 987 1684 4152 1013 1657 4153 988 1683 4154 987 1684 4155 1011 1659 4156 1012 1658 4157 986 1685 4158 1010 1660 4159 1011 1659 4160 985 1686 4161 1009 1661 4162 1010 1660 4163 984 1687 4164 1008 1663 4165 1009 1661 4166 983 1688 4167 1007 1662 4168 1008 1663 4169 982 1689 4170 1006 1664 4171 1007 1662 4172 981 1690 4173 1005 1665 4174 1006 1664 4175 980 1691 4176 1004 1666 4177 1005 1665 4178 979 1692 4179 1003 1667 4180 1004 1666 4181 978 1693 4182 1002 1668 4183 1003 1667 4184 976 1694 4185 1002 1668 4186 977 1695 4187 976 1694 4188 1000 1669 4189 1001 1670 4190 975 1696 4191 999 1671 4192 1000 1669 4193 973 1697 4194 999 1671 4195 974 1698 4196 973 1697 4197 997 1672 4198 998 1673 4199 972 1699 4200 996 1674 4201 997 1672 4202 971 1700 4203 995 1675 4204 996 1674 4205 970 1701 4206 994 1676 4207 995 1675 4208 968 1702 4209 994 1676 4210 969 1703 4211 3656 1704 4212 993 1678 4213 968 1702 4214 3614 1705 4215 3676 1706 4216 3612 1601 4217 964 1707 4218 1750 1682 4219 1749 1708 4220 963 1709 4221 989 1681 4222 964 1707 4223 962 1710 4224 988 1683 4225 963 1709 4226 962 1710 4227 986 1685 4228 987 1684 4229 961 1711 4230 985 1686 4231 986 1685 4232 960 1712 4233 984 1687 4234 985 1686 4235 959 1713 4236 983 1688 4237 984 1687 4238 958 1714 4239 982 1689 4240 983 1688 4241 957 1715 4242 981 1690 4243 982 1689 4244 956 1716 4245 980 1691 4246 981 1690 4247 955 1717 4248 979 1692 4249 980 1691 4250 953 1718 4251 979 1692 4252 954 1719 4253 953 1718 4254 977 1695 4255 978 1693 4256 952 1720 4257 976 1694 4258 977 1695 4259 950 1721 4260 976 1694 4261 951 1722 4262 950 1721 4263 974 1698 4264 975 1696 4265 949 1723 4266 973 1697 4267 974 1698 4268 948 1724 4269 972 1699 4270 973 1697 4271 947 1725 4272 971 1700 4273 972 1699 4274 945 1726 4275 971 1700 4276 946 1727 4277 944 1728 4278 970 1701 4279 945 1726 4280 943 1729 4281 969 1703 4282 944 1728 4283 3658 1730 4284 968 1702 4285 943 1729 4286 3615 1654 4287 3681 1731 4288 1466 1732 4289 939 1733 4290 1749 1708 4291 1748 1734 4292 938 1735 4293 964 1707 4294 939 1733 4295 937 1736 4296 963 1709 4297 938 1735 4298 937 1736 4299 961 1711 4300 962 1710 4301 936 1737 4302 960 1712 4303 961 1711 4304 935 1738 4305 959 1713 4306 960 1712 4307 934 1739 4308 958 1714 4309 959 1713 4310 933 1740 4311 957 1715 4312 958 1714 4313 932 1741 4314 956 1716 4315 957 1715 4316 931 1742 4317 955 1717 4318 956 1716 4319 930 1743 4320 954 1719 4321 955 1717 4322 929 1744 4323 953 1718 4324 954 1719 4325 928 1745 4326 952 1720 4327 953 1718 4328 927 1746 4329 951 1722 4330 952 1720 4331 926 1747 4332 950 1721 4333 951 1722 4334 925 1748 4335 949 1723 4336 950 1721 4337 924 1749 4338 948 1724 4339 949 1723 4340 923 1750 4341 947 1725 4342 948 1724 4343 922 1751 4344 946 1727 4345 947 1725 4346 920 1752 4347 946 1727 4348 921 1753 4349 920 1752 4350 944 1728 4351 945 1726 4352 918 1754 4353 944 1728 4354 919 1755 4355 3660 1756 4356 943 1729 4357 918 1754 4358 942 1757 4359 3720 1758 4360 967 1627 4361 914 1759 4362 1748 1734 4363 1747 1760 4364 913 1761 4365 939 1733 4366 914 1759 4367 912 1762 4368 938 1735 4369 913 1761 4370 912 1762 4371 936 1737 4372 937 1736 4373 911 1763 4374 935 1738 4375 936 1737 4376 910 1764 4377 934 1739 4378 935 1738 4379 909 1765 4380 933 1740 4381 934 1739 4382 908 1766 4383 932 1741 4384 933 1740 4385 907 1767 4386 931 1742 4387 932 1741 4388 906 1768 4389 930 1743 4390 931 1742 4391 905 1769 4392 929 1744 4393 930 1743 4394 904 1770 4395 928 1745 4396 929 1744 4397 903 1771 4398 927 1746 4399 928 1745 4400 902 1772 4401 926 1747 4402 927 1746 4403 901 1773 4404 925 1748 4405 926 1747 4406 899 1774 4407 925 1748 4408 900 1775 4409 899 1774 4410 923 1750 4411 924 1749 4412 898 1776 4413 922 1751 4414 923 1750 4415 897 1777 4416 921 1753 4417 922 1751 4418 896 1778 4419 920 1752 4420 921 1753 4421 894 1779 4422 920 1752 4423 895 1780 4424 893 1781 4425 919 1755 4426 894 1779 4427 3662 1782 4428 918 1754 4429 893 1781 4430 941 1680 4431 3725 1783 4432 916 1784 4433 889 1785 4434 1747 1760 4435 1746 1786 4436 888 1787 4437 914 1759 4438 889 1785 4439 887 1788 4440 913 1761 4441 888 1787 4442 887 1788 4443 911 1763 4444 912 1762 4445 886 1789 4446 910 1764 4447 911 1763 4448 885 1790 4449 909 1765 4450 910 1764 4451 884 1791 4452 908 1766 4453 909 1765 4454 883 1792 4455 907 1767 4456 908 1766 4457 882 1793 4458 906 1768 4459 907 1767 4460 881 1794 4461 905 1769 4462 906 1768 4463 880 1795 4464 904 1770 4465 905 1769 4466 879 1796 4467 903 1771 4468 904 1770 4469 878 1797 4470 902 1772 4471 903 1771 4472 877 1798 4473 901 1773 4474 902 1772 4475 876 1799 4476 900 1775 4477 901 1773 4478 875 1800 4479 899 1774 4480 900 1775 4481 874 1801 4482 898 1776 4483 899 1774 4484 873 1802 4485 897 1777 4486 898 1776 4487 872 1803 4488 896 1778 4489 897 1777 4490 870 1804 4491 896 1778 4492 871 1805 4493 869 1806 4494 895 1780 4495 870 1804 4496 868 1807 4497 894 1779 4498 869 1806 4499 3664 1808 4500 893 1781 4501 868 1807 4502 1467 1809 4503 3678 1810 4504 3614 1705 4505 864 1811 4506 1746 1786 4507 1745 1812 4508 863 1813 4509 889 1785 4510 864 1811 4511 862 1814 4512 888 1787 4513 863 1813 4514 862 1814 4515 886 1789 4516 887 1788 4517 861 1815 4518 885 1790 4519 886 1789 4520 860 1816 4521 884 1791 4522 885 1790 4523 859 1817 4524 883 1792 4525 884 1791 4526 858 1818 4527 882 1793 4528 883 1792 4529 857 1819 4530 881 1794 4531 882 1793 4532 856 1820 4533 880 1795 4534 881 1794 4535 855 1821 4536 879 1796 4537 880 1795 4538 854 1822 4539 878 1797 4540 879 1796 4541 853 1823 4542 877 1798 4543 878 1797 4544 852 1824 4545 876 1799 4546 877 1798 4547 851 1825 4548 875 1800 4549 876 1799 4550 850 1826 4551 874 1801 4552 875 1800 4553 849 1827 4554 873 1802 4555 874 1801 4556 848 1828 4557 872 1803 4558 873 1802 4559 846 1829 4560 872 1803 4561 847 1830 4562 846 1829 4563 870 1804 4564 871 1805 4565 844 1831 4566 870 1804 4567 845 1832 4568 843 1833 4569 869 1806 4570 844 1831 4571 3666 1834 4572 868 1807 4573 843 1833 4574 1466 1732 4575 3683 1835 4576 1441 1836 4577 817 1056 4578 1745 1812 4579 1744 1055 4580 818 1057 4581 864 1811 4582 817 1056 4583 819 1059 4584 863 1813 4585 818 1057 4586 819 1059 4587 861 1815 4588 862 1814 4589 820 1058 4590 860 1816 4591 861 1815 4592 821 1060 4593 859 1817 4594 860 1816 4595 822 1061 4596 858 1818 4597 859 1817 4598 823 1062 4599 857 1819 4600 858 1818 4601 824 1063 4602 856 1820 4603 857 1819 4604 825 1064 4605 855 1821 4606 856 1820 4607 826 1065 4608 854 1822 4609 855 1821 4610 827 1066 4611 853 1823 4612 854 1822 4613 828 1067 4614 852 1824 4615 853 1823 4616 829 1068 4617 851 1825 4618 852 1824 4619 830 1069 4620 850 1826 4621 851 1825 4622 831 1070 4623 849 1827 4624 850 1826 4625 832 1071 4626 848 1828 4627 849 1827 4628 833 1072 4629 847 1830 4630 848 1828 4631 834 1073 4632 846 1829 4633 847 1830 4634 836 1075 4635 846 1829 4636 835 1074 4637 837 1076 4638 845 1832 4639 836 1075 4640 838 1078 4641 844 1831 4642 837 1076 4643 3608 1837 4644 843 1833 4645 838 1078 4646 917 1838 4647 3722 1839 4648 942 1757 4649 1676 1840 4650 1679 1841 4651 1677 1842 4652 1678 1843 4653 1616 1844 4654 1679 1841 4655 1674 1845 4656 1677 1842 4657 1675 1846 4658 1672 1847 4659 1675 1846 4660 1673 1848 4661 1670 1849 4662 1673 1848 4663 1671 1850 4664 1668 1851 4665 1671 1850 4666 1669 1852 4667 1666 1853 4668 1669 1852 4669 3682 1854 4670 3684 1855 4671 1666 1853 4672 3682 1854 4673 3687 1856 4674 3684 1855 4675 3686 1857 4676 3688 1858 4677 3687 1856 4678 3686 1857 4679 3690 1859 4680 3689 1860 4681 3688 1858 4682 3692 1861 4683 3691 1862 4684 3690 1859 4685 3694 1863 4686 3693 1864 4687 3692 1861 4688 3696 1865 4689 3695 1866 4690 3694 1863 4691 3698 1867 4692 3697 1868 4693 3696 1865 4694 3700 1869 4695 3699 1870 4696 3698 1867 4697 3702 1871 4698 3701 1872 4699 3700 1869 4700 3704 1873 4701 3703 1874 4702 3702 1871 4703 3706 1875 4704 3705 1876 4705 3704 1873 4706 1641 1877 4707 3707 1878 4708 3706 1875 4709 1639 1879 4710 3709 1880 4711 1641 1877 4712 1637 1881 4713 1638 1882 4714 1639 1879 4715 1635 1883 4716 1636 1884 4717 1637 1881 4718 1633 1885 4719 1634 1886 4720 1635 1883 4721 1630 1887 4722 1633 1885 4723 1631 1888 4724 1628 1889 4725 1631 1888 4726 1629 1890 4727 1626 1891 4728 1629 1890 4729 1627 1892 4730 1624 1893 4731 1627 1892 4732 1625 1894 4733 3727 1895 4734 1625 1894 4735 3726 1896 4736 3729 1897 4737 3726 1896 4738 3728 1898 4739 3731 1899 4740 3728 1898 4741 3730 1900 4742 1617 1901 4743 3730 1900 4744 1616 1844 4745 1141 1902 4746 1644 1903 4747 1642 1080 4748 1192 1904 4749 1645 1054 4750 1647 1905 4751 1166 1906 4752 1646 1907 4753 1644 1903 4754 1217 1908 4755 1647 1905 4756 1649 1909 4757 1191 1910 4758 1648 1911 4759 1646 1907 4760 1242 1912 4761 1649 1909 4762 1651 1913 4763 1216 1914 4764 1650 1915 4765 1648 1911 4766 1267 1916 4767 1651 1913 4768 1653 1917 4769 1241 1918 4770 1652 1919 4771 1650 1915 4772 1292 1920 4773 1653 1917 4774 1655 1921 4775 1266 1922 4776 1654 1923 4777 1652 1919 4778 1317 1924 4779 1655 1921 4780 1657 1925 4781 1291 1926 4782 1656 1927 4783 1654 1923 4784 1342 1928 4785 1657 1925 4786 1659 1929 4787 1316 1930 4788 1658 1931 4789 1656 1927 4790 1367 1932 4791 1659 1929 4792 1661 1933 4793 839 1394 4794 1619 1934 4795 842 1935 4796 1341 1936 4797 1660 1937 4798 1658 1931 4799 1392 1938 4800 1661 1933 4801 1663 1939 4802 841 1940 4803 3673 1941 4804 840 1315 4805 842 1935 4806 1621 1942 4807 867 1943 4808 1366 1944 4809 1662 1945 4810 1660 1937 4811 1417 1946 4812 1663 1939 4813 1665 1947 4814 866 1948 4815 1618 1949 4816 841 1940 4817 867 1943 4818 1623 1950 4819 892 1951 4820 1391 1952 4821 1664 1953 4822 1662 1945 4823 1417 1946 4824 1667 1954 4825 1442 1955 4826 891 1956 4827 1620 1957 4828 866 1948 4829 892 1951 4830 3724 1958 4831 917 1838 4832 1441 1836 4833 1664 1953 4834 1416 1959 4835 1442 1955 4836 3680 1960 4837 1467 1809 4838 916 1784 4839 1622 1961 4840 891 1956 4841 3733 1962 4842 1680 1963 4843 1681 1964 4844 3734 1965 4845 1680 1963 4846 3732 1966 4847 3735 1967 4848 1682 1968 4849 3734 1965 4850 3736 1969 4851 1683 1970 4852 3735 1967 4853 3737 1971 4854 1684 1972 4855 3736 1969 4856 3738 1973 4857 1685 1974 4858 3737 1971 4859 3739 1975 4860 1686 1976 4861 3738 1973 4862 3740 1977 4863 1687 1978 4864 3739 1975 4865 3740 1977 4866 1689 1979 4867 1688 1980 4868 3741 1981 4869 1690 1982 4870 1689 1979 4871 3742 1983 4872 1691 1984 4873 1690 1982 4874 3743 1985 4875 1692 1986 4876 1691 1984 4877 3744 1987 4878 1693 1988 4879 1692 1986 4880 3745 1989 4881 1694 1990 4882 1693 1988 4883 3746 1991 4884 1695 1992 4885 1694 1990 4886 3748 1993 4887 1695 1992 4888 3747 1994 4889 801 1995 4890 1696 1996 4891 3748 1993 4892 3750 1997 4893 1697 1998 4894 801 1995 4895 3751 1999 4896 1698 2000 4897 3750 1997 4898 3752 2001 4899 1699 2002 4900 3751 1999 4901 3753 2003 4902 1700 2004 4903 3752 2001 4904 3754 2005 4905 1701 2006 4906 3753 2003 4907 3755 2007 4908 1702 2008 4909 3754 2005 4910 3756 2009 4911 1703 2010 4912 3755 2007 4913 3756 2009 4914 1705 2011 4915 1704 2012 4916 3757 2013 4917 1706 2014 4918 1705 2011 4919 3758 2015 4920 1707 2016 4921 1706 2014 4922 3759 2017 4923 1708 2018 4924 1707 2016 4925 3760 2019 4926 1709 2020 4927 1708 2018 4928 3761 2021 4929 1710 2022 4930 1709 2020 4931 3762 2023 4932 1711 2024 4933 1710 2022 4934 3763 2025 4935 1681 1964 4936 1711 2024 4937 787 2026 4938 1716 2027 4939 788 2028 4940 814 2029 4941 1743 2030 4942 815 2031 4943 802 2032 4944 1729 1000 4945 1730 2033 4946 789 2034 4947 1716 2027 4948 1717 2035 4949 784 2036 4950 1743 2030 4951 1713 2037 4952 802 2032 4953 1731 2038 4954 803 2039 4955 790 2040 4956 1717 2035 4957 1718 2041 4958 803 2039 4959 1732 2042 4960 804 2043 4961 791 2044 4962 1718 2041 4963 1719 2045 4964 804 2043 4965 1733 2046 4966 805 2047 4967 791 2044 4968 1720 2048 4969 792 2049 4970 806 2050 4971 1733 2046 4972 1734 2051 4973 793 2052 4974 1720 2048 4975 1721 2053 4976 807 2054 4977 1734 2051 4978 1735 2055 4979 793 2052 4980 1722 2056 4981 794 2057 4982 807 2054 4983 1736 2058 4984 808 2059 4985 794 2057 4986 1723 2060 4987 795 2061 4988 809 2062 4989 1736 2058 4990 1737 2063 4991 795 2061 4992 1724 2064 4993 796 2065 4994 809 2062 4995 1738 2066 4996 810 2067 4997 797 2068 4998 1724 2064 4999 1725 2069 5000 810 2067 5001 1739 2070 5002 811 2071 5003 798 2072 5004 1725 2069 5005 1726 2073 5006 784 2036 5007 1712 2074 5008 785 2075 5009 812 2076 5010 1739 2070 5011 1740 2077 5012 799 2078 5013 1726 2073 5014 1727 2079 5015 785 2075 5016 1714 2080 5017 786 2081 5018 813 2082 5019 1740 2077 5020 1741 2083 5021 800 999 5022 1727 2079 5023 1728 2084 5024 786 2081 5025 1715 2085 5026 787 2026 5027 814 2029 5028 1741 2083 5029 1742 2086 5030 816 2087 5031 1745 1812 5032 865 2088 5033 865 2088 5034 1746 1786 5035 890 2089 5036 890 2089 5037 1747 1760 5038 915 2090 5039 915 2090 5040 1748 1734 5041 940 2091 5042 940 2091 5043 1749 1708 5044 965 2092 5045 965 2092 5046 1750 1682 5047 990 2093 5048 990 2093 5049 1751 1656 5050 1015 2094 5051 1015 2094 5052 1752 1629 5053 1040 2095 5054 1752 1629 5055 1065 2096 5056 1040 2095 5057 1753 1603 5058 1090 2097 5059 1065 2096 5060 1754 1577 5061 1115 2098 5062 1090 2097 5063 1755 1551 5064 1140 2099 5065 1115 2098 5066 1756 1525 5067 1165 2100 5068 1140 2099 5069 1757 1499 5070 1190 2101 5071 1165 2100 5072 1758 1473 5073 1215 2102 5074 1190 2101 5075 1759 1447 5076 1240 2103 5077 1215 2102 5078 1760 1421 5079 1265 2104 5080 1240 2103 5081 1761 1395 5082 1290 2105 5083 1265 2104 5084 1762 1369 5085 1315 2106 5086 1290 2105 5087 1763 1343 5088 1340 2107 5089 1315 2106 5090 1764 1317 5091 1365 2108 5092 1340 2107 5093 1765 1291 5094 1390 2109 5095 1365 2108 5096 1766 1264 5097 1415 2110 5098 1390 2109 5099 1767 1239 5100 1440 2111 5101 1415 2110 5102 1440 2111 5103 1769 1187 5104 1465 2112 5105 1465 2112 5106 1770 1161 5107 1490 2113 5108 1490 2113 5109 1771 1135 5110 1515 2114 5111 1515 2114 5112 1772 1109 5113 1540 2115 5114 1540 2115 5115 1773 1083 5116 1565 2116 5117 1565 2116 5118 1774 1007 5119 1590 2117 5120 1615 2118 5121 1744 1055 5122 816 2087 5123 1590 2117 5124 1775 1006 5125 1615 2118 5126 1784 2119 5127 1817 2120 5128 1785 2121 5129 1830 2122 5130 1863 2123 5131 1831 2124 5132 1798 2125 5133 1831 2124 5134 1799 2126 5135 1785 2121 5136 1818 2127 5137 1786 2128 5138 1799 2126 5139 1832 2129 5140 1800 2130 5141 1786 2128 5142 1819 2131 5143 1787 2132 5144 1800 2130 5145 1833 2133 5146 1801 2134 5147 1787 2132 5148 1820 2135 5149 1788 2136 5150 1801 2134 5151 1834 2137 5152 1802 2138 5153 1788 2136 5154 1821 2139 5155 1789 2140 5156 1802 2138 5157 1835 2141 5158 1803 2142 5159 1789 2140 5160 1822 2143 5161 1790 2144 5162 1777 2145 5163 1808 2146 5164 1776 2147 5165 1803 2142 5166 1836 2148 5167 1804 2149 5168 1790 2144 5169 1823 2150 5170 1791 2151 5171 1776 2147 5172 1810 2152 5173 1778 2153 5174 1804 2149 5175 1837 2154 5176 1805 2155 5177 1791 2151 5178 1824 2156 5179 1792 2157 5180 1778 2153 5181 1811 2158 5182 1779 2159 5183 1805 2155 5184 1838 2160 5185 1806 2161 5186 1792 2157 5187 1825 2162 5188 1793 2163 5189 1779 2159 5190 1812 2164 5191 1780 2165 5192 1806 2161 5193 1839 2166 5194 1807 2167 5195 1793 2163 5196 1826 2168 5197 1794 2169 5198 1780 2165 5199 1813 2170 5200 1781 2171 5201 1807 2167 5202 1809 2172 5203 1777 2145 5204 1794 2169 5205 1827 2173 5206 1795 2174 5207 1781 2171 5208 1814 2175 5209 1782 2176 5210 1795 2174 5211 1828 2177 5212 1796 2178 5213 1782 2176 5214 1815 2179 5215 1783 2180 5216 1796 2178 5217 1829 2181 5218 1797 2182 5219 1783 2180 5220 1816 2183 5221 1784 2119 5222 1797 2182 5223 1830 2122 5224 1798 2125 5225 1865 2184 5226 1898 2185 5227 1866 2186 5228 1817 2120 5229 1850 2187 5230 1818 2127 5231 1831 2124 5232 1864 2188 5233 1832 2129 5234 1819 2131 5235 1850 2187 5236 1851 2189 5237 1833 2133 5238 1864 2188 5239 1865 2184 5240 1819 2131 5241 1852 2190 5242 1820 2135 5243 1834 2137 5244 1865 2184 5245 1866 2186 5246 1821 2139 5247 1852 2190 5248 1853 2191 5249 1834 2137 5250 1867 2192 5251 1835 2141 5252 1822 2143 5253 1853 2191 5254 1854 2193 5255 1808 2146 5256 1841 2194 5257 1840 2195 5258 1836 2148 5259 1867 2192 5260 1868 2196 5261 1823 2150 5262 1854 2193 5263 1855 2197 5264 1808 2146 5265 1842 2198 5266 1810 2152 5267 1837 2154 5268 1868 2196 5269 1869 2199 5270 1823 2150 5271 1856 2200 5272 1824 2156 5273 1810 2152 5274 1843 2201 5275 1811 2158 5276 1837 2154 5277 1870 2202 5278 1838 2160 5279 1824 2156 5280 1857 2203 5281 1825 2162 5282 1811 2158 5283 1844 2204 5284 1812 2164 5285 1839 2166 5286 1870 2202 5287 1871 2205 5288 1825 2162 5289 1858 2206 5290 1826 2168 5291 1813 2170 5292 1844 2204 5293 1845 2207 5294 1809 2172 5295 1871 2205 5296 1841 2194 5297 1827 2173 5298 1858 2206 5299 1859 2208 5300 1813 2170 5301 1846 2209 5302 1814 2175 5303 1827 2173 5304 1860 2210 5305 1828 2177 5306 1815 2179 5307 1846 2209 5308 1847 2211 5309 1828 2177 5310 1861 2212 5311 1829 2181 5312 1816 2183 5313 1847 2211 5314 1848 2213 5315 1830 2122 5316 1861 2212 5317 1862 2214 5318 1816 2183 5319 1849 2215 5320 1817 2120 5321 1900 2216 5322 3793 2217 5323 1901 2218 5324 1852 2190 5325 1885 2219 5326 1853 2191 5327 1866 2186 5328 1899 2220 5329 1867 2192 5330 1853 2191 5331 1886 2221 5332 1854 2193 5333 1841 2194 5334 1872 2222 5335 1840 2195 5336 1867 2192 5337 1900 2216 5338 1868 2196 5339 1854 2193 5340 1887 2223 5341 1855 2197 5342 1840 2195 5343 1874 2224 5344 1842 2198 5345 1868 2196 5346 1901 2218 5347 1869 2199 5348 1855 2197 5349 1888 2225 5350 1856 2200 5351 1842 2198 5352 1875 2226 5353 1843 2201 5354 1869 2199 5355 1902 2227 5356 1870 2202 5357 1856 2200 5358 1889 2228 5359 1857 2203 5360 1843 2201 5361 1876 2229 5362 1844 2204 5363 1870 2202 5364 1903 2230 5365 1871 2205 5366 1857 2203 5367 1890 2231 5368 1858 2206 5369 1844 2204 5370 1877 2232 5371 1845 2207 5372 1871 2205 5373 1873 2233 5374 1841 2194 5375 1858 2206 5376 1891 2234 5377 1859 2208 5378 1845 2207 5379 1878 2235 5380 1846 2209 5381 1859 2208 5382 1892 2236 5383 1860 2210 5384 1846 2209 5385 1879 2237 5386 1847 2211 5387 1860 2210 5388 1893 2238 5389 1861 2212 5390 1847 2211 5391 1880 2239 5392 1848 2213 5393 1861 2212 5394 1894 2240 5395 1862 2214 5396 1848 2213 5397 1881 2241 5398 1849 2215 5399 1862 2214 5400 1895 2242 5401 1863 2123 5402 1849 2215 5403 1882 2243 5404 1850 2187 5405 1863 2123 5406 1896 2244 5407 1864 2188 5408 1850 2187 5409 1883 2245 5410 1851 2189 5411 1864 2188 5412 1897 2246 5413 1865 2184 5414 1851 2189 5415 1884 2247 5416 1852 2190 5417 3815 2248 5418 3912 2248 5419 3911 2248 5420 1887 2223 5421 3780 2249 5422 1888 2225 5423 1874 2224 5424 3767 2250 5425 1875 2226 5426 1901 2218 5427 3794 2251 5428 1902 2227 5429 1888 2225 5430 3781 2252 5431 1889 2228 5432 1875 2226 5433 3768 2253 5434 1876 2229 5435 1902 2227 5436 3795 2254 5437 1903 2230 5438 1889 2228 5439 3782 2255 5440 1890 2231 5441 1876 2229 5442 3769 2256 5443 1877 2232 5444 1903 2230 5445 3765 2257 5446 1873 2233 5447 1890 2231 5448 3783 2258 5449 1891 2234 5450 1877 2232 5451 3770 2259 5452 1878 2235 5453 1891 2234 5454 3784 2260 5455 1892 2236 5456 1878 2235 5457 3771 2261 5458 1879 2237 5459 1892 2236 5460 3785 2262 5461 1893 2238 5462 1879 2237 5463 3772 2263 5464 1880 2239 5465 1893 2238 5466 3786 2264 5467 1894 2240 5468 1880 2239 5469 3773 2265 5470 1881 2241 5471 1894 2240 5472 3787 2266 5473 1895 2242 5474 1881 2241 5475 3774 2267 5476 1882 2243 5477 1895 2242 5478 3788 2268 5479 1896 2244 5480 1882 2243 5481 3775 2269 5482 1883 2245 5483 1896 2244 5484 3789 2270 5485 1897 2246 5486 1883 2245 5487 3776 2271 5488 1884 2247 5489 1897 2246 5490 3790 2272 5491 1898 2185 5492 1884 2247 5493 3777 2273 5494 1885 2219 5495 1898 2185 5496 3791 2274 5497 1899 2220 5498 1885 2219 5499 3778 2275 5500 1886 2221 5501 1873 2233 5502 3764 2276 5503 1872 2222 5504 1899 2220 5505 3792 2277 5506 1900 2216 5507 1886 2221 5508 3779 2278 5509 1887 2223 5510 1872 2222 5511 3766 2279 5512 1874 2224 5513 1951 2280 5514 1984 2281 5515 3812 2282 5516 1909 2283 5517 3864 2284 5518 3865 2285 5519 1934 2286 5520 3891 2287 5521 1935 2288 5522 3814 2248 5523 3911 2248 5524 3910 2248 5525 1908 2289 5526 3863 2290 5527 3864 2284 5528 1934 2286 5529 3889 2291 5530 3890 2292 5531 3814 2248 5532 3909 2293 5533 3813 2294 5534 1907 2295 5535 3862 2296 5536 3863 2290 5537 1933 2297 5538 3888 2298 5539 3889 2291 5540 3813 2294 5541 3908 2299 5542 1952 2300 5543 1904 2301 5544 3862 2296 5545 1906 2302 5546 1932 2303 5547 3887 2304 5548 3888 2298 5549 1952 2300 5550 3907 2305 5551 3811 2306 5552 1905 2292 5553 3860 2307 5554 1904 2301 5555 1931 2308 5556 3886 2309 5557 3887 2304 5558 3811 2306 5559 3906 2310 5560 3810 2311 5561 1930 2312 5562 3885 2313 5563 3886 2309 5564 3809 2314 5565 3906 2310 5566 3905 2248 5567 1929 2315 5568 3884 2292 5569 3885 2313 5570 3808 2248 5571 3905 2248 5572 3904 2248 5573 1927 2316 5574 3884 2292 5575 1928 2292 5576 3807 2248 5577 3904 2248 5578 3903 2248 5579 1926 2317 5580 3883 2318 5581 1927 2316 5582 3806 2319 5583 3903 2248 5584 3902 2248 5585 1926 2317 5586 3881 2320 5587 3882 2321 5588 3806 2319 5589 3901 2322 5590 3805 2323 5591 1925 2324 5592 3880 2325 5593 3881 2320 5594 3805 2323 5595 3900 2248 5596 3804 2248 5597 1923 2326 5598 3880 2325 5599 1924 2327 5600 3803 2328 5601 3900 2248 5602 3899 2329 5603 1922 2286 5604 3879 2330 5605 1923 2326 5606 1942 2319 5607 3899 2329 5608 3898 2248 5609 1986 2331 5610 3847 2332 5611 1987 2333 5612 3798 2334 5613 1971 2335 5614 3799 2336 5615 3825 2337 5616 1998 2338 5617 3826 2339 5618 3812 2282 5619 1985 2340 5620 1953 2341 5621 3799 2336 5622 1972 2342 5623 3800 2343 5624 3826 2339 5625 1999 2344 5626 3827 2345 5627 1953 2341 5628 1986 2331 5629 1954 2346 5630 3800 2343 5631 1973 2347 5632 3801 2348 5633 3827 2345 5634 1969 2349 5635 3797 2350 5636 1954 2346 5637 1987 2333 5638 1955 2351 5639 3801 2348 5640 1974 2352 5641 3802 2353 5642 1955 2351 5643 1988 2354 5644 1956 2355 5645 3802 2353 5646 1975 2356 5647 1943 2357 5648 1956 2355 5649 1989 2358 5650 3817 2359 5651 1943 2357 5652 1976 2360 5653 1944 2361 5654 3817 2359 5655 1990 2362 5656 3818 2363 5657 1944 2361 5658 1977 2364 5659 1945 2365 5660 3818 2363 5661 1991 2366 5662 3819 2367 5663 1945 2365 5664 1978 2368 5665 1946 2369 5666 3819 2367 5667 1992 2370 5668 3820 2371 5669 1946 2369 5670 1979 2372 5671 1947 2373 5672 3820 2371 5673 1993 2374 5674 3821 2375 5675 1947 2373 5676 1980 2376 5677 1948 2377 5678 3821 2375 5679 1994 2378 5680 3822 2379 5681 1948 2377 5682 1981 2380 5683 1949 2381 5684 3822 2379 5685 1995 2382 5686 3823 2383 5687 1949 2381 5688 1982 2384 5689 1950 2385 5690 3797 2350 5691 1968 2386 5692 3796 2387 5693 3823 2383 5694 1996 2388 5695 3824 2389 5696 1950 2385 5697 1983 2390 5698 1951 2280 5699 3796 2387 5700 1970 2391 5701 3798 2334 5702 3824 2389 5703 1997 2392 5704 3825 2337 5705 3850 2393 5706 2052 2394 5707 2053 2395 5708 1974 2352 5709 3833 2396 5710 3834 2397 5711 1987 2333 5712 3848 2398 5713 1988 2354 5714 1974 2352 5715 3835 2399 5716 1975 2356 5717 1989 2358 5718 3848 2398 5719 3849 2400 5720 1975 2356 5721 3836 2401 5722 1976 2360 5723 1989 2358 5724 2022 2402 5725 1990 2362 5726 1977 2364 5727 3836 2401 5728 3837 2403 5729 1990 2362 5730 3851 2404 5731 1991 2366 5732 1978 2368 5733 3837 2403 5734 3838 2405 5735 1992 2370 5736 3851 2404 5737 3852 2406 5738 1978 2368 5739 3839 2407 5740 1979 2372 5741 1992 2370 5742 3853 2408 5743 1993 2374 5744 1979 2372 5745 3840 2409 5746 1980 2376 5747 1994 2378 5748 3853 2408 5749 3854 2410 5750 1980 2376 5751 3841 2411 5752 1981 2380 5753 1995 2382 5754 3854 2410 5755 3855 2412 5756 1981 2380 5757 3842 2413 5758 1982 2384 5759 1969 2349 5760 3828 2414 5761 1968 2386 5762 1995 2382 5763 3856 2415 5764 1996 2388 5765 1982 2384 5766 3843 2416 5767 1983 2390 5768 1970 2391 5769 3828 2414 5770 3830 2417 5771 1997 2392 5772 3856 2415 5773 3857 2418 5774 1984 2281 5775 3843 2416 5776 3844 2419 5777 1971 2335 5778 3830 2417 5779 3831 2420 5780 1998 2338 5781 3857 2418 5782 3858 2421 5783 1985 2340 5784 3844 2419 5785 3845 2422 5786 1972 2342 5787 3831 2420 5788 3832 2423 5789 1999 2344 5790 3858 2421 5791 3859 2424 5792 1985 2340 5793 3846 2425 5794 1986 2331 5795 1972 2342 5796 3833 2396 5797 1973 2347 5798 1999 2344 5799 3829 2426 5800 1969 2349 5801 2055 2427 5802 2086 2428 5803 2056 2429 5804 2008 2430 5805 2041 2431 5806 2009 2432 5807 3850 2393 5808 2054 2433 5809 2023 2434 5810 2009 2432 5811 2042 2435 5812 2010 2436 5813 2024 2437 5814 2054 2433 5815 2055 2427 5816 2011 2438 5817 2042 2435 5818 2043 2439 5819 2024 2437 5820 2056 2429 5821 2025 2440 5822 2012 2441 5823 2043 2439 5824 2044 2442 5825 2026 2443 5826 2056 2429 5827 2057 2444 5828 2012 2441 5829 2045 2445 5830 2013 2446 5831 2026 2443 5832 2058 2447 5833 2027 2448 5834 2013 2446 5835 2046 2449 5836 2014 2450 5837 2001 2451 5838 2032 2452 5839 2000 2453 5840 2027 2448 5841 2059 2454 5842 2028 2455 5843 2014 2450 5844 2157 2456 5845 2015 2457 5846 2002 2458 5847 2032 2452 5848 2034 2459 5849 2028 2455 5850 2060 2460 5851 2029 2461 5852 2016 2462 5853 2157 2456 5854 2047 2463 5855 2003 2464 5856 2034 2459 5857 2035 2465 5858 2029 2461 5859 2061 2466 5860 2030 2467 5861 2017 2468 5862 2047 2463 5863 2048 2469 5864 2004 2470 5865 2035 2465 5866 2036 2471 5867 2030 2467 5868 2062 2472 5869 2031 2473 5870 2018 2474 5871 2048 2469 5872 2049 2475 5873 2005 2476 5874 2036 2471 5875 2037 2477 5876 2031 2473 5877 2033 2478 5878 2001 2451 5879 2019 2479 5880 2049 2475 5881 2050 2480 5882 2005 2476 5883 2038 2481 5884 2006 2482 5885 2020 2483 5886 2050 2480 5887 2051 2484 5888 2007 2485 5889 2038 2481 5890 2039 2486 5891 2020 2483 5892 2052 2394 5893 2021 2487 5894 2008 2430 5895 2039 2486 5896 2040 2488 5897 2043 2439 5898 2075 2489 5899 2044 2442 5900 2056 2429 5901 2087 2490 5902 2057 2444 5903 2044 2442 5904 2076 2491 5905 2045 2445 5906 2057 2444 5907 2088 2492 5908 2058 2447 5909 2045 2445 5910 2158 2493 5911 2046 2449 5912 2033 2478 5913 2063 2494 5914 2032 2452 5915 2058 2447 5916 2089 2495 5917 2059 2454 5918 2032 2452 5919 2065 2496 5920 2034 2459 5921 2059 2454 5922 2090 2497 5923 2060 2460 5924 2034 2459 5925 2066 2498 5926 2035 2465 5927 2060 2460 5928 2091 2499 5929 2061 2466 5930 2047 2463 5931 2078 2500 5932 2048 2469 5933 2035 2465 5934 2067 2501 5935 2036 2471 5936 2061 2466 5937 2092 2502 5938 2062 2472 5939 2048 2469 5940 2079 2503 5941 2049 2475 5942 2036 2471 5943 2068 2504 5944 2037 2477 5945 2062 2472 5946 2064 2505 5947 2033 2478 5948 2049 2475 5949 2080 2506 5950 2050 2480 5951 2037 2477 5952 2069 2507 5953 2038 2481 5954 2050 2480 5955 2081 2508 5956 2051 2484 5957 2038 2481 5958 2070 2509 5959 2039 2486 5960 2051 2484 5961 2082 2510 5962 2052 2394 5963 2039 2486 5964 2071 2511 5965 2040 2488 5966 2052 2394 5967 2083 2512 5968 2053 2395 5969 2040 2488 5970 2072 2513 5971 2041 2431 5972 2053 2395 5973 2084 2514 5974 2054 2433 5975 2041 2431 5976 2073 2515 5977 2042 2435 5978 2054 2433 5979 2085 2516 5980 2055 2427 5981 2042 2435 5982 2074 2517 5983 2043 2439 5984 3872 2518 5985 2138 2519 5986 3873 2520 5987 2119 2521 5988 3919 2522 5989 2120 2523 5990 3873 2520 5991 2139 2524 5992 3874 2525 5993 2094 2526 5994 3892 2527 5995 2093 2528 5996 2120 2523 5997 3920 2529 5998 2121 2530 5999 3874 2525 6000 2140 2531 6001 3875 2532 6002 2093 2528 6003 3894 2533 6004 2095 2534 6005 2121 2530 6006 3921 2535 6007 2122 2536 6008 3875 2532 6009 2141 2537 6010 3876 2538 6011 2095 2534 6012 3895 2539 6013 2096 2540 6014 2122 2536 6015 3922 2541 6016 2123 2542 6017 3876 2538 6018 2142 2543 6019 3877 2544 6020 2096 2540 6021 3896 2545 6022 2097 2546 6023 2123 2542 6024 3923 2547 6025 2124 2548 6026 3877 2544 6027 2143 2549 6028 2111 2550 6029 2097 2546 6030 3897 2551 6031 2098 2552 6032 2124 2548 6033 3893 2553 6034 2094 2526 6035 2111 2550 6036 2144 2554 6037 2112 2555 6038 2098 2552 6039 2131 2556 6040 3866 2557 6041 2112 2555 6042 2145 2558 6043 2113 2559 6044 3866 2557 6045 2132 2560 6046 3867 2561 6047 2113 2559 6048 3913 2562 6049 2114 2563 6050 3867 2561 6051 2133 2564 6052 3868 2565 6053 2114 2563 6054 3914 2566 6055 2115 2567 6056 3868 2565 6057 2134 2568 6058 3869 2569 6059 2115 2567 6060 3915 2570 6061 2116 2571 6062 3869 2569 6063 2135 2572 6064 3870 2573 6065 2116 2571 6066 3916 2574 6067 2117 2575 6068 3870 2573 6069 2136 2576 6070 3871 2577 6071 2117 2575 6072 3917 2578 6073 2118 2579 6074 3871 2577 6075 2137 2580 6076 3872 2518 6077 2118 2579 6078 3918 2581 6079 2119 2521 6080 1935 2288 6081 3861 2292 6082 1905 2292 6083 1910 2582 6084 3865 2285 6085 2099 2583 6086 1957 2248 6087 3912 2248 6088 3816 2248 6089 1910 2582 6090 2100 2584 6091 1911 2585 6092 1958 2586 6093 2146 2248 6094 1957 2248 6095 1911 2585 6096 2101 2292 6097 1912 2292 6098 1958 2586 6099 2148 2587 6100 2147 2248 6101 1913 2588 6102 2101 2292 6103 2102 2589 6104 1959 2590 6105 2149 2248 6106 2148 2587 6107 1914 2591 6108 2102 2589 6109 2103 2583 6110 1961 2592 6111 2149 2248 6112 1960 2248 6113 1914 2591 6114 2104 2593 6115 1915 2283 6116 1962 2594 6117 2150 2595 6118 1961 2592 6119 1915 2283 6120 2105 2596 6121 1916 2597 6122 1963 2598 6123 2151 2599 6124 1962 2594 6125 1937 2300 6126 2125 2305 6127 2126 2299 6128 1916 2597 6129 2106 2290 6130 1917 2600 6131 1964 2601 6132 2152 2602 6133 1963 2598 6134 1936 2603 6135 2127 2310 6136 2125 2305 6137 1917 2600 6138 2107 2296 6139 1918 2302 6140 1965 2248 6141 2153 2604 6142 1964 2601 6143 1939 2605 6144 2127 2310 6145 1938 2311 6146 1919 2606 6147 2107 2296 6148 2108 2307 6149 1966 2248 6150 2154 2248 6151 1965 2248 6152 1940 2248 6153 2128 2248 6154 1939 2605 6155 1920 2292 6156 2108 2307 6157 2109 2292 6158 1966 2248 6159 2156 2293 6160 2155 2248 6161 1941 2248 6162 2129 2248 6163 1940 2248 6164 1921 2288 6165 2109 2292 6166 2110 2287 6167 1967 2294 6168 2126 2299 6169 2156 2293 6170 1942 2319 6171 2130 2248 6172 1941 2248 6173 1922 2286 6174 2110 2287 6175 3878 2292 6176 2046 2449 6177 2077 2607 6178 2157 2456 6179 2157 2456 6180 2159 2608 6181 2047 2463 6182 3927 2609 6183 3925 2610 6184 3924 2611 6185 3926 2612 6186 3928 2613 6187 3925 2610 6188 3929 2614 6189 3930 2615 6190 3928 2613 6191 3931 2616 6192 3932 2617 6193 3930 2615 6194 3933 2618 6195 3934 2619 6196 3932 2617 6197 3935 2620 6198 3936 2621 6199 3934 2619 6200 2270 2622 6201 2258 2623 6202 4034 2624 6203 2270 2622 6204 4036 2625 6205 2268 2626 6206 3940 78 6207 4030 78 6208 2269 78 6209 2268 2626 6210 4038 2627 6211 2267 2628 6212 3947 2629 6213 3948 2630 6214 2180 2631 6215 3949 2632 6216 3950 2633 6217 3948 2630 6218 3951 2634 6219 3952 2635 6220 3950 2633 6221 3953 2636 6222 3954 2637 6223 3952 2635 6224 3955 2638 6225 3956 2639 6226 3954 2637 6227 3957 2640 6228 3958 2641 6229 3956 2639 6230 3959 2642 6231 3960 2643 6232 3958 2641 6233 3961 2644 6234 3962 2645 6235 3960 2643 6236 3963 2646 6237 3964 2647 6238 3962 2645 6239 3970 2648 6240 4000 2649 6241 3968 2650 6242 3969 2651 6243 3972 2652 6244 3971 2653 6245 2197 2654 6246 4022 2655 6247 3995 2656 6248 3975 2657 6249 3924 2611 6250 3974 2658 6251 3973 2659 6252 3974 2658 6253 3972 2652 6254 3977 2660 6255 2208 2661 6256 2209 2662 6257 3976 2663 6258 2210 2664 6259 2208 2661 6260 3978 2665 6261 2211 2666 6262 2210 2664 6263 3979 2667 6264 2212 2668 6265 2211 2666 6266 3981 2669 6267 2212 2668 6268 3980 2670 6269 3981 2669 6270 3939 2671 6271 2213 2672 6272 3983 2673 6273 3939 2671 6274 3982 2662 6275 3983 2673 6276 2216 2674 6277 2215 2675 6278 3985 2676 6279 2216 2674 6280 3984 2662 6281 3985 2676 6282 3946 2677 6283 2217 2678 6284 3986 2662 6285 2219 2662 6286 3946 2677 6287 3987 2662 6288 2220 2679 6289 2219 2662 6290 3989 2680 6291 2220 2679 6292 3988 2681 6293 3990 2682 6294 2221 2683 6295 3989 2680 6296 3991 2684 6297 2222 2685 6298 3990 2682 6299 3992 2686 6300 2223 2687 6301 3991 2684 6302 3992 2686 6303 2225 2688 6304 2224 2662 6305 3994 2689 6306 2225 2688 6307 3993 2690 6308 3994 2689 6309 3967 2691 6310 2226 2692 6311 3996 2662 6312 3967 2691 6313 2199 2662 6314 3999 2662 6315 3998 2693 6316 2228 2694 6317 3997 2695 6318 3965 2696 6319 2227 2697 6320 3998 2693 6321 2229 2698 6322 2228 2694 6323 4001 2699 6324 2230 2700 6325 2229 2698 6326 3977 2660 6327 2230 2700 6328 4002 2701 6329 2171 2702 6330 4009 2703 6331 2173 2704 6332 3995 2656 6333 4023 2705 6334 2200 2706 6335 2173 2704 6336 4010 2707 6337 2175 2708 6338 2175 2708 6339 4011 2709 6340 2177 2710 6341 2177 2710 6342 4012 2711 6343 2179 2712 6344 2179 2712 6345 4013 2713 6346 2181 2714 6347 2181 2714 6348 4014 2715 6349 2183 2716 6350 2183 2716 6351 4015 2717 6352 2185 2718 6353 2185 2718 6354 4016 2719 6355 2187 2720 6356 2187 2720 6357 4017 2721 6358 2189 2722 6359 2161 2723 6360 4003 2724 6361 2163 2725 6362 2174 2726 6363 2239 2727 6364 2238 2728 6365 2189 2722 6366 2246 2729 6367 2191 2730 6368 2163 2725 6369 2233 2731 6370 2165 2732 6371 2201 2733 6372 2253 2734 6373 2203 2735 6374 2191 2730 6375 2247 2736 6376 2193 2737 6377 2165 2732 6378 2234 2738 6379 2167 2739 6380 2203 2735 6381 2254 2740 6382 2205 2741 6383 2193 2737 6384 2248 2742 6385 2195 2743 6386 2167 2739 6387 2235 2744 6388 2169 2745 6389 2205 2741 6390 2255 2746 6391 2207 2747 6392 2195 2743 6393 2249 2748 6394 2197 2654 6395 2169 2745 6396 2236 2749 6397 2171 2702 6398 2207 2747 6399 4004 2750 6400 2161 2723 6401 3942 2751 6402 4032 2752 6403 4031 2753 6404 4033 2754 6405 2260 2755 6406 4032 2752 6407 4035 2756 6408 2262 2757 6409 2260 2755 6410 4037 2758 6411 4039 2759 6412 2262 2757 6413 2273 2760 6414 4041 2761 6415 2263 2762 6416 2271 2763 6417 2257 2764 6418 2258 2623 6419 2274 2765 6420 2263 2762 6421 2261 2766 6422 2274 2765 6423 2259 2767 6424 2275 2768 6425 3943 72 6426 2265 72 6427 2272 72 6428 2275 2768 6429 2256 2769 6430 2266 2770 6431 2215 2675 6432 2266 2770 6433 3939 2671 6434 3944 72 6435 2272 72 6436 2218 72 6437 2216 2674 6438 2275 2768 6439 2215 2675 6440 2216 2674 6441 2273 2760 6442 2274 2765 6443 2174 2726 6444 4042 2771 6445 2271 2763 6446 2217 2678 6447 4043 2772 6448 2273 2760 6449 2178 2773 6450 2267 2628 6451 3945 2774 6452 2214 78 6453 2269 78 6454 2172 78 6455 2176 2775 6456 2268 2626 6457 2178 2773 6458 2176 2775 6459 2271 2763 6460 2270 2622 6461 4462 2776 6462 2279 2777 6463 4460 2778 6464 2287 2779 6465 4464 2780 6466 4463 2781 6467 2291 2782 6468 4465 2783 6469 4464 2780 6470 2295 2784 6471 4466 2785 6472 4465 2783 6473 4466 2785 6474 2303 2786 6475 4467 2787 6476 4467 2787 6477 2307 2788 6478 4468 2789 6479 2307 2788 6480 4469 2790 6481 4468 2789 6482 4469 2790 6483 2315 2791 6484 4470 2792 6485 4470 2792 6486 2319 2793 6487 4471 2794 6488 2319 2793 6489 4472 2795 6490 4471 2794 6491 2323 2796 6492 4473 2797 6493 4472 2795 6494 4473 2797 6495 2331 2798 6496 4474 2799 6497 4474 2799 6498 2335 2800 6499 4475 2801 6500 2335 2800 6501 4476 2802 6502 4475 2801 6503 2339 2803 6504 4477 2804 6505 4476 2802 6506 4477 2804 6507 2347 2805 6508 4478 2806 6509 2347 2805 6510 4479 2807 6511 4478 2806 6512 2351 2808 6513 4480 2809 6514 4479 2807 6515 4480 2809 6516 2359 2810 6517 4481 2811 6518 4481 2811 6519 2363 2812 6520 4482 2813 6521 4482 2813 6522 2367 2814 6523 4483 2815 6524 4483 2815 6525 2371 2816 6526 4484 2817 6527 4484 2817 6528 2375 2818 6529 4485 2819 6530 2375 2818 6531 4486 2820 6532 4485 2819 6533 2379 2821 6534 4487 2822 6535 4486 2820 6536 2383 2823 6537 4488 2824 6538 4487 2822 6539 2387 2825 6540 4489 2826 6541 4488 2824 6542 2391 2827 6543 4490 2828 6544 4489 2826 6545 4490 2828 6546 2399 2829 6547 4491 2830 6548 4491 2830 6549 2403 2831 6550 4462 2776 6551 4461 2832 6552 2287 2779 6553 4463 2781 6554 2350 2833 6555 2318 2834 6556 2286 2835 6557 2279 2777 6558 4461 2832 6559 4460 2778 6560 2277 2836 6561 2404 2837 6562 2405 2838 6563 2279 2777 6564 2282 2839 6565 2283 2840 6566 2281 2841 6567 2406 2842 6568 2404 2837 6569 2283 2840 6570 2286 2835 6571 2287 2779 6572 2285 2843 6573 2407 2844 6574 2406 2842 6575 2287 2779 6576 2290 2845 6577 2291 2782 6578 2289 2846 6579 2408 2847 6580 2407 2844 6581 2291 2782 6582 2294 2848 6583 2295 2784 6584 2297 2849 6585 2408 2847 6586 2293 2850 6587 2299 2851 6588 2294 2848 6589 2298 2852 6590 2297 2849 6591 2410 2853 6592 2409 2854 6593 2299 2851 6594 2302 2855 6595 2303 2786 6596 2301 2856 6597 2411 2857 6598 2410 2853 6599 2303 2786 6600 2306 2858 6601 2307 2788 6602 2309 2859 6603 2411 2857 6604 2305 2860 6605 2311 2861 6606 2306 2858 6607 2310 2862 6608 2309 2859 6609 2413 2863 6610 2412 2864 6611 2311 2861 6612 2314 2865 6613 2315 2791 6614 2317 2866 6615 2413 2863 6616 2313 2867 6617 2319 2793 6618 2314 2865 6619 2318 2834 6620 2317 2866 6621 2415 2868 6622 2414 2869 6623 2319 2793 6624 2322 2870 6625 2323 2796 6626 2321 2871 6627 2416 2872 6628 2415 2868 6629 2323 2796 6630 2326 2873 6631 2327 2874 6632 2329 2875 6633 2416 2872 6634 2325 2876 6635 2331 2798 6636 2326 2873 6637 2330 2877 6638 2333 2878 6639 2417 2879 6640 2329 2875 6641 2335 2800 6642 2330 2877 6643 2334 2880 6644 2333 2878 6645 2419 2881 6646 2418 2882 6647 2335 2800 6648 2338 2883 6649 2339 2803 6650 2341 2884 6651 2419 2881 6652 2337 2885 6653 2343 2886 6654 2338 2883 6655 2342 2887 6656 2341 2884 6657 2421 2888 6658 2420 2889 6659 2343 2886 6660 2346 2890 6661 2347 2805 6662 2349 2891 6663 2421 2888 6664 2345 2892 6665 2351 2808 6666 2346 2890 6667 2350 2833 6668 2353 2893 6669 2422 2894 6670 2349 2891 6671 2355 2895 6672 2350 2833 6673 2354 2896 6674 2353 2893 6675 2424 2897 6676 2423 2898 6677 2355 2895 6678 2358 2899 6679 2359 2810 6680 2361 2900 6681 2424 2897 6682 2357 2901 6683 2363 2812 6684 2358 2899 6685 2362 2902 6686 2365 2903 6687 2425 2904 6688 2361 2900 6689 2367 2814 6690 2362 2902 6691 2366 2905 6692 2369 2906 6693 2426 2907 6694 2365 2903 6695 2371 2816 6696 2366 2905 6697 2370 2908 6698 2373 2909 6699 2427 2910 6700 2369 2906 6701 2375 2818 6702 2370 2908 6703 2374 2911 6704 2373 2909 6705 2429 2912 6706 2428 2913 6707 2375 2818 6708 2378 2914 6709 2379 2821 6710 2377 2915 6711 2430 2916 6712 2429 2912 6713 2379 2821 6714 2382 2917 6715 2383 2823 6716 2381 2918 6717 2431 2919 6718 2430 2916 6719 2383 2823 6720 2386 2920 6721 2387 2825 6722 2385 2921 6723 2432 2922 6724 2431 2919 6725 2387 2825 6726 2390 2923 6727 2391 2827 6728 2393 2924 6729 2432 2922 6730 2389 2925 6731 2395 2926 6732 2390 2923 6733 2394 2927 6734 2393 2924 6735 2434 2928 6736 2433 2929 6737 2395 2926 6738 2398 2930 6739 2399 2829 6740 2401 2931 6741 2434 2928 6742 2397 2932 6743 2403 2831 6744 2398 2930 6745 2402 2933 6746 2277 2836 6747 2435 2934 6748 2401 2931 6749 2279 2777 6750 2402 2933 6751 2278 2935 6752 4060 2936 6753 2451 2937 6754 2336 2938 6755 4044 2939 6756 2405 2838 6757 2404 2837 6758 4044 2939 6759 2406 2842 6760 4046 78 6761 4047 2940 6762 2406 2842 6763 2407 2844 6764 4048 2941 6765 2407 2844 6766 2408 2847 6767 4049 2942 6768 2408 2847 6769 2409 2854 6770 4049 2942 6771 2410 2853 6772 4050 2943 6773 4050 2943 6774 2411 2857 6775 4051 2944 6776 4051 2944 6777 2412 2864 6778 4052 78 6779 4053 2945 6780 2412 2864 6781 2413 2863 6782 4054 2946 6783 2413 2863 6784 2414 2869 6785 4055 2947 6786 2414 2869 6787 2415 2868 6788 4055 2947 6789 2416 2872 6790 4056 78 6791 4057 2948 6792 2416 2872 6793 2417 2879 6794 4057 2948 6795 2418 2882 6796 4058 2949 6797 4058 2949 6798 2419 2881 6799 4059 2950 6800 4059 2950 6801 2420 2889 6802 2340 78 6803 4061 2951 6804 2420 2889 6805 2421 2888 6806 4062 2952 6807 2421 2888 6808 2422 2894 6809 4063 2953 6810 2422 2894 6811 2423 2898 6812 4063 2953 6813 2424 2897 6814 4064 2954 6815 4064 2954 6816 2425 2904 6817 4065 2955 6818 4065 2955 6819 2426 2907 6820 4066 2956 6821 4067 2957 6822 2426 2907 6823 2427 2910 6824 4067 2957 6825 2428 2913 6826 4068 78 6827 4069 2958 6828 2428 2913 6829 2429 2912 6830 4069 2958 6831 2430 2916 6832 4070 78 6833 4071 2959 6834 2430 2916 6835 2431 2919 6836 4072 2960 6837 2431 2919 6838 2432 2922 6839 4072 2960 6840 2433 2929 6841 4073 2961 6842 4073 2961 6843 2434 2928 6844 4074 78 6845 4075 2962 6846 2434 2928 6847 2435 2934 6848 4075 2962 6849 2405 2838 6850 4045 78 6851 2288 2963 6852 2438 2964 6853 2284 2965 6854 2396 2966 6855 2465 2967 6856 2392 2968 6857 2344 2969 6858 2452 2970 6859 4060 2936 6860 2292 2971 6861 2439 2972 6862 2288 2963 6863 2400 2973 6864 2466 2974 6865 2396 2966 6866 2348 2975 6867 2453 2976 6868 2344 2969 6869 2296 2977 6870 2440 2978 6871 2292 2971 6872 2276 2979 6873 2467 2980 6874 2400 2973 6875 2352 2981 6876 2454 2982 6877 2348 2975 6878 2300 2983 6879 2441 2984 6880 2296 2977 6881 2356 2985 6882 2455 2986 6883 2352 2981 6884 2304 2987 6885 2442 2988 6886 2300 2983 6887 2360 2989 6888 2456 2990 6889 2356 2985 6890 2308 2991 6891 2443 2992 6892 2304 2987 6893 2364 2993 6894 2457 2994 6895 2360 2989 6896 2312 2995 6897 2444 2996 6898 2308 2991 6899 2368 2997 6900 2458 2998 6901 2364 2993 6902 2316 2999 6903 2445 3000 6904 2312 2995 6905 2372 3001 6906 2459 3002 6907 2368 2997 6908 2320 3003 6909 2446 3004 6910 2316 2999 6911 2376 3005 6912 2460 3006 6913 2372 3001 6914 2324 3007 6915 2447 3008 6916 2320 3003 6917 2380 3009 6918 2461 3010 6919 2376 3005 6920 2328 3011 6921 2448 3012 6922 2324 3007 6923 2384 3013 6924 2462 3014 6925 2380 3009 6926 2332 3015 6927 2449 3016 6928 2328 3011 6929 2280 3017 6930 2437 3018 6931 2276 2979 6932 2388 3019 6933 2463 3020 6934 2384 3013 6935 2336 2938 6936 2450 3021 6937 2332 3015 6938 2284 2965 6939 2436 3022 6940 2280 3017 6941 2392 2968 6942 2464 3023 6943 2388 3019 6944 4358 3024 6945 2704 3025 6946 2765 3026 6947 4419 3027 6948 2707 3028 6949 2705 3029 6950 2984 3030 6951 2709 3031 6952 2707 3028 6953 2986 3032 6954 2711 3033 6955 2709 3031 6956 4413 3034 6957 2713 3035 6958 2711 3033 6959 4411 3036 6960 2715 3037 6961 2713 3035 6962 4409 3038 6963 2717 3039 6964 2715 3037 6965 4407 3040 6966 2719 3041 6967 2717 3039 6968 4405 3042 6969 2721 3043 6970 2719 3041 6971 4403 3044 6972 2723 3045 6973 2721 3043 6974 3000 3046 6975 2725 3047 6976 2723 3045 6977 3002 3048 6978 2727 3049 6979 2725 3047 6980 3004 3050 6981 2729 3051 6982 2727 3049 6983 3006 3052 6984 2731 3053 6985 2729 3051 6986 4393 3054 6987 2733 3055 6988 2731 3053 6989 4391 3056 6990 2735 3057 6991 2733 3055 6992 4389 3058 6993 2737 3059 6994 2735 3057 6995 4387 3060 6996 2739 3061 6997 2737 3059 6998 4385 3062 6999 2741 3063 7000 2739 3061 7001 3018 3064 7002 2743 3065 7003 2741 3063 7004 3020 3066 7005 2745 3067 7006 2743 3065 7007 4379 3068 7008 2747 3069 7009 2745 3067 7010 4377 3070 7011 2749 3071 7012 2747 3069 7013 4375 3072 7014 2751 3073 7015 2749 3071 7016 4373 3074 7017 2753 3075 7018 2751 3073 7019 4371 3076 7020 2755 3077 7021 2753 3075 7022 4369 3078 7023 2757 3079 7024 2755 3077 7025 4367 3080 7026 2759 3081 7027 2757 3079 7028 3036 3082 7029 2761 3083 7030 2759 3081 7031 4363 3084 7032 2763 3085 7033 2761 3083 7034 2572 3086 7035 2534 3087 7036 2535 3088 7037 4361 3089 7038 2705 3029 7039 2704 3025 7040 4359 3090 7041 2765 3026 7042 2763 3085 7043 2556 3091 7044 4103 3092 7045 2557 3093 7046 2565 3094 7047 2544 3095 7048 2573 3096 7049 2566 3097 7050 2553 3098 7051 2574 3099 7052 2567 3100 7053 2562 3101 7054 2575 3102 7055 2576 3103 7056 2539 3104 7057 2540 3105 7058 2569 3106 7059 2549 3107 7060 2577 3108 7061 2570 3109 7062 2558 3110 7063 2578 3111 7064 2572 3086 7065 2536 3112 7066 2579 3113 7067 2580 3114 7068 2544 3095 7069 2545 3115 7070 2581 3116 7071 2553 3098 7072 2554 3117 7073 2575 3102 7074 2563 3118 7075 2582 3119 7076 2576 3103 7077 2541 3120 7078 2583 3121 7079 2584 3122 7080 2549 3107 7081 2550 3123 7082 2578 3111 7083 2559 3124 7084 2585 3125 7085 2586 3126 7086 2536 3112 7087 2537 3127 7088 2580 3114 7089 2546 3128 7090 2587 3129 7091 2588 3130 7092 2554 3117 7093 2555 3131 7094 2589 3132 7095 2532 3133 7096 2533 3134 7097 2571 3135 7098 2563 3118 7099 2532 3133 7100 2583 3121 7101 2542 3136 7102 2590 3137 7103 2591 3138 7104 2550 3123 7105 2551 3139 7106 2592 3140 7107 2559 3124 7108 2560 3141 7109 2593 3142 7110 2537 3127 7111 2538 3143 7112 2594 3144 7113 2546 3128 7114 2547 3145 7115 2588 3130 7116 2556 3091 7117 2595 3146 7118 2589 3132 7119 2534 3087 7120 2564 3147 7121 2590 3137 7122 2543 3148 7123 2565 3094 7124 2591 3138 7125 2552 3149 7126 2566 3097 7127 2592 3140 7128 2561 3150 7129 2567 3100 7130 2568 3151 7131 2538 3143 7132 2539 3104 7133 2594 3144 7134 2548 3152 7135 2569 3106 7136 2595 3146 7137 2557 3093 7138 2570 3109 7139 3240 3153 7140 2595 3146 7141 2570 3109 7142 3234 3154 7143 2594 3144 7144 2569 3106 7145 3228 3155 7146 2593 3142 7147 2568 3151 7148 3222 3156 7149 2592 3140 7150 2567 3100 7151 3286 3157 7152 2566 3097 7153 3216 3158 7154 3210 3159 7155 2590 3137 7156 2565 3094 7157 3204 3160 7158 2589 3132 7159 2564 3147 7160 2471 3161 7161 3277 3162 7162 3279 3163 7163 3298 3164 7164 2588 3130 7165 2595 3146 7166 3271 3165 7167 2594 3144 7168 3295 3166 7169 3268 3167 7170 2593 3142 7171 3292 3168 7172 3265 3169 7173 2592 3140 7174 3289 3170 7175 3262 3171 7176 2591 3138 7177 3286 3157 7178 3259 3172 7179 2590 3137 7180 3283 3173 7181 3276 3174 7182 2589 3132 7183 3280 3175 7184 3276 3174 7185 2582 3119 7186 2571 3135 7187 3253 3176 7188 2588 3130 7189 3274 3177 7190 3250 3178 7191 2587 3129 7192 3271 3165 7193 3247 3179 7194 2586 3126 7195 3268 3167 7196 2517 3180 7197 3241 3181 7198 2519 3182 7199 2499 3183 7200 3235 3184 7201 2501 3185 7202 2481 3186 7203 3229 3187 7204 2483 3188 7205 2527 3189 7206 3288 3190 7207 3223 3191 7208 2509 3192 7209 3285 3193 7210 3217 3194 7211 2489 3195 7212 3211 3196 7213 2491 3197 7214 3244 3198 7215 2570 3109 7216 2578 3111 7217 3234 3154 7218 2577 3108 7219 3238 3199 7220 3228 3155 7221 2576 3103 7222 3232 3200 7223 3226 3201 7224 2567 3100 7225 2575 3102 7226 3220 3202 7227 2566 3097 7228 2574 3099 7229 3214 3203 7230 2565 3094 7231 2573 3096 7232 3208 3204 7233 2564 3147 7234 2572 3086 7235 2519 3182 7236 3243 3205 7237 2521 3206 7238 2503 3207 7239 3235 3184 7240 3237 3208 7241 2485 3209 7242 3229 3187 7243 3231 3210 7244 2529 3211 7245 3223 3191 7246 3225 3212 7247 2511 3213 7248 3217 3194 7249 3219 3214 7250 2491 3197 7251 3213 3215 7252 2493 3216 7253 2473 3217 7254 3207 3218 7255 2475 3219 7256 2517 3180 7257 3273 3220 7258 3297 3221 7259 2497 3222 7260 3294 3223 7261 2499 3183 7262 2481 3186 7263 3267 3224 7264 3291 3225 7265 2523 3226 7266 3288 3190 7267 2525 3227 7268 2505 3228 7269 3285 3193 7270 2507 3229 7271 2487 3230 7272 3282 3231 7273 2489 3195 7274 2469 3232 7275 3255 3233 7276 3277 3162 7277 2513 3234 7278 3273 3220 7279 2515 3235 7280 2495 3236 7281 3270 3237 7282 2497 3222 7283 2477 3238 7284 3267 3224 7285 2479 3239 7286 2521 3206 7287 3264 3240 7288 2523 3226 7289 2505 3228 7290 3237 3208 7291 3261 3241 7292 2487 3230 7293 3231 3210 7294 3258 3242 7295 2529 3211 7296 3255 3233 7297 2531 3243 7298 2511 3213 7299 3252 3244 7300 2513 3234 7301 2493 3216 7302 3249 3245 7303 2495 3236 7304 2477 3238 7305 3207 3218 7306 3246 3246 7307 3244 3198 7308 2585 3125 7309 3265 3169 7310 3262 3171 7311 2577 3108 7312 2584 3122 7313 3259 3172 7314 2576 3103 7315 2583 3121 7316 3256 3247 7317 2575 3102 7318 2582 3119 7319 3220 3202 7320 2581 3116 7321 3253 3176 7322 3214 3203 7323 2580 3114 7324 3250 3178 7325 3208 3204 7326 2579 3113 7327 3247 3179 7328 2612 3248 7329 4110 3249 7330 4095 3250 7331 2544 3095 7332 4089 3251 7333 4090 3252 7334 2558 3110 7335 4103 3092 7336 4104 3253 7337 2545 3115 7338 4090 3252 7339 4091 3254 7340 2558 3110 7341 4105 3255 7342 2559 3124 7343 2545 3115 7344 4092 3256 7345 2546 3128 7346 2532 3133 7347 4078 3257 7348 2533 3134 7349 2560 3141 7350 4105 3255 7351 4106 3258 7352 2546 3128 7353 4093 3259 7354 2547 3145 7355 2534 3087 7356 4078 3257 7357 4080 3260 7358 2561 3150 7359 4106 3258 7360 4107 3261 7361 2548 3152 7362 4093 3259 7363 4094 3262 7364 2535 3088 7365 4080 3260 7366 4081 3263 7367 2561 3150 7368 4108 3264 7369 2562 3101 7370 2548 3152 7371 2613 3265 7372 2549 3107 7373 2535 3088 7374 4082 3266 7375 2536 3112 7376 2562 3101 7377 4109 3267 7378 2563 3118 7379 2550 3123 7380 2613 3265 7381 4096 3268 7382 2536 3112 7383 4083 3269 7384 2537 3127 7385 2532 3133 7386 4109 3267 7387 4079 3270 7388 2551 3139 7389 4096 3268 7390 4097 3271 7391 2537 3127 7392 4084 3272 7393 2538 3143 7394 2551 3139 7395 4098 3273 7396 2552 3149 7397 2539 3104 7398 4084 3272 7399 4085 3274 7400 2552 3149 7401 4099 3275 7402 2553 3098 7403 2539 3104 7404 4086 3276 7405 2540 3105 7406 2554 3117 7407 4099 3275 7408 4100 3277 7409 2541 3120 7410 4086 3276 7411 4087 3278 7412 2554 3117 7413 4101 3279 7414 2555 3131 7415 2541 3120 7416 4088 3280 7417 2542 3136 7418 2556 3091 7419 4101 3279 7420 4102 3281 7421 2543 3148 7422 4088 3280 7423 4089 3251 7424 4204 3282 7425 4136 3283 7426 2821 3284 7427 2599 3285 7428 4186 3286 7429 2600 3287 7430 2626 3288 7431 4459 3289 7432 2627 3290 7433 4095 3250 7434 4455 3291 7435 2614 3292 7436 2600 3287 7437 4185 3293 7438 2601 3294 7439 2627 3290 7440 4452 3295 7441 2597 3296 7442 2614 3292 7443 4113 3297 7444 2615 3298 7445 2601 3294 7446 4187 3299 7447 2602 3300 7448 2615 3298 7449 4112 3301 7450 2616 3302 7451 2602 3300 7452 4188 3303 7453 2603 3304 7454 2616 3302 7455 4197 3305 7456 2617 3306 7457 2603 3304 7458 4189 3307 7459 2604 3308 7460 2617 3306 7461 4196 3309 7462 2618 3310 7463 2604 3308 7464 4190 3311 7465 2605 3312 7466 2618 3310 7467 4456 3313 7468 2619 3314 7469 2605 3312 7470 4191 3315 7471 2606 3316 7472 2619 3314 7473 4457 3317 7474 2620 3318 7475 2606 3316 7476 4192 3319 7477 2607 3320 7478 2620 3318 7479 4458 3321 7480 2621 3322 7481 2607 3320 7482 4454 3323 7483 2608 3324 7484 2621 3322 7485 4199 3325 7486 2622 3326 7487 2608 3324 7488 4194 3327 7489 2609 3328 7490 2622 3326 7491 4198 3329 7492 2623 3330 7493 2609 3328 7494 4193 3331 7495 2610 3332 7496 2597 3296 7497 4184 3333 7498 2596 3334 7499 2623 3330 7500 4200 3335 7501 2624 3336 7502 2610 3332 7503 4195 3337 7504 2611 3338 7505 2596 3334 7506 4183 3339 7507 2598 3340 7508 2624 3336 7509 4115 3341 7510 2625 3342 7511 2611 3338 7512 4111 3343 7513 2612 3248 7514 2598 3340 7515 4453 3344 7516 2599 3285 7517 2625 3342 7518 4114 3345 7519 2626 3288 7520 3300 3346 7521 4171 3347 7522 3301 3348 7523 4202 3349 7524 4123 3350 7525 2823 3351 7526 2821 3284 7527 4137 3352 7528 2824 3353 7529 2823 3351 7530 4124 3354 7531 2825 3355 7532 2824 3353 7533 4138 3356 7534 2826 3357 7535 2825 3355 7536 4125 3358 7537 2827 3359 7538 2826 3357 7539 4139 3360 7540 2828 3361 7541 2827 3359 7542 4126 3362 7543 2829 3363 7544 2828 3361 7545 4140 3364 7546 4224 3365 7547 2829 3363 7548 4127 3366 7549 4223 3367 7550 4224 3365 7551 4141 3368 7552 4222 3369 7553 4223 3367 7554 4128 3370 7555 4221 3371 7556 4222 3369 7557 4142 3372 7558 4220 3373 7559 4221 3371 7560 4129 3374 7561 4219 3375 7562 4220 3373 7563 4143 3376 7564 4218 3377 7565 4219 3375 7566 4130 3378 7567 4217 3379 7568 2838 3380 7569 4116 3381 7570 4216 3382 7571 4218 3377 7572 4144 3383 7573 4215 3384 7574 4217 3379 7575 4131 3385 7576 4214 3386 7577 4216 3382 7578 4118 3387 7579 4213 3388 7580 4215 3384 7581 4145 3389 7582 4212 3390 7583 4214 3386 7584 4132 3391 7585 2844 3392 7586 4213 3388 7587 4119 3393 7588 2845 3394 7589 4212 3390 7590 4146 3395 7591 2846 3396 7592 2844 3392 7593 4133 3397 7594 2847 3398 7595 2845 3394 7596 4120 3399 7597 2848 3400 7598 2846 3396 7599 4147 3401 7600 2849 3402 7601 2847 3398 7602 4134 3403 7603 2850 3291 7604 2848 3400 7605 4121 3404 7606 2851 3405 7607 2849 3402 7608 4117 3406 7609 2838 3380 7610 2850 3291 7611 4135 3407 7612 4204 3282 7613 2851 3405 7614 4122 3408 7615 4202 3349 7616 2679 3409 7617 2925 3410 7618 4157 3411 7619 3302 3412 7620 4158 3413 7621 3303 3414 7622 3304 3415 7623 4171 3347 7624 4172 3416 7625 3303 3414 7626 4159 3417 7627 3305 3418 7628 3304 3415 7629 4173 3419 7630 3306 3420 7631 3307 3421 7632 4159 3417 7633 4160 3422 7634 3308 3423 7635 4173 3419 7636 4174 3424 7637 3307 3421 7638 4161 3425 7639 3309 3426 7640 3310 3427 7641 4174 3424 7642 4175 3428 7643 3309 3426 7644 4162 3429 7645 3311 3430 7646 3313 3431 7647 4149 3432 7648 4148 3433 7649 3310 3427 7650 4176 3434 7651 3314 3435 7652 3315 3436 7653 4162 3429 7654 4163 3437 7655 3313 3431 7656 4150 3438 7657 3316 3439 7658 3317 3440 7659 4176 3434 7660 4177 3441 7661 3315 3436 7662 4164 3442 7663 3318 3443 7664 3319 3444 7665 4150 3438 7666 4151 3445 7667 3317 3440 7668 4178 3446 7669 3320 3447 7670 3318 3443 7671 4165 3448 7672 3321 3449 7673 3322 3450 7674 4151 3445 7675 4152 3451 7676 3320 3447 7677 4179 3452 7678 3323 3453 7679 3324 3454 7680 4165 3448 7681 4166 3455 7682 3322 3450 7683 4153 3456 7684 3325 3457 7685 3312 3458 7686 4179 3452 7687 4149 3432 7688 3326 3459 7689 4166 3455 7690 4167 3460 7691 3325 3457 7692 4154 3461 7693 3327 3462 7694 3328 3463 7695 4167 3460 7696 4168 3464 7697 3329 3465 7698 4154 3461 7699 4155 3466 7700 3330 3467 7701 4168 3464 7702 4169 3468 7703 3331 3469 7704 4155 3466 7705 4156 3470 7706 3330 3467 7707 4170 3471 7708 3300 3346 7709 3331 3469 7710 2680 3472 7711 3302 3412 7712 3203 3473 7713 3167 3474 7714 3170 3475 7715 2763 3085 7716 2798 3476 7717 2797 3477 7718 2703 3478 7719 3079 3479 7720 3077 3480 7721 2765 3026 7722 2767 3481 7723 2798 3476 7724 3202 3482 7725 3164 3483 7726 3167 3474 7727 2796 3484 7728 2763 3085 7729 2797 3477 7730 3201 3485 7731 3161 3486 7732 3164 3483 7733 2795 3487 7734 2761 3083 7735 2796 3484 7736 3200 3488 7737 3158 3489 7738 3161 3486 7739 2757 3079 7740 2795 3487 7741 2794 3490 7742 3199 3491 7743 3155 3492 7744 3158 3489 7745 2755 3077 7746 2794 3490 7747 2793 3493 7748 3198 3494 7749 3152 3495 7750 3155 3492 7751 2792 3496 7752 2755 3077 7753 2793 3493 7754 3197 3497 7755 3149 3498 7756 3152 3495 7757 2791 3499 7758 2753 3075 7759 2792 3496 7760 3195 3500 7761 3149 3498 7762 3196 3501 7763 2790 3502 7764 2751 3073 7765 2791 3499 7766 3194 3503 7767 3146 3504 7768 3195 3500 7769 2747 3069 7770 2790 3502 7771 2789 3505 7772 3193 3506 7773 3143 3507 7774 3194 3503 7775 2745 3067 7776 2789 3505 7777 2788 3508 7778 3192 3509 7779 3140 3510 7780 3193 3506 7781 2787 3511 7782 2745 3067 7783 2788 3508 7784 3191 3512 7785 3137 3513 7786 3192 3509 7787 2741 3063 7788 2787 3511 7789 2786 3514 7790 3190 3515 7791 3134 3516 7792 3191 3512 7793 2739 3061 7794 2786 3514 7795 2785 3517 7796 3189 3518 7797 3131 3519 7798 3190 3515 7799 2737 3059 7800 2785 3517 7801 2784 3520 7802 3188 3521 7803 3128 3522 7804 3189 3518 7805 2783 3523 7806 2737 3059 7807 2784 3520 7808 3188 3521 7809 3122 3524 7810 3125 3525 7811 2782 3526 7812 2735 3057 7813 2783 3523 7814 3187 3527 7815 3119 3528 7816 3122 3524 7817 2781 3529 7818 2733 3055 7819 2782 3526 7820 3186 3530 7821 3116 3531 7822 3119 3528 7823 2729 3051 7824 2781 3529 7825 2780 3532 7826 3184 3533 7827 3116 3531 7828 3185 3534 7829 2727 3049 7830 2780 3532 7831 2779 3535 7832 3183 3536 7833 3113 3537 7834 3184 3533 7835 2725 3047 7836 2779 3535 7837 2778 3538 7838 3183 3536 7839 3107 3539 7840 3110 3540 7841 2723 3045 7842 2778 3538 7843 2777 3541 7844 3182 3542 7845 3104 3543 7846 3107 3539 7847 2776 3544 7848 2723 3045 7849 2777 3541 7850 3180 3545 7851 3104 3543 7852 3181 3546 7853 2775 3547 7854 2721 3043 7855 2776 3544 7856 3180 3545 7857 3098 3548 7858 3101 3549 7859 2717 3039 7860 2775 3547 7861 2774 3550 7862 3178 3551 7863 3098 3548 7864 3179 3552 7865 2715 3037 7866 2774 3550 7867 2773 3553 7868 3177 3554 7869 3095 3555 7870 3178 3551 7871 2772 3556 7872 2715 3037 7873 2773 3553 7874 3177 3554 7875 3089 3557 7876 3092 3558 7877 2771 3559 7878 2713 3035 7879 2772 3556 7880 3176 3560 7881 3086 3561 7882 3089 3557 7883 2709 3031 7884 2771 3559 7885 2770 3562 7886 3175 3563 7887 3083 3564 7888 3086 3561 7889 2707 3028 7890 2770 3562 7891 2769 3565 7892 3173 3566 7893 3083 3564 7894 3174 3567 7895 2705 3029 7896 2769 3565 7897 2768 3568 7898 3172 3569 7899 3170 3475 7900 3076 3570 7901 2704 3025 7902 2768 3568 7903 2767 3481 7904 2703 3478 7905 2768 3568 7906 2706 3571 7907 2706 3571 7908 2769 3565 7909 2708 3572 7910 2708 3572 7911 2770 3562 7912 2710 3573 7913 2710 3573 7914 2771 3559 7915 2712 3574 7916 2771 3559 7917 2714 3575 7918 2712 3574 7919 2772 3556 7920 2716 3576 7921 2714 3575 7922 2716 3576 7923 2774 3550 7924 2718 3577 7925 2718 3577 7926 2775 3547 7927 2720 3578 7928 2775 3547 7929 2722 3579 7930 2720 3578 7931 2776 3544 7932 2724 3580 7933 2722 3579 7934 2724 3580 7935 2778 3538 7936 2726 3581 7937 2726 3581 7938 2779 3535 7939 2728 3582 7940 2728 3582 7941 2780 3532 7942 2730 3583 7943 2730 3583 7944 2781 3529 7945 2732 3584 7946 2781 3529 7947 2734 3585 7948 2732 3584 7949 2782 3526 7950 2736 3586 7951 2734 3585 7952 2783 3523 7953 2738 3587 7954 2736 3586 7955 2738 3587 7956 2785 3517 7957 2740 3588 7958 2740 3588 7959 2786 3514 7960 2742 3589 7961 2742 3589 7962 2787 3511 7963 2744 3590 7964 2787 3511 7965 2746 3591 7966 2744 3590 7967 2746 3591 7968 2789 3505 7969 2748 3592 7970 2748 3592 7971 2790 3502 7972 2750 3593 7973 2790 3502 7974 2752 3594 7975 2750 3593 7976 2791 3499 7977 2754 3595 7978 2752 3594 7979 2792 3496 7980 2756 3596 7981 2754 3595 7982 2756 3596 7983 2794 3490 7984 2758 3597 7985 2758 3597 7986 2795 3487 7987 2760 3598 7988 2795 3487 7989 2762 3599 7990 2760 3598 7991 2796 3484 7992 2764 3600 7993 2762 3599 7994 2766 3601 7995 2767 3481 7996 2703 3478 7997 2764 3600 7998 2798 3476 7999 2766 3601 8000 2633 3602 8001 4251 3603 8002 4252 2662 8003 4210 3604 8004 2903 3605 8005 2842 3606 8006 2812 3607 8007 4250 3608 8008 4251 3603 8009 2843 3609 8010 4273 3610 8011 2904 3611 8012 2631 3612 8013 4250 3608 8014 2632 3613 8015 4211 3614 8016 4272 3615 8017 4275 3611 8018 2631 3612 8019 4248 3616 8020 4249 2662 8021 4207 3617 8022 4274 3618 8023 4210 3604 8024 2811 3619 8025 4247 3620 8026 4248 3616 8027 4209 3621 8028 4269 3622 8029 4273 3610 8030 2820 3623 8031 4296 3624 8032 4268 3611 8033 2809 3625 8034 4247 3620 8035 2810 3626 8036 4203 3627 8037 4272 3615 8038 4208 3628 8039 4231 3629 8040 4266 3630 8041 2822 3631 8042 2630 3632 8043 4246 3633 8044 2809 3625 8045 4201 3634 8046 4271 3635 8047 4207 3617 8048 4232 3636 8049 4294 3637 8050 4296 3624 8051 2808 3638 8052 4245 3639 8053 2630 3632 8054 4205 3640 8055 4270 3641 8056 4269 3622 8057 4231 3629 8058 4293 3642 8059 4295 3643 8060 2807 3644 8061 4244 3645 8062 2808 3638 8063 2820 3623 8064 4267 3646 8065 4203 3627 8066 4228 3647 8067 4294 3637 8068 4230 3648 8069 2806 3649 8070 4243 3650 8071 2807 3644 8072 2822 3631 8073 4265 3651 8074 4201 3634 8075 4227 3652 8076 4293 3642 8077 4229 3611 8078 2806 3649 8079 4241 2662 8080 4242 2662 8081 4226 3653 8082 4292 3654 8083 4228 3647 8084 2804 3655 8085 4241 2662 8086 2805 2662 8087 4227 3652 8088 4289 3656 8089 4291 3657 8090 2804 3655 8091 2858 3658 8092 4240 2662 8093 2830 3611 8094 4290 3659 8095 4226 3653 8096 4238 3660 8097 2914 3661 8098 4239 3662 8099 2870 3663 8100 2913 3664 8101 2871 3665 8102 4264 3666 8103 2915 3667 8104 4234 3668 8105 4237 3669 8106 2912 3670 8107 4238 3660 8108 2869 3671 8109 2911 3672 8110 2870 3663 8111 4263 3673 8112 2910 3674 8113 4264 3666 8114 4236 3675 8115 2909 3676 8116 4237 3669 8117 2868 3677 8118 2908 3678 8119 2869 3671 8120 4262 3679 8121 2907 3680 8122 4263 3673 8123 4235 3681 8124 2906 3682 8125 4236 3675 8126 2867 3683 8127 2905 3684 8128 2868 3677 8129 4261 3685 8130 4276 3686 8131 4262 3679 8132 4233 3687 8133 4277 3688 8134 4235 3681 8135 2866 3689 8136 4278 3690 8137 2867 3683 8138 4260 3691 8139 4279 3692 8140 4261 3685 8141 4234 3668 8142 4280 3693 8143 4233 3687 8144 2865 3694 8145 4281 3695 8146 2866 3689 8147 4259 3696 8148 4282 3697 8149 4260 3691 8150 2864 3698 8151 4283 3699 8152 2865 3694 8153 4258 3700 8154 4284 3701 8155 4259 3696 8156 2863 3702 8157 4285 3703 8158 2864 3698 8159 4257 3704 8160 4286 3705 8161 4258 3700 8162 2862 3706 8163 4287 3707 8164 2863 3702 8165 4256 3708 8166 2892 3709 8167 4257 3704 8168 2861 3710 8169 2891 3711 8170 2862 3706 8171 4255 3712 8172 2890 3713 8173 4256 3708 8174 2860 3714 8175 2889 3715 8176 2861 3710 8177 4254 3716 8178 2888 3717 8179 4255 3712 8180 2859 3718 8181 2887 3719 8182 2860 3714 8183 4253 3720 8184 2886 3721 8185 4254 3716 8186 4239 3662 8187 2885 3722 8188 2859 3718 8189 2871 3665 8190 2884 3723 8191 4253 3720 8192 4211 3614 8193 2902 3724 8194 2841 3725 8195 2633 3602 8196 2872 3726 8197 2634 3727 8198 2843 3609 8199 2901 3728 8200 2840 3729 8201 2634 3727 8202 2873 2662 8203 2813 2662 8204 2839 3730 8205 2903 3605 8206 2900 3731 8207 2814 3732 8208 2873 2662 8209 2874 3733 8210 2841 3725 8211 2899 3734 8212 2837 3735 8213 2635 3736 8214 2874 3733 8215 2875 3737 8216 2840 3729 8217 2898 3738 8218 2836 3739 8219 2815 2662 8220 2875 3737 8221 2876 2662 8222 4206 3740 8223 2900 3731 8224 4270 3641 8225 2815 2662 8226 2877 3741 8227 2636 3742 8228 2835 3743 8229 2899 3734 8230 2897 3744 8231 2636 3742 8232 2878 3745 8233 2816 3746 8234 2834 3747 8235 2898 3738 8236 2896 3748 8237 2816 3746 8238 2879 2662 8239 2817 2662 8240 2628 3749 8241 2852 3750 8242 2799 3751 8243 2833 3752 8244 2897 3744 8245 2895 3753 8246 2818 3754 8247 2879 2662 8248 2880 3755 8249 2799 3751 8250 2854 3756 8251 2800 3757 8252 2832 3758 8253 2896 3748 8254 2894 3759 8255 2637 3760 8256 2880 3755 8257 2881 2662 8258 2629 3761 8259 2854 3756 8260 2855 3762 8261 2831 3763 8262 2895 3753 8263 2893 3764 8264 2637 3760 8265 2882 3765 8266 2638 3766 8267 2801 3767 8268 2855 3762 8269 2856 3768 8270 2830 3611 8271 2894 3759 8272 4288 3611 8273 2638 3766 8274 2883 3769 8275 2819 3770 8276 2802 3771 8277 2856 3768 8278 2857 3772 8279 4225 3773 8280 2893 3764 8281 4289 3656 8282 2819 3770 8283 2853 3774 8284 2628 3749 8285 2803 3775 8286 2857 3772 8287 2858 3658 8288 2693 3776 8289 2939 3777 8290 2694 3778 8291 4157 3411 8292 2926 3779 8293 2681 3780 8294 2694 3778 8295 2940 3781 8296 2695 3782 8297 2681 3780 8298 2927 3783 8299 2682 3784 8300 2695 3782 8301 2941 3785 8302 2696 3786 8303 2682 3784 8304 2928 3787 8305 2683 3788 8306 2696 3786 8307 2942 3789 8308 2697 3790 8309 2683 3788 8310 2929 3791 8311 2684 3792 8312 2697 3790 8313 2943 3793 8314 2698 3794 8315 2684 3792 8316 2930 3795 8317 2685 3796 8318 2672 3797 8319 2916 3798 8320 2671 3799 8321 2698 3794 8322 2944 3800 8323 2699 3801 8324 2685 3796 8325 2931 3802 8326 2686 3803 8327 2671 3799 8328 2918 3804 8329 2673 3805 8330 2699 3801 8331 2945 3806 8332 2700 3807 8333 2686 3803 8334 2932 3808 8335 2687 3809 8336 2673 3805 8337 2919 3810 8338 2674 3811 8339 2700 3807 8340 2946 3812 8341 2701 3813 8342 2687 3809 8343 2933 3814 8344 2688 3815 8345 2674 3811 8346 2920 3816 8347 2675 3817 8348 2701 3813 8349 2947 3818 8350 2702 3819 8351 2688 3815 8352 2934 3820 8353 2689 3821 8354 2675 3817 8355 2921 3822 8356 2676 3823 8357 2702 3819 8358 2917 3824 8359 2672 3797 8360 2689 3821 8361 2935 3825 8362 2690 3826 8363 2676 3823 8364 2922 3827 8365 2677 3828 8366 2690 3826 8367 2936 3829 8368 2691 3830 8369 2677 3828 8370 2923 3831 8371 2678 3832 8372 2691 3830 8373 2937 3833 8374 2692 3834 8375 2678 3832 8376 2924 3835 8377 2679 3409 8378 2692 3834 8379 2938 3836 8380 2693 3776 8381 4180 3837 8382 2979 3838 8383 4182 3839 8384 2531 3243 8385 4360 3840 8386 4357 3841 8387 2529 3211 8388 4357 3841 8389 4356 3842 8390 2527 3189 8391 4356 3842 8392 4362 3843 8393 2525 3227 8394 4362 3843 8395 4364 3844 8396 2523 3226 8397 4364 3844 8398 4366 3845 8399 2521 3206 8400 4366 3845 8401 4368 3846 8402 2519 3182 8403 4368 3846 8404 4370 3847 8405 2517 3180 8406 4370 3847 8407 4372 3848 8408 2515 3235 8409 4372 3848 8410 4374 3849 8411 2513 3234 8412 4374 3849 8413 4376 3850 8414 2511 3213 8415 4376 3850 8416 4378 3851 8417 2509 3192 8418 4378 3851 8419 4380 3852 8420 2507 3229 8421 4380 3852 8422 3019 3853 8423 2505 3228 8424 3019 3853 8425 4384 3854 8426 2503 3207 8427 4384 3854 8428 4386 3855 8429 2501 3185 8430 4386 3855 8431 4388 3856 8432 2499 3183 8433 4388 3856 8434 4390 3857 8435 2497 3222 8436 4390 3857 8437 4392 3858 8438 2495 3236 8439 4392 3858 8440 4394 3859 8441 2493 3216 8442 4394 3859 8443 4396 3860 8444 2491 3197 8445 4396 3860 8446 3003 3861 8447 2489 3195 8448 3003 3861 8449 3001 3862 8450 2487 3230 8451 3001 3862 8452 4402 3863 8453 2485 3209 8454 4402 3863 8455 4404 3864 8456 2483 3188 8457 4404 3864 8458 4406 3865 8459 2481 3186 8460 4406 3865 8461 4408 3866 8462 2479 3239 8463 4408 3866 8464 4410 3867 8465 2477 3238 8466 4410 3867 8467 2989 3868 8468 2475 3219 8469 2989 3868 8470 2987 3869 8471 2473 3217 8472 2987 3869 8473 2985 3870 8474 2471 3161 8475 2985 3870 8476 2983 3871 8477 2998 3611 8478 3056 3872 8479 4401 3873 8480 2982 3874 8481 4077 3875 8482 4076 3876 8483 3016 3877 8484 2953 3878 8485 4383 3879 8486 2999 2662 8487 3057 3880 8488 3059 3881 8489 4418 3882 8490 2975 3883 8491 2980 2662 8492 3034 3884 8493 2971 3885 8494 4365 3886 8495 3017 3887 8496 2952 3888 8497 2950 2662 8498 4417 3889 8499 4076 3876 8500 3072 3611 8501 3035 3890 8502 2970 2662 8503 2968 3891 8504 4399 3892 8505 3056 3872 8506 3054 3611 8507 4416 3893 8508 3075 3894 8509 4418 3882 8510 4381 3895 8511 2953 3878 8512 2955 3896 8513 4398 3897 8514 3057 3880 8515 4400 2662 8516 4365 3886 8517 2973 3898 8518 3038 3899 8519 3021 3900 8520 2952 3888 8521 4382 3901 8522 4417 3889 8523 3070 3611 8524 4415 3611 8525 3037 3902 8526 2972 3903 8527 2970 2662 8528 4399 3892 8529 3052 3904 8530 4397 3905 8531 4416 3893 8532 3071 3906 8533 3073 3907 8534 3022 3908 8535 2955 3896 8536 2957 3611 8537 4398 3897 8538 3053 2662 8539 3055 3909 8540 3040 3910 8541 2973 3898 8542 4326 3911 8543 3023 2662 8544 2954 2662 8545 3021 3900 8546 2988 3912 8547 3070 3611 8548 3068 3913 8549 3041 3914 8550 2972 3903 8551 3039 3915 8552 4397 3905 8553 3050 3611 8554 4395 3916 8555 4412 3917 8556 3071 3906 8557 4414 3918 8558 3022 3908 8559 2959 3919 8560 3024 3920 8561 3005 3921 8562 3051 3922 8563 3053 2662 8564 3043 3923 8565 4077 3875 8566 2981 3611 8567 3023 2662 8568 2958 3924 8569 2956 2662 8570 2990 3925 8571 3068 3913 8572 3066 3611 8573 2469 3232 8574 2983 3871 8575 4360 3840 8576 4181 3926 8577 2976 3927 8578 4180 3837 8579 4182 3839 8580 4325 3928 8581 4328 3929 8582 4328 3929 8583 4324 3930 8584 4329 3931 8585 4329 3931 8586 4323 3932 8587 4330 3933 8588 4330 3933 8589 4322 3934 8590 4331 3935 8591 4331 3935 8592 4321 3936 8593 4332 3937 8594 4332 3937 8595 4320 3938 8596 4333 3939 8597 4333 3939 8598 4319 3940 8599 4334 3941 8600 4334 3941 8601 4318 3942 8602 4335 3943 8603 4335 3943 8604 4317 3944 8605 4336 3945 8606 4336 3945 8607 4316 3946 8608 4337 3947 8609 4337 3947 8610 4315 3948 8611 4338 3949 8612 4338 3949 8613 4314 3950 8614 4339 3951 8615 4339 3951 8616 4313 3952 8617 4340 3953 8618 4340 3953 8619 4312 3954 8620 4341 3955 8621 4341 3955 8622 4311 3956 8623 4342 3957 8624 4342 3957 8625 4310 3958 8626 4343 3959 8627 4343 3959 8628 4309 3960 8629 4344 3961 8630 4344 3961 8631 4308 3962 8632 4345 3963 8633 4345 3963 8634 4307 3964 8635 4346 3965 8636 4346 3965 8637 4306 3966 8638 4347 3967 8639 4347 3967 8640 4305 3968 8641 4348 3969 8642 4348 3969 8643 4304 3970 8644 4349 3971 8645 4349 3971 8646 4303 3972 8647 4350 3973 8648 4350 3973 8649 4302 3974 8650 4351 3975 8651 4351 3975 8652 4301 3976 8653 4352 3977 8654 4352 3977 8655 4300 3978 8656 4353 3979 8657 4353 3979 8658 4298 3980 8659 4354 3981 8660 4354 3981 8661 4299 3982 8662 4355 3983 8663 4355 3983 8664 3074 3984 8665 4297 3985 8666 4297 3985 8667 2974 3986 8668 4181 3926 8669 3033 3987 8670 2968 3891 8671 2966 2662 8672 3015 3988 8673 2950 2662 8674 2948 3989 8675 3032 3990 8676 2969 3991 8677 3034 3884 8678 2997 2662 8679 3059 3881 8680 3061 2662 8681 3014 3992 8682 2951 3993 8683 3016 3877 8684 2996 3611 8685 3058 3994 8686 2998 3611 8687 3031 2662 8688 2966 2662 8689 2964 3995 8690 3015 3988 8691 3045 3996 8692 3013 2662 8693 3030 3611 8694 2967 3611 8695 3032 3990 8696 2997 2662 8697 3063 3997 8698 2995 2662 8699 3014 3992 8700 3044 3998 8701 2949 3999 8702 2996 3611 8703 3062 4000 8704 3060 3611 8705 3029 2662 8706 2964 3995 8707 2962 2662 8708 3011 4001 8709 3045 3996 8710 3047 4002 8711 3028 3611 8712 2965 3611 8713 3030 3611 8714 2995 2662 8715 3065 4003 8716 2993 2662 8717 3010 4004 8718 3044 3998 8719 3012 3611 8720 2994 3611 8721 3064 4005 8722 3062 4000 8723 3029 2662 8724 2960 4006 8725 3027 4007 8726 3009 4008 8727 3047 4002 8728 3049 4009 8729 3028 3611 8730 2961 4010 8731 2963 3611 8732 3041 3914 8733 2977 4011 8734 2978 2662 8735 2991 4012 8736 3065 4003 8737 3067 4013 8738 3008 4014 8739 3046 4015 8740 3010 4004 8741 2990 3925 8742 3064 4005 8743 2992 4016 8744 3025 4017 8745 2960 4006 8746 2958 3924 8747 3040 3910 8748 4327 4018 8749 3043 3923 8750 3007 4019 8751 3049 4009 8752 3051 3922 8753 3024 3920 8754 2961 4010 8755 3026 4020 8756 3042 4021 8757 2975 3883 8758 2977 4011 8759 2991 4012 8760 3069 2662 8761 4412 3917 8762 4395 3916 8763 3048 4022 8764 3008 4014 8765 2766 3601 8766 3077 3480 8767 3169 4023 8768 2708 3572 8769 3085 4024 8770 3082 4025 8771 2710 3573 8772 3088 4026 8773 3085 4024 8774 2712 3574 8775 3091 4027 8776 3088 4026 8777 2714 3575 8778 3094 4028 8779 3091 4027 8780 2716 3576 8781 3097 4029 8782 3094 4028 8783 2718 3577 8784 3100 4030 8785 3097 4029 8786 2720 3578 8787 3103 4031 8788 3100 4030 8789 2722 3579 8790 3106 4032 8791 3103 4031 8792 2724 3580 8793 3109 4033 8794 3106 4032 8795 2726 3581 8796 3112 4034 8797 3109 4033 8798 2728 3582 8799 3115 4035 8800 3112 4034 8801 2730 3583 8802 3118 4036 8803 3115 4035 8804 2732 3584 8805 3121 4037 8806 3118 4036 8807 2734 3585 8808 3124 4038 8809 3121 4037 8810 2736 3586 8811 3127 4039 8812 3124 4038 8813 2738 3587 8814 3130 4040 8815 3127 4039 8816 2740 3588 8817 3133 4041 8818 3130 4040 8819 2742 3589 8820 3136 4042 8821 3133 4041 8822 2744 3590 8823 3139 4043 8824 3136 4042 8825 2746 3591 8826 3142 4044 8827 3139 4043 8828 2748 3592 8829 3145 4045 8830 3142 4044 8831 2750 3593 8832 3148 4046 8833 3145 4045 8834 2752 3594 8835 3151 4047 8836 3148 4046 8837 2754 3595 8838 3154 4048 8839 3151 4047 8840 2756 3596 8841 3157 4049 8842 3154 4048 8843 2758 3597 8844 3160 4050 8845 3157 4049 8846 2760 3598 8847 3163 4051 8848 3160 4050 8849 2762 3599 8850 3166 4052 8851 3163 4051 8852 2764 3600 8853 3169 4023 8854 3166 4052 8855 2706 3571 8856 3082 4025 8857 3079 3479 8858 3077 3480 8859 4420 4053 8860 4421 4054 8861 3081 4055 8862 3076 3570 8863 3078 4056 8864 3079 3479 8865 4422 4057 8866 4420 4053 8867 3084 4058 8868 3080 4059 8869 3081 4055 8870 3082 4025 8871 4423 4060 8872 4422 4057 8873 3087 4061 8874 3083 3564 8875 3084 4058 8876 3085 4024 8877 4424 4062 8878 4423 4060 8879 3090 4063 8880 3086 3561 8881 3087 4061 8882 3088 4026 8883 4425 4064 8884 4424 4062 8885 3093 4065 8886 3089 3557 8887 3090 4063 8888 3094 4028 8889 4425 4064 8890 3091 4027 8891 3093 4065 8892 3095 3555 8893 3092 3558 8894 3097 4029 8895 4426 4066 8896 3094 4028 8897 3096 4067 8898 3098 3548 8899 3095 3555 8900 3100 4030 8901 4427 4068 8902 3097 4029 8903 3099 4069 8904 3101 3549 8905 3098 3548 8906 3100 4030 8907 4429 4070 8908 4428 4071 8909 3105 4072 8910 3101 3549 8911 3102 4073 8912 3103 4031 8913 4430 4074 8914 4429 4070 8915 3108 4075 8916 3104 3543 8917 3105 4072 8918 3106 4032 8919 4431 4076 8920 4430 4074 8921 3111 4077 8922 3107 3539 8923 3108 4075 8924 3112 4034 8925 4431 4076 8926 3109 4033 8927 3111 4077 8928 3113 3537 8929 3110 3540 8930 3112 4034 8931 4433 4078 8932 4432 4079 8933 3117 4080 8934 3113 3537 8935 3114 4081 8936 3115 4035 8937 4434 4082 8938 4433 4078 8939 3120 4083 8940 3116 3531 8941 3117 4080 8942 3121 4037 8943 4434 4082 8944 3118 4036 8945 3120 4083 8946 3122 3524 8947 3119 3528 8948 3124 4038 8949 4435 4084 8950 3121 4037 8951 3123 4085 8952 3125 3525 8953 3122 3524 8954 3127 4039 8955 4436 4086 8956 3124 4038 8957 3126 4087 8958 3128 3522 8959 3125 3525 8960 3130 4040 8961 4437 4088 8962 3127 4039 8963 3129 4089 8964 3131 3519 8965 3128 3522 8966 3133 4041 8967 4438 4090 8968 3130 4040 8969 3132 4091 8970 3134 3516 8971 3131 3519 8972 3136 4042 8973 4439 4092 8974 3133 4041 8975 3135 4093 8976 3137 3513 8977 3134 3516 8978 3139 4043 8979 4440 4094 8980 3136 4042 8981 3138 4095 8982 3140 3510 8983 3137 3513 8984 3142 4044 8985 4441 4096 8986 3139 4043 8987 3141 4097 8988 3143 3507 8989 3140 3510 8990 3142 4044 8991 4443 4098 8992 4442 4099 8993 3144 4100 8994 3146 3504 8995 3143 3507 8996 3148 4046 8997 4443 4098 8998 3145 4045 8999 3147 4101 9000 3149 3498 9001 3146 3504 9002 3148 4046 9003 4445 4102 9004 4444 4103 9005 3153 4104 9006 3149 3498 9007 3150 4105 9008 3151 4047 9009 4446 4106 9010 4445 4102 9011 3156 4107 9012 3152 3495 9013 3153 4104 9014 3154 4048 9015 4447 4108 9016 4446 4106 9017 3159 4109 9018 3155 3492 9019 3156 4107 9020 3157 4049 9021 4448 4110 9022 4447 4108 9023 3162 4111 9024 3158 3489 9025 3159 4109 9026 3163 4051 9027 4448 4110 9028 3160 4050 9029 3162 4111 9030 3164 3483 9031 3161 3486 9032 3166 4052 9033 4449 4112 9034 3163 4051 9035 3165 4113 9036 3167 3474 9037 3164 3483 9038 3166 4052 9039 4451 4114 9040 4450 4115 9041 3171 4116 9042 3167 3474 9043 3168 4117 9044 3169 4023 9045 4421 4054 9046 4451 4114 9047 3078 4056 9048 3170 3475 9049 3171 4116 9050 3172 3569 9051 3080 4059 9052 3173 3566 9053 2470 4118 9054 3172 3569 9055 3173 3566 9056 2472 4119 9057 3173 3566 9058 3174 3567 9059 2472 4119 9060 3175 3563 9061 2474 4120 9062 2476 4121 9063 3175 3563 9064 3176 3560 9065 2476 4121 9066 3177 3554 9067 2478 4122 9068 2478 4122 9069 3178 3551 9070 2480 4123 9071 2482 4124 9072 3178 3551 9073 3179 3552 9074 2482 4124 9075 3180 3545 9076 2484 4125 9077 2486 4126 9078 3180 3545 9079 3181 3546 9080 2486 4126 9081 3182 3542 9082 2488 4127 9083 2490 4128 9084 3182 3542 9085 3183 3536 9086 2492 4129 9087 3183 3536 9088 3184 3533 9089 2492 4129 9090 3185 3534 9091 2494 4130 9092 2496 4131 9093 3185 3534 9094 3186 3530 9095 2496 4131 9096 3187 3527 9097 2498 4132 9098 2498 4132 9099 3188 3521 9100 2500 4133 9101 2500 4133 9102 3189 3518 9103 2502 4134 9104 2504 4135 9105 3189 3518 9106 3190 3515 9107 2506 4136 9108 3190 3515 9109 3191 3512 9110 2508 4137 9111 3191 3512 9112 3192 3509 9113 2508 4137 9114 3193 3506 9115 2510 4138 9116 2512 4139 9117 3193 3506 9118 3194 3503 9119 2514 4140 9120 3194 3503 9121 3195 3500 9122 2516 4141 9123 3195 3500 9124 3196 3501 9125 2516 4141 9126 3197 3497 9127 2518 4142 9128 2518 4142 9129 3198 3494 9130 2520 4143 9131 2520 4143 9132 3199 3491 9133 2522 4144 9134 2524 4145 9135 3199 3491 9136 3200 3488 9137 2524 4145 9138 3201 3485 9139 2526 4146 9140 2526 4146 9141 3202 3482 9142 2528 4147 9143 2528 4147 9144 3203 3473 9145 2530 4148 9146 2468 4149 9147 3203 3473 9148 3172 3569 9149 3240 3153 9150 3299 4150 9151 3298 3164 9152 3242 4151 9153 3297 3221 9154 3299 4150 9155 3295 3166 9156 3236 4152 9157 3296 4153 9158 3296 4153 9159 3235 3184 9160 3294 3223 9161 3292 3168 9162 3230 4154 9163 3293 4155 9164 3230 4154 9165 3291 3225 9166 3293 4155 9167 3289 3170 9168 3224 4156 9169 3290 4157 9170 3224 4156 9171 3288 3190 9172 3290 4157 9173 3286 3157 9174 3218 4158 9175 3287 4159 9176 3218 4158 9177 3285 3193 9178 3287 4159 9179 3210 3159 9180 3284 4160 9181 3283 3173 9182 3284 4160 9183 3211 3196 9184 3282 3231 9185 3280 3175 9186 3206 4161 9187 3281 4162 9188 3206 4161 9189 3279 3163 9190 3281 4162 9191 3298 3164 9192 3275 4163 9193 3274 3177 9194 3275 4163 9195 3297 3221 9196 3273 3220 9197 3295 3166 9198 3272 4164 9199 3271 3165 9200 3272 4164 9201 3294 3223 9202 3270 3237 9203 3292 3168 9204 3269 4165 9205 3268 3167 9206 3293 4155 9207 3267 3224 9208 3269 4165 9209 3265 3169 9210 3290 4157 9211 3266 4166 9212 3266 4166 9213 3288 3190 9214 3264 3240 9215 3262 3171 9216 3287 4159 9217 3263 4167 9218 3287 4159 9219 3261 3241 9220 3263 4167 9221 3283 3173 9222 3260 4168 9223 3259 3172 9224 3260 4168 9225 3282 3231 9226 3258 3242 9227 3256 3247 9228 3278 4169 9229 3257 4170 9230 3278 4169 9231 3255 3233 9232 3257 4170 9233 3280 3175 9234 3278 4169 9235 3276 3174 9236 3281 4162 9237 3277 3162 9238 3278 4169 9239 3274 3177 9240 3254 4171 9241 3253 3176 9242 3254 4171 9243 3273 3220 9244 3252 3244 9245 3271 3165 9246 3251 4172 9247 3250 3178 9248 3251 4172 9249 3270 3237 9250 3249 3245 9251 3247 3179 9252 3269 4165 9253 3248 4173 9254 3248 4173 9255 3267 3224 9256 3246 3246 9257 3265 3169 9258 3245 4174 9259 3244 3198 9260 3245 4174 9261 3264 3240 9262 3243 3205 9263 3238 3199 9264 3263 4167 9265 3239 4175 9266 3239 4175 9267 3261 3241 9268 3237 3208 9269 3232 3200 9270 3260 4168 9271 3233 4176 9272 3233 4176 9273 3258 3242 9274 3231 3210 9275 3226 3201 9276 3257 4170 9277 3227 4177 9278 3257 4170 9279 3225 3212 9280 3227 4177 9281 3220 3202 9282 3254 4171 9283 3221 4178 9284 3254 4171 9285 3219 3214 9286 3221 4178 9287 3250 3178 9288 3215 4179 9289 3214 3203 9290 3215 4179 9291 3249 3245 9292 3213 3215 9293 3208 3204 9294 3248 4173 9295 3209 4180 9296 3248 4173 9297 3207 3218 9298 3209 4180 9299 3240 3153 9300 3245 4174 9301 3242 4151 9302 3242 4151 9303 3243 3205 9304 3241 3181 9305 3238 3199 9306 3236 4152 9307 3234 3154 9308 3236 4152 9309 3237 3208 9310 3235 3184 9311 3232 3200 9312 3230 4154 9313 3228 3155 9314 3233 4176 9315 3229 3187 9316 3230 4154 9317 3226 3201 9318 3224 4156 9319 3222 3156 9320 3224 4156 9321 3225 3212 9322 3223 3191 9323 3220 3202 9324 3218 4158 9325 3216 3158 9326 3221 4178 9327 3217 3194 9328 3218 4158 9329 3214 3203 9330 3212 4181 9331 3210 3159 9332 3212 4181 9333 3213 3215 9334 3211 3196 9335 3204 3160 9336 3209 4180 9337 3206 4161 9338 3209 4180 9339 3205 4182 9340 3206 4161 9341 2473 3217 9342 3279 3163 9343 3205 4182 9344 2648 4183 9345 3331 3469 9346 3302 3412 9347 2661 4184 9348 3330 3467 9349 3300 3346 9350 2646 4185 9351 3331 3469 9352 2647 4186 9353 2660 4187 9354 3328 3463 9355 3330 3467 9356 2645 4188 9357 3329 3465 9358 2646 4185 9359 2658 4189 9360 3328 3463 9361 2659 4190 9362 2645 4188 9363 3325 3457 9364 3327 3462 9365 2657 4191 9366 3326 3459 9367 2658 4189 9368 2670 4192 9369 3312 3458 9370 2640 4193 9371 2644 4194 9372 3322 3450 9373 3325 3457 9374 2656 4195 9375 3324 3454 9376 2657 4191 9377 2669 4196 9378 3323 3453 9379 2670 4192 9380 2642 4197 9381 3322 3450 9382 2643 4198 9383 2655 4199 9384 3321 3449 9385 2656 4195 9386 2669 4196 9387 3317 3440 9388 3320 3447 9389 2642 4197 9390 3316 3439 9391 3319 3444 9392 2655 4199 9393 3315 3436 9394 3318 3443 9395 2668 4200 9396 3314 3435 9397 3317 3440 9398 2639 4201 9399 3316 3439 9400 2641 4202 9401 2654 4203 9402 3311 3430 9403 3315 3436 9404 2666 4204 9405 3314 3435 9406 2667 4205 9407 2640 4193 9408 3313 3431 9409 2639 4201 9410 2652 4206 9411 3311 3430 9412 2653 4207 9413 2665 4208 9414 3310 3427 9415 2666 4204 9416 2652 4206 9417 3307 3421 9418 3309 3426 9419 2665 4208 9420 3306 3420 9421 3308 3423 9422 2650 4209 9423 3307 3421 9424 2651 4210 9425 2663 4211 9426 3306 3420 9427 2664 4212 9428 2649 4213 9429 3305 3418 9430 2650 4209 9431 2663 4211 9432 3301 3348 9433 3304 3415 9434 2649 4213 9435 3302 3412 9436 3303 3414 9437 2661 4184 9438 3301 3348 9439 2662 4214 9440 2277 2836 9441 4461 2832 9442 2281 2841 9443 4461 2832 9444 2285 2843 9445 2281 2841 9446 4491 2830 9447 2401 2931 9448 2397 2932 9449 4490 2828 9450 2397 2932 9451 2393 2924 9452 2389 2925 9453 4490 2828 9454 2393 2924 9455 2385 2921 9456 4489 2826 9457 2389 2925 9458 2381 2918 9459 4488 2824 9460 2385 2921 9461 2377 2915 9462 4487 2822 9463 2381 2918 9464 2373 2909 9465 4486 2820 9466 2377 2915 9467 4484 2817 9468 2373 2909 9469 2369 2906 9470 4483 2815 9471 2369 2906 9472 2365 2903 9473 4482 2813 9474 2365 2903 9475 2361 2900 9476 4481 2811 9477 2361 2900 9478 2357 2901 9479 4480 2809 9480 2357 2901 9481 2353 2893 9482 2349 2891 9483 4480 2809 9484 2353 2893 9485 2345 2892 9486 4479 2807 9487 2349 2891 9488 4477 2804 9489 2345 2892 9490 2341 2884 9491 2337 2885 9492 4477 2804 9493 2341 2884 9494 2333 2878 9495 4476 2802 9496 2337 2885 9497 4474 2799 9498 2333 2878 9499 2329 2875 9500 4473 2797 9501 2329 2875 9502 2325 2876 9503 2321 2871 9504 4473 2797 9505 2325 2876 9506 2317 2866 9507 4472 2795 9508 2321 2871 9509 4470 2792 9510 2317 2866 9511 2313 2867 9512 4469 2790 9513 2313 2867 9514 2309 2859 9515 2305 2860 9516 4469 2790 9517 2309 2859 9518 4467 2787 9519 2305 2860 9520 2301 2856 9521 4466 2785 9522 2301 2856 9523 2297 2849 9524 2293 2850 9525 4466 2785 9526 2297 2849 9527 2289 2846 9528 4465 2783 9529 2293 2850 9530 2285 2843 9531 4464 2780 9532 2289 2846 9533 4462 2776 9534 2277 2836 9535 2401 2931 9536 2522 4144 9537 2530 4148 9538 2498 4132 9539 2065 2496 9540 2087 2490 9541 2079 2503 9542 1 0 9543 3 3 9544 3333 1 9545 3 3 9546 5 5 9547 3334 4 9548 5 5 9549 7 7 9550 3335 6 9551 7 7 9552 9 9 9553 3336 8 9554 9 9 9555 11 11 9556 3337 10 9557 11 11 9558 13 13 9559 3338 12 9560 13 13 9561 15 15 9562 3339 14 9563 15 15 9564 17 17 9565 3340 16 9566 17 17 9567 19 19 9568 3341 18 9569 19 19 9570 21 21 9571 3342 20 9572 21 21 9573 23 23 9574 3343 22 9575 23 23 9576 25 25 9577 3344 24 9578 25 25 9579 27 27 9580 3345 26 9581 27 27 9582 29 29 9583 3346 28 9584 29 29 9585 31 31 9586 3347 30 9587 31 31 9588 33 33 9589 3348 32 9590 33 33 9591 35 35 9592 3349 34 9593 35 35 9594 37 37 9595 3350 36 9596 37 37 9597 39 39 9598 3351 38 9599 39 39 9600 41 41 9601 3352 40 9602 41 41 9603 43 43 9604 3353 42 9605 43 43 9606 45 45 9607 3354 44 9608 45 45 9609 47 47 9610 3355 46 9611 47 47 9612 49 49 9613 3356 48 9614 49 49 9615 51 51 9616 3357 50 9617 51 51 9618 53 53 9619 3358 52 9620 53 53 9621 55 55 9622 3359 54 9623 55 55 9624 57 57 9625 3360 56 9626 57 57 9627 59 59 9628 3361 58 9629 59 59 9630 61 63 9631 3362 60 9632 63 61 9633 1 0 9634 3332 2 9635 61 63 9636 63 61 9637 3363 62 9638 62 4215 9639 0 78 9640 2 78 9641 2 78 9642 4 78 9643 62 4215 9644 4 78 9645 6 78 9646 62 4215 9647 6 78 9648 8 4216 9649 14 64 9650 8 4216 9651 10 4217 9652 14 64 9653 10 4217 9654 12 78 9655 14 64 9656 14 64 9657 16 78 9658 18 78 9659 18 78 9660 20 78 9661 22 78 9662 22 78 9663 24 78 9664 30 65 9665 24 78 9666 26 4218 9667 30 65 9668 26 4218 9669 28 4219 9670 30 65 9671 30 65 9672 32 78 9673 38 4220 9674 32 78 9675 34 4221 9676 38 4220 9677 34 4221 9678 36 4222 9679 38 4220 9680 38 4220 9681 40 4223 9682 46 66 9683 40 4223 9684 42 78 9685 46 66 9686 42 78 9687 44 78 9688 46 66 9689 46 66 9690 48 78 9691 50 78 9692 50 78 9693 52 78 9694 54 78 9695 54 78 9696 56 78 9697 58 4224 9698 58 4224 9699 60 4225 9700 62 4215 9701 14 64 9702 18 78 9703 30 65 9704 18 78 9705 22 78 9706 30 65 9707 46 66 9708 50 78 9709 54 78 9710 54 78 9711 58 4224 9712 46 66 9713 58 4224 9714 62 4215 9715 46 66 9716 62 4215 9717 6 78 9718 14 64 9719 30 65 9720 38 4220 9721 46 66 9722 62 4215 9723 14 64 9724 46 66 9725 3381 67 9726 3382 117 9727 3412 68 9728 3366 70 9729 3368 4226 9730 97 71 9731 3372 73 9732 3374 4227 9733 3369 74 9734 3378 76 9735 3391 125 9736 99 77 9737 3370 79 9738 70 4228 9739 3375 80 9740 93 82 9741 3437 4229 9742 3463 83 9743 3392 85 9744 76 131 9745 79 86 9746 91 78 9747 3387 126 9748 3389 78 9749 3390 88 9750 72 121 9751 75 89 9752 3433 91 9753 3430 122 9754 3456 92 9755 3407 94 9756 3406 4230 9757 3404 95 9758 3428 97 9759 3423 212 9760 118 98 9761 3394 72 9762 3411 132 9763 3396 100 9764 84 102 9765 3397 116 9766 3413 103 9767 3402 105 9768 3405 4231 9769 3398 106 9770 3408 108 9771 3401 78 9772 3399 78 9773 3409 110 9774 80 4232 9775 83 111 9776 3432 113 9777 123 205 9778 124 114 9779 3410 78 9780 3389 78 9781 3397 116 9782 3382 117 9783 3394 72 9784 3395 101 9785 3440 118 9786 3466 216 9787 3442 119 9788 72 121 9789 3392 85 9790 85 87 9791 3430 122 9792 3428 97 9793 3444 99 9794 64 123 9795 3390 88 9796 88 90 9797 3391 125 9798 3378 76 9799 3387 126 9800 3371 127 9801 3381 67 9802 3383 69 9803 3441 129 9804 3433 91 9805 3459 93 9806 76 131 9807 3409 110 9808 92 112 9809 3393 104 9810 3413 103 9811 3408 108 9812 3411 132 9813 3406 4230 9814 3407 94 9815 3424 120 9816 3442 119 9817 3455 133 9818 66 124 9819 3370 79 9820 3380 81 9821 3373 135 9822 3376 78 9823 99 77 9824 3385 128 9825 3364 72 9826 97 71 9827 3416 137 9828 101 141 9829 3365 138 9830 3418 140 9831 102 178 9832 101 141 9833 3420 142 9834 3422 4233 9835 3379 143 9836 106 145 9837 3386 4234 9838 3384 146 9839 3429 148 9840 73 155 9841 108 149 9842 110 151 9843 86 163 9844 109 152 9845 87 154 9846 111 166 9847 108 149 9848 3436 156 9849 113 172 9850 112 157 9851 3438 159 9852 110 151 9853 78 153 9854 3434 158 9855 112 157 9856 115 161 9857 86 163 9858 116 168 9859 74 164 9860 77 165 9861 117 173 9862 111 166 9863 89 167 9864 105 4235 9865 74 164 9866 65 169 9867 90 4236 9868 107 170 9869 3436 156 9870 3438 159 9871 114 160 9872 3439 162 9873 115 161 9874 117 173 9875 3415 174 9876 100 4237 9877 67 175 9878 3418 140 9879 3421 4238 9880 103 177 9881 3446 179 9882 119 191 9883 3454 180 9884 3443 182 9885 121 190 9886 120 183 9887 3457 184 9888 3458 193 9889 122 185 9890 3464 187 9891 3462 4239 9892 3460 188 9893 121 190 9894 3457 184 9895 125 186 9896 119 191 9897 126 4240 9898 127 192 9899 3458 193 9900 3464 187 9901 3465 189 9902 3450 194 9903 3447 194 9904 3449 195 9905 3435 197 9906 3461 4241 9907 135 198 9908 3417 200 9909 96 209 9910 130 201 9911 3441 129 9912 3467 130 9913 129 203 9914 3432 113 9915 93 82 9916 128 84 9917 71 206 9918 132 206 9919 3453 207 9920 3426 134 9921 3455 133 9922 130 201 9923 94 204 9924 129 203 9925 134 210 9926 3423 212 9927 98 215 9928 131 213 9929 69 214 9930 133 4242 9931 131 213 9932 3431 115 9933 124 114 9934 3466 216 9935 3485 217 9936 3486 264 9937 3516 218 9938 3470 220 9939 3472 4243 9940 169 221 9941 3476 222 9942 3478 4244 9943 3473 223 9944 3482 72 9945 3495 72 9946 171 225 9947 3474 226 9948 142 226 9949 3479 227 9950 165 229 9951 3541 4245 9952 3567 230 9953 3496 232 9954 148 277 9955 151 233 9956 163 235 9957 3491 272 9958 3493 236 9959 3494 238 9960 144 268 9961 147 239 9962 3537 241 9963 3534 269 9964 3560 242 9965 3511 244 9966 3510 4246 9967 3508 245 9968 3532 246 9969 3527 358 9970 190 247 9971 3498 78 9972 3515 278 9973 3500 249 9974 156 72 9975 3501 263 9976 3517 72 9977 3506 251 9978 3509 4247 9979 3502 252 9980 3512 254 9981 3505 72 9982 3503 255 9983 3513 257 9984 152 4248 9985 155 258 9986 3536 260 9987 195 351 9988 196 261 9989 3514 237 9990 3493 236 9991 3501 263 9992 3486 264 9993 3498 78 9994 3499 250 9995 3544 265 9996 3570 362 9997 3546 266 9998 144 268 9999 3496 232 10000 157 234 10001 3534 269 10002 3532 246 10003 3548 248 10004 136 270 10005 3494 238 10006 160 240 10007 3495 72 10008 3482 72 10009 3491 272 10010 3475 273 10011 3485 217 10012 3487 219 10013 3545 275 10014 3537 241 10015 3563 243 10016 148 277 10017 3513 257 10018 164 259 10019 3497 72 10020 3517 72 10021 3512 254 10022 3515 278 10023 3510 4246 10024 3511 244 10025 3528 267 10026 3546 266 10027 3559 279 10028 138 271 10029 3474 226 10030 3484 228 10031 3477 281 10032 3480 72 10033 171 225 10034 3489 274 10035 3468 78 10036 169 221 10037 3520 283 10038 173 287 10039 3469 284 10040 3522 286 10041 174 324 10042 173 287 10043 3524 288 10044 3526 4249 10045 3483 289 10046 178 291 10047 3490 4250 10048 3488 292 10049 3533 294 10050 145 301 10051 180 295 10052 182 297 10053 158 309 10054 181 298 10055 159 300 10056 183 312 10057 180 295 10058 3540 302 10059 185 318 10060 184 303 10061 3542 305 10062 182 297 10063 150 299 10064 3538 304 10065 184 303 10066 187 307 10067 158 309 10068 188 314 10069 146 310 10070 149 311 10071 189 319 10072 183 312 10073 161 313 10074 177 4251 10075 146 310 10076 137 315 10077 162 4252 10078 179 316 10079 3540 302 10080 3542 305 10081 186 306 10082 3543 308 10083 187 307 10084 189 319 10085 3519 320 10086 172 4253 10087 139 321 10088 3522 286 10089 3525 4254 10090 175 323 10091 3550 325 10092 191 338 10093 3558 326 10094 3547 328 10095 193 337 10096 192 329 10097 3561 331 10098 3562 340 10099 194 332 10100 3568 334 10101 3566 4255 10102 3564 335 10103 193 337 10104 3561 331 10105 197 333 10106 191 338 10107 198 4256 10108 199 339 10109 3562 340 10110 3568 334 10111 3569 336 10112 3554 341 10113 3551 342 10114 3553 341 10115 154 343 10116 3539 4257 10117 3565 344 10118 3521 346 10119 168 355 10120 202 347 10121 3545 275 10122 3571 276 10123 201 349 10124 3536 260 10125 165 229 10126 200 231 10127 143 352 10128 204 4258 10129 3557 353 10130 3530 280 10131 3559 279 10132 202 347 10133 166 350 10134 201 349 10135 206 356 10136 3527 358 10137 170 361 10138 203 359 10139 141 360 10140 205 4259 10141 203 359 10142 3535 262 10143 196 261 10144 3570 362 10145 208 363 10146 220 382 10147 221 364 10148 221 364 10149 222 385 10150 210 366 10151 210 366 10152 222 385 10153 223 367 10154 211 368 10155 223 367 10156 224 369 10157 224 369 10158 225 388 10159 213 371 10160 213 371 10161 225 388 10162 226 372 10163 226 372 10164 227 390 10165 215 374 10166 215 374 10167 227 390 10168 228 375 10169 228 375 10170 229 378 10171 217 377 10172 229 378 10173 230 394 10174 218 379 10175 218 379 10176 230 394 10177 231 380 10178 208 363 10179 219 381 10180 231 380 10181 220 382 10182 232 397 10183 233 383 10184 221 364 10185 233 383 10186 234 384 10187 234 384 10188 235 399 10189 223 367 10190 223 367 10191 235 399 10192 236 386 10193 224 369 10194 236 386 10195 237 387 10196 225 388 10197 237 387 10198 238 389 10199 238 389 10200 239 391 10201 227 390 10202 239 391 10203 240 392 10204 228 375 10205 240 392 10206 241 405 10207 229 378 10208 229 378 10209 241 405 10210 242 393 10211 242 393 10212 243 395 10213 231 380 10214 243 395 10215 232 397 10216 220 382 10217 244 396 10218 245 408 10219 233 383 10220 233 383 10221 245 408 10222 246 398 10223 246 398 10224 247 400 10225 235 399 10226 247 400 10227 248 401 10228 236 386 10229 248 401 10230 249 412 10231 237 387 10232 237 387 10233 249 412 10234 250 402 10235 250 402 10236 251 414 10237 239 391 10238 239 391 10239 251 414 10240 252 403 10241 240 392 10242 252 403 10243 253 404 10244 241 405 10245 253 404 10246 254 406 10247 254 406 10248 255 418 10249 243 395 10250 243 395 10251 255 418 10252 244 396 10253 256 407 10254 257 420 10255 245 408 10256 245 408 10257 257 420 10258 258 409 10259 246 398 10260 258 409 10261 259 410 10262 259 410 10263 260 411 10264 248 401 10265 260 411 10266 261 424 10267 249 412 10268 249 412 10269 261 424 10270 262 413 10271 262 413 10272 263 426 10273 251 414 10274 251 414 10275 263 426 10276 264 415 10277 252 403 10278 264 415 10279 265 416 10280 265 416 10281 266 417 10282 254 406 10283 266 417 10284 267 429 10285 255 418 10286 255 418 10287 267 429 10288 256 407 10289 268 419 10290 269 431 10291 257 420 10292 257 420 10293 269 431 10294 270 421 10295 258 409 10296 270 421 10297 271 422 10298 271 422 10299 272 435 10300 260 411 10301 260 411 10302 272 435 10303 273 423 10304 273 423 10305 274 437 10306 262 413 10307 262 413 10308 274 437 10309 275 425 10310 275 425 10311 276 439 10312 264 415 10313 264 415 10314 276 439 10315 277 427 10316 277 427 10317 278 428 10318 266 417 10319 278 428 10320 279 443 10321 267 429 10322 267 429 10323 279 443 10324 268 419 10325 280 430 10326 281 432 10327 269 431 10328 281 432 10329 282 433 10330 270 421 10331 282 433 10332 283 434 10333 271 422 10334 283 434 10335 284 448 10336 272 435 10337 272 435 10338 284 448 10339 285 436 10340 285 436 10341 286 450 10342 274 437 10343 274 437 10344 286 450 10345 287 438 10346 287 438 10347 288 452 10348 276 439 10349 276 439 10350 288 452 10351 289 440 10352 277 427 10353 289 440 10354 290 441 10355 278 428 10356 290 441 10357 291 442 10358 279 443 10359 291 442 10360 280 430 10361 280 430 10362 292 456 10363 293 444 10364 281 432 10365 293 444 10366 294 445 10367 282 433 10368 294 445 10369 295 446 10370 283 434 10371 295 446 10372 296 447 10373 296 447 10374 297 461 10375 285 436 10376 285 436 10377 297 461 10378 298 449 10379 298 449 10380 299 463 10381 287 438 10382 287 438 10383 299 463 10384 300 451 10385 300 451 10386 301 453 10387 289 440 10388 301 453 10389 302 454 10390 290 441 10391 302 454 10392 303 455 10393 291 442 10394 303 455 10395 292 456 10396 280 430 10397 292 456 10398 304 469 10399 305 457 10400 305 457 10401 306 458 10402 294 445 10403 306 458 10404 307 472 10405 295 446 10406 295 446 10407 307 472 10408 308 459 10409 296 447 10410 308 459 10411 309 460 10412 297 461 10413 309 460 10414 310 462 10415 310 462 10416 311 464 10417 299 463 10418 311 464 10419 312 465 10420 300 451 10421 312 465 10422 313 477 10423 301 453 10424 301 453 10425 313 477 10426 314 466 10427 302 454 10428 314 466 10429 315 467 10430 315 467 10431 304 469 10432 292 456 10433 316 468 10434 317 470 10435 305 457 10436 317 470 10437 318 471 10438 306 458 10439 318 471 10440 319 473 10441 307 472 10442 319 473 10443 320 483 10444 308 459 10445 308 459 10446 320 483 10447 321 474 10448 321 474 10449 322 485 10450 310 462 10451 310 462 10452 322 485 10453 323 475 10454 323 475 10455 324 487 10456 312 465 10457 312 465 10458 324 487 10459 325 476 10460 313 477 10461 325 476 10462 326 478 10463 314 466 10464 326 478 10465 327 479 10466 315 467 10467 327 479 10468 316 468 10469 316 468 10470 328 492 10471 329 480 10472 329 480 10473 330 494 10474 318 471 10475 318 471 10476 330 494 10477 331 481 10478 319 473 10479 331 481 10480 332 482 10481 320 483 10482 332 482 10483 333 484 10484 333 484 10485 334 498 10486 322 485 10487 322 485 10488 334 498 10489 335 486 10490 335 486 10491 336 488 10492 324 487 10493 336 488 10494 337 489 10495 325 476 10496 337 489 10497 338 501 10498 326 478 10499 326 478 10500 338 501 10501 339 490 10502 339 490 10503 328 492 10504 316 468 10505 340 491 10506 341 493 10507 329 480 10508 341 493 10509 342 505 10510 330 494 10511 330 494 10512 342 505 10513 343 495 10514 343 495 10515 344 496 10516 332 482 10517 344 496 10518 345 508 10519 333 484 10520 333 484 10521 345 508 10522 346 497 10523 346 497 10524 347 510 10525 335 486 10526 335 486 10527 347 510 10528 348 499 10529 336 488 10530 348 499 10531 349 500 10532 349 500 10533 350 513 10534 338 501 10535 338 501 10536 350 513 10537 351 502 10538 339 490 10539 351 502 10540 340 491 10541 352 503 10542 353 515 10543 341 493 10544 341 493 10545 353 515 10546 354 504 10547 354 504 10548 355 506 10549 343 495 10550 355 506 10551 356 518 10552 344 496 10553 344 496 10554 356 518 10555 357 507 10556 357 507 10557 358 520 10558 346 497 10559 346 497 10560 358 520 10561 359 509 10562 359 509 10563 360 522 10564 348 499 10565 348 499 10566 360 522 10567 361 511 10568 349 500 10569 361 511 10570 362 512 10571 362 512 10572 363 525 10573 351 502 10574 351 502 10575 363 525 10576 352 503 10577 364 514 10578 365 527 10579 353 515 10580 353 515 10581 365 527 10582 366 516 10583 354 504 10584 366 516 10585 367 517 10586 367 517 10587 368 530 10588 356 518 10589 356 518 10590 368 530 10591 369 519 10592 369 519 10593 370 532 10594 358 520 10595 358 520 10596 370 532 10597 371 521 10598 371 521 10599 372 534 10600 360 522 10601 360 522 10602 372 534 10603 373 523 10604 373 523 10605 374 524 10606 362 512 10607 374 524 10608 375 537 10609 363 525 10610 363 525 10611 375 537 10612 364 514 10613 364 514 10614 376 539 10615 377 526 10616 365 527 10617 377 526 10618 378 528 10619 366 516 10620 378 528 10621 379 529 10622 379 529 10623 380 543 10624 368 530 10625 368 530 10626 380 543 10627 381 531 10628 381 531 10629 382 546 10630 370 532 10631 370 532 10632 382 546 10633 383 533 10634 383 533 10635 384 549 10636 372 534 10637 372 534 10638 384 549 10639 385 535 10640 385 535 10641 386 536 10642 374 524 10643 386 536 10644 387 538 10645 375 537 10646 387 538 10647 376 539 10648 364 514 10649 376 539 10650 388 554 10651 389 540 10652 389 540 10653 390 541 10654 378 528 10655 390 541 10656 391 542 10657 379 529 10658 391 542 10659 392 544 10660 380 543 10661 392 544 10662 393 545 10663 381 531 10664 393 545 10665 394 560 10666 382 546 10667 382 546 10668 394 560 10669 395 547 10670 383 533 10671 395 547 10672 396 548 10673 384 549 10674 396 548 10675 397 550 10676 385 535 10677 397 550 10678 398 551 10679 386 536 10680 398 551 10681 399 552 10682 399 552 10683 388 554 10684 376 539 10685 400 553 10686 401 566 10687 389 540 10688 389 540 10689 401 566 10690 402 555 10691 390 541 10692 402 555 10693 403 556 10694 391 542 10695 403 556 10696 404 557 10697 392 544 10698 404 557 10699 405 558 10700 393 545 10701 405 558 10702 406 559 10703 406 559 10704 407 561 10705 395 547 10706 407 561 10707 408 562 10708 396 548 10709 408 562 10710 409 563 10711 397 550 10712 409 563 10713 410 564 10714 398 551 10715 410 564 10716 411 576 10717 399 552 10718 399 552 10719 411 576 10720 400 553 10721 412 565 10722 413 567 10723 401 566 10724 413 567 10725 414 568 10726 402 555 10727 414 568 10728 415 569 10729 403 556 10730 415 569 10731 416 570 10732 404 557 10733 416 570 10734 417 581 10735 405 558 10736 405 558 10737 417 581 10738 418 571 10739 418 571 10740 419 583 10741 407 561 10742 407 561 10743 419 583 10744 420 572 10745 408 562 10746 420 572 10747 421 573 10748 409 563 10749 421 573 10750 422 574 10751 410 564 10752 422 574 10753 423 575 10754 411 576 10755 423 575 10756 412 565 10757 424 577 10758 425 587 10759 413 567 10760 413 567 10761 425 587 10762 426 578 10763 426 578 10764 427 579 10765 415 569 10766 427 579 10767 428 590 10768 416 570 10769 416 570 10770 428 590 10771 429 580 10772 429 580 10773 430 592 10774 418 571 10775 418 571 10776 430 592 10777 431 582 10778 431 582 10779 432 594 10780 420 572 10781 420 572 10782 432 594 10783 433 584 10784 421 573 10785 433 584 10786 434 585 10787 434 585 10788 435 597 10789 423 575 10790 423 575 10791 435 597 10792 424 577 10793 424 577 10794 436 600 10795 437 586 10796 425 587 10797 437 586 10798 438 588 10799 438 588 10800 439 603 10801 427 579 10802 427 579 10803 439 603 10804 440 589 10805 428 590 10806 440 589 10807 441 591 10808 441 591 10809 442 607 10810 430 592 10811 430 592 10812 442 607 10813 443 593 10814 443 593 10815 444 595 10816 432 594 10817 444 595 10818 445 610 10819 433 584 10820 433 584 10821 445 610 10822 446 596 10823 446 596 10824 447 598 10825 435 597 10826 447 598 10827 436 600 10828 424 577 10829 448 599 10830 449 601 10831 437 586 10832 449 601 10833 450 602 10834 438 588 10835 450 602 10836 451 616 10837 439 603 10838 439 603 10839 451 616 10840 452 604 10841 440 589 10842 452 604 10843 453 605 10844 441 591 10845 453 605 10846 454 606 10847 454 606 10848 455 608 10849 443 593 10850 455 608 10851 456 609 10852 444 595 10853 456 609 10854 457 622 10855 445 610 10856 445 610 10857 457 622 10858 458 611 10859 446 596 10860 458 611 10861 459 612 10862 447 598 10863 459 612 10864 448 599 10865 460 613 10866 461 614 10867 449 601 10868 461 614 10869 462 615 10870 450 602 10871 462 615 10872 463 617 10873 451 616 10874 463 617 10875 464 628 10876 452 604 10877 452 604 10878 464 628 10879 465 618 10880 453 605 10881 465 618 10882 466 619 10883 466 619 10884 467 620 10885 455 608 10886 467 620 10887 468 632 10888 456 609 10889 456 609 10890 468 632 10891 469 621 10892 457 622 10893 469 621 10894 470 623 10895 458 611 10896 470 623 10897 471 624 10898 459 612 10899 471 624 10900 460 613 10901 460 613 10902 472 637 10903 473 625 10904 473 625 10905 474 639 10906 462 615 10907 462 615 10908 474 639 10909 475 626 10910 463 617 10911 475 626 10912 476 627 10913 464 628 10914 476 627 10915 477 629 10916 465 618 10917 477 629 10918 478 630 10919 478 630 10920 479 631 10921 467 620 10922 479 631 10923 480 633 10924 468 632 10925 480 633 10926 481 634 10927 469 621 10928 481 634 10929 482 646 10930 470 623 10931 470 623 10932 482 646 10933 483 635 10934 483 635 10935 472 637 10936 460 613 10937 484 636 10938 485 638 10939 473 625 10940 485 638 10941 486 650 10942 474 639 10943 474 639 10944 486 650 10945 487 640 10946 487 640 10947 488 641 10948 476 627 10949 488 641 10950 489 642 10951 477 629 10952 489 642 10953 490 654 10954 478 630 10955 478 630 10956 490 654 10957 491 643 10958 479 631 10959 491 643 10960 492 644 10961 480 633 10962 492 644 10963 493 645 10964 493 645 10965 494 658 10966 482 646 10967 482 646 10968 494 658 10969 495 647 10970 483 635 10971 495 647 10972 484 636 10973 496 648 10974 497 661 10975 485 638 10976 485 638 10977 497 661 10978 498 649 10979 486 650 10980 498 649 10981 499 651 10982 499 651 10983 500 652 10984 488 641 10985 500 652 10986 501 653 10987 489 642 10988 501 653 10989 502 665 10990 490 654 10991 490 654 10992 502 665 10993 503 655 10994 491 643 10995 503 655 10996 504 656 10997 492 644 10998 504 656 10999 505 657 11000 505 657 11001 506 659 11002 494 658 11003 506 659 11004 507 669 11005 495 647 11006 495 647 11007 507 669 11008 496 648 11009 508 660 11010 509 671 11011 497 661 11012 497 661 11013 509 671 11014 510 662 11015 510 662 11016 511 663 11017 499 651 11018 511 663 11019 512 674 11020 500 652 11021 500 652 11022 512 674 11023 513 664 11024 513 664 11025 514 676 11026 502 665 11027 502 665 11028 514 676 11029 515 666 11030 515 666 11031 516 678 11032 504 656 11033 504 656 11034 516 678 11035 517 667 11036 505 657 11037 517 667 11038 518 668 11039 518 668 11040 519 681 11041 507 669 11042 507 669 11043 519 681 11044 508 660 11045 508 660 11046 520 683 11047 521 670 11048 509 671 11049 521 670 11050 522 672 11051 510 662 11052 522 672 11053 523 673 11054 523 673 11055 524 688 11056 512 674 11057 512 674 11058 524 688 11059 525 675 11060 525 675 11061 526 690 11062 514 676 11063 514 676 11064 526 690 11065 527 677 11066 527 677 11067 528 693 11068 516 678 11069 516 678 11070 528 693 11071 529 679 11072 529 679 11073 530 680 11074 518 668 11075 530 680 11076 531 682 11077 519 681 11078 531 682 11079 520 683 11080 508 660 11081 520 683 11082 532 697 11083 533 684 11084 521 670 11085 533 684 11086 534 685 11087 522 672 11088 534 685 11089 535 686 11090 523 673 11091 535 686 11092 536 687 11093 536 687 11094 537 689 11095 525 675 11096 537 689 11097 538 702 11098 526 690 11099 526 690 11100 538 702 11101 539 691 11102 527 677 11103 539 691 11104 540 692 11105 540 692 11106 541 694 11107 529 679 11108 541 694 11109 542 695 11110 530 680 11111 542 695 11112 543 696 11113 531 682 11114 543 696 11115 532 697 11116 520 683 11117 532 697 11118 544 707 11119 545 698 11120 533 684 11121 545 698 11122 546 699 11123 546 699 11124 547 710 11125 535 686 11126 535 686 11127 547 710 11128 548 700 11129 536 687 11130 548 700 11131 549 701 11132 549 701 11133 550 714 11134 538 702 11135 538 702 11136 550 714 11137 551 703 11138 551 703 11139 552 704 11140 540 692 11141 552 704 11142 553 717 11143 541 694 11144 541 694 11145 553 717 11146 554 705 11147 554 705 11148 555 706 11149 543 696 11150 555 706 11151 544 707 11152 532 697 11153 544 707 11154 556 721 11155 557 708 11156 545 698 11157 557 708 11158 558 709 11159 558 709 11160 559 711 11161 547 710 11162 559 711 11163 560 712 11164 548 700 11165 560 712 11166 561 725 11167 549 701 11168 549 701 11169 561 725 11170 562 713 11171 562 713 11172 563 727 11173 551 703 11174 551 703 11175 563 727 11176 564 715 11177 552 704 11178 564 715 11179 565 716 11180 553 717 11181 565 716 11182 566 718 11183 566 718 11184 567 719 11185 555 706 11186 567 719 11187 556 721 11188 544 707 11189 568 720 11190 569 732 11191 557 708 11192 557 708 11193 569 732 11194 570 722 11195 558 709 11196 570 722 11197 571 723 11198 571 723 11199 572 724 11200 560 712 11201 572 724 11202 573 736 11203 561 725 11204 561 725 11205 573 736 11206 574 726 11207 574 726 11208 575 738 11209 563 727 11210 563 727 11211 575 738 11212 576 728 11213 564 715 11214 576 728 11215 577 729 11216 577 729 11217 578 730 11218 566 718 11219 578 730 11220 579 742 11221 567 719 11222 567 719 11223 579 742 11224 568 720 11225 568 720 11226 580 743 11227 581 731 11228 581 731 11229 582 733 11230 570 722 11231 582 733 11232 583 747 11233 571 723 11234 571 723 11235 583 747 11236 584 734 11237 572 724 11238 584 734 11239 585 735 11240 585 735 11241 586 749 11242 574 726 11243 574 726 11244 586 749 11245 587 737 11246 587 737 11247 588 739 11248 576 728 11249 588 739 11250 589 752 11251 577 729 11252 577 729 11253 589 752 11254 590 740 11255 578 730 11256 590 740 11257 591 741 11258 591 741 11259 580 743 11260 568 720 11261 580 743 11262 592 755 11263 593 744 11264 581 731 11265 593 744 11266 594 745 11267 582 733 11268 594 745 11269 595 746 11270 595 746 11271 596 759 11272 584 734 11273 584 734 11274 596 759 11275 597 748 11276 597 748 11277 598 762 11278 586 749 11279 586 749 11280 598 762 11281 599 750 11282 599 750 11283 600 764 11284 588 739 11285 588 739 11286 600 764 11287 601 751 11288 601 751 11289 602 753 11290 590 740 11291 602 753 11292 603 754 11293 591 741 11294 603 754 11295 592 755 11296 580 743 11297 592 755 11298 604 769 11299 605 756 11300 605 756 11301 606 757 11302 594 745 11303 606 757 11304 607 758 11305 595 746 11306 607 758 11307 608 760 11308 596 759 11309 608 760 11310 609 774 11311 597 748 11312 597 748 11313 609 774 11314 610 761 11315 610 761 11316 611 776 11317 599 750 11318 599 750 11319 611 776 11320 612 763 11321 600 764 11322 612 763 11323 613 765 11324 601 751 11325 613 765 11326 614 766 11327 602 753 11328 614 766 11329 615 767 11330 615 767 11331 604 769 11332 592 755 11333 616 768 11334 617 770 11335 605 756 11336 617 770 11337 618 771 11338 606 757 11339 618 771 11340 619 772 11341 607 758 11342 619 772 11343 620 773 11344 608 760 11345 620 773 11346 621 786 11347 609 774 11348 609 774 11349 621 786 11350 622 775 11351 622 775 11352 623 788 11353 611 776 11354 611 776 11355 623 788 11356 624 777 11357 612 763 11358 624 777 11359 625 778 11360 613 765 11361 625 778 11362 626 779 11363 614 766 11364 626 779 11365 627 780 11366 615 767 11367 627 780 11368 616 768 11369 628 781 11370 629 782 11371 617 770 11372 629 782 11373 630 783 11374 618 771 11375 630 783 11376 631 795 11377 619 772 11378 619 772 11379 631 795 11380 632 784 11381 620 773 11382 632 784 11383 633 785 11384 621 786 11385 633 785 11386 634 787 11387 634 787 11388 635 789 11389 623 788 11390 635 789 11391 636 790 11392 624 777 11393 636 790 11394 637 799 11395 625 778 11396 625 778 11397 637 799 11398 638 791 11399 626 779 11400 638 791 11401 639 792 11402 627 780 11403 639 792 11404 628 781 11405 628 781 11406 640 802 11407 641 793 11408 641 793 11409 642 804 11410 630 783 11411 630 783 11412 642 804 11413 643 794 11414 631 795 11415 643 794 11416 644 796 11417 644 796 11418 645 808 11419 633 785 11420 633 785 11421 645 808 11422 646 797 11423 646 797 11424 647 810 11425 635 789 11426 635 789 11427 647 810 11428 648 798 11429 648 798 11430 649 800 11431 637 799 11432 649 800 11433 650 814 11434 638 791 11435 638 791 11436 650 814 11437 651 801 11438 651 801 11439 640 802 11440 628 781 11441 640 802 11442 652 816 11443 653 803 11444 653 803 11445 654 805 11446 642 804 11447 654 805 11448 655 819 11449 643 794 11450 643 794 11451 655 819 11452 656 806 11453 644 796 11454 656 806 11455 657 807 11456 645 808 11457 657 807 11458 658 809 11459 658 809 11460 659 811 11461 647 810 11462 659 811 11463 660 812 11464 648 798 11465 660 812 11466 661 825 11467 649 800 11468 649 800 11469 661 825 11470 662 813 11471 650 814 11472 662 813 11473 663 815 11474 663 815 11475 652 816 11476 640 802 11477 652 816 11478 664 829 11479 665 817 11480 653 803 11481 665 817 11482 666 818 11483 666 818 11484 667 820 11485 655 819 11486 667 820 11487 668 821 11488 656 806 11489 668 821 11490 669 833 11491 657 807 11492 657 807 11493 669 833 11494 670 822 11495 670 822 11496 671 835 11497 659 811 11498 659 811 11499 671 835 11500 672 823 11501 660 812 11502 672 823 11503 673 824 11504 661 825 11505 673 824 11506 674 826 11507 674 826 11508 675 827 11509 663 815 11510 675 827 11511 664 829 11512 652 816 11513 676 828 11514 677 840 11515 665 817 11516 665 817 11517 677 840 11518 678 830 11519 678 830 11520 679 843 11521 667 820 11522 667 820 11523 679 843 11524 680 831 11525 668 821 11526 680 831 11527 681 832 11528 669 833 11529 681 832 11530 682 834 11531 682 834 11532 683 836 11533 671 835 11534 683 836 11535 684 837 11536 672 823 11537 684 837 11538 685 848 11539 673 824 11540 673 824 11541 685 848 11542 686 838 11543 686 838 11544 687 851 11545 675 827 11546 675 827 11547 687 851 11548 676 828 11549 676 828 11550 688 853 11551 689 839 11552 677 840 11553 689 839 11554 690 841 11555 678 830 11556 690 841 11557 691 842 11558 679 843 11559 691 842 11560 692 844 11561 692 844 11562 693 845 11563 681 832 11564 693 845 11565 694 859 11566 682 834 11567 682 834 11568 694 859 11569 695 846 11570 683 836 11571 695 846 11572 696 847 11573 696 847 11574 697 849 11575 685 848 11576 697 849 11577 698 850 11578 686 838 11579 698 850 11580 699 852 11581 687 851 11582 699 852 11583 688 853 11584 676 828 11585 688 853 11586 700 866 11587 701 854 11588 689 839 11589 701 854 11590 702 855 11591 690 841 11592 702 855 11593 703 856 11594 691 842 11595 703 856 11596 704 857 11597 704 857 11598 705 858 11599 693 845 11600 705 858 11601 706 871 11602 694 859 11603 694 859 11604 706 871 11605 707 860 11606 695 846 11607 707 860 11608 708 861 11609 708 861 11610 709 862 11611 697 849 11612 709 862 11613 710 863 11614 698 850 11615 710 863 11616 711 864 11617 699 852 11618 711 864 11619 700 866 11620 688 853 11621 712 865 11622 713 867 11623 701 854 11624 713 867 11625 714 876 11626 702 855 11627 702 855 11628 714 876 11629 715 868 11630 715 868 11631 716 869 11632 704 857 11633 716 869 11634 717 879 11635 705 858 11636 705 858 11637 717 879 11638 718 870 11639 718 870 11640 719 881 11641 707 860 11642 707 860 11643 719 881 11644 720 872 11645 708 861 11646 720 872 11647 721 873 11648 721 873 11649 722 884 11650 710 863 11651 710 863 11652 722 884 11653 723 874 11654 711 864 11655 723 874 11656 712 865 11657 712 865 11658 724 886 11659 725 875 11660 725 875 11661 726 888 11662 714 876 11663 714 876 11664 726 888 11665 727 877 11666 715 868 11667 727 877 11668 728 878 11669 728 878 11670 729 891 11671 717 879 11672 717 879 11673 729 891 11674 730 880 11675 730 880 11676 731 894 11677 719 881 11678 719 881 11679 731 894 11680 732 882 11681 732 882 11682 733 883 11683 721 873 11684 733 883 11685 734 897 11686 722 884 11687 722 884 11688 734 897 11689 735 885 11690 735 885 11691 724 886 11692 712 865 11693 724 886 11694 736 899 11695 737 887 11696 737 887 11697 738 901 11698 726 888 11699 726 888 11700 738 901 11701 739 889 11702 727 877 11703 739 889 11704 740 890 11705 740 890 11706 741 892 11707 729 891 11708 741 892 11709 742 905 11710 730 880 11711 730 880 11712 742 905 11713 743 893 11714 731 894 11715 743 893 11716 744 895 11717 744 895 11718 745 896 11719 733 883 11720 745 896 11721 746 909 11722 734 897 11723 734 897 11724 746 909 11725 747 898 11726 747 898 11727 736 899 11728 724 886 11729 736 899 11730 748 912 11731 749 900 11732 749 900 11733 750 914 11734 738 901 11735 738 901 11736 750 914 11737 751 902 11738 739 889 11739 751 902 11740 752 903 11741 752 903 11742 753 904 11743 741 892 11744 753 904 11745 754 919 11746 742 905 11747 742 905 11748 754 919 11749 755 906 11750 743 893 11751 755 906 11752 756 907 11753 756 907 11754 757 908 11755 745 896 11756 757 908 11757 758 923 11758 746 909 11759 746 909 11760 758 923 11761 759 910 11762 759 910 11763 748 912 11764 736 899 11765 760 911 11766 761 926 11767 749 900 11768 749 900 11769 761 926 11770 762 913 11771 750 914 11772 762 913 11773 763 915 11774 751 902 11775 763 915 11776 764 916 11777 752 903 11778 764 916 11779 765 917 11780 753 904 11781 765 917 11782 766 918 11783 766 918 11784 767 920 11785 755 906 11786 767 920 11787 768 921 11788 756 907 11789 768 921 11790 769 922 11791 757 908 11792 769 922 11793 770 924 11794 758 923 11795 770 924 11796 771 934 11797 759 910 11798 759 910 11799 771 934 11800 760 911 11801 772 925 11802 773 927 11803 761 926 11804 773 927 11805 774 928 11806 762 913 11807 774 928 11808 775 935 11809 763 915 11810 763 915 11811 775 935 11812 776 929 11813 776 929 11814 777 936 11815 765 917 11816 765 917 11817 777 936 11818 778 930 11819 778 930 11820 779 937 11821 767 920 11822 767 920 11823 779 937 11824 780 931 11825 780 931 11826 781 938 11827 769 922 11828 769 922 11829 781 938 11830 782 932 11831 770 924 11832 782 932 11833 783 933 11834 771 934 11835 783 933 11836 772 925 11837 772 925 11838 208 363 11839 209 365 11840 209 365 11841 210 366 11842 774 928 11843 210 366 11844 211 368 11845 775 935 11846 775 935 11847 211 368 11848 212 370 11849 776 929 11850 212 370 11851 213 371 11852 777 936 11853 213 371 11854 214 373 11855 214 373 11856 215 374 11857 779 937 11858 215 374 11859 216 376 11860 780 931 11861 216 376 11862 217 377 11863 781 938 11864 781 938 11865 217 377 11866 218 379 11867 782 932 11868 218 379 11869 219 381 11870 219 381 11871 208 363 11872 772 925 11873 3609 939 11874 3573 1003 11875 3572 940 11876 3667 941 11877 3572 940 11878 3574 942 11879 3665 943 11880 3574 942 11881 3575 944 11882 3663 945 11883 3575 944 11884 3576 946 11885 3661 947 11886 3576 946 11887 3577 948 11888 3659 949 11889 3577 948 11890 3578 950 11891 3657 951 11892 3578 950 11893 3579 952 11894 3655 953 11895 3579 952 11896 3580 954 11897 3580 954 11898 3581 957 11899 1041 956 11900 3581 957 11901 3582 959 11902 1066 958 11903 3582 959 11904 3583 961 11905 1091 960 11906 3583 961 11907 3584 963 11908 3645 962 11909 3584 963 11910 3585 965 11911 3643 964 11912 3585 965 11913 3586 967 11914 3641 966 11915 3586 967 11916 3587 969 11917 3639 968 11918 3587 969 11919 3588 971 11920 3637 970 11921 3588 971 11922 3589 973 11923 3635 972 11924 3589 973 11925 3590 975 11926 3633 974 11927 3590 975 11928 3591 977 11929 3631 976 11930 3591 977 11931 3592 979 11932 3629 978 11933 3592 979 11934 3593 981 11935 3627 980 11936 3593 981 11937 3594 983 11938 3625 982 11939 3594 983 11940 3595 985 11941 3623 984 11942 3595 985 11943 3596 4260 11944 3621 986 11945 3621 986 11946 3596 4260 11947 3597 987 11948 3619 988 11949 3597 987 11950 3598 989 11951 3617 990 11952 3598 989 11953 3599 991 11954 1491 992 11955 3599 991 11956 3600 993 11957 1516 994 11958 3600 993 11959 3601 995 11960 1541 996 11961 3601 995 11962 3602 997 11963 800 999 11964 1728 2084 11965 1729 1000 11966 1591 1002 11967 3603 1004 11968 3573 1003 11969 1566 998 11970 3602 997 11971 3603 1004 11972 1589 1005 11973 1614 1009 11974 1775 1006 11975 1588 1008 11976 1613 1011 11977 1614 1009 11978 1587 1010 11979 1612 1013 11980 1613 1011 11981 1587 1010 11982 1586 1014 11983 1611 1012 11984 1586 1014 11985 1585 1016 11986 1610 1015 11987 1585 1016 11988 1584 1018 11989 1609 1017 11990 1584 1018 11991 1583 1020 11992 1608 1019 11993 1583 1020 11994 1582 1022 11995 1607 1021 11996 1582 1022 11997 1581 1024 11998 1606 1023 11999 1581 1024 12000 1580 1026 12001 1605 1025 12002 1580 1026 12003 1579 1029 12004 1604 1027 12005 1578 1028 12006 1603 1031 12007 1604 1027 12008 1578 1028 12009 1577 1032 12010 1602 1030 12011 1577 1032 12012 1576 1034 12013 1601 1033 12014 1576 1034 12015 1575 1036 12016 1600 1035 12017 1575 1036 12018 1574 1038 12019 1599 1037 12020 1574 1038 12021 1573 1040 12022 1598 1039 12023 1573 1040 12024 1572 1042 12025 1597 1041 12026 1572 1042 12027 1571 1044 12028 1596 1043 12029 1571 1044 12030 1570 1047 12031 1595 1045 12032 1569 1046 12033 1594 1049 12034 1595 1045 12035 1568 1048 12036 1593 1051 12037 1594 1049 12038 1567 1050 12039 1592 1077 12040 1593 1051 12041 1167 1052 12042 1142 1106 12043 1643 1053 12044 1614 1009 12045 817 1056 12046 1744 1055 12047 1613 1011 12048 818 1057 12049 817 1056 12050 1612 1013 12051 819 1059 12052 818 1057 12053 1612 1013 12054 1611 1012 12055 820 1058 12056 1611 1012 12057 1610 1015 12058 821 1060 12059 1610 1015 12060 1609 1017 12061 822 1061 12062 1609 1017 12063 1608 1019 12064 823 1062 12065 1608 1019 12066 1607 1021 12067 824 1063 12068 1607 1021 12069 1606 1023 12070 825 1064 12071 1606 1023 12072 1605 1025 12073 826 1065 12074 1605 1025 12075 1604 1027 12076 827 1066 12077 1604 1027 12078 1603 1031 12079 828 1067 12080 1603 1031 12081 1602 1030 12082 829 1068 12083 1602 1030 12084 1601 1033 12085 830 1069 12086 1601 1033 12087 1600 1035 12088 831 1070 12089 1600 1035 12090 1599 1037 12091 832 1071 12092 1599 1037 12093 1598 1039 12094 833 1072 12095 1598 1039 12096 1597 1041 12097 834 1073 12098 1597 1041 12099 1596 1043 12100 835 1074 12101 1596 1043 12102 1595 1045 12103 836 1075 12104 1594 1049 12105 837 1076 12106 836 1075 12107 1593 1051 12108 838 1078 12109 837 1076 12110 1592 1077 12111 3608 1837 12112 838 1078 12113 1116 1079 12114 1141 1902 12115 1642 1080 12116 1564 1082 12117 1589 1005 12118 1774 1007 12119 1563 1084 12120 1588 1008 12121 1589 1005 12122 1562 1085 12123 1587 1010 12124 1588 1008 12125 1562 1085 12126 1561 1086 12127 1586 1014 12128 1561 1086 12129 1560 1087 12130 1585 1016 12131 1560 1087 12132 1559 1088 12133 1584 1018 12134 1559 1088 12135 1558 1089 12136 1583 1020 12137 1558 1089 12138 1557 1090 12139 1582 1022 12140 1557 1090 12141 1556 1091 12142 1581 1024 12143 1556 1091 12144 1555 1092 12145 1580 1026 12146 1555 1092 12147 1554 1093 12148 1579 1029 12149 1554 1093 12150 1553 1094 12151 1578 1028 12152 1553 1094 12153 1552 1095 12154 1577 1032 12155 1552 1095 12156 1551 1096 12157 1576 1034 12158 1551 1096 12159 1550 1097 12160 1575 1036 12161 1550 1097 12162 1549 1099 12163 1574 1038 12164 1548 1098 12165 1573 1040 12166 1574 1038 12167 1547 1100 12168 1572 1042 12169 1573 1040 12170 1547 1100 12171 1546 1102 12172 1571 1044 12173 1545 1101 12174 1570 1047 12175 1571 1044 12176 1544 1103 12177 1569 1046 12178 1570 1047 12179 1543 1104 12180 1568 1048 12181 1569 1046 12182 1542 1105 12183 1567 1050 12184 1568 1048 12185 1142 1106 12186 3644 1158 12187 3708 1107 12188 1539 1108 12189 1564 1082 12190 1773 1083 12191 1538 1110 12192 1563 1084 12193 1564 1082 12194 1537 1111 12195 1562 1085 12196 1563 1084 12197 1537 1111 12198 1536 1112 12199 1561 1086 12200 1536 1112 12201 1535 1113 12202 1560 1087 12203 1535 1113 12204 1534 1114 12205 1559 1088 12206 1534 1114 12207 1533 1115 12208 1558 1089 12209 1533 1115 12210 1532 1116 12211 1557 1090 12212 1532 1116 12213 1531 1117 12214 1556 1091 12215 1531 1117 12216 1530 1118 12217 1555 1092 12218 1530 1118 12219 1529 1119 12220 1554 1093 12221 1529 1119 12222 1528 1120 12223 1553 1094 12224 1528 1120 12225 1527 1121 12226 1552 1095 12227 1527 1121 12228 1526 1122 12229 1551 1096 12230 1526 1122 12231 1525 1123 12232 1550 1097 12233 1525 1123 12234 1524 1124 12235 1549 1099 12236 1524 1124 12237 1523 1125 12238 1548 1098 12239 1523 1125 12240 1522 1126 12241 1547 1100 12242 1522 1126 12243 1521 1128 12244 1546 1102 12245 1520 1127 12246 1545 1101 12247 1546 1102 12248 1519 1129 12249 1544 1103 12250 1545 1101 12251 1518 1130 12252 1543 1104 12253 1544 1103 12254 1517 1131 12255 1542 1105 12256 1543 1104 12257 3647 1132 12258 1116 1079 12259 1640 1081 12260 1514 1134 12261 1539 1108 12262 1772 1109 12263 1513 1136 12264 1538 1110 12265 1539 1108 12266 1512 1137 12267 1537 1111 12268 1538 1110 12269 1512 1137 12270 1511 1138 12271 1536 1112 12272 1511 1138 12273 1510 1139 12274 1535 1113 12275 1510 1139 12276 1509 1140 12277 1534 1114 12278 1509 1140 12279 1508 1141 12280 1533 1115 12281 1508 1141 12282 1507 1142 12283 1532 1116 12284 1507 1142 12285 1506 1143 12286 1531 1117 12287 1506 1143 12288 1505 1144 12289 1530 1118 12290 1505 1144 12291 1504 1145 12292 1529 1119 12293 1504 1145 12294 1503 1146 12295 1528 1120 12296 1503 1146 12297 1502 1147 12298 1527 1121 12299 1502 1147 12300 1501 1148 12301 1526 1122 12302 1501 1148 12303 1500 1149 12304 1525 1123 12305 1500 1149 12306 1499 1150 12307 1524 1124 12308 1499 1150 12309 1498 1151 12310 1523 1125 12311 1498 1151 12312 1497 1152 12313 1522 1126 12314 1497 1152 12315 1496 1153 12316 1521 1128 12317 1496 1153 12318 1495 1154 12319 1520 1127 12320 1495 1154 12321 1494 1156 12322 1519 1129 12323 1493 1155 12324 1518 1130 12325 1519 1129 12326 1492 1157 12327 1517 1131 12328 1518 1130 12329 3644 1158 12330 3646 1237 12331 3710 1159 12332 1489 1160 12333 1514 1134 12334 1771 1135 12335 1488 1162 12336 1513 1136 12337 1514 1134 12338 1487 1163 12339 1512 1137 12340 1513 1136 12341 1487 1163 12342 1486 1164 12343 1511 1138 12344 1486 1164 12345 1485 1165 12346 1510 1139 12347 1485 1165 12348 1484 1166 12349 1509 1140 12350 1484 1166 12351 1483 1167 12352 1508 1141 12353 1483 1167 12354 1482 1168 12355 1507 1142 12356 1482 1168 12357 1481 1169 12358 1506 1143 12359 1481 1169 12360 1480 1170 12361 1505 1144 12362 1480 1170 12363 1479 1171 12364 1504 1145 12365 1479 1171 12366 1478 1172 12367 1503 1146 12368 1478 1172 12369 1477 1173 12370 1502 1147 12371 1477 1173 12372 1476 1174 12373 1501 1148 12374 1476 1174 12375 1475 1176 12376 1500 1149 12377 1474 1175 12378 1499 1150 12379 1500 1149 12380 1473 1177 12381 1498 1151 12382 1499 1150 12383 1473 1177 12384 1472 1179 12385 1497 1152 12386 1471 1178 12387 1496 1153 12388 1497 1152 12389 1470 1180 12390 1495 1154 12391 1496 1153 12392 1469 1181 12393 1494 1156 12394 1495 1154 12395 1468 1182 12396 1493 1155 12397 1494 1156 12398 3616 1183 12399 1492 1157 12400 1493 1155 12401 3649 1184 12402 3647 1132 12403 3711 1133 12404 1464 1186 12405 1489 1160 12406 1770 1161 12407 1463 1188 12408 1488 1162 12409 1489 1160 12410 1462 1189 12411 1487 1163 12412 1488 1162 12413 1462 1189 12414 1461 1190 12415 1486 1164 12416 1461 1190 12417 1460 1191 12418 1485 1165 12419 1460 1191 12420 1459 1192 12421 1484 1166 12422 1459 1192 12423 1458 1193 12424 1483 1167 12425 1458 1193 12426 1457 1194 12427 1482 1168 12428 1457 1194 12429 1456 1195 12430 1481 1169 12431 1456 1195 12432 1455 1197 12433 1480 1170 12434 1454 1196 12435 1479 1171 12436 1480 1170 12437 1454 1196 12438 1453 1198 12439 1478 1172 12440 1453 1198 12441 1452 1200 12442 1477 1173 12443 1451 1199 12444 1476 1174 12445 1477 1173 12446 1451 1199 12447 1450 1201 12448 1475 1176 12449 1450 1201 12450 1449 1202 12451 1474 1175 12452 1449 1202 12453 1448 1204 12454 1473 1177 12455 1447 1203 12456 1472 1179 12457 1473 1177 12458 1447 1203 12459 1446 1205 12460 1471 1178 12461 1446 1205 12462 1445 1207 12463 1470 1180 12464 1444 1206 12465 1469 1181 12466 1470 1180 12467 1443 1208 12468 1468 1182 12469 1469 1181 12470 3618 1209 12471 3616 1183 12472 1468 1182 12473 3607 1210 12474 3671 1316 12475 3670 1211 12476 1439 1213 12477 1464 1186 12478 1769 1187 12479 1438 1215 12480 1463 1188 12481 1464 1186 12482 1437 1216 12483 1462 1189 12484 1463 1188 12485 1437 1216 12486 1436 1217 12487 1461 1190 12488 1436 1217 12489 1435 1218 12490 1460 1191 12491 1435 1218 12492 1434 1219 12493 1459 1192 12494 1434 1219 12495 1433 1220 12496 1458 1193 12497 1433 1220 12498 1432 1221 12499 1457 1194 12500 1432 1221 12501 1431 1222 12502 1456 1195 12503 1431 1222 12504 1430 1223 12505 1455 1197 12506 1430 1223 12507 1429 1224 12508 1454 1196 12509 1429 1224 12510 1428 1225 12511 1453 1198 12512 1428 1225 12513 1427 1226 12514 1452 1200 12515 1427 1226 12516 1426 1227 12517 1451 1199 12518 1426 1227 12519 1425 1229 12520 1450 1201 12521 1424 1228 12522 1449 1202 12523 1450 1201 12524 1424 1228 12525 1423 1230 12526 1448 1204 12527 1423 1230 12528 1422 1232 12529 1447 1203 12530 1421 1231 12531 1446 1205 12532 1447 1203 12533 1420 1233 12534 1445 1207 12535 1446 1205 12536 1420 1233 12537 1419 1234 12538 1444 1206 12539 1419 1234 12540 1418 1236 12541 1443 1208 12542 3620 1235 12543 3618 1209 12544 1443 1208 12545 3646 1237 12546 3648 1341 12547 3712 1238 12548 1767 1239 12549 1414 1240 12550 1439 1213 12551 1414 1240 12552 1413 1241 12553 1438 1215 12554 1413 1241 12555 1412 1243 12556 1437 1216 12557 1411 1242 12558 1436 1217 12559 1437 1216 12560 1410 1244 12561 1435 1218 12562 1436 1217 12563 1409 1245 12564 1434 1219 12565 1435 1218 12566 1408 1246 12567 1433 1220 12568 1434 1219 12569 1407 1247 12570 1432 1221 12571 1433 1220 12572 1406 1248 12573 1431 1222 12574 1432 1221 12575 1405 1249 12576 1430 1223 12577 1431 1222 12578 1404 1250 12579 1429 1224 12580 1430 1223 12581 1403 1251 12582 1428 1225 12583 1429 1224 12584 1402 1252 12585 1427 1226 12586 1428 1225 12587 1401 1253 12588 1426 1227 12589 1427 1226 12590 1400 1254 12591 1425 1229 12592 1426 1227 12593 1400 1254 12594 1399 1256 12595 1424 1228 12596 1398 1255 12597 1423 1230 12598 1424 1228 12599 1397 1257 12600 1422 1232 12601 1423 1230 12602 1397 1257 12603 1396 1258 12604 1421 1231 12605 1396 1258 12606 1395 1260 12607 1420 1233 12608 1394 1259 12609 1419 1234 12610 1420 1233 12611 1393 1261 12612 1418 1236 12613 1419 1234 12614 1393 1261 12615 3622 1287 12616 3620 1235 12617 3651 1262 12618 3649 1184 12619 3713 1185 12620 1766 1264 12621 1389 1265 12622 1414 1240 12623 1389 1265 12624 1388 1266 12625 1413 1241 12626 1388 1266 12627 1387 1268 12628 1412 1243 12629 1386 1267 12630 1411 1242 12631 1412 1243 12632 1385 1269 12633 1410 1244 12634 1411 1242 12635 1384 1270 12636 1409 1245 12637 1410 1244 12638 1383 1271 12639 1408 1246 12640 1409 1245 12641 1382 1272 12642 1407 1247 12643 1408 1246 12644 1381 1273 12645 1406 1248 12646 1407 1247 12647 1380 1274 12648 1405 1249 12649 1406 1248 12650 1380 1274 12651 1379 1276 12652 1404 1250 12653 1378 1275 12654 1403 1251 12655 1404 1250 12656 1377 1277 12657 1402 1252 12658 1403 1251 12659 1377 1277 12660 1376 1279 12661 1401 1253 12662 1375 1278 12663 1400 1254 12664 1401 1253 12665 1374 1280 12666 1399 1256 12667 1400 1254 12668 1373 1281 12669 1398 1255 12670 1399 1256 12671 1373 1281 12672 1372 1283 12673 1397 1257 12674 1371 1282 12675 1396 1258 12676 1397 1257 12677 1370 1284 12678 1395 1260 12679 1396 1258 12680 1370 1284 12681 1369 1285 12682 1394 1259 12683 1369 1285 12684 1368 1286 12685 1393 1261 12686 1368 1286 12687 3624 1314 12688 3622 1287 12689 3604 1288 12690 3668 1498 12691 3669 1289 12692 1765 1291 12693 1364 1292 12694 1389 1265 12695 1364 1292 12696 1363 1293 12697 1388 1266 12698 1363 1293 12699 1362 1295 12700 1387 1268 12701 1361 1294 12702 1386 1267 12703 1387 1268 12704 1360 1296 12705 1385 1269 12706 1386 1267 12707 1359 1297 12708 1384 1270 12709 1385 1269 12710 1358 1298 12711 1383 1271 12712 1384 1270 12713 1357 1299 12714 1382 1272 12715 1383 1271 12716 1356 1300 12717 1381 1273 12718 1382 1272 12719 1355 1301 12720 1380 1274 12721 1381 1273 12722 1354 1302 12723 1379 1276 12724 1380 1274 12725 1353 1303 12726 1378 1275 12727 1379 1276 12728 1352 1304 12729 1377 1277 12730 1378 1275 12731 1351 1305 12732 1376 1279 12733 1377 1277 12734 1350 1306 12735 1375 1278 12736 1376 1279 12737 1350 1306 12738 1349 1307 12739 1374 1280 12740 1349 1307 12741 1348 1309 12742 1373 1281 12743 1347 1308 12744 1372 1283 12745 1373 1281 12746 1347 1308 12747 1346 1310 12748 1371 1282 12749 1346 1310 12750 1345 1311 12751 1370 1284 12752 1345 1311 12753 1344 1312 12754 1369 1285 12755 1344 1312 12756 1343 1313 12757 1368 1286 12758 1343 1313 12759 3626 1340 12760 3624 1314 12761 840 1315 12762 3673 1941 12763 3671 1316 12764 1764 1317 12765 1339 1318 12766 1364 1292 12767 1339 1318 12768 1338 1319 12769 1363 1293 12770 1338 1319 12771 1337 1321 12772 1362 1295 12773 1336 1320 12774 1361 1294 12775 1362 1295 12776 1335 1322 12777 1360 1296 12778 1361 1294 12779 1334 1323 12780 1359 1297 12781 1360 1296 12782 1333 1324 12783 1358 1298 12784 1359 1297 12785 1332 1325 12786 1357 1299 12787 1358 1298 12788 1331 1326 12789 1356 1300 12790 1357 1299 12791 1330 1327 12792 1355 1301 12793 1356 1300 12794 1329 1328 12795 1354 1302 12796 1355 1301 12797 1328 1329 12798 1353 1303 12799 1354 1302 12800 1327 1330 12801 1352 1304 12802 1353 1303 12803 1326 1331 12804 1351 1305 12805 1352 1304 12806 1325 1332 12807 1350 1306 12808 1351 1305 12809 1324 1333 12810 1349 1307 12811 1350 1306 12812 1323 1334 12813 1348 1309 12814 1349 1307 12815 1322 1335 12816 1347 1308 12817 1348 1309 12818 1321 1336 12819 1346 1310 12820 1347 1308 12821 1320 1337 12822 1345 1311 12823 1346 1310 12824 1319 1338 12825 1344 1312 12826 1345 1311 12827 1319 1338 12828 1318 1339 12829 1343 1313 12830 1318 1339 12831 3628 1366 12832 3626 1340 12833 3648 1341 12834 1042 1445 12835 3714 1342 12836 1763 1343 12837 1314 1344 12838 1339 1318 12839 1314 1344 12840 1313 1345 12841 1338 1319 12842 1313 1345 12843 1312 1347 12844 1337 1321 12845 1311 1346 12846 1336 1320 12847 1337 1321 12848 1310 1348 12849 1335 1322 12850 1336 1320 12851 1309 1349 12852 1334 1323 12853 1335 1322 12854 1308 1350 12855 1333 1324 12856 1334 1323 12857 1307 1351 12858 1332 1325 12859 1333 1324 12860 1306 1352 12861 1331 1326 12862 1332 1325 12863 1305 1353 12864 1330 1327 12865 1331 1326 12866 1304 1354 12867 1329 1328 12868 1330 1327 12869 1303 1355 12870 1328 1329 12871 1329 1328 12872 1302 1356 12873 1327 1330 12874 1328 1329 12875 1301 1357 12876 1326 1331 12877 1327 1330 12878 1300 1358 12879 1325 1332 12880 1326 1331 12881 1299 1359 12882 1324 1333 12883 1325 1332 12884 1298 1360 12885 1323 1334 12886 1324 1333 12887 1297 1361 12888 1322 1335 12889 1323 1334 12890 1296 1362 12891 1321 1336 12892 1322 1335 12893 1296 1362 12894 1295 1363 12895 1320 1337 12896 1295 1363 12897 1294 1364 12898 1319 1338 12899 1294 1364 12900 1293 1365 12901 1318 1339 12902 1293 1365 12903 3630 1392 12904 3628 1366 12905 1016 1367 12906 3651 1262 12907 3715 1263 12908 1762 1369 12909 1289 1370 12910 1314 1344 12911 1289 1370 12912 1288 1371 12913 1313 1345 12914 1288 1371 12915 1287 1373 12916 1312 1347 12917 1286 1372 12918 1311 1346 12919 1312 1347 12920 1285 1374 12921 1310 1348 12922 1311 1346 12923 1284 1375 12924 1309 1349 12925 1310 1348 12926 1283 1376 12927 1308 1350 12928 1309 1349 12929 1282 1377 12930 1307 1351 12931 1308 1350 12932 1281 1378 12933 1306 1352 12934 1307 1351 12935 1280 1379 12936 1305 1353 12937 1306 1352 12938 1279 1380 12939 1304 1354 12940 1305 1353 12941 1278 1381 12942 1303 1355 12943 1304 1354 12944 1277 1382 12945 1302 1356 12946 1303 1355 12947 1276 1383 12948 1301 1357 12949 1302 1356 12950 1275 1384 12951 1300 1358 12952 1301 1357 12953 1274 1385 12954 1299 1359 12955 1300 1358 12956 1274 1385 12957 1273 1386 12958 1298 1360 12959 1273 1386 12960 1272 1388 12961 1297 1361 12962 1271 1387 12963 1296 1362 12964 1297 1361 12965 1271 1387 12966 1270 1389 12967 1295 1363 12968 1270 1389 12969 1269 1390 12970 1294 1364 12971 1269 1390 12972 1268 1391 12973 1293 1365 12974 1268 1391 12975 3632 1418 12976 3630 1392 12977 3605 1290 12978 3669 1289 12979 3672 1393 12980 1761 1395 12981 1264 1396 12982 1289 1370 12983 1264 1396 12984 1263 1397 12985 1288 1371 12986 1263 1397 12987 1262 1399 12988 1287 1373 12989 1261 1398 12990 1286 1372 12991 1287 1373 12992 1260 1400 12993 1285 1374 12994 1286 1372 12995 1259 1401 12996 1284 1375 12997 1285 1374 12998 1258 1402 12999 1283 1376 13000 1284 1375 13001 1257 1403 13002 1282 1377 13003 1283 1376 13004 1256 1404 13005 1281 1378 13006 1282 1377 13007 1255 1405 13008 1280 1379 13009 1281 1378 13010 1254 1406 13011 1279 1380 13012 1280 1379 13013 1254 1406 13014 1253 1408 13015 1278 1381 13016 1252 1407 13017 1277 1382 13018 1278 1381 13019 1251 1409 13020 1276 1383 13021 1277 1382 13022 1250 1410 13023 1275 1384 13024 1276 1383 13025 1249 1411 13026 1274 1385 13027 1275 1384 13028 1248 1412 13029 1273 1386 13030 1274 1385 13031 1247 1413 13032 1272 1388 13033 1273 1386 13034 1246 1414 13035 1271 1387 13036 1272 1388 13037 1245 1415 13038 1270 1389 13039 1271 1387 13040 1245 1415 13041 1244 1416 13042 1269 1390 13043 1244 1416 13044 1243 1417 13045 1268 1391 13046 1243 1417 13047 3634 1444 13048 3632 1418 13049 3606 1212 13050 3670 1211 13051 3675 1419 13052 1760 1421 13053 1239 1422 13054 1264 1396 13055 1239 1422 13056 1238 1423 13057 1263 1397 13058 1238 1423 13059 1237 1425 13060 1262 1399 13061 1236 1424 13062 1261 1398 13063 1262 1399 13064 1235 1426 13065 1260 1400 13066 1261 1398 13067 1234 1427 13068 1259 1401 13069 1260 1400 13070 1233 1428 13071 1258 1402 13072 1259 1401 13073 1232 1429 13074 1257 1403 13075 1258 1402 13076 1231 1430 13077 1256 1404 13078 1257 1403 13079 1230 1431 13080 1255 1405 13081 1256 1404 13082 1229 1432 13083 1254 1406 13084 1255 1405 13085 1228 1433 13086 1253 1408 13087 1254 1406 13088 1227 1434 13089 1252 1407 13090 1253 1408 13091 1226 1435 13092 1251 1409 13093 1252 1407 13094 1225 1436 13095 1250 1410 13096 1251 1409 13097 1224 1437 13098 1249 1411 13099 1250 1410 13100 1223 1438 13101 1248 1412 13102 1249 1411 13103 1222 1439 13104 1247 1413 13105 1248 1412 13106 1221 1440 13107 1246 1414 13108 1247 1413 13109 1220 1441 13110 1245 1415 13111 1246 1414 13112 1220 1441 13113 1219 1442 13114 1244 1416 13115 1219 1442 13116 1218 1443 13117 1243 1417 13118 1218 1443 13119 3636 1470 13120 3634 1444 13121 1042 1445 13122 1017 1550 13123 3716 1446 13124 1759 1447 13125 1214 1448 13126 1239 1422 13127 1214 1448 13128 1213 1449 13129 1238 1423 13130 1213 1449 13131 1212 1451 13132 1237 1425 13133 1211 1450 13134 1236 1424 13135 1237 1425 13136 1210 1452 13137 1235 1426 13138 1236 1424 13139 1209 1453 13140 1234 1427 13141 1235 1426 13142 1208 1454 13143 1233 1428 13144 1234 1427 13145 1207 1455 13146 1232 1429 13147 1233 1428 13148 1206 1456 13149 1231 1430 13150 1232 1429 13151 1205 1457 13152 1230 1431 13153 1231 1430 13154 1204 1458 13155 1229 1432 13156 1230 1431 13157 1203 1459 13158 1228 1433 13159 1229 1432 13160 1202 1460 13161 1227 1434 13162 1228 1433 13163 1201 1461 13164 1226 1435 13165 1227 1434 13166 1200 1462 13167 1225 1436 13168 1226 1435 13169 1199 1463 13170 1224 1437 13171 1225 1436 13172 1198 1464 13173 1223 1438 13174 1224 1437 13175 1197 1465 13176 1222 1439 13177 1223 1438 13178 1196 1466 13179 1221 1440 13180 1222 1439 13181 1196 1466 13182 1195 1467 13183 1220 1441 13184 1195 1467 13185 1194 1468 13186 1219 1442 13187 1194 1468 13188 1193 1469 13189 1218 1443 13190 1193 1469 13191 3638 1496 13192 3636 1470 13193 1016 1367 13194 3717 1368 13195 3719 1471 13196 1758 1473 13197 1189 1474 13198 1214 1448 13199 1189 1474 13200 1188 1475 13201 1213 1449 13202 1188 1475 13203 1187 1477 13204 1212 1451 13205 1186 1476 13206 1211 1450 13207 1212 1451 13208 1185 1478 13209 1210 1452 13210 1211 1450 13211 1184 1479 13212 1209 1453 13213 1210 1452 13214 1183 1480 13215 1208 1454 13216 1209 1453 13217 1182 1481 13218 1207 1455 13219 1208 1454 13220 1181 1482 13221 1206 1456 13222 1207 1455 13223 1180 1483 13224 1205 1457 13225 1206 1456 13226 1179 1484 13227 1204 1458 13228 1205 1457 13229 1178 1485 13230 1203 1459 13231 1204 1458 13232 1177 1486 13233 1202 1460 13234 1203 1459 13235 1176 1487 13236 1201 1461 13237 1202 1460 13238 1175 1488 13239 1200 1462 13240 1201 1461 13241 1174 1489 13242 1199 1463 13243 1200 1462 13244 1173 1490 13245 1198 1464 13246 1199 1463 13247 1172 1491 13248 1197 1465 13249 1198 1464 13250 1172 1491 13251 1171 1493 13252 1196 1466 13253 1170 1492 13254 1195 1467 13255 1196 1466 13256 1170 1492 13257 1169 1494 13258 1194 1468 13259 1169 1494 13260 1168 1495 13261 1193 1469 13262 1168 1495 13263 3640 1522 13264 3638 1496 13265 3610 1497 13266 3674 1602 13267 3668 1498 13268 1757 1499 13269 1164 1500 13270 1189 1474 13271 1164 1500 13272 1163 1501 13273 1188 1475 13274 1163 1501 13275 1162 1503 13276 1187 1477 13277 1161 1502 13278 1186 1476 13279 1187 1477 13280 1160 1504 13281 1185 1478 13282 1186 1476 13283 1159 1505 13284 1184 1479 13285 1185 1478 13286 1158 1506 13287 1183 1480 13288 1184 1479 13289 1157 1507 13290 1182 1481 13291 1183 1480 13292 1156 1508 13293 1181 1482 13294 1182 1481 13295 1155 1509 13296 1180 1483 13297 1181 1482 13298 1154 1510 13299 1179 1484 13300 1180 1483 13301 1153 1511 13302 1178 1485 13303 1179 1484 13304 1152 1512 13305 1177 1486 13306 1178 1485 13307 1151 1513 13308 1176 1487 13309 1177 1486 13310 1150 1514 13311 1175 1488 13312 1176 1487 13313 1149 1515 13314 1174 1489 13315 1175 1488 13316 1148 1516 13317 1173 1490 13318 1174 1489 13319 1147 1517 13320 1172 1491 13321 1173 1490 13322 1146 1518 13323 1171 1493 13324 1172 1491 13325 1146 1518 13326 1145 1519 13327 1170 1492 13328 1145 1519 13329 1144 1520 13330 1169 1494 13331 1144 1520 13332 1143 1521 13333 1168 1495 13334 1143 1521 13335 3642 1548 13336 3640 1522 13337 3611 1420 13338 3675 1419 13339 3677 1523 13340 1756 1525 13341 1139 1526 13342 1164 1500 13343 1139 1526 13344 1138 1527 13345 1163 1501 13346 1138 1527 13347 1137 1529 13348 1162 1503 13349 1136 1528 13350 1161 1502 13351 1162 1503 13352 1135 1530 13353 1160 1504 13354 1161 1502 13355 1134 1531 13356 1159 1505 13357 1160 1504 13358 1133 1532 13359 1158 1506 13360 1159 1505 13361 1132 1533 13362 1157 1507 13363 1158 1506 13364 1131 1534 13365 1156 1508 13366 1157 1507 13367 1130 1535 13368 1155 1509 13369 1156 1508 13370 1129 1536 13371 1154 1510 13372 1155 1509 13373 1128 1537 13374 1153 1511 13375 1154 1510 13376 1127 1538 13377 1152 1512 13378 1153 1511 13379 1126 1539 13380 1151 1513 13381 1152 1512 13382 1125 1540 13383 1150 1514 13384 1151 1513 13385 1125 1540 13386 1124 1542 13387 1149 1515 13388 1123 1541 13389 1148 1516 13390 1149 1515 13391 1122 1543 13392 1147 1517 13393 1148 1516 13394 1121 1544 13395 1146 1518 13396 1147 1517 13397 1120 1545 13398 1145 1519 13399 1146 1518 13400 1120 1545 13401 1119 1546 13402 1144 1520 13403 1119 1546 13404 1118 1547 13405 1143 1521 13406 1118 1547 13407 1117 1574 13408 3642 1548 13409 992 1549 13410 3718 1628 13411 3716 1446 13412 1755 1551 13413 1114 1552 13414 1139 1526 13415 1114 1552 13416 1113 1553 13417 1138 1527 13418 1113 1553 13419 1112 1555 13420 1137 1529 13421 1111 1554 13422 1136 1528 13423 1137 1529 13424 1110 1556 13425 1135 1530 13426 1136 1528 13427 1109 1557 13428 1134 1531 13429 1135 1530 13430 1108 1558 13431 1133 1532 13432 1134 1531 13433 1107 1559 13434 1132 1533 13435 1133 1532 13436 1106 1560 13437 1131 1534 13438 1132 1533 13439 1105 1561 13440 1130 1535 13441 1131 1534 13442 1104 1562 13443 1129 1536 13444 1130 1535 13445 1103 1563 13446 1128 1537 13447 1129 1536 13448 1102 1564 13449 1127 1538 13450 1128 1537 13451 1101 1565 13452 1126 1539 13453 1127 1538 13454 1100 1566 13455 1125 1540 13456 1126 1539 13457 1099 1567 13458 1124 1542 13459 1125 1540 13460 1098 1568 13461 1123 1541 13462 1124 1542 13463 1097 1569 13464 1122 1543 13465 1123 1541 13466 1096 1570 13467 1121 1544 13468 1122 1543 13469 1096 1570 13470 1095 1572 13471 1120 1545 13472 1094 1571 13473 1119 1546 13474 1120 1545 13475 1094 1571 13476 1093 1573 13477 1118 1547 13478 1093 1573 13479 1092 1600 13480 1117 1574 13481 991 1472 13482 3719 1471 13483 3721 1575 13484 1754 1577 13485 1089 1578 13486 1114 1552 13487 1089 1578 13488 1088 1579 13489 1113 1553 13490 1088 1579 13491 1087 1581 13492 1112 1555 13493 1086 1580 13494 1111 1554 13495 1112 1555 13496 1085 1582 13497 1110 1556 13498 1111 1554 13499 1084 1583 13500 1109 1557 13501 1110 1556 13502 1083 1584 13503 1108 1558 13504 1109 1557 13505 1082 1585 13506 1107 1559 13507 1108 1558 13508 1081 1586 13509 1106 1560 13510 1107 1559 13511 1080 1587 13512 1105 1561 13513 1106 1560 13514 1079 1588 13515 1104 1562 13516 1105 1561 13517 1079 1588 13518 1078 1590 13519 1103 1563 13520 1077 1589 13521 1102 1564 13522 1103 1563 13523 1076 1591 13524 1101 1565 13525 1102 1564 13526 1076 1591 13527 1075 1593 13528 1100 1566 13529 1074 1592 13530 1099 1567 13531 1100 1566 13532 1073 1594 13533 1098 1568 13534 1099 1567 13535 1072 1595 13536 1097 1569 13537 1098 1568 13538 1071 1596 13539 1096 1570 13540 1097 1569 13541 1071 1596 13542 1070 1597 13543 1095 1572 13544 1070 1597 13545 1069 1598 13546 1094 1571 13547 1069 1598 13548 1068 1599 13549 1093 1573 13550 1068 1599 13551 1067 1626 13552 1092 1600 13553 3612 1601 13554 3676 1706 13555 3674 1602 13556 1753 1603 13557 1064 1604 13558 1089 1578 13559 1064 1604 13560 1063 1605 13561 1088 1579 13562 1063 1605 13563 1062 1607 13564 1087 1581 13565 1061 1606 13566 1086 1580 13567 1087 1581 13568 1060 1608 13569 1085 1582 13570 1086 1580 13571 1059 1609 13572 1084 1583 13573 1085 1582 13574 1058 1610 13575 1083 1584 13576 1084 1583 13577 1057 1611 13578 1082 1585 13579 1083 1584 13580 1056 1612 13581 1081 1586 13582 1082 1585 13583 1055 1613 13584 1080 1587 13585 1081 1586 13586 1054 1614 13587 1079 1588 13588 1080 1587 13589 1053 1615 13590 1078 1590 13591 1079 1588 13592 1052 1616 13593 1077 1589 13594 1078 1590 13595 1052 1616 13596 1051 1618 13597 1076 1591 13598 1050 1617 13599 1075 1593 13600 1076 1591 13601 1049 1619 13602 1074 1592 13603 1075 1593 13604 1049 1619 13605 1048 1621 13606 1073 1594 13607 1047 1620 13608 1072 1595 13609 1073 1594 13610 1046 1622 13611 1071 1596 13612 1072 1595 13613 1045 1623 13614 1070 1597 13615 1071 1596 13616 1044 1624 13617 1069 1598 13618 1070 1597 13619 1044 1624 13620 1043 1625 13621 1068 1599 13622 1043 1625 13623 3650 1652 13624 1067 1626 13625 967 1627 13626 3720 1758 13627 3718 1628 13628 1752 1629 13629 1039 1630 13630 1064 1604 13631 1039 1630 13632 1038 1631 13633 1063 1605 13634 1038 1631 13635 1037 1632 13636 1062 1607 13637 1037 1632 13638 1036 1633 13639 1061 1606 13640 1036 1633 13641 1035 1635 13642 1060 1608 13643 1034 1634 13644 1059 1609 13645 1060 1608 13646 1033 1636 13647 1058 1610 13648 1059 1609 13649 1033 1636 13650 1032 1638 13651 1057 1611 13652 1031 1637 13653 1056 1612 13654 1057 1611 13655 1030 1639 13656 1055 1613 13657 1056 1612 13658 1029 1640 13659 1054 1614 13660 1055 1613 13661 1028 1641 13662 1053 1615 13663 1054 1614 13664 1027 1642 13665 1052 1616 13666 1053 1615 13667 1026 1643 13668 1051 1618 13669 1052 1616 13670 1026 1643 13671 1025 1645 13672 1050 1617 13673 1024 1644 13674 1049 1619 13675 1050 1617 13676 1023 1646 13677 1048 1621 13678 1049 1619 13679 1023 1646 13680 1022 1648 13681 1047 1620 13682 1021 1647 13683 1046 1622 13684 1047 1620 13685 1020 1649 13686 1045 1623 13687 1046 1622 13688 1019 1650 13689 1044 1624 13690 1045 1623 13691 1018 1651 13692 1043 1625 13693 1044 1624 13694 1018 1651 13695 3652 4261 13696 3650 1652 13697 3613 1524 13698 3677 1523 13699 3679 1653 13700 1014 1655 13701 1039 1630 13702 1752 1629 13703 1013 1657 13704 1038 1631 13705 1039 1630 13706 1012 1658 13707 1037 1632 13708 1038 1631 13709 1011 1659 13710 1036 1633 13711 1037 1632 13712 1010 1660 13713 1035 1635 13714 1036 1633 13715 1010 1660 13716 1009 1661 13717 1034 1634 13718 1009 1661 13719 1008 1663 13720 1033 1636 13721 1007 1662 13722 1032 1638 13723 1033 1636 13724 1007 1662 13725 1006 1664 13726 1031 1637 13727 1006 1664 13728 1005 1665 13729 1030 1639 13730 1005 1665 13731 1004 1666 13732 1029 1640 13733 1004 1666 13734 1003 1667 13735 1028 1641 13736 1003 1667 13737 1002 1668 13738 1027 1642 13739 1002 1668 13740 1001 1670 13741 1026 1643 13742 1000 1669 13743 1025 1645 13744 1026 1643 13745 1000 1669 13746 999 1671 13747 1024 1644 13748 999 1671 13749 998 1673 13750 1023 1646 13751 997 1672 13752 1022 1648 13753 1023 1646 13754 997 1672 13755 996 1674 13756 1021 1647 13757 996 1674 13758 995 1675 13759 1020 1649 13760 995 1675 13761 994 1676 13762 1019 1650 13763 994 1676 13764 993 1678 13765 1018 1651 13766 3654 1677 13767 3652 4261 13768 1018 1651 13769 966 1576 13770 3721 1575 13771 3723 1679 13772 989 1681 13773 1014 1655 13774 1751 1656 13775 988 1683 13776 1013 1657 13777 1014 1655 13778 987 1684 13779 1012 1658 13780 1013 1657 13781 987 1684 13782 986 1685 13783 1011 1659 13784 986 1685 13785 985 1686 13786 1010 1660 13787 985 1686 13788 984 1687 13789 1009 1661 13790 984 1687 13791 983 1688 13792 1008 1663 13793 983 1688 13794 982 1689 13795 1007 1662 13796 982 1689 13797 981 1690 13798 1006 1664 13799 981 1690 13800 980 1691 13801 1005 1665 13802 980 1691 13803 979 1692 13804 1004 1666 13805 979 1692 13806 978 1693 13807 1003 1667 13808 978 1693 13809 977 1695 13810 1002 1668 13811 976 1694 13812 1001 1670 13813 1002 1668 13814 976 1694 13815 975 1696 13816 1000 1669 13817 975 1696 13818 974 1698 13819 999 1671 13820 973 1697 13821 998 1673 13822 999 1671 13823 973 1697 13824 972 1699 13825 997 1672 13826 972 1699 13827 971 1700 13828 996 1674 13829 971 1700 13830 970 1701 13831 995 1675 13832 970 1701 13833 969 1703 13834 994 1676 13835 968 1702 13836 993 1678 13837 994 1676 13838 3656 1704 13839 3654 1677 13840 993 1678 13841 3614 1705 13842 3678 1810 13843 3676 1706 13844 964 1707 13845 989 1681 13846 1750 1682 13847 963 1709 13848 988 1683 13849 989 1681 13850 962 1710 13851 987 1684 13852 988 1683 13853 962 1710 13854 961 1711 13855 986 1685 13856 961 1711 13857 960 1712 13858 985 1686 13859 960 1712 13860 959 1713 13861 984 1687 13862 959 1713 13863 958 1714 13864 983 1688 13865 958 1714 13866 957 1715 13867 982 1689 13868 957 1715 13869 956 1716 13870 981 1690 13871 956 1716 13872 955 1717 13873 980 1691 13874 955 1717 13875 954 1719 13876 979 1692 13877 953 1718 13878 978 1693 13879 979 1692 13880 953 1718 13881 952 1720 13882 977 1695 13883 952 1720 13884 951 1722 13885 976 1694 13886 950 1721 13887 975 1696 13888 976 1694 13889 950 1721 13890 949 1723 13891 974 1698 13892 949 1723 13893 948 1724 13894 973 1697 13895 948 1724 13896 947 1725 13897 972 1699 13898 947 1725 13899 946 1727 13900 971 1700 13901 945 1726 13902 970 1701 13903 971 1700 13904 944 1728 13905 969 1703 13906 970 1701 13907 943 1729 13908 968 1702 13909 969 1703 13910 3658 1730 13911 3656 1704 13912 968 1702 13913 3615 1654 13914 3679 1653 13915 3681 1731 13916 939 1733 13917 964 1707 13918 1749 1708 13919 938 1735 13920 963 1709 13921 964 1707 13922 937 1736 13923 962 1710 13924 963 1709 13925 937 1736 13926 936 1737 13927 961 1711 13928 936 1737 13929 935 1738 13930 960 1712 13931 935 1738 13932 934 1739 13933 959 1713 13934 934 1739 13935 933 1740 13936 958 1714 13937 933 1740 13938 932 1741 13939 957 1715 13940 932 1741 13941 931 1742 13942 956 1716 13943 931 1742 13944 930 1743 13945 955 1717 13946 930 1743 13947 929 1744 13948 954 1719 13949 929 1744 13950 928 1745 13951 953 1718 13952 928 1745 13953 927 1746 13954 952 1720 13955 927 1746 13956 926 1747 13957 951 1722 13958 926 1747 13959 925 1748 13960 950 1721 13961 925 1748 13962 924 1749 13963 949 1723 13964 924 1749 13965 923 1750 13966 948 1724 13967 923 1750 13968 922 1751 13969 947 1725 13970 922 1751 13971 921 1753 13972 946 1727 13973 920 1752 13974 945 1726 13975 946 1727 13976 920 1752 13977 919 1755 13978 944 1728 13979 918 1754 13980 943 1729 13981 944 1728 13982 3660 1756 13983 3658 1730 13984 943 1729 13985 942 1757 13986 3722 1839 13987 3720 1758 13988 914 1759 13989 939 1733 13990 1748 1734 13991 913 1761 13992 938 1735 13993 939 1733 13994 912 1762 13995 937 1736 13996 938 1735 13997 912 1762 13998 911 1763 13999 936 1737 14000 911 1763 14001 910 1764 14002 935 1738 14003 910 1764 14004 909 1765 14005 934 1739 14006 909 1765 14007 908 1766 14008 933 1740 14009 908 1766 14010 907 1767 14011 932 1741 14012 907 1767 14013 906 1768 14014 931 1742 14015 906 1768 14016 905 1769 14017 930 1743 14018 905 1769 14019 904 1770 14020 929 1744 14021 904 1770 14022 903 1771 14023 928 1745 14024 903 1771 14025 902 1772 14026 927 1746 14027 902 1772 14028 901 1773 14029 926 1747 14030 901 1773 14031 900 1775 14032 925 1748 14033 899 1774 14034 924 1749 14035 925 1748 14036 899 1774 14037 898 1776 14038 923 1750 14039 898 1776 14040 897 1777 14041 922 1751 14042 897 1777 14043 896 1778 14044 921 1753 14045 896 1778 14046 895 1780 14047 920 1752 14048 894 1779 14049 919 1755 14050 920 1752 14051 893 1781 14052 918 1754 14053 919 1755 14054 3662 1782 14055 3660 1756 14056 918 1754 14057 941 1680 14058 3723 1679 14059 3725 1783 14060 889 1785 14061 914 1759 14062 1747 1760 14063 888 1787 14064 913 1761 14065 914 1759 14066 887 1788 14067 912 1762 14068 913 1761 14069 887 1788 14070 886 1789 14071 911 1763 14072 886 1789 14073 885 1790 14074 910 1764 14075 885 1790 14076 884 1791 14077 909 1765 14078 884 1791 14079 883 1792 14080 908 1766 14081 883 1792 14082 882 1793 14083 907 1767 14084 882 1793 14085 881 1794 14086 906 1768 14087 881 1794 14088 880 1795 14089 905 1769 14090 880 1795 14091 879 1796 14092 904 1770 14093 879 1796 14094 878 1797 14095 903 1771 14096 878 1797 14097 877 1798 14098 902 1772 14099 877 1798 14100 876 1799 14101 901 1773 14102 876 1799 14103 875 1800 14104 900 1775 14105 875 1800 14106 874 1801 14107 899 1774 14108 874 1801 14109 873 1802 14110 898 1776 14111 873 1802 14112 872 1803 14113 897 1777 14114 872 1803 14115 871 1805 14116 896 1778 14117 870 1804 14118 895 1780 14119 896 1778 14120 869 1806 14121 894 1779 14122 895 1780 14123 868 1807 14124 893 1781 14125 894 1779 14126 3664 1808 14127 3662 1782 14128 893 1781 14129 1467 1809 14130 3680 1960 14131 3678 1810 14132 864 1811 14133 889 1785 14134 1746 1786 14135 863 1813 14136 888 1787 14137 889 1785 14138 862 1814 14139 887 1788 14140 888 1787 14141 862 1814 14142 861 1815 14143 886 1789 14144 861 1815 14145 860 1816 14146 885 1790 14147 860 1816 14148 859 1817 14149 884 1791 14150 859 1817 14151 858 1818 14152 883 1792 14153 858 1818 14154 857 1819 14155 882 1793 14156 857 1819 14157 856 1820 14158 881 1794 14159 856 1820 14160 855 1821 14161 880 1795 14162 855 1821 14163 854 1822 14164 879 1796 14165 854 1822 14166 853 1823 14167 878 1797 14168 853 1823 14169 852 1824 14170 877 1798 14171 852 1824 14172 851 1825 14173 876 1799 14174 851 1825 14175 850 1826 14176 875 1800 14177 850 1826 14178 849 1827 14179 874 1801 14180 849 1827 14181 848 1828 14182 873 1802 14183 848 1828 14184 847 1830 14185 872 1803 14186 846 1829 14187 871 1805 14188 872 1803 14189 846 1829 14190 845 1832 14191 870 1804 14192 844 1831 14193 869 1806 14194 870 1804 14195 843 1833 14196 868 1807 14197 869 1806 14198 3666 1834 14199 3664 1808 14200 868 1807 14201 1466 1732 14202 3681 1731 14203 3683 1835 14204 817 1056 14205 864 1811 14206 1745 1812 14207 818 1057 14208 863 1813 14209 864 1811 14210 819 1059 14211 862 1814 14212 863 1813 14213 819 1059 14214 820 1058 14215 861 1815 14216 820 1058 14217 821 1060 14218 860 1816 14219 821 1060 14220 822 1061 14221 859 1817 14222 822 1061 14223 823 1062 14224 858 1818 14225 823 1062 14226 824 1063 14227 857 1819 14228 824 1063 14229 825 1064 14230 856 1820 14231 825 1064 14232 826 1065 14233 855 1821 14234 826 1065 14235 827 1066 14236 854 1822 14237 827 1066 14238 828 1067 14239 853 1823 14240 828 1067 14241 829 1068 14242 852 1824 14243 829 1068 14244 830 1069 14245 851 1825 14246 830 1069 14247 831 1070 14248 850 1826 14249 831 1070 14250 832 1071 14251 849 1827 14252 832 1071 14253 833 1072 14254 848 1828 14255 833 1072 14256 834 1073 14257 847 1830 14258 834 1073 14259 835 1074 14260 846 1829 14261 836 1075 14262 845 1832 14263 846 1829 14264 837 1076 14265 844 1831 14266 845 1832 14267 838 1078 14268 843 1833 14269 844 1831 14270 3608 1837 14271 3666 1834 14272 843 1833 14273 917 1838 14274 3724 1958 14275 3722 1839 14276 1676 1840 14277 1678 1843 14278 1679 1841 14279 1678 1843 14280 1617 1901 14281 1616 1844 14282 1674 1845 14283 1676 1840 14284 1677 1842 14285 1672 1847 14286 1674 1845 14287 1675 1846 14288 1670 1849 14289 1672 1847 14290 1673 1848 14291 1668 1851 14292 1670 1849 14293 1671 1850 14294 1666 1853 14295 1668 1851 14296 1669 1852 14297 3684 1855 14298 3685 4262 14299 1666 1853 14300 3687 1856 14301 3685 4262 14302 3684 1855 14303 3688 1858 14304 3689 1860 14305 3687 1856 14306 3690 1859 14307 3691 1862 14308 3689 1860 14309 3692 1861 14310 3693 1864 14311 3691 1862 14312 3694 1863 14313 3695 1866 14314 3693 1864 14315 3696 1865 14316 3697 1868 14317 3695 1866 14318 3698 1867 14319 3699 1870 14320 3697 1868 14321 3700 1869 14322 3701 1872 14323 3699 1870 14324 3702 1871 14325 3703 1874 14326 3701 1872 14327 3704 1873 14328 3705 1876 14329 3703 1874 14330 3706 1875 14331 3707 1878 14332 3705 1876 14333 1641 1877 14334 3709 1880 14335 3707 1878 14336 1639 1879 14337 1638 1882 14338 3709 1880 14339 1637 1881 14340 1636 1884 14341 1638 1882 14342 1635 1883 14343 1634 1886 14344 1636 1884 14345 1633 1885 14346 1632 4263 14347 1634 1886 14348 1630 1887 14349 1632 4263 14350 1633 1885 14351 1628 1889 14352 1630 1887 14353 1631 1888 14354 1626 1891 14355 1628 1889 14356 1629 1890 14357 1624 1893 14358 1626 1891 14359 1627 1892 14360 3727 1895 14361 1624 1893 14362 1625 1894 14363 3729 1897 14364 3727 1895 14365 3726 1896 14366 3731 1899 14367 3729 1897 14368 3728 1898 14369 1617 1901 14370 3731 1899 14371 3730 1900 14372 1141 1902 14373 1166 1906 14374 1644 1903 14375 1192 1904 14376 1167 1052 14377 1645 1054 14378 1166 1906 14379 1191 1910 14380 1646 1907 14381 1217 1908 14382 1192 1904 14383 1647 1905 14384 1191 1910 14385 1216 1914 14386 1648 1911 14387 1242 1912 14388 1217 1908 14389 1649 1909 14390 1216 1914 14391 1241 1918 14392 1650 1915 14393 1267 1916 14394 1242 1912 14395 1651 1913 14396 1241 1918 14397 1266 1922 14398 1652 1919 14399 1292 1920 14400 1267 1916 14401 1653 1917 14402 1266 1922 14403 1291 1926 14404 1654 1923 14405 1317 1924 14406 1292 1920 14407 1655 1921 14408 1291 1926 14409 1316 1930 14410 1656 1927 14411 1342 1928 14412 1317 1924 14413 1657 1925 14414 1316 1930 14415 1341 1936 14416 1658 1931 14417 1367 1932 14418 1342 1928 14419 1659 1929 14420 839 1394 14421 3672 1393 14422 1619 1934 14423 1341 1936 14424 1366 1944 14425 1660 1937 14426 1392 1938 14427 1367 1932 14428 1661 1933 14429 841 1940 14430 1618 1949 14431 3673 1941 14432 842 1935 14433 1619 1934 14434 1621 1942 14435 1366 1944 14436 1391 1952 14437 1662 1945 14438 1417 1946 14439 1392 1938 14440 1663 1939 14441 866 1948 14442 1620 1957 14443 1618 1949 14444 867 1943 14445 1621 1942 14446 1623 1950 14447 1391 1952 14448 1416 1959 14449 1664 1953 14450 1417 1946 14451 1665 1947 14452 1667 1954 14453 891 1956 14454 1622 1961 14455 1620 1957 14456 892 1951 14457 1623 1950 14458 3724 1958 14459 1441 1836 14460 3683 1835 14461 1664 1953 14462 1442 1955 14463 1667 1954 14464 3680 1960 14465 916 1784 14466 3725 1783 14467 1622 1961 14468 3733 1962 14469 3732 1966 14470 1680 1963 14471 3734 1965 14472 1682 1968 14473 1680 1963 14474 3735 1967 14475 1683 1970 14476 1682 1968 14477 3736 1969 14478 1684 1972 14479 1683 1970 14480 3737 1971 14481 1685 1974 14482 1684 1972 14483 3738 1973 14484 1686 1976 14485 1685 1974 14486 3739 1975 14487 1687 1978 14488 1686 1976 14489 3740 1977 14490 1688 1980 14491 1687 1978 14492 3740 1977 14493 3741 1981 14494 1689 1979 14495 3741 1981 14496 3742 1983 14497 1690 1982 14498 3742 1983 14499 3743 1985 14500 1691 1984 14501 3743 1985 14502 3744 1987 14503 1692 1986 14504 3744 1987 14505 3745 1989 14506 1693 1988 14507 3745 1989 14508 3746 1991 14509 1694 1990 14510 3746 1991 14511 3747 1994 14512 1695 1992 14513 3748 1993 14514 1696 1996 14515 1695 1992 14516 801 1995 14517 1697 1998 14518 1696 1996 14519 3750 1997 14520 1698 2000 14521 1697 1998 14522 3751 1999 14523 1699 2002 14524 1698 2000 14525 3752 2001 14526 1700 2004 14527 1699 2002 14528 3753 2003 14529 1701 2006 14530 1700 2004 14531 3754 2005 14532 1702 2008 14533 1701 2006 14534 3755 2007 14535 1703 2010 14536 1702 2008 14537 3756 2009 14538 1704 2012 14539 1703 2010 14540 3756 2009 14541 3757 2013 14542 1705 2011 14543 3757 2013 14544 3758 2015 14545 1706 2014 14546 3758 2015 14547 3759 2017 14548 1707 2016 14549 3759 2017 14550 3760 2019 14551 1708 2018 14552 3760 2019 14553 3761 2021 14554 1709 2020 14555 3761 2021 14556 3762 2023 14557 1710 2022 14558 3762 2023 14559 3763 2025 14560 1711 2024 14561 3763 2025 14562 3733 1962 14563 1681 1964 14564 787 2026 14565 1715 2085 14566 1716 2027 14567 814 2029 14568 1742 2086 14569 1743 2030 14570 802 2032 14571 3749 1001 14572 1729 1000 14573 789 2034 14574 788 2028 14575 1716 2027 14576 784 2036 14577 815 2031 14578 1743 2030 14579 802 2032 14580 1730 2033 14581 1731 2038 14582 790 2040 14583 789 2034 14584 1717 2035 14585 803 2039 14586 1731 2038 14587 1732 2042 14588 791 2044 14589 790 2040 14590 1718 2041 14591 804 2043 14592 1732 2042 14593 1733 2046 14594 791 2044 14595 1719 2045 14596 1720 2048 14597 806 2050 14598 805 2047 14599 1733 2046 14600 793 2052 14601 792 2049 14602 1720 2048 14603 807 2054 14604 806 2050 14605 1734 2051 14606 793 2052 14607 1721 2053 14608 1722 2056 14609 807 2054 14610 1735 2055 14611 1736 2058 14612 794 2057 14613 1722 2056 14614 1723 2060 14615 809 2062 14616 808 2059 14617 1736 2058 14618 795 2061 14619 1723 2060 14620 1724 2064 14621 809 2062 14622 1737 2063 14623 1738 2066 14624 797 2068 14625 796 2065 14626 1724 2064 14627 810 2067 14628 1738 2066 14629 1739 2070 14630 798 2072 14631 797 2068 14632 1725 2069 14633 784 2036 14634 1713 2037 14635 1712 2074 14636 812 2076 14637 811 2071 14638 1739 2070 14639 799 2078 14640 798 2072 14641 1726 2073 14642 785 2075 14643 1712 2074 14644 1714 2080 14645 813 2082 14646 812 2076 14647 1740 2077 14648 800 999 14649 799 2078 14650 1727 2079 14651 786 2081 14652 1714 2080 14653 1715 2085 14654 814 2029 14655 813 2082 14656 1741 2083 14657 816 2087 14658 1744 1055 14659 1745 1812 14660 865 2088 14661 1745 1812 14662 1746 1786 14663 890 2089 14664 1746 1786 14665 1747 1760 14666 915 2090 14667 1747 1760 14668 1748 1734 14669 940 2091 14670 1748 1734 14671 1749 1708 14672 965 2092 14673 1749 1708 14674 1750 1682 14675 990 2093 14676 1750 1682 14677 1751 1656 14678 1015 2094 14679 1751 1656 14680 1752 1629 14681 1752 1629 14682 1753 1603 14683 1065 2096 14684 1753 1603 14685 1754 1577 14686 1090 2097 14687 1754 1577 14688 1755 1551 14689 1115 2098 14690 1755 1551 14691 1756 1525 14692 1140 2099 14693 1756 1525 14694 1757 1499 14695 1165 2100 14696 1757 1499 14697 1758 1473 14698 1190 2101 14699 1758 1473 14700 1759 1447 14701 1215 2102 14702 1759 1447 14703 1760 1421 14704 1240 2103 14705 1760 1421 14706 1761 1395 14707 1265 2104 14708 1761 1395 14709 1762 1369 14710 1290 2105 14711 1762 1369 14712 1763 1343 14713 1315 2106 14714 1763 1343 14715 1764 1317 14716 1340 2107 14717 1764 1317 14718 1765 1291 14719 1365 2108 14720 1765 1291 14721 1766 1264 14722 1390 2109 14723 1766 1264 14724 1767 1239 14725 1415 2110 14726 1767 1239 14727 1768 1214 14728 1440 2111 14729 1440 2111 14730 1768 1214 14731 1769 1187 14732 1465 2112 14733 1769 1187 14734 1770 1161 14735 1490 2113 14736 1770 1161 14737 1771 1135 14738 1515 2114 14739 1771 1135 14740 1772 1109 14741 1540 2115 14742 1772 1109 14743 1773 1083 14744 1565 2116 14745 1773 1083 14746 1774 1007 14747 1615 2118 14748 1775 1006 14749 1744 1055 14750 1590 2117 14751 1774 1007 14752 1775 1006 14753 1784 2119 14754 1816 2183 14755 1817 2120 14756 1830 2122 14757 1862 2214 14758 1863 2123 14759 1798 2125 14760 1830 2122 14761 1831 2124 14762 1785 2121 14763 1817 2120 14764 1818 2127 14765 1799 2126 14766 1831 2124 14767 1832 2129 14768 1786 2128 14769 1818 2127 14770 1819 2131 14771 1800 2130 14772 1832 2129 14773 1833 2133 14774 1787 2132 14775 1819 2131 14776 1820 2135 14777 1801 2134 14778 1833 2133 14779 1834 2137 14780 1788 2136 14781 1820 2135 14782 1821 2139 14783 1802 2138 14784 1834 2137 14785 1835 2141 14786 1789 2140 14787 1821 2139 14788 1822 2143 14789 1777 2145 14790 1809 2172 14791 1808 2146 14792 1803 2142 14793 1835 2141 14794 1836 2148 14795 1790 2144 14796 1822 2143 14797 1823 2150 14798 1776 2147 14799 1808 2146 14800 1810 2152 14801 1804 2149 14802 1836 2148 14803 1837 2154 14804 1791 2151 14805 1823 2150 14806 1824 2156 14807 1778 2153 14808 1810 2152 14809 1811 2158 14810 1805 2155 14811 1837 2154 14812 1838 2160 14813 1792 2157 14814 1824 2156 14815 1825 2162 14816 1779 2159 14817 1811 2158 14818 1812 2164 14819 1806 2161 14820 1838 2160 14821 1839 2166 14822 1793 2163 14823 1825 2162 14824 1826 2168 14825 1780 2165 14826 1812 2164 14827 1813 2170 14828 1807 2167 14829 1839 2166 14830 1809 2172 14831 1794 2169 14832 1826 2168 14833 1827 2173 14834 1781 2171 14835 1813 2170 14836 1814 2175 14837 1795 2174 14838 1827 2173 14839 1828 2177 14840 1782 2176 14841 1814 2175 14842 1815 2179 14843 1796 2178 14844 1828 2177 14845 1829 2181 14846 1783 2180 14847 1815 2179 14848 1816 2183 14849 1797 2182 14850 1829 2181 14851 1830 2122 14852 1865 2184 14853 1897 2246 14854 1898 2185 14855 1817 2120 14856 1849 2215 14857 1850 2187 14858 1831 2124 14859 1863 2123 14860 1864 2188 14861 1819 2131 14862 1818 2127 14863 1850 2187 14864 1833 2133 14865 1832 2129 14866 1864 2188 14867 1819 2131 14868 1851 2189 14869 1852 2190 14870 1834 2137 14871 1833 2133 14872 1865 2184 14873 1821 2139 14874 1820 2135 14875 1852 2190 14876 1834 2137 14877 1866 2186 14878 1867 2192 14879 1822 2143 14880 1821 2139 14881 1853 2191 14882 1808 2146 14883 1809 2172 14884 1841 2194 14885 1836 2148 14886 1835 2141 14887 1867 2192 14888 1823 2150 14889 1822 2143 14890 1854 2193 14891 1808 2146 14892 1840 2195 14893 1842 2198 14894 1837 2154 14895 1836 2148 14896 1868 2196 14897 1823 2150 14898 1855 2197 14899 1856 2200 14900 1810 2152 14901 1842 2198 14902 1843 2201 14903 1837 2154 14904 1869 2199 14905 1870 2202 14906 1824 2156 14907 1856 2200 14908 1857 2203 14909 1811 2158 14910 1843 2201 14911 1844 2204 14912 1839 2166 14913 1838 2160 14914 1870 2202 14915 1825 2162 14916 1857 2203 14917 1858 2206 14918 1813 2170 14919 1812 2164 14920 1844 2204 14921 1809 2172 14922 1839 2166 14923 1871 2205 14924 1827 2173 14925 1826 2168 14926 1858 2206 14927 1813 2170 14928 1845 2207 14929 1846 2209 14930 1827 2173 14931 1859 2208 14932 1860 2210 14933 1815 2179 14934 1814 2175 14935 1846 2209 14936 1828 2177 14937 1860 2210 14938 1861 2212 14939 1816 2183 14940 1815 2179 14941 1847 2211 14942 1830 2122 14943 1829 2181 14944 1861 2212 14945 1816 2183 14946 1848 2213 14947 1849 2215 14948 1900 2216 14949 3792 2277 14950 3793 2217 14951 1852 2190 14952 1884 2247 14953 1885 2219 14954 1866 2186 14955 1898 2185 14956 1899 2220 14957 1853 2191 14958 1885 2219 14959 1886 2221 14960 1841 2194 14961 1873 2233 14962 1872 2222 14963 1867 2192 14964 1899 2220 14965 1900 2216 14966 1854 2193 14967 1886 2221 14968 1887 2223 14969 1840 2195 14970 1872 2222 14971 1874 2224 14972 1868 2196 14973 1900 2216 14974 1901 2218 14975 1855 2197 14976 1887 2223 14977 1888 2225 14978 1842 2198 14979 1874 2224 14980 1875 2226 14981 1869 2199 14982 1901 2218 14983 1902 2227 14984 1856 2200 14985 1888 2225 14986 1889 2228 14987 1843 2201 14988 1875 2226 14989 1876 2229 14990 1870 2202 14991 1902 2227 14992 1903 2230 14993 1857 2203 14994 1889 2228 14995 1890 2231 14996 1844 2204 14997 1876 2229 14998 1877 2232 14999 1871 2205 15000 1903 2230 15001 1873 2233 15002 1858 2206 15003 1890 2231 15004 1891 2234 15005 1845 2207 15006 1877 2232 15007 1878 2235 15008 1859 2208 15009 1891 2234 15010 1892 2236 15011 1846 2209 15012 1878 2235 15013 1879 2237 15014 1860 2210 15015 1892 2236 15016 1893 2238 15017 1847 2211 15018 1879 2237 15019 1880 2239 15020 1861 2212 15021 1893 2238 15022 1894 2240 15023 1848 2213 15024 1880 2239 15025 1881 2241 15026 1862 2214 15027 1894 2240 15028 1895 2242 15029 1849 2215 15030 1881 2241 15031 1882 2243 15032 1863 2123 15033 1895 2242 15034 1896 2244 15035 1850 2187 15036 1882 2243 15037 1883 2245 15038 1864 2188 15039 1896 2244 15040 1897 2246 15041 1851 2189 15042 1883 2245 15043 1884 2247 15044 3815 2248 15045 3816 2248 15046 3912 2248 15047 1887 2223 15048 3779 2278 15049 3780 2249 15050 1874 2224 15051 3766 2279 15052 3767 2250 15053 1901 2218 15054 3793 2217 15055 3794 2251 15056 1888 2225 15057 3780 2249 15058 3781 2252 15059 1875 2226 15060 3767 2250 15061 3768 2253 15062 1902 2227 15063 3794 2251 15064 3795 2254 15065 1889 2228 15066 3781 2252 15067 3782 2255 15068 1876 2229 15069 3768 2253 15070 3769 2256 15071 1903 2230 15072 3795 2254 15073 3765 2257 15074 1890 2231 15075 3782 2255 15076 3783 2258 15077 1877 2232 15078 3769 2256 15079 3770 2259 15080 1891 2234 15081 3783 2258 15082 3784 2260 15083 1878 2235 15084 3770 2259 15085 3771 2261 15086 1892 2236 15087 3784 2260 15088 3785 2262 15089 1879 2237 15090 3771 2261 15091 3772 2263 15092 1893 2238 15093 3785 2262 15094 3786 2264 15095 1880 2239 15096 3772 2263 15097 3773 2265 15098 1894 2240 15099 3786 2264 15100 3787 2266 15101 1881 2241 15102 3773 2265 15103 3774 2267 15104 1895 2242 15105 3787 2266 15106 3788 2268 15107 1882 2243 15108 3774 2267 15109 3775 2269 15110 1896 2244 15111 3788 2268 15112 3789 2270 15113 1883 2245 15114 3775 2269 15115 3776 2271 15116 1897 2246 15117 3789 2270 15118 3790 2272 15119 1884 2247 15120 3776 2271 15121 3777 2273 15122 1898 2185 15123 3790 2272 15124 3791 2274 15125 1885 2219 15126 3777 2273 15127 3778 2275 15128 1873 2233 15129 3765 2257 15130 3764 2276 15131 1899 2220 15132 3791 2274 15133 3792 2277 15134 1886 2221 15135 3778 2275 15136 3779 2278 15137 1872 2222 15138 3764 2276 15139 3766 2279 15140 1951 2280 15141 1983 2390 15142 1984 2281 15143 1909 2283 15144 1908 2289 15145 3864 2284 15146 1934 2286 15147 3890 2292 15148 3891 2287 15149 3814 2248 15150 3815 2248 15151 3911 2248 15152 1908 2289 15153 1907 2295 15154 3863 2290 15155 1934 2286 15156 1933 2297 15157 3889 2291 15158 3814 2248 15159 3910 2248 15160 3909 2293 15161 1907 2295 15162 1906 2302 15163 3862 2296 15164 1933 2297 15165 1932 2303 15166 3888 2298 15167 3813 2294 15168 3909 2293 15169 3908 2299 15170 1904 2301 15171 3860 2307 15172 3862 2296 15173 1932 2303 15174 1931 2308 15175 3887 2304 15176 1952 2300 15177 3908 2299 15178 3907 2305 15179 1905 2292 15180 3861 2292 15181 3860 2307 15182 1931 2308 15183 1930 2312 15184 3886 2309 15185 3811 2306 15186 3907 2305 15187 3906 2310 15188 1930 2312 15189 1929 2315 15190 3885 2313 15191 3809 2314 15192 3810 2311 15193 3906 2310 15194 1929 2315 15195 1928 2292 15196 3884 2292 15197 3808 2248 15198 3809 2314 15199 3905 2248 15200 1927 2316 15201 3883 2318 15202 3884 2292 15203 3807 2248 15204 3808 2248 15205 3904 2248 15206 1926 2317 15207 3882 2321 15208 3883 2318 15209 3806 2319 15210 3807 2248 15211 3903 2248 15212 1926 2317 15213 1925 2324 15214 3881 2320 15215 3806 2319 15216 3902 2248 15217 3901 2322 15218 1925 2324 15219 1924 2327 15220 3880 2325 15221 3805 2323 15222 3901 2322 15223 3900 2248 15224 1923 2326 15225 3879 2330 15226 3880 2325 15227 3803 2328 15228 3804 2248 15229 3900 2248 15230 1922 2286 15231 3878 2292 15232 3879 2330 15233 1942 2319 15234 3803 2328 15235 3899 2329 15236 1986 2331 15237 3846 2425 15238 3847 2332 15239 3798 2334 15240 1970 2391 15241 1971 2335 15242 3825 2337 15243 1997 2392 15244 1998 2338 15245 3812 2282 15246 1984 2281 15247 1985 2340 15248 3799 2336 15249 1971 2335 15250 1972 2342 15251 3826 2339 15252 1998 2338 15253 1999 2344 15254 1953 2341 15255 1985 2340 15256 1986 2331 15257 3800 2343 15258 1972 2342 15259 1973 2347 15260 3827 2345 15261 1999 2344 15262 1969 2349 15263 1954 2346 15264 1986 2331 15265 1987 2333 15266 3801 2348 15267 1973 2347 15268 1974 2352 15269 1955 2351 15270 1987 2333 15271 1988 2354 15272 3802 2353 15273 1974 2352 15274 1975 2356 15275 1956 2355 15276 1988 2354 15277 1989 2358 15278 1943 2357 15279 1975 2356 15280 1976 2360 15281 3817 2359 15282 1989 2358 15283 1990 2362 15284 1944 2361 15285 1976 2360 15286 1977 2364 15287 3818 2363 15288 1990 2362 15289 1991 2366 15290 1945 2365 15291 1977 2364 15292 1978 2368 15293 3819 2367 15294 1991 2366 15295 1992 2370 15296 1946 2369 15297 1978 2368 15298 1979 2372 15299 3820 2371 15300 1992 2370 15301 1993 2374 15302 1947 2373 15303 1979 2372 15304 1980 2376 15305 3821 2375 15306 1993 2374 15307 1994 2378 15308 1948 2377 15309 1980 2376 15310 1981 2380 15311 3822 2379 15312 1994 2378 15313 1995 2382 15314 1949 2381 15315 1981 2380 15316 1982 2384 15317 3797 2350 15318 1969 2349 15319 1968 2386 15320 3823 2383 15321 1995 2382 15322 1996 2388 15323 1950 2385 15324 1982 2384 15325 1983 2390 15326 3796 2387 15327 1968 2386 15328 1970 2391 15329 3824 2389 15330 1996 2388 15331 1997 2392 15332 3850 2393 15333 2021 2487 15334 2052 2394 15335 1974 2352 15336 1973 2347 15337 3833 2396 15338 1987 2333 15339 3847 2332 15340 3848 2398 15341 1974 2352 15342 3834 2397 15343 3835 2399 15344 1989 2358 15345 1988 2354 15346 3848 2398 15347 1975 2356 15348 3835 2399 15349 3836 2401 15350 1989 2358 15351 3849 2400 15352 2022 2402 15353 1977 2364 15354 1976 2360 15355 3836 2401 15356 1990 2362 15357 2022 2402 15358 3851 2404 15359 1978 2368 15360 1977 2364 15361 3837 2403 15362 1992 2370 15363 1991 2366 15364 3851 2404 15365 1978 2368 15366 3838 2405 15367 3839 2407 15368 1992 2370 15369 3852 2406 15370 3853 2408 15371 1979 2372 15372 3839 2407 15373 3840 2409 15374 1994 2378 15375 1993 2374 15376 3853 2408 15377 1980 2376 15378 3840 2409 15379 3841 2411 15380 1995 2382 15381 1994 2378 15382 3854 2410 15383 1981 2380 15384 3841 2411 15385 3842 2413 15386 1969 2349 15387 3829 2426 15388 3828 2414 15389 1995 2382 15390 3855 2412 15391 3856 2415 15392 1982 2384 15393 3842 2413 15394 3843 2416 15395 1970 2391 15396 1968 2386 15397 3828 2414 15398 1997 2392 15399 1996 2388 15400 3856 2415 15401 1984 2281 15402 1983 2390 15403 3843 2416 15404 1971 2335 15405 1970 2391 15406 3830 2417 15407 1998 2338 15408 1997 2392 15409 3857 2418 15410 1985 2340 15411 1984 2281 15412 3844 2419 15413 1972 2342 15414 1971 2335 15415 3831 2420 15416 1999 2344 15417 1998 2338 15418 3858 2421 15419 1985 2340 15420 3845 2422 15421 3846 2425 15422 1972 2342 15423 3832 2423 15424 3833 2396 15425 1999 2344 15426 3859 2424 15427 3829 2426 15428 2055 2427 15429 2085 2516 15430 2086 2428 15431 2008 2430 15432 2040 2488 15433 2041 2431 15434 3850 2393 15435 2053 2395 15436 2054 2433 15437 2009 2432 15438 2041 2431 15439 2042 2435 15440 2024 2437 15441 2023 2434 15442 2054 2433 15443 2011 2438 15444 2010 2436 15445 2042 2435 15446 2024 2437 15447 2055 2427 15448 2056 2429 15449 2012 2441 15450 2011 2438 15451 2043 2439 15452 2026 2443 15453 2025 2440 15454 2056 2429 15455 2012 2441 15456 2044 2442 15457 2045 2445 15458 2026 2443 15459 2057 2444 15460 2058 2447 15461 2013 2446 15462 2045 2445 15463 2046 2449 15464 2001 2451 15465 2033 2478 15466 2032 2452 15467 2027 2448 15468 2058 2447 15469 2059 2454 15470 2014 2450 15471 2046 2449 15472 2157 2456 15473 2002 2458 15474 2000 2453 15475 2032 2452 15476 2028 2455 15477 2059 2454 15478 2060 2460 15479 2016 2462 15480 2015 2457 15481 2157 2456 15482 2003 2464 15483 2002 2458 15484 2034 2459 15485 2029 2461 15486 2060 2460 15487 2061 2466 15488 2017 2468 15489 2016 2462 15490 2047 2463 15491 2004 2470 15492 2003 2464 15493 2035 2465 15494 2030 2467 15495 2061 2466 15496 2062 2472 15497 2018 2474 15498 2017 2468 15499 2048 2469 15500 2005 2476 15501 2004 2470 15502 2036 2471 15503 2031 2473 15504 2062 2472 15505 2033 2478 15506 2019 2479 15507 2018 2474 15508 2049 2475 15509 2005 2476 15510 2037 2477 15511 2038 2481 15512 2020 2483 15513 2019 2479 15514 2050 2480 15515 2007 2485 15516 2006 2482 15517 2038 2481 15518 2020 2483 15519 2051 2484 15520 2052 2394 15521 2008 2430 15522 2007 2485 15523 2039 2486 15524 2043 2439 15525 2074 2517 15526 2075 2489 15527 2056 2429 15528 2086 2428 15529 2087 2490 15530 2044 2442 15531 2075 2489 15532 2076 2491 15533 2057 2444 15534 2087 2490 15535 2088 2492 15536 2045 2445 15537 2076 2491 15538 2158 2493 15539 2033 2478 15540 2064 2505 15541 2063 2494 15542 2058 2447 15543 2088 2492 15544 2089 2495 15545 2032 2452 15546 2063 2494 15547 2065 2496 15548 2059 2454 15549 2089 2495 15550 2090 2497 15551 2034 2459 15552 2065 2496 15553 2066 2498 15554 2060 2460 15555 2090 2497 15556 2091 2499 15557 2047 2463 15558 2159 2608 15559 2078 2500 15560 2035 2465 15561 2066 2498 15562 2067 2501 15563 2061 2466 15564 2091 2499 15565 2092 2502 15566 2048 2469 15567 2078 2500 15568 2079 2503 15569 2036 2471 15570 2067 2501 15571 2068 2504 15572 2062 2472 15573 2092 2502 15574 2064 2505 15575 2049 2475 15576 2079 2503 15577 2080 2506 15578 2037 2477 15579 2068 2504 15580 2069 2507 15581 2050 2480 15582 2080 2506 15583 2081 2508 15584 2038 2481 15585 2069 2507 15586 2070 2509 15587 2051 2484 15588 2081 2508 15589 2082 2510 15590 2039 2486 15591 2070 2509 15592 2071 2511 15593 2052 2394 15594 2082 2510 15595 2083 2512 15596 2040 2488 15597 2071 2511 15598 2072 2513 15599 2053 2395 15600 2083 2512 15601 2084 2514 15602 2041 2431 15603 2072 2513 15604 2073 2515 15605 2054 2433 15606 2084 2514 15607 2085 2516 15608 2042 2435 15609 2073 2515 15610 2074 2517 15611 3872 2518 15612 2137 2580 15613 2138 2519 15614 2119 2521 15615 3918 2581 15616 3919 2522 15617 3873 2520 15618 2138 2519 15619 2139 2524 15620 2094 2526 15621 3893 2553 15622 3892 2527 15623 2120 2523 15624 3919 2522 15625 3920 2529 15626 3874 2525 15627 2139 2524 15628 2140 2531 15629 2093 2528 15630 3892 2527 15631 3894 2533 15632 2121 2530 15633 3920 2529 15634 3921 2535 15635 3875 2532 15636 2140 2531 15637 2141 2537 15638 2095 2534 15639 3894 2533 15640 3895 2539 15641 2122 2536 15642 3921 2535 15643 3922 2541 15644 3876 2538 15645 2141 2537 15646 2142 2543 15647 2096 2540 15648 3895 2539 15649 3896 2545 15650 2123 2542 15651 3922 2541 15652 3923 2547 15653 3877 2544 15654 2142 2543 15655 2143 2549 15656 2097 2546 15657 3896 2545 15658 3897 2551 15659 2124 2548 15660 3923 2547 15661 3893 2553 15662 2111 2550 15663 2143 2549 15664 2144 2554 15665 2098 2552 15666 3897 2551 15667 2131 2556 15668 2112 2555 15669 2144 2554 15670 2145 2558 15671 3866 2557 15672 2131 2556 15673 2132 2560 15674 2113 2559 15675 2145 2558 15676 3913 2562 15677 3867 2561 15678 2132 2560 15679 2133 2564 15680 2114 2563 15681 3913 2562 15682 3914 2566 15683 3868 2565 15684 2133 2564 15685 2134 2568 15686 2115 2567 15687 3914 2566 15688 3915 2570 15689 3869 2569 15690 2134 2568 15691 2135 2572 15692 2116 2571 15693 3915 2570 15694 3916 2574 15695 3870 2573 15696 2135 2572 15697 2136 2576 15698 2117 2575 15699 3916 2574 15700 3917 2578 15701 3871 2577 15702 2136 2576 15703 2137 2580 15704 2118 2579 15705 3917 2578 15706 3918 2581 15707 1935 2288 15708 3891 2287 15709 3861 2292 15710 1910 2582 15711 1909 2283 15712 3865 2285 15713 1957 2248 15714 2146 2248 15715 3912 2248 15716 1910 2582 15717 2099 2583 15718 2100 2584 15719 1958 2586 15720 2147 2248 15721 2146 2248 15722 1911 2585 15723 2100 2584 15724 2101 2292 15725 1958 2586 15726 1959 2590 15727 2148 2587 15728 1913 2588 15729 1912 2292 15730 2101 2292 15731 1959 2590 15732 1960 2248 15733 2149 2248 15734 1914 2591 15735 1913 2588 15736 2102 2589 15737 1961 2592 15738 2150 2595 15739 2149 2248 15740 1914 2591 15741 2103 2583 15742 2104 2593 15743 1962 2594 15744 2151 2599 15745 2150 2595 15746 1915 2283 15747 2104 2593 15748 2105 2596 15749 1963 2598 15750 2152 2602 15751 2151 2599 15752 1937 2300 15753 1936 2603 15754 2125 2305 15755 1916 2597 15756 2105 2596 15757 2106 2290 15758 1964 2601 15759 2153 2604 15760 2152 2602 15761 1936 2603 15762 1938 2311 15763 2127 2310 15764 1917 2600 15765 2106 2290 15766 2107 2296 15767 1965 2248 15768 2154 2248 15769 2153 2604 15770 1939 2605 15771 2128 2248 15772 2127 2310 15773 1919 2606 15774 1918 2302 15775 2107 2296 15776 1966 2248 15777 2155 2248 15778 2154 2248 15779 1940 2248 15780 2129 2248 15781 2128 2248 15782 1920 2292 15783 1919 2606 15784 2108 2307 15785 1966 2248 15786 1967 2294 15787 2156 2293 15788 1941 2248 15789 2130 2248 15790 2129 2248 15791 1921 2288 15792 1920 2292 15793 2109 2292 15794 1967 2294 15795 1937 2300 15796 2126 2299 15797 1942 2319 15798 3898 2248 15799 2130 2248 15800 1922 2286 15801 1921 2288 15802 2110 2287 15803 2046 2449 15804 2158 2493 15805 2077 2607 15806 2157 2456 15807 2077 2607 15808 2159 2608 15809 3927 2609 15810 3926 2612 15811 3925 2610 15812 3926 2612 15813 3929 2614 15814 3928 2613 15815 3929 2614 15816 3931 2616 15817 3930 2615 15818 3931 2616 15819 3933 2618 15820 3932 2617 15821 3933 2618 15822 3935 2620 15823 3934 2619 15824 3935 2620 15825 3938 4264 15826 3936 2621 15827 2270 2622 15828 2271 2763 15829 2258 2623 15830 2270 2622 15831 4034 2624 15832 4036 2625 15833 3940 78 15834 3941 78 15835 4030 78 15836 2268 2626 15837 4036 2625 15838 4038 2627 15839 3947 2629 15840 3949 2632 15841 3948 2630 15842 3949 2632 15843 3951 2634 15844 3950 2633 15845 3951 2634 15846 3953 2636 15847 3952 2635 15848 3953 2636 15849 3955 2638 15850 3954 2637 15851 3955 2638 15852 3957 2640 15853 3956 2639 15854 3957 2640 15855 3959 2642 15856 3958 2641 15857 3959 2642 15858 3961 2644 15859 3960 2643 15860 3961 2644 15861 3963 2646 15862 3962 2645 15863 3963 2646 15864 3966 4265 15865 3964 2647 15866 3970 2648 15867 4025 4266 15868 4000 2649 15869 3969 2651 15870 3973 2659 15871 3972 2652 15872 2197 2654 15873 2249 2748 15874 4022 2655 15875 3975 2657 15876 3927 2609 15877 3924 2611 15878 3973 2659 15879 3975 2657 15880 3974 2658 15881 3977 2660 15882 3976 2663 15883 2208 2661 15884 3976 2663 15885 3978 2665 15886 2210 2664 15887 3978 2665 15888 3979 2667 15889 2211 2666 15890 3979 2667 15891 3980 2670 15892 2212 2668 15893 3981 2669 15894 2213 2672 15895 2212 2668 15896 3981 2669 15897 3982 2662 15898 3939 2671 15899 3983 2673 15900 2215 2675 15901 3939 2671 15902 3983 2673 15903 3984 2662 15904 2216 2674 15905 3985 2676 15906 2217 2678 15907 2216 2674 15908 3985 2676 15909 3986 2662 15910 3946 2677 15911 3986 2662 15912 3987 2662 15913 2219 2662 15914 3987 2662 15915 3988 2681 15916 2220 2679 15917 3989 2680 15918 2221 2683 15919 2220 2679 15920 3990 2682 15921 2222 2685 15922 2221 2683 15923 3991 2684 15924 2223 2687 15925 2222 2685 15926 3992 2686 15927 2224 2662 15928 2223 2687 15929 3992 2686 15930 3993 2690 15931 2225 2688 15932 3994 2689 15933 2226 2692 15934 2225 2688 15935 3994 2689 15936 2199 2662 15937 3967 2691 15938 3997 2695 15939 4024 4267 15940 3965 2696 15941 3998 2693 15942 4001 2699 15943 2229 2698 15944 4001 2699 15945 4002 2701 15946 2230 2700 15947 3977 2660 15948 2209 2662 15949 2230 2700 15950 2171 2702 15951 2236 2749 15952 4009 2703 15953 3995 2656 15954 4022 2655 15955 4023 2705 15956 2173 2704 15957 4009 2703 15958 4010 2707 15959 2175 2708 15960 4010 2707 15961 4011 2709 15962 2177 2710 15963 4011 2709 15964 4012 2711 15965 2179 2712 15966 4012 2711 15967 4013 2713 15968 2181 2714 15969 4013 2713 15970 4014 2715 15971 2183 2716 15972 4014 2715 15973 4015 2717 15974 2185 2718 15975 4015 2717 15976 4016 2719 15977 2187 2720 15978 4016 2719 15979 4017 2721 15980 2161 2723 15981 4004 2750 15982 4003 2724 15983 2206 4268 15984 2160 4269 15985 2232 4270 15986 2160 4269 15987 2162 4271 15988 2232 4270 15989 2162 4271 15990 2164 4272 15991 2231 4273 15992 2164 4272 15993 2166 4274 15994 4005 4275 15995 2231 4273 15996 2164 4272 15997 4005 4275 15998 2166 4274 15999 2168 4276 16000 4006 4277 16001 2168 4276 16002 2170 4278 16003 4007 4279 16004 4006 4277 16005 2168 4276 16006 4007 4279 16007 2170 4278 16008 3937 4280 16009 4008 4281 16010 3937 4280 16011 2174 2726 16012 2237 4282 16013 4008 4281 16014 3937 4280 16015 2237 4282 16016 2174 2726 16017 2176 2775 16018 2239 2727 16019 2176 2775 16020 2178 2773 16021 2240 4283 16022 2178 2773 16023 3945 2774 16024 2241 4284 16025 3945 2774 16026 2182 4285 16027 2241 4284 16028 2182 4285 16029 2184 4286 16030 2243 4287 16031 2184 4286 16032 2186 4288 16033 2244 4289 16034 2186 4288 16035 2188 4290 16036 2245 4291 16037 2188 4290 16038 2190 4292 16039 4018 4293 16040 2190 4292 16041 2192 4294 16042 4019 4295 16043 2192 4294 16044 2194 4296 16045 4020 4297 16046 2194 4296 16047 2196 4298 16048 4021 4299 16049 2196 4298 16050 2198 4300 16051 4021 4299 16052 2198 4300 16053 2251 4301 16054 2250 4302 16055 2198 4300 16056 2250 4302 16057 4021 4299 16058 2192 4294 16059 4020 4297 16060 4019 4295 16061 2184 4286 16062 2244 4289 16063 2243 4287 16064 2188 4290 16065 4018 4293 16066 2245 4291 16067 2176 2775 16068 2240 4283 16069 2239 2727 16070 2232 4270 16071 2162 4271 16072 2231 4273 16073 2202 4303 16074 2204 4304 16075 4028 4305 16076 2204 4304 16077 2206 4268 16078 4029 4306 16079 4027 4307 16080 4026 4308 16081 2202 4303 16082 4028 4305 16083 4027 4307 16084 2202 4303 16085 2204 4304 16086 4029 4306 16087 4028 4305 16088 2194 4296 16089 4021 4299 16090 4020 4297 16091 2232 4270 16092 4029 4306 16093 2206 4268 16094 2190 4292 16095 4019 4295 16096 4018 4293 16097 2186 4288 16098 2245 4291 16099 2244 4289 16100 4006 4277 16101 4005 4275 16102 2166 4274 16103 4007 4279 16104 2170 4278 16105 4008 4281 16106 2182 4285 16107 2243 4287 16108 2242 4309 16109 2182 4285 16110 2242 4309 16111 2241 4284 16112 2178 2773 16113 2241 4284 16114 2240 4283 16115 2238 2728 16116 2237 4282 16117 2174 2726 16118 2189 2722 16119 4017 2721 16120 2246 2729 16121 2163 2725 16122 4003 2724 16123 2233 2731 16124 2201 2733 16125 2252 4310 16126 2253 2734 16127 2191 2730 16128 2246 2729 16129 2247 2736 16130 2165 2732 16131 2233 2731 16132 2234 2738 16133 2203 2735 16134 2253 2734 16135 2254 2740 16136 2193 2737 16137 2247 2736 16138 2248 2742 16139 2167 2739 16140 2234 2738 16141 2235 2744 16142 2205 2741 16143 2254 2740 16144 2255 2746 16145 2195 2743 16146 2248 2742 16147 2249 2748 16148 2169 2745 16149 2235 2744 16150 2236 2749 16151 2207 2747 16152 2255 2746 16153 4004 2750 16154 3942 2751 16155 4033 2754 16156 4032 2752 16157 4033 2754 16158 4035 2756 16159 2260 2755 16160 4035 2756 16161 4037 2758 16162 2262 2757 16163 4037 2758 16164 4040 4311 16165 4039 2759 16166 2273 2760 16167 4043 2772 16168 4041 2761 16169 2271 2763 16170 4042 2771 16171 2257 2764 16172 2274 2765 16173 2273 2760 16174 2263 2762 16175 2274 2765 16176 2261 2766 16177 2259 2767 16178 3943 72 16179 2264 72 16180 2265 72 16181 2275 2768 16182 2259 2767 16183 2256 2769 16184 2215 2675 16185 2275 2768 16186 2266 2770 16187 3944 72 16188 3943 72 16189 2272 72 16190 2216 2674 16191 2274 2765 16192 2275 2768 16193 2216 2674 16194 2217 2678 16195 2273 2760 16196 2174 2726 16197 3937 4280 16198 4042 2771 16199 2217 2678 16200 3946 2677 16201 4043 2772 16202 2178 2773 16203 2268 2626 16204 2267 2628 16205 2214 78 16206 3940 78 16207 2269 78 16208 2176 2775 16209 2270 2622 16210 2268 2626 16211 2176 2775 16212 2174 2726 16213 2271 2763 16214 4462 2776 16215 2403 2831 16216 2279 2777 16217 2287 2779 16218 2291 2782 16219 4464 2780 16220 2291 2782 16221 2295 2784 16222 4465 2783 16223 2295 2784 16224 2299 2851 16225 4466 2785 16226 4466 2785 16227 2299 2851 16228 2303 2786 16229 4467 2787 16230 2303 2786 16231 2307 2788 16232 2307 2788 16233 2311 2861 16234 4469 2790 16235 4469 2790 16236 2311 2861 16237 2315 2791 16238 4470 2792 16239 2315 2791 16240 2319 2793 16241 2319 2793 16242 2323 2796 16243 4472 2795 16244 2323 2796 16245 2327 2874 16246 4473 2797 16247 4473 2797 16248 2327 2874 16249 2331 2798 16250 4474 2799 16251 2331 2798 16252 2335 2800 16253 2335 2800 16254 2339 2803 16255 4476 2802 16256 2339 2803 16257 2343 2886 16258 4477 2804 16259 4477 2804 16260 2343 2886 16261 2347 2805 16262 2347 2805 16263 2351 2808 16264 4479 2807 16265 2351 2808 16266 2355 2895 16267 4480 2809 16268 4480 2809 16269 2355 2895 16270 2359 2810 16271 4481 2811 16272 2359 2810 16273 2363 2812 16274 4482 2813 16275 2363 2812 16276 2367 2814 16277 4483 2815 16278 2367 2814 16279 2371 2816 16280 4484 2817 16281 2371 2816 16282 2375 2818 16283 2375 2818 16284 2379 2821 16285 4486 2820 16286 2379 2821 16287 2383 2823 16288 4487 2822 16289 2383 2823 16290 2387 2825 16291 4488 2824 16292 2387 2825 16293 2391 2827 16294 4489 2826 16295 2391 2827 16296 2395 2926 16297 4490 2828 16298 4490 2828 16299 2395 2926 16300 2399 2829 16301 4491 2830 16302 2399 2829 16303 2403 2831 16304 4461 2832 16305 2283 2840 16306 2287 2779 16307 2286 2835 16308 2282 2839 16309 2278 2935 16310 2278 2935 16311 2402 2933 16312 2398 2930 16313 2398 2930 16314 2394 2927 16315 2390 2923 16316 2390 2923 16317 2386 2920 16318 2382 2917 16319 2382 2917 16320 2378 2914 16321 2374 2911 16322 2374 2911 16323 2370 2908 16324 2366 2905 16325 2366 2905 16326 2362 2902 16327 2358 2899 16328 2358 2899 16329 2354 2896 16330 2350 2833 16331 2350 2833 16332 2346 2890 16333 2342 2887 16334 2342 2887 16335 2338 2883 16336 2334 2880 16337 2334 2880 16338 2330 2877 16339 2326 2873 16340 2326 2873 16341 2322 2870 16342 2318 2834 16343 2318 2834 16344 2314 2865 16345 2310 2862 16346 2310 2862 16347 2306 2858 16348 2302 2855 16349 2302 2855 16350 2298 2852 16351 2294 2848 16352 2294 2848 16353 2290 2845 16354 2286 2835 16355 2286 2835 16356 2278 2935 16357 2382 2917 16358 2278 2935 16359 2398 2930 16360 2382 2917 16361 2398 2930 16362 2390 2923 16363 2382 2917 16364 2382 2917 16365 2374 2911 16366 2350 2833 16367 2374 2911 16368 2366 2905 16369 2350 2833 16370 2366 2905 16371 2358 2899 16372 2350 2833 16373 2350 2833 16374 2342 2887 16375 2318 2834 16376 2342 2887 16377 2334 2880 16378 2318 2834 16379 2334 2880 16380 2326 2873 16381 2318 2834 16382 2318 2834 16383 2310 2862 16384 2286 2835 16385 2310 2862 16386 2302 2855 16387 2286 2835 16388 2302 2855 16389 2294 2848 16390 2286 2835 16391 2286 2835 16392 2382 2917 16393 2350 2833 16394 2279 2777 16395 2283 2840 16396 4461 2832 16397 2277 2836 16398 2281 2841 16399 2404 2837 16400 2279 2777 16401 2278 2935 16402 2282 2839 16403 2281 2841 16404 2285 2843 16405 2406 2842 16406 2283 2840 16407 2282 2839 16408 2286 2835 16409 2285 2843 16410 2289 2846 16411 2407 2844 16412 2287 2779 16413 2286 2835 16414 2290 2845 16415 2289 2846 16416 2293 2850 16417 2408 2847 16418 2291 2782 16419 2290 2845 16420 2294 2848 16421 2297 2849 16422 2409 2854 16423 2408 2847 16424 2299 2851 16425 2295 2784 16426 2294 2848 16427 2297 2849 16428 2301 2856 16429 2410 2853 16430 2299 2851 16431 2298 2852 16432 2302 2855 16433 2301 2856 16434 2305 2860 16435 2411 2857 16436 2303 2786 16437 2302 2855 16438 2306 2858 16439 2309 2859 16440 2412 2864 16441 2411 2857 16442 2311 2861 16443 2307 2788 16444 2306 2858 16445 2309 2859 16446 2313 2867 16447 2413 2863 16448 2311 2861 16449 2310 2862 16450 2314 2865 16451 2317 2866 16452 2414 2869 16453 2413 2863 16454 2319 2793 16455 2315 2791 16456 2314 2865 16457 2317 2866 16458 2321 2871 16459 2415 2868 16460 2319 2793 16461 2318 2834 16462 2322 2870 16463 2321 2871 16464 2325 2876 16465 2416 2872 16466 2323 2796 16467 2322 2870 16468 2326 2873 16469 2329 2875 16470 2417 2879 16471 2416 2872 16472 2331 2798 16473 2327 2874 16474 2326 2873 16475 2333 2878 16476 2418 2882 16477 2417 2879 16478 2335 2800 16479 2331 2798 16480 2330 2877 16481 2333 2878 16482 2337 2885 16483 2419 2881 16484 2335 2800 16485 2334 2880 16486 2338 2883 16487 2341 2884 16488 2420 2889 16489 2419 2881 16490 2343 2886 16491 2339 2803 16492 2338 2883 16493 2341 2884 16494 2345 2892 16495 2421 2888 16496 2343 2886 16497 2342 2887 16498 2346 2890 16499 2349 2891 16500 2422 2894 16501 2421 2888 16502 2351 2808 16503 2347 2805 16504 2346 2890 16505 2353 2893 16506 2423 2898 16507 2422 2894 16508 2355 2895 16509 2351 2808 16510 2350 2833 16511 2353 2893 16512 2357 2901 16513 2424 2897 16514 2355 2895 16515 2354 2896 16516 2358 2899 16517 2361 2900 16518 2425 2904 16519 2424 2897 16520 2363 2812 16521 2359 2810 16522 2358 2899 16523 2365 2903 16524 2426 2907 16525 2425 2904 16526 2367 2814 16527 2363 2812 16528 2362 2902 16529 2369 2906 16530 2427 2910 16531 2426 2907 16532 2371 2816 16533 2367 2814 16534 2366 2905 16535 2373 2909 16536 2428 2913 16537 2427 2910 16538 2375 2818 16539 2371 2816 16540 2370 2908 16541 2373 2909 16542 2377 2915 16543 2429 2912 16544 2375 2818 16545 2374 2911 16546 2378 2914 16547 2377 2915 16548 2381 2918 16549 2430 2916 16550 2379 2821 16551 2378 2914 16552 2382 2917 16553 2381 2918 16554 2385 2921 16555 2431 2919 16556 2383 2823 16557 2382 2917 16558 2386 2920 16559 2385 2921 16560 2389 2925 16561 2432 2922 16562 2387 2825 16563 2386 2920 16564 2390 2923 16565 2393 2924 16566 2433 2929 16567 2432 2922 16568 2395 2926 16569 2391 2827 16570 2390 2923 16571 2393 2924 16572 2397 2932 16573 2434 2928 16574 2395 2926 16575 2394 2927 16576 2398 2930 16577 2401 2931 16578 2435 2934 16579 2434 2928 16580 2403 2831 16581 2399 2829 16582 2398 2930 16583 2277 2836 16584 2405 2838 16585 2435 2934 16586 2279 2777 16587 2403 2831 16588 2402 2933 16589 4060 2936 16590 2452 2970 16591 2451 2937 16592 4044 2939 16593 4045 78 16594 2405 2838 16595 4044 2939 16596 2404 2837 16597 2406 2842 16598 4047 2940 16599 4046 78 16600 2406 2842 16601 4048 2941 16602 4047 2940 16603 2407 2844 16604 4049 2942 16605 4048 2941 16606 2408 2847 16607 4049 2942 16608 2409 2854 16609 2410 2853 16610 4050 2943 16611 2410 2853 16612 2411 2857 16613 4051 2944 16614 2411 2857 16615 2412 2864 16616 4053 2945 16617 4052 78 16618 2412 2864 16619 4054 2946 16620 4053 2945 16621 2413 2863 16622 4055 2947 16623 4054 2946 16624 2414 2869 16625 4055 2947 16626 2415 2868 16627 2416 2872 16628 4057 2948 16629 4056 78 16630 2416 2872 16631 4057 2948 16632 2417 2879 16633 2418 2882 16634 4058 2949 16635 2418 2882 16636 2419 2881 16637 4059 2950 16638 2419 2881 16639 2420 2889 16640 4061 2951 16641 2340 78 16642 2420 2889 16643 4062 2952 16644 4061 2951 16645 2421 2888 16646 4063 2953 16647 4062 2952 16648 2422 2894 16649 4063 2953 16650 2423 2898 16651 2424 2897 16652 4064 2954 16653 2424 2897 16654 2425 2904 16655 4065 2955 16656 2425 2904 16657 2426 2907 16658 4067 2957 16659 4066 2956 16660 2426 2907 16661 4067 2957 16662 2427 2910 16663 2428 2913 16664 4069 2958 16665 4068 78 16666 2428 2913 16667 4069 2958 16668 2429 2912 16669 2430 2916 16670 4071 2959 16671 4070 78 16672 2430 2916 16673 4072 2960 16674 4071 2959 16675 2431 2919 16676 4072 2960 16677 2432 2922 16678 2433 2929 16679 4073 2961 16680 2433 2929 16681 2434 2928 16682 4075 2962 16683 4074 78 16684 2434 2928 16685 4075 2962 16686 2435 2934 16687 2405 2838 16688 2288 2963 16689 2439 2972 16690 2438 2964 16691 2396 2966 16692 2466 2974 16693 2465 2967 16694 2344 2969 16695 2453 2976 16696 2452 2970 16697 2292 2971 16698 2440 2978 16699 2439 2972 16700 2400 2973 16701 2467 2980 16702 2466 2974 16703 2348 2975 16704 2454 2982 16705 2453 2976 16706 2296 2977 16707 2441 2984 16708 2440 2978 16709 2276 2979 16710 2437 3018 16711 2467 2980 16712 2352 2981 16713 2455 2986 16714 2454 2982 16715 2300 2983 16716 2442 2988 16717 2441 2984 16718 2356 2985 16719 2456 2990 16720 2455 2986 16721 2304 2987 16722 2443 2992 16723 2442 2988 16724 2360 2989 16725 2457 2994 16726 2456 2990 16727 2308 2991 16728 2444 2996 16729 2443 2992 16730 2364 2993 16731 2458 2998 16732 2457 2994 16733 2312 2995 16734 2445 3000 16735 2444 2996 16736 2368 2997 16737 2459 3002 16738 2458 2998 16739 2316 2999 16740 2446 3004 16741 2445 3000 16742 2372 3001 16743 2460 3006 16744 2459 3002 16745 2320 3003 16746 2447 3008 16747 2446 3004 16748 2376 3005 16749 2461 3010 16750 2460 3006 16751 2324 3007 16752 2448 3012 16753 2447 3008 16754 2380 3009 16755 2462 3014 16756 2461 3010 16757 2328 3011 16758 2449 3016 16759 2448 3012 16760 2384 3013 16761 2463 3020 16762 2462 3014 16763 2332 3015 16764 2450 3021 16765 2449 3016 16766 2280 3017 16767 2436 3022 16768 2437 3018 16769 2388 3019 16770 2464 3023 16771 2463 3020 16772 2336 2938 16773 2451 2937 16774 2450 3021 16775 2284 2965 16776 2438 2964 16777 2436 3022 16778 2392 2968 16779 2465 2967 16780 2464 3023 16781 4358 3024 16782 4361 3089 16783 2704 3025 16784 4419 3027 16785 2984 3030 16786 2707 3028 16787 2984 3030 16788 2986 3032 16789 2709 3031 16790 2986 3032 16791 4413 3034 16792 2711 3033 16793 4413 3034 16794 4411 3036 16795 2713 3035 16796 4411 3036 16797 4409 3038 16798 2715 3037 16799 4409 3038 16800 4407 3040 16801 2717 3039 16802 4407 3040 16803 4405 3042 16804 2719 3041 16805 4405 3042 16806 4403 3044 16807 2721 3043 16808 4403 3044 16809 3000 3046 16810 2723 3045 16811 3000 3046 16812 3002 3048 16813 2725 3047 16814 3002 3048 16815 3004 3050 16816 2727 3049 16817 3004 3050 16818 3006 3052 16819 2729 3051 16820 3006 3052 16821 4393 3054 16822 2731 3053 16823 4393 3054 16824 4391 3056 16825 2733 3055 16826 4391 3056 16827 4389 3058 16828 2735 3057 16829 4389 3058 16830 4387 3060 16831 2737 3059 16832 4387 3060 16833 4385 3062 16834 2739 3061 16835 4385 3062 16836 3018 3064 16837 2741 3063 16838 3018 3064 16839 3020 3066 16840 2743 3065 16841 3020 3066 16842 4379 3068 16843 2745 3067 16844 4379 3068 16845 4377 3070 16846 2747 3069 16847 4377 3070 16848 4375 3072 16849 2749 3071 16850 4375 3072 16851 4373 3074 16852 2751 3073 16853 4373 3074 16854 4371 3076 16855 2753 3075 16856 4371 3076 16857 4369 3078 16858 2755 3077 16859 4369 3078 16860 4367 3080 16861 2757 3079 16862 4367 3080 16863 3036 3082 16864 2759 3081 16865 3036 3082 16866 4363 3084 16867 2761 3083 16868 4363 3084 16869 4359 3090 16870 2763 3085 16871 2572 3086 16872 2564 3147 16873 2534 3087 16874 4361 3089 16875 4419 3027 16876 2705 3029 16877 4359 3090 16878 4358 3024 16879 2765 3026 16880 2556 3091 16881 4102 3281 16882 4103 3092 16883 2565 3094 16884 2543 3148 16885 2544 3095 16886 2566 3097 16887 2552 3149 16888 2553 3098 16889 2567 3100 16890 2561 3150 16891 2562 3101 16892 2576 3103 16893 2568 3151 16894 2539 3104 16895 2569 3106 16896 2548 3152 16897 2549 3107 16898 2570 3109 16899 2557 3093 16900 2558 3110 16901 2572 3086 16902 2535 3088 16903 2536 3112 16904 2580 3114 16905 2573 3096 16906 2544 3095 16907 2581 3116 16908 2574 3099 16909 2553 3098 16910 2575 3102 16911 2562 3101 16912 2563 3118 16913 2576 3103 16914 2540 3105 16915 2541 3120 16916 2584 3122 16917 2577 3108 16918 2549 3107 16919 2578 3111 16920 2558 3110 16921 2559 3124 16922 2586 3126 16923 2579 3113 16924 2536 3112 16925 2580 3114 16926 2545 3115 16927 2546 3128 16928 2588 3130 16929 2581 3116 16930 2554 3117 16931 2589 3132 16932 2571 3135 16933 2532 3133 16934 2571 3135 16935 2582 3119 16936 2563 3118 16937 2583 3121 16938 2541 3120 16939 2542 3136 16940 2591 3138 16941 2584 3122 16942 2550 3123 16943 2592 3140 16944 2585 3125 16945 2559 3124 16946 2593 3142 16947 2586 3126 16948 2537 3127 16949 2594 3144 16950 2587 3129 16951 2546 3128 16952 2588 3130 16953 2555 3131 16954 2556 3091 16955 2589 3132 16956 2533 3134 16957 2534 3087 16958 2590 3137 16959 2542 3136 16960 2543 3148 16961 2591 3138 16962 2551 3139 16963 2552 3149 16964 2592 3140 16965 2560 3141 16966 2561 3150 16967 2568 3151 16968 2593 3142 16969 2538 3143 16970 2594 3144 16971 2547 3145 16972 2548 3152 16973 2595 3146 16974 2556 3091 16975 2557 3093 16976 3240 3153 16977 3298 3164 16978 2595 3146 16979 3234 3154 16980 3295 3166 16981 2594 3144 16982 3228 3155 16983 3292 3168 16984 2593 3142 16985 3222 3156 16986 3289 3170 16987 2592 3140 16988 3286 3157 16989 2591 3138 16990 2566 3097 16991 3210 3159 16992 3283 3173 16993 2590 3137 16994 3204 3160 16995 3280 3175 16996 2589 3132 16997 2471 3161 16998 2469 3232 16999 3277 3162 17000 3298 3164 17001 3274 3177 17002 2588 3130 17003 3271 3165 17004 2587 3129 17005 2594 3144 17006 3268 3167 17007 2586 3126 17008 2593 3142 17009 3265 3169 17010 2585 3125 17011 2592 3140 17012 3262 3171 17013 2584 3122 17014 2591 3138 17015 3259 3172 17016 2583 3121 17017 2590 3137 17018 3276 3174 17019 2571 3135 17020 2589 3132 17021 3276 3174 17022 3256 3247 17023 2582 3119 17024 3253 3176 17025 2581 3116 17026 2588 3130 17027 3250 3178 17028 2580 3114 17029 2587 3129 17030 3247 3179 17031 2579 3113 17032 2586 3126 17033 2517 3180 17034 3297 3221 17035 3241 3181 17036 2499 3183 17037 3294 3223 17038 3235 3184 17039 2481 3186 17040 3291 3225 17041 3229 3187 17042 2527 3189 17043 2525 3227 17044 3288 3190 17045 2509 3192 17046 2507 3229 17047 3285 3193 17048 2489 3195 17049 3282 3231 17050 3211 3196 17051 3244 3198 17052 3240 3153 17053 2570 3109 17054 3234 3154 17055 2569 3106 17056 2577 3108 17057 3228 3155 17058 2568 3151 17059 2576 3103 17060 3226 3201 17061 3222 3156 17062 2567 3100 17063 3220 3202 17064 3216 3158 17065 2566 3097 17066 3214 3203 17067 3210 3159 17068 2565 3094 17069 3208 3204 17070 3204 3160 17071 2564 3147 17072 2519 3182 17073 3241 3181 17074 3243 3205 17075 2503 3207 17076 2501 3185 17077 3235 3184 17078 2485 3209 17079 2483 3188 17080 3229 3187 17081 2529 3211 17082 2527 3189 17083 3223 3191 17084 2511 3213 17085 2509 3192 17086 3217 3194 17087 2491 3197 17088 3211 3196 17089 3213 3215 17090 2473 3217 17091 3205 4182 17092 3207 3218 17093 2517 3180 17094 2515 3235 17095 3273 3220 17096 2497 3222 17097 3270 3237 17098 3294 3223 17099 2481 3186 17100 2479 3239 17101 3267 3224 17102 2523 3226 17103 3264 3240 17104 3288 3190 17105 2505 3228 17106 3261 3241 17107 3285 3193 17108 2487 3230 17109 3258 3242 17110 3282 3231 17111 2469 3232 17112 2531 3243 17113 3255 3233 17114 2513 3234 17115 3252 3244 17116 3273 3220 17117 2495 3236 17118 3249 3245 17119 3270 3237 17120 2477 3238 17121 3246 3246 17122 3267 3224 17123 2521 3206 17124 3243 3205 17125 3264 3240 17126 2505 3228 17127 2503 3207 17128 3237 3208 17129 2487 3230 17130 2485 3209 17131 3231 3210 17132 2529 3211 17133 3225 3212 17134 3255 3233 17135 2511 3213 17136 3219 3214 17137 3252 3244 17138 2493 3216 17139 3213 3215 17140 3249 3245 17141 2477 3238 17142 2475 3219 17143 3207 3218 17144 3244 3198 17145 2578 3111 17146 2585 3125 17147 3262 3171 17148 3238 3199 17149 2577 3108 17150 3259 3172 17151 3232 3200 17152 2576 3103 17153 3256 3247 17154 3226 3201 17155 2575 3102 17156 3220 3202 17157 2574 3099 17158 2581 3116 17159 3214 3203 17160 2573 3096 17161 2580 3114 17162 3208 3204 17163 2572 3086 17164 2579 3113 17165 2612 3248 17166 4111 3343 17167 4110 3249 17168 2544 3095 17169 2543 3148 17170 4089 3251 17171 2558 3110 17172 2557 3093 17173 4103 3092 17174 2545 3115 17175 2544 3095 17176 4090 3252 17177 2558 3110 17178 4104 3253 17179 4105 3255 17180 2545 3115 17181 4091 3254 17182 4092 3256 17183 2532 3133 17184 4079 3270 17185 4078 3257 17186 2560 3141 17187 2559 3124 17188 4105 3255 17189 2546 3128 17190 4092 3256 17191 4093 3259 17192 2534 3087 17193 2533 3134 17194 4078 3257 17195 2561 3150 17196 2560 3141 17197 4106 3258 17198 2548 3152 17199 2547 3145 17200 4093 3259 17201 2535 3088 17202 2534 3087 17203 4080 3260 17204 2561 3150 17205 4107 3261 17206 4108 3264 17207 2548 3152 17208 4094 3262 17209 2613 3265 17210 2535 3088 17211 4081 3263 17212 4082 3266 17213 2562 3101 17214 4108 3264 17215 4109 3267 17216 2550 3123 17217 2549 3107 17218 2613 3265 17219 2536 3112 17220 4082 3266 17221 4083 3269 17222 2532 3133 17223 2563 3118 17224 4109 3267 17225 2551 3139 17226 2550 3123 17227 4096 3268 17228 2537 3127 17229 4083 3269 17230 4084 3272 17231 2551 3139 17232 4097 3271 17233 4098 3273 17234 2539 3104 17235 2538 3143 17236 4084 3272 17237 2552 3149 17238 4098 3273 17239 4099 3275 17240 2539 3104 17241 4085 3274 17242 4086 3276 17243 2554 3117 17244 2553 3098 17245 4099 3275 17246 2541 3120 17247 2540 3105 17248 4086 3276 17249 2554 3117 17250 4100 3277 17251 4101 3279 17252 2541 3120 17253 4087 3278 17254 4088 3280 17255 2556 3091 17256 2555 3131 17257 4101 3279 17258 2543 3148 17259 2542 3136 17260 4088 3280 17261 4204 3282 17262 4135 3407 17263 4136 3283 17264 2599 3285 17265 4453 3344 17266 4186 3286 17267 2626 3288 17268 4114 3345 17269 4459 3289 17270 4095 3250 17271 4110 3249 17272 4455 3291 17273 2600 3287 17274 4186 3286 17275 4185 3293 17276 2627 3290 17277 4459 3289 17278 4452 3295 17279 2614 3292 17280 4455 3291 17281 4113 3297 17282 2601 3294 17283 4185 3293 17284 4187 3299 17285 2615 3298 17286 4113 3297 17287 4112 3301 17288 2602 3300 17289 4187 3299 17290 4188 3303 17291 2616 3302 17292 4112 3301 17293 4197 3305 17294 2603 3304 17295 4188 3303 17296 4189 3307 17297 2617 3306 17298 4197 3305 17299 4196 3309 17300 2604 3308 17301 4189 3307 17302 4190 3311 17303 2618 3310 17304 4196 3309 17305 4456 3313 17306 2605 3312 17307 4190 3311 17308 4191 3315 17309 2619 3314 17310 4456 3313 17311 4457 3317 17312 2606 3316 17313 4191 3315 17314 4192 3319 17315 2620 3318 17316 4457 3317 17317 4458 3321 17318 2607 3320 17319 4192 3319 17320 4454 3323 17321 2621 3322 17322 4458 3321 17323 4199 3325 17324 2608 3324 17325 4454 3323 17326 4194 3327 17327 2622 3326 17328 4199 3325 17329 4198 3329 17330 2609 3328 17331 4194 3327 17332 4193 3331 17333 2597 3296 17334 4452 3295 17335 4184 3333 17336 2623 3330 17337 4198 3329 17338 4200 3335 17339 2610 3332 17340 4193 3331 17341 4195 3337 17342 2596 3334 17343 4184 3333 17344 4183 3339 17345 2624 3336 17346 4200 3335 17347 4115 3341 17348 2611 3338 17349 4195 3337 17350 4111 3343 17351 2598 3340 17352 4183 3339 17353 4453 3344 17354 2625 3342 17355 4115 3341 17356 4114 3345 17357 3300 3346 17358 4170 3471 17359 4171 3347 17360 4202 3349 17361 4122 3408 17362 4123 3350 17363 2821 3284 17364 4136 3283 17365 4137 3352 17366 2823 3351 17367 4123 3350 17368 4124 3354 17369 2824 3353 17370 4137 3352 17371 4138 3356 17372 2825 3355 17373 4124 3354 17374 4125 3358 17375 2826 3357 17376 4138 3356 17377 4139 3360 17378 2827 3359 17379 4125 3358 17380 4126 3362 17381 2828 3361 17382 4139 3360 17383 4140 3364 17384 2829 3363 17385 4126 3362 17386 4127 3366 17387 4224 3365 17388 4140 3364 17389 4141 3368 17390 4223 3367 17391 4127 3366 17392 4128 3370 17393 4222 3369 17394 4141 3368 17395 4142 3372 17396 4221 3371 17397 4128 3370 17398 4129 3374 17399 4220 3373 17400 4142 3372 17401 4143 3376 17402 4219 3375 17403 4129 3374 17404 4130 3378 17405 2838 3380 17406 4117 3406 17407 4116 3381 17408 4218 3377 17409 4143 3376 17410 4144 3383 17411 4217 3379 17412 4130 3378 17413 4131 3385 17414 4216 3382 17415 4116 3381 17416 4118 3387 17417 4215 3384 17418 4144 3383 17419 4145 3389 17420 4214 3386 17421 4131 3385 17422 4132 3391 17423 4213 3388 17424 4118 3387 17425 4119 3393 17426 4212 3390 17427 4145 3389 17428 4146 3395 17429 2844 3392 17430 4132 3391 17431 4133 3397 17432 2845 3394 17433 4119 3393 17434 4120 3399 17435 2846 3396 17436 4146 3395 17437 4147 3401 17438 2847 3398 17439 4133 3397 17440 4134 3403 17441 2848 3400 17442 4120 3399 17443 4121 3404 17444 2849 3402 17445 4147 3401 17446 4117 3406 17447 2850 3291 17448 4134 3403 17449 4135 3407 17450 2851 3405 17451 4121 3404 17452 4122 3408 17453 2679 3409 17454 2924 3835 17455 2925 3410 17456 3302 3412 17457 2680 3472 17458 4158 3413 17459 3304 3415 17460 3301 3348 17461 4171 3347 17462 3303 3414 17463 4158 3413 17464 4159 3417 17465 3304 3415 17466 4172 3416 17467 4173 3419 17468 3307 3421 17469 3305 3418 17470 4159 3417 17471 3308 3423 17472 3306 3420 17473 4173 3419 17474 3307 3421 17475 4160 3422 17476 4161 3425 17477 3310 3427 17478 3308 3423 17479 4174 3424 17480 3309 3426 17481 4161 3425 17482 4162 3429 17483 3313 3431 17484 3312 3458 17485 4149 3432 17486 3310 3427 17487 4175 3428 17488 4176 3434 17489 3315 3436 17490 3311 3430 17491 4162 3429 17492 3313 3431 17493 4148 3433 17494 4150 3438 17495 3317 3440 17496 3314 3435 17497 4176 3434 17498 3315 3436 17499 4163 3437 17500 4164 3442 17501 3319 3444 17502 3316 3439 17503 4150 3438 17504 3317 3440 17505 4177 3441 17506 4178 3446 17507 3318 3443 17508 4164 3442 17509 4165 3448 17510 3322 3450 17511 3319 3444 17512 4151 3445 17513 3320 3447 17514 4178 3446 17515 4179 3452 17516 3324 3454 17517 3321 3449 17518 4165 3448 17519 3322 3450 17520 4152 3451 17521 4153 3456 17522 3312 3458 17523 3323 3453 17524 4179 3452 17525 3326 3459 17526 3324 3454 17527 4166 3455 17528 3325 3457 17529 4153 3456 17530 4154 3461 17531 3328 3463 17532 3326 3459 17533 4167 3460 17534 3329 3465 17535 3327 3462 17536 4154 3461 17537 3330 3467 17538 3328 3463 17539 4168 3464 17540 3331 3469 17541 3329 3465 17542 4155 3466 17543 3330 3467 17544 4169 3468 17545 4170 3471 17546 3331 3469 17547 4156 3470 17548 2680 3472 17549 3203 3473 17550 3202 3482 17551 3167 3474 17552 2763 3085 17553 2765 3026 17554 2798 3476 17555 2703 3478 17556 2706 3571 17557 3079 3479 17558 2765 3026 17559 2704 3025 17560 2767 3481 17561 3202 3482 17562 3201 3485 17563 3164 3483 17564 2796 3484 17565 2761 3083 17566 2763 3085 17567 3201 3485 17568 3200 3488 17569 3161 3486 17570 2795 3487 17571 2759 3081 17572 2761 3083 17573 3200 3488 17574 3199 3491 17575 3158 3489 17576 2757 3079 17577 2759 3081 17578 2795 3487 17579 3199 3491 17580 3198 3494 17581 3155 3492 17582 2755 3077 17583 2757 3079 17584 2794 3490 17585 3198 3494 17586 3197 3497 17587 3152 3495 17588 2792 3496 17589 2753 3075 17590 2755 3077 17591 3197 3497 17592 3196 3501 17593 3149 3498 17594 2791 3499 17595 2751 3073 17596 2753 3075 17597 3195 3500 17598 3146 3504 17599 3149 3498 17600 2790 3502 17601 2749 3071 17602 2751 3073 17603 3194 3503 17604 3143 3507 17605 3146 3504 17606 2747 3069 17607 2749 3071 17608 2790 3502 17609 3193 3506 17610 3140 3510 17611 3143 3507 17612 2745 3067 17613 2747 3069 17614 2789 3505 17615 3192 3509 17616 3137 3513 17617 3140 3510 17618 2787 3511 17619 2743 3065 17620 2745 3067 17621 3191 3512 17622 3134 3516 17623 3137 3513 17624 2741 3063 17625 2743 3065 17626 2787 3511 17627 3190 3515 17628 3131 3519 17629 3134 3516 17630 2739 3061 17631 2741 3063 17632 2786 3514 17633 3189 3518 17634 3128 3522 17635 3131 3519 17636 2737 3059 17637 2739 3061 17638 2785 3517 17639 3188 3521 17640 3125 3525 17641 3128 3522 17642 2783 3523 17643 2735 3057 17644 2737 3059 17645 3188 3521 17646 3187 3527 17647 3122 3524 17648 2782 3526 17649 2733 3055 17650 2735 3057 17651 3187 3527 17652 3186 3530 17653 3119 3528 17654 2781 3529 17655 2731 3053 17656 2733 3055 17657 3186 3530 17658 3185 3534 17659 3116 3531 17660 2729 3051 17661 2731 3053 17662 2781 3529 17663 3184 3533 17664 3113 3537 17665 3116 3531 17666 2727 3049 17667 2729 3051 17668 2780 3532 17669 3183 3536 17670 3110 3540 17671 3113 3537 17672 2725 3047 17673 2727 3049 17674 2779 3535 17675 3183 3536 17676 3182 3542 17677 3107 3539 17678 2723 3045 17679 2725 3047 17680 2778 3538 17681 3182 3542 17682 3181 3546 17683 3104 3543 17684 2776 3544 17685 2721 3043 17686 2723 3045 17687 3180 3545 17688 3101 3549 17689 3104 3543 17690 2775 3547 17691 2719 3041 17692 2721 3043 17693 3180 3545 17694 3179 3552 17695 3098 3548 17696 2717 3039 17697 2719 3041 17698 2775 3547 17699 3178 3551 17700 3095 3555 17701 3098 3548 17702 2715 3037 17703 2717 3039 17704 2774 3550 17705 3177 3554 17706 3092 3558 17707 3095 3555 17708 2772 3556 17709 2713 3035 17710 2715 3037 17711 3177 3554 17712 3176 3560 17713 3089 3557 17714 2771 3559 17715 2711 3033 17716 2713 3035 17717 3176 3560 17718 3175 3563 17719 3086 3561 17720 2709 3031 17721 2711 3033 17722 2771 3559 17723 3175 3563 17724 3174 3567 17725 3083 3564 17726 2707 3028 17727 2709 3031 17728 2770 3562 17729 3173 3566 17730 3080 4059 17731 3083 3564 17732 2705 3029 17733 2707 3028 17734 2769 3565 17735 3172 3569 17736 3203 3473 17737 3170 3475 17738 2704 3025 17739 2705 3029 17740 2768 3568 17741 2703 3478 17742 2767 3481 17743 2768 3568 17744 2706 3571 17745 2768 3568 17746 2769 3565 17747 2708 3572 17748 2769 3565 17749 2770 3562 17750 2710 3573 17751 2770 3562 17752 2771 3559 17753 2771 3559 17754 2772 3556 17755 2714 3575 17756 2772 3556 17757 2773 3553 17758 2716 3576 17759 2716 3576 17760 2773 3553 17761 2774 3550 17762 2718 3577 17763 2774 3550 17764 2775 3547 17765 2775 3547 17766 2776 3544 17767 2722 3579 17768 2776 3544 17769 2777 3541 17770 2724 3580 17771 2724 3580 17772 2777 3541 17773 2778 3538 17774 2726 3581 17775 2778 3538 17776 2779 3535 17777 2728 3582 17778 2779 3535 17779 2780 3532 17780 2730 3583 17781 2780 3532 17782 2781 3529 17783 2781 3529 17784 2782 3526 17785 2734 3585 17786 2782 3526 17787 2783 3523 17788 2736 3586 17789 2783 3523 17790 2784 3520 17791 2738 3587 17792 2738 3587 17793 2784 3520 17794 2785 3517 17795 2740 3588 17796 2785 3517 17797 2786 3514 17798 2742 3589 17799 2786 3514 17800 2787 3511 17801 2787 3511 17802 2788 3508 17803 2746 3591 17804 2746 3591 17805 2788 3508 17806 2789 3505 17807 2748 3592 17808 2789 3505 17809 2790 3502 17810 2790 3502 17811 2791 3499 17812 2752 3594 17813 2791 3499 17814 2792 3496 17815 2754 3595 17816 2792 3496 17817 2793 3493 17818 2756 3596 17819 2756 3596 17820 2793 3493 17821 2794 3490 17822 2758 3597 17823 2794 3490 17824 2795 3487 17825 2795 3487 17826 2796 3484 17827 2762 3599 17828 2796 3484 17829 2797 3477 17830 2764 3600 17831 2766 3601 17832 2798 3476 17833 2767 3481 17834 2764 3600 17835 2797 3477 17836 2798 3476 17837 2633 3602 17838 2812 3607 17839 4251 3603 17840 4210 3604 17841 4274 3618 17842 2903 3605 17843 2812 3607 17844 2632 3613 17845 4250 3608 17846 2843 3609 17847 4209 3621 17848 4273 3610 17849 2631 3612 17850 4249 2662 17851 4250 3608 17852 4211 3614 17853 4208 3628 17854 4272 3615 17855 2631 3612 17856 2811 3619 17857 4248 3616 17858 4207 3617 17859 4271 3635 17860 4274 3618 17861 2811 3619 17862 2810 3626 17863 4247 3620 17864 4209 3621 17865 4205 3640 17866 4269 3622 17867 2820 3623 17868 4232 3636 17869 4296 3624 17870 2809 3625 17871 4246 3633 17872 4247 3620 17873 4203 3627 17874 4267 3646 17875 4272 3615 17876 4231 3629 17877 4295 3643 17878 4266 3630 17879 2630 3632 17880 4245 3639 17881 4246 3633 17882 4201 3634 17883 4265 3651 17884 4271 3635 17885 4232 3636 17886 4230 3648 17887 4294 3637 17888 2808 3638 17889 4244 3645 17890 4245 3639 17891 4205 3640 17892 4206 3740 17893 4270 3641 17894 4231 3629 17895 4229 3611 17896 4293 3642 17897 2807 3644 17898 4243 3650 17899 4244 3645 17900 2820 3623 17901 4268 3611 17902 4267 3646 17903 4228 3647 17904 4292 3654 17905 4294 3637 17906 2806 3649 17907 4242 2662 17908 4243 3650 17909 2822 3631 17910 4266 3630 17911 4265 3651 17912 4227 3652 17913 4291 3657 17914 4293 3642 17915 2806 3649 17916 2805 2662 17917 4241 2662 17918 4226 3653 17919 4290 3659 17920 4292 3654 17921 2804 3655 17922 4240 2662 17923 4241 2662 17924 4227 3652 17925 4225 3773 17926 4289 3656 17927 2804 3655 17928 2803 3775 17929 2858 3658 17930 2830 3611 17931 4288 3611 17932 4290 3659 17933 4238 3660 17934 2912 3670 17935 2914 3661 17936 2870 3663 17937 2911 3672 17938 2913 3664 17939 4264 3666 17940 2910 3674 17941 2915 3667 17942 4237 3669 17943 2909 3676 17944 2912 3670 17945 2869 3671 17946 2908 3678 17947 2911 3672 17948 4263 3673 17949 2907 3680 17950 2910 3674 17951 4236 3675 17952 2906 3682 17953 2909 3676 17954 2868 3677 17955 2905 3684 17956 2908 3678 17957 4262 3679 17958 4276 3686 17959 2907 3680 17960 4235 3681 17961 4277 3688 17962 2906 3682 17963 2867 3683 17964 4278 3690 17965 2905 3684 17966 4261 3685 17967 4279 3692 17968 4276 3686 17969 4233 3687 17970 4280 3693 17971 4277 3688 17972 2866 3689 17973 4281 3695 17974 4278 3690 17975 4260 3691 17976 4282 3697 17977 4279 3692 17978 4234 3668 17979 2915 3667 17980 4280 3693 17981 2865 3694 17982 4283 3699 17983 4281 3695 17984 4259 3696 17985 4284 3701 17986 4282 3697 17987 2864 3698 17988 4285 3703 17989 4283 3699 17990 4258 3700 17991 4286 3705 17992 4284 3701 17993 2863 3702 17994 4287 3707 17995 4285 3703 17996 4257 3704 17997 2892 3709 17998 4286 3705 17999 2862 3706 18000 2891 3711 18001 4287 3707 18002 4256 3708 18003 2890 3713 18004 2892 3709 18005 2861 3710 18006 2889 3715 18007 2891 3711 18008 4255 3712 18009 2888 3717 18010 2890 3713 18011 2860 3714 18012 2887 3719 18013 2889 3715 18014 4254 3716 18015 2886 3721 18016 2888 3717 18017 2859 3718 18018 2885 3722 18019 2887 3719 18020 4253 3720 18021 2884 3723 18022 2886 3721 18023 4239 3662 18024 2914 3661 18025 2885 3722 18026 2871 3665 18027 2913 3664 18028 2884 3723 18029 4211 3614 18030 4275 3611 18031 2902 3724 18032 2633 3602 18033 4252 2662 18034 2872 3726 18035 2843 3609 18036 2904 3611 18037 2901 3728 18038 2634 3727 18039 2872 3726 18040 2873 2662 18041 2839 3730 18042 2842 3606 18043 2903 3605 18044 2814 3732 18045 2813 2662 18046 2873 2662 18047 2841 3725 18048 2902 3724 18049 2899 3734 18050 2635 3736 18051 2814 3732 18052 2874 3733 18053 2840 3729 18054 2901 3728 18055 2898 3738 18056 2815 2662 18057 2635 3736 18058 2875 3737 18059 4206 3740 18060 2839 3730 18061 2900 3731 18062 2815 2662 18063 2876 2662 18064 2877 3741 18065 2835 3743 18066 2837 3735 18067 2899 3734 18068 2636 3742 18069 2877 3741 18070 2878 3745 18071 2834 3747 18072 2836 3739 18073 2898 3738 18074 2816 3746 18075 2878 3745 18076 2879 2662 18077 2628 3749 18078 2853 3774 18079 2852 3750 18080 2833 3752 18081 2835 3743 18082 2897 3744 18083 2818 3754 18084 2817 2662 18085 2879 2662 18086 2799 3751 18087 2852 3750 18088 2854 3756 18089 2832 3758 18090 2834 3747 18091 2896 3748 18092 2637 3760 18093 2818 3754 18094 2880 3755 18095 2629 3761 18096 2800 3757 18097 2854 3756 18098 2831 3763 18099 2833 3752 18100 2895 3753 18101 2637 3760 18102 2881 2662 18103 2882 3765 18104 2801 3767 18105 2629 3761 18106 2855 3762 18107 2830 3611 18108 2832 3758 18109 2894 3759 18110 2638 3766 18111 2882 3765 18112 2883 3769 18113 2802 3771 18114 2801 3767 18115 2856 3768 18116 4225 3773 18117 2831 3763 18118 2893 3764 18119 2819 3770 18120 2883 3769 18121 2853 3774 18122 2803 3775 18123 2802 3771 18124 2857 3772 18125 2693 3776 18126 2938 3836 18127 2939 3777 18128 4157 3411 18129 2925 3410 18130 2926 3779 18131 2694 3778 18132 2939 3777 18133 2940 3781 18134 2681 3780 18135 2926 3779 18136 2927 3783 18137 2695 3782 18138 2940 3781 18139 2941 3785 18140 2682 3784 18141 2927 3783 18142 2928 3787 18143 2696 3786 18144 2941 3785 18145 2942 3789 18146 2683 3788 18147 2928 3787 18148 2929 3791 18149 2697 3790 18150 2942 3789 18151 2943 3793 18152 2684 3792 18153 2929 3791 18154 2930 3795 18155 2672 3797 18156 2917 3824 18157 2916 3798 18158 2698 3794 18159 2943 3793 18160 2944 3800 18161 2685 3796 18162 2930 3795 18163 2931 3802 18164 2671 3799 18165 2916 3798 18166 2918 3804 18167 2699 3801 18168 2944 3800 18169 2945 3806 18170 2686 3803 18171 2931 3802 18172 2932 3808 18173 2673 3805 18174 2918 3804 18175 2919 3810 18176 2700 3807 18177 2945 3806 18178 2946 3812 18179 2687 3809 18180 2932 3808 18181 2933 3814 18182 2674 3811 18183 2919 3810 18184 2920 3816 18185 2701 3813 18186 2946 3812 18187 2947 3818 18188 2688 3815 18189 2933 3814 18190 2934 3820 18191 2675 3817 18192 2920 3816 18193 2921 3822 18194 2702 3819 18195 2947 3818 18196 2917 3824 18197 2689 3821 18198 2934 3820 18199 2935 3825 18200 2676 3823 18201 2921 3822 18202 2922 3827 18203 2690 3826 18204 2935 3825 18205 2936 3829 18206 2677 3828 18207 2922 3827 18208 2923 3831 18209 2691 3830 18210 2936 3829 18211 2937 3833 18212 2678 3832 18213 2923 3831 18214 2924 3835 18215 2692 3834 18216 2937 3833 18217 2938 3836 18218 4180 3837 18219 2976 3927 18220 2979 3838 18221 2531 3243 18222 2469 3232 18223 4360 3840 18224 2529 3211 18225 2531 3243 18226 4357 3841 18227 2527 3189 18228 2529 3211 18229 4356 3842 18230 2525 3227 18231 2527 3189 18232 4362 3843 18233 2523 3226 18234 2525 3227 18235 4364 3844 18236 2521 3206 18237 2523 3226 18238 4366 3845 18239 2519 3182 18240 2521 3206 18241 4368 3846 18242 2517 3180 18243 2519 3182 18244 4370 3847 18245 2515 3235 18246 2517 3180 18247 4372 3848 18248 2513 3234 18249 2515 3235 18250 4374 3849 18251 2511 3213 18252 2513 3234 18253 4376 3850 18254 2509 3192 18255 2511 3213 18256 4378 3851 18257 2507 3229 18258 2509 3192 18259 4380 3852 18260 2505 3228 18261 2507 3229 18262 3019 3853 18263 2503 3207 18264 2505 3228 18265 4384 3854 18266 2501 3185 18267 2503 3207 18268 4386 3855 18269 2499 3183 18270 2501 3185 18271 4388 3856 18272 2497 3222 18273 2499 3183 18274 4390 3857 18275 2495 3236 18276 2497 3222 18277 4392 3858 18278 2493 3216 18279 2495 3236 18280 4394 3859 18281 2491 3197 18282 2493 3216 18283 4396 3860 18284 2489 3195 18285 2491 3197 18286 3003 3861 18287 2487 3230 18288 2489 3195 18289 3001 3862 18290 2485 3209 18291 2487 3230 18292 4402 3863 18293 2483 3188 18294 2485 3209 18295 4404 3864 18296 2481 3186 18297 2483 3188 18298 4406 3865 18299 2479 3239 18300 2481 3186 18301 4408 3866 18302 2477 3238 18303 2479 3239 18304 4410 3867 18305 2475 3219 18306 2477 3238 18307 2989 3868 18308 2473 3217 18309 2475 3219 18310 2987 3869 18311 2471 3161 18312 2473 3217 18313 2985 3870 18314 2998 3611 18315 3058 3994 18316 3056 3872 18317 2982 3874 18318 2981 3611 18319 4077 3875 18320 3016 3877 18321 2951 3993 18322 2953 3878 18323 2999 2662 18324 4400 2662 18325 3057 3880 18326 4418 3882 18327 3075 3894 18328 2975 3883 18329 3034 3884 18330 2969 3991 18331 2971 3885 18332 3017 3887 18333 4382 3901 18334 2952 3888 18335 4417 3889 18336 2982 3874 18337 4076 3876 18338 3035 3890 18339 3037 3902 18340 2970 2662 18341 4399 3892 18342 4401 3873 18343 3056 3872 18344 4416 3893 18345 3073 3907 18346 3075 3894 18347 4381 3895 18348 4383 3879 18349 2953 3878 18350 4398 3897 18351 3055 3909 18352 3057 3880 18353 4365 3886 18354 2971 3885 18355 2973 3898 18356 3021 3900 18357 2954 2662 18358 2952 3888 18359 4417 3889 18360 3072 3611 18361 3070 3611 18362 3037 3902 18363 3039 3915 18364 2972 3903 18365 4399 3892 18366 3054 3611 18367 3052 3904 18368 4416 3893 18369 4414 3918 18370 3071 3906 18371 3022 3908 18372 4381 3895 18373 2955 3896 18374 4398 3897 18375 3005 3921 18376 3053 2662 18377 3040 3910 18378 3038 3899 18379 2973 3898 18380 3023 2662 18381 2956 2662 18382 2954 2662 18383 2988 3912 18384 4415 3611 18385 3070 3611 18386 3041 3914 18387 2978 2662 18388 2972 3903 18389 4397 3905 18390 3052 3904 18391 3050 3611 18392 4412 3917 18393 3069 2662 18394 3071 3906 18395 3022 3908 18396 2957 3611 18397 2959 3919 18398 3005 3921 18399 3007 4019 18400 3051 3922 18401 3043 3923 18402 4327 4018 18403 4077 3875 18404 3023 2662 18405 3025 4017 18406 2958 3924 18407 2990 3925 18408 2988 3912 18409 3068 3913 18410 2469 3232 18411 2471 3161 18412 2983 3871 18413 4181 3926 18414 2974 3986 18415 2976 3927 18416 4182 3839 18417 2979 3838 18418 4325 3928 18419 4328 3929 18420 4325 3928 18421 4324 3930 18422 4329 3931 18423 4324 3930 18424 4323 3932 18425 4330 3933 18426 4323 3932 18427 4322 3934 18428 4331 3935 18429 4322 3934 18430 4321 3936 18431 4332 3937 18432 4321 3936 18433 4320 3938 18434 4333 3939 18435 4320 3938 18436 4319 3940 18437 4334 3941 18438 4319 3940 18439 4318 3942 18440 4335 3943 18441 4318 3942 18442 4317 3944 18443 4336 3945 18444 4317 3944 18445 4316 3946 18446 4337 3947 18447 4316 3946 18448 4315 3948 18449 4338 3949 18450 4315 3948 18451 4314 3950 18452 4339 3951 18453 4314 3950 18454 4313 3952 18455 4340 3953 18456 4313 3952 18457 4312 3954 18458 4341 3955 18459 4312 3954 18460 4311 3956 18461 4342 3957 18462 4311 3956 18463 4310 3958 18464 4343 3959 18465 4310 3958 18466 4309 3960 18467 4344 3961 18468 4309 3960 18469 4308 3962 18470 4345 3963 18471 4308 3962 18472 4307 3964 18473 4346 3965 18474 4307 3964 18475 4306 3966 18476 4347 3967 18477 4306 3966 18478 4305 3968 18479 4348 3969 18480 4305 3968 18481 4304 3970 18482 4349 3971 18483 4304 3970 18484 4303 3972 18485 4350 3973 18486 4303 3972 18487 4302 3974 18488 4351 3975 18489 4302 3974 18490 4301 3976 18491 4352 3977 18492 4301 3976 18493 4300 3978 18494 4353 3979 18495 4300 3978 18496 4298 3980 18497 4354 3981 18498 4298 3980 18499 4299 3982 18500 4355 3983 18501 4299 3982 18502 3074 3984 18503 4297 3985 18504 3074 3984 18505 2974 3986 18506 3033 3987 18507 3035 3890 18508 2968 3891 18509 3015 3988 18510 3017 3887 18511 2950 2662 18512 3032 3990 18513 2967 3611 18514 2969 3991 18515 2997 2662 18516 2999 2662 18517 3059 3881 18518 3014 3992 18519 2949 3999 18520 2951 3993 18521 2996 3611 18522 3060 3611 18523 3058 3994 18524 3031 2662 18525 3033 3987 18526 2966 2662 18527 3015 3988 18528 2948 3989 18529 3045 3996 18530 3030 3611 18531 2965 3611 18532 2967 3611 18533 2997 2662 18534 3061 2662 18535 3063 3997 18536 3014 3992 18537 3012 3611 18538 3044 3998 18539 2996 3611 18540 2994 3611 18541 3062 4000 18542 3029 2662 18543 3031 2662 18544 2964 3995 18545 3011 4001 18546 3013 2662 18547 3045 3996 18548 3028 3611 18549 2963 3611 18550 2965 3611 18551 2995 2662 18552 3063 3997 18553 3065 4003 18554 3010 4004 18555 3046 4015 18556 3044 3998 18557 2994 3611 18558 2992 4016 18559 3064 4005 18560 3029 2662 18561 2962 2662 18562 2960 4006 18563 3009 4008 18564 3011 4001 18565 3047 4002 18566 3028 3611 18567 3026 4020 18568 2961 4010 18569 3041 3914 18570 3042 4021 18571 2977 4011 18572 2991 4012 18573 2993 2662 18574 3065 4003 18575 3008 4014 18576 3048 4022 18577 3046 4015 18578 2990 3925 18579 3066 3611 18580 3064 4005 18581 3025 4017 18582 3027 4007 18583 2960 4006 18584 3040 3910 18585 4326 3911 18586 4327 4018 18587 3007 4019 18588 3009 4008 18589 3049 4009 18590 3024 3920 18591 2959 3919 18592 2961 4010 18593 3042 4021 18594 2980 2662 18595 2975 3883 18596 2991 4012 18597 3067 4013 18598 3069 2662 18599 4395 3916 18600 3050 3611 18601 3048 4022 18602 2766 3601 18603 2703 3478 18604 3077 3480 18605 2708 3572 18606 2710 3573 18607 3085 4024 18608 2710 3573 18609 2712 3574 18610 3088 4026 18611 2712 3574 18612 2714 3575 18613 3091 4027 18614 2714 3575 18615 2716 3576 18616 3094 4028 18617 2716 3576 18618 2718 3577 18619 3097 4029 18620 2718 3577 18621 2720 3578 18622 3100 4030 18623 2720 3578 18624 2722 3579 18625 3103 4031 18626 2722 3579 18627 2724 3580 18628 3106 4032 18629 2724 3580 18630 2726 3581 18631 3109 4033 18632 2726 3581 18633 2728 3582 18634 3112 4034 18635 2728 3582 18636 2730 3583 18637 3115 4035 18638 2730 3583 18639 2732 3584 18640 3118 4036 18641 2732 3584 18642 2734 3585 18643 3121 4037 18644 2734 3585 18645 2736 3586 18646 3124 4038 18647 2736 3586 18648 2738 3587 18649 3127 4039 18650 2738 3587 18651 2740 3588 18652 3130 4040 18653 2740 3588 18654 2742 3589 18655 3133 4041 18656 2742 3589 18657 2744 3590 18658 3136 4042 18659 2744 3590 18660 2746 3591 18661 3139 4043 18662 2746 3591 18663 2748 3592 18664 3142 4044 18665 2748 3592 18666 2750 3593 18667 3145 4045 18668 2750 3593 18669 2752 3594 18670 3148 4046 18671 2752 3594 18672 2754 3595 18673 3151 4047 18674 2754 3595 18675 2756 3596 18676 3154 4048 18677 2756 3596 18678 2758 3597 18679 3157 4049 18680 2758 3597 18681 2760 3598 18682 3160 4050 18683 2760 3598 18684 2762 3599 18685 3163 4051 18686 2762 3599 18687 2764 3600 18688 3166 4052 18689 2764 3600 18690 2766 3601 18691 3169 4023 18692 2706 3571 18693 2708 3572 18694 3082 4025 18695 3077 3480 18696 3079 3479 18697 4420 4053 18698 3081 4055 18699 3080 4059 18700 3076 3570 18701 3079 3479 18702 3082 4025 18703 4422 4057 18704 3084 4058 18705 3083 3564 18706 3080 4059 18707 3082 4025 18708 3085 4024 18709 4423 4060 18710 3087 4061 18711 3086 3561 18712 3083 3564 18713 3085 4024 18714 3088 4026 18715 4424 4062 18716 3090 4063 18717 3089 3557 18718 3086 3561 18719 3088 4026 18720 3091 4027 18721 4425 4064 18722 3093 4065 18723 3092 3558 18724 3089 3557 18725 3094 4028 18726 4426 4066 18727 4425 4064 18728 3093 4065 18729 3096 4067 18730 3095 3555 18731 3097 4029 18732 4427 4068 18733 4426 4066 18734 3096 4067 18735 3099 4069 18736 3098 3548 18737 3100 4030 18738 4428 4071 18739 4427 4068 18740 3099 4069 18741 3102 4073 18742 3101 3549 18743 3100 4030 18744 3103 4031 18745 4429 4070 18746 3105 4072 18747 3104 3543 18748 3101 3549 18749 3103 4031 18750 3106 4032 18751 4430 4074 18752 3108 4075 18753 3107 3539 18754 3104 3543 18755 3106 4032 18756 3109 4033 18757 4431 4076 18758 3111 4077 18759 3110 3540 18760 3107 3539 18761 3112 4034 18762 4432 4079 18763 4431 4076 18764 3111 4077 18765 3114 4081 18766 3113 3537 18767 3112 4034 18768 3115 4035 18769 4433 4078 18770 3117 4080 18771 3116 3531 18772 3113 3537 18773 3115 4035 18774 3118 4036 18775 4434 4082 18776 3120 4083 18777 3119 3528 18778 3116 3531 18779 3121 4037 18780 4435 4084 18781 4434 4082 18782 3120 4083 18783 3123 4085 18784 3122 3524 18785 3124 4038 18786 4436 4086 18787 4435 4084 18788 3123 4085 18789 3126 4087 18790 3125 3525 18791 3127 4039 18792 4437 4088 18793 4436 4086 18794 3126 4087 18795 3129 4089 18796 3128 3522 18797 3130 4040 18798 4438 4090 18799 4437 4088 18800 3129 4089 18801 3132 4091 18802 3131 3519 18803 3133 4041 18804 4439 4092 18805 4438 4090 18806 3132 4091 18807 3135 4093 18808 3134 3516 18809 3136 4042 18810 4440 4094 18811 4439 4092 18812 3135 4093 18813 3138 4095 18814 3137 3513 18815 3139 4043 18816 4441 4096 18817 4440 4094 18818 3138 4095 18819 3141 4097 18820 3140 3510 18821 3142 4044 18822 4442 4099 18823 4441 4096 18824 3141 4097 18825 3144 4100 18826 3143 3507 18827 3142 4044 18828 3145 4045 18829 4443 4098 18830 3144 4100 18831 3147 4101 18832 3146 3504 18833 3148 4046 18834 4444 4103 18835 4443 4098 18836 3147 4101 18837 3150 4105 18838 3149 3498 18839 3148 4046 18840 3151 4047 18841 4445 4102 18842 3153 4104 18843 3152 3495 18844 3149 3498 18845 3151 4047 18846 3154 4048 18847 4446 4106 18848 3156 4107 18849 3155 3492 18850 3152 3495 18851 3154 4048 18852 3157 4049 18853 4447 4108 18854 3159 4109 18855 3158 3489 18856 3155 3492 18857 3157 4049 18858 3160 4050 18859 4448 4110 18860 3162 4111 18861 3161 3486 18862 3158 3489 18863 3163 4051 18864 4449 4112 18865 4448 4110 18866 3162 4111 18867 3165 4113 18868 3164 3483 18869 3166 4052 18870 4450 4115 18871 4449 4112 18872 3165 4113 18873 3168 4117 18874 3167 3474 18875 3166 4052 18876 3169 4023 18877 4451 4114 18878 3171 4116 18879 3170 3475 18880 3167 3474 18881 3169 4023 18882 3077 3480 18883 4421 4054 18884 3078 4056 18885 3076 3570 18886 3170 3475 18887 3172 3569 18888 3076 3570 18889 3080 4059 18890 2470 4118 18891 2468 4149 18892 3172 3569 18893 2472 4119 18894 2470 4118 18895 3173 3566 18896 2472 4119 18897 3174 3567 18898 3175 3563 18899 2476 4121 18900 2474 4120 18901 3175 3563 18902 2476 4121 18903 3176 3560 18904 3177 3554 18905 2478 4122 18906 3177 3554 18907 3178 3551 18908 2482 4124 18909 2480 4123 18910 3178 3551 18911 2482 4124 18912 3179 3552 18913 3180 3545 18914 2486 4126 18915 2484 4125 18916 3180 3545 18917 2486 4126 18918 3181 3546 18919 3182 3542 18920 2490 4128 18921 2488 4127 18922 3182 3542 18923 2492 4129 18924 2490 4128 18925 3183 3536 18926 2492 4129 18927 3184 3533 18928 3185 3534 18929 2496 4131 18930 2494 4130 18931 3185 3534 18932 2496 4131 18933 3186 3530 18934 3187 3527 18935 2498 4132 18936 3187 3527 18937 3188 3521 18938 2500 4133 18939 3188 3521 18940 3189 3518 18941 2504 4135 18942 2502 4134 18943 3189 3518 18944 2506 4136 18945 2504 4135 18946 3190 3515 18947 2508 4137 18948 2506 4136 18949 3191 3512 18950 2508 4137 18951 3192 3509 18952 3193 3506 18953 2512 4139 18954 2510 4138 18955 3193 3506 18956 2514 4140 18957 2512 4139 18958 3194 3503 18959 2516 4141 18960 2514 4140 18961 3195 3500 18962 2516 4141 18963 3196 3501 18964 3197 3497 18965 2518 4142 18966 3197 3497 18967 3198 3494 18968 2520 4143 18969 3198 3494 18970 3199 3491 18971 2524 4145 18972 2522 4144 18973 3199 3491 18974 2524 4145 18975 3200 3488 18976 3201 3485 18977 2526 4146 18978 3201 3485 18979 3202 3482 18980 2528 4147 18981 3202 3482 18982 3203 3473 18983 2468 4149 18984 2530 4148 18985 3203 3473 18986 3240 3153 18987 3242 4151 18988 3299 4150 18989 3242 4151 18990 3241 3181 18991 3297 3221 18992 3295 3166 18993 3234 3154 18994 3236 4152 18995 3296 4153 18996 3236 4152 18997 3235 3184 18998 3292 3168 18999 3228 3155 19000 3230 4154 19001 3230 4154 19002 3229 3187 19003 3291 3225 19004 3289 3170 19005 3222 3156 19006 3224 4156 19007 3224 4156 19008 3223 3191 19009 3288 3190 19010 3286 3157 19011 3216 3158 19012 3218 4158 19013 3218 4158 19014 3217 3194 19015 3285 3193 19016 3210 3159 19017 3212 4181 19018 3284 4160 19019 3284 4160 19020 3212 4181 19021 3211 3196 19022 3280 3175 19023 3204 3160 19024 3206 4161 19025 3206 4161 19026 3205 4182 19027 3279 3163 19028 3298 3164 19029 3299 4150 19030 3275 4163 19031 3275 4163 19032 3299 4150 19033 3297 3221 19034 3295 3166 19035 3296 4153 19036 3272 4164 19037 3272 4164 19038 3296 4153 19039 3294 3223 19040 3292 3168 19041 3293 4155 19042 3269 4165 19043 3293 4155 19044 3291 3225 19045 3267 3224 19046 3265 3169 19047 3289 3170 19048 3290 4157 19049 3266 4166 19050 3290 4157 19051 3288 3190 19052 3262 3171 19053 3286 3157 19054 3287 4159 19055 3287 4159 19056 3285 3193 19057 3261 3241 19058 3283 3173 19059 3284 4160 19060 3260 4168 19061 3260 4168 19062 3284 4160 19063 3282 3231 19064 3256 3247 19065 3276 3174 19066 3278 4169 19067 3278 4169 19068 3277 3162 19069 3255 3233 19070 3280 3175 19071 3281 4162 19072 3278 4169 19073 3281 4162 19074 3279 3163 19075 3277 3162 19076 3274 3177 19077 3275 4163 19078 3254 4171 19079 3254 4171 19080 3275 4163 19081 3273 3220 19082 3271 3165 19083 3272 4164 19084 3251 4172 19085 3251 4172 19086 3272 4164 19087 3270 3237 19088 3247 3179 19089 3268 3167 19090 3269 4165 19091 3248 4173 19092 3269 4165 19093 3267 3224 19094 3265 3169 19095 3266 4166 19096 3245 4174 19097 3245 4174 19098 3266 4166 19099 3264 3240 19100 3238 3199 19101 3262 3171 19102 3263 4167 19103 3239 4175 19104 3263 4167 19105 3261 3241 19106 3232 3200 19107 3259 3172 19108 3260 4168 19109 3233 4176 19110 3260 4168 19111 3258 3242 19112 3226 3201 19113 3256 3247 19114 3257 4170 19115 3257 4170 19116 3255 3233 19117 3225 3212 19118 3220 3202 19119 3253 3176 19120 3254 4171 19121 3254 4171 19122 3252 3244 19123 3219 3214 19124 3250 3178 19125 3251 4172 19126 3215 4179 19127 3215 4179 19128 3251 4172 19129 3249 3245 19130 3208 3204 19131 3247 3179 19132 3248 4173 19133 3248 4173 19134 3246 3246 19135 3207 3218 19136 3240 3153 19137 3244 3198 19138 3245 4174 19139 3242 4151 19140 3245 4174 19141 3243 3205 19142 3238 3199 19143 3239 4175 19144 3236 4152 19145 3236 4152 19146 3239 4175 19147 3237 3208 19148 3232 3200 19149 3233 4176 19150 3230 4154 19151 3233 4176 19152 3231 3210 19153 3229 3187 19154 3226 3201 19155 3227 4177 19156 3224 4156 19157 3224 4156 19158 3227 4177 19159 3225 3212 19160 3220 3202 19161 3221 4178 19162 3218 4158 19163 3221 4178 19164 3219 3214 19165 3217 3194 19166 3214 3203 19167 3215 4179 19168 3212 4181 19169 3212 4181 19170 3215 4179 19171 3213 3215 19172 3204 3160 19173 3208 3204 19174 3209 4180 19175 3209 4180 19176 3207 3218 19177 3205 4182 19178 2473 3217 19179 2471 3161 19180 3279 3163 19181 2648 4183 19182 2647 4186 19183 3331 3469 19184 2661 4184 19185 2660 4187 19186 3330 3467 19187 2646 4185 19188 3329 3465 19189 3331 3469 19190 2660 4187 19191 2659 4190 19192 3328 3463 19193 2645 4188 19194 3327 3462 19195 3329 3465 19196 2658 4189 19197 3326 3459 19198 3328 3463 19199 2645 4188 19200 2644 4194 19201 3325 3457 19202 2657 4191 19203 3324 3454 19204 3326 3459 19205 2670 4192 19206 3323 3453 19207 3312 3458 19208 2644 4194 19209 2643 4198 19210 3322 3450 19211 2656 4195 19212 3321 3449 19213 3324 3454 19214 2669 4196 19215 3320 3447 19216 3323 3453 19217 2642 4197 19218 3319 3444 19219 3322 3450 19220 2655 4199 19221 3318 3443 19222 3321 3449 19223 2669 4196 19224 2668 4200 19225 3317 3440 19226 2642 4197 19227 2641 4202 19228 3316 3439 19229 2655 4199 19230 2654 4203 19231 3315 3436 19232 2668 4200 19233 2667 4205 19234 3314 3435 19235 2639 4201 19236 3313 3431 19237 3316 3439 19238 2654 4203 19239 2653 4207 19240 3311 3430 19241 2666 4204 19242 3310 3427 19243 3314 3435 19244 2640 4193 19245 3312 3458 19246 3313 3431 19247 2652 4206 19248 3309 3426 19249 3311 3430 19250 2665 4208 19251 3308 3423 19252 3310 3427 19253 2652 4206 19254 2651 4210 19255 3307 3421 19256 2665 4208 19257 2664 4212 19258 3306 3420 19259 2650 4209 19260 3305 3418 19261 3307 3421 19262 2663 4211 19263 3304 3415 19264 3306 3420 19265 2649 4213 19266 3303 3414 19267 3305 3418 19268 2663 4211 19269 2662 4214 19270 3301 3348 19271 2649 4213 19272 2648 4183 19273 3302 3412 19274 2661 4184 19275 3300 3346 19276 3301 3348 19277 2277 2836 19278 4460 2778 19279 4461 2832 19280 4461 2832 19281 4463 2781 19282 2285 2843 19283 4491 2830 19284 4462 2776 19285 2401 2931 19286 4490 2828 19287 4491 2830 19288 2397 2932 19289 2389 2925 19290 4489 2826 19291 4490 2828 19292 2385 2921 19293 4488 2824 19294 4489 2826 19295 2381 2918 19296 4487 2822 19297 4488 2824 19298 2377 2915 19299 4486 2820 19300 4487 2822 19301 2373 2909 19302 4485 2819 19303 4486 2820 19304 4484 2817 19305 4485 2819 19306 2373 2909 19307 4483 2815 19308 4484 2817 19309 2369 2906 19310 4482 2813 19311 4483 2815 19312 2365 2903 19313 4481 2811 19314 4482 2813 19315 2361 2900 19316 4480 2809 19317 4481 2811 19318 2357 2901 19319 2349 2891 19320 4479 2807 19321 4480 2809 19322 2345 2892 19323 4478 2806 19324 4479 2807 19325 4477 2804 19326 4478 2806 19327 2345 2892 19328 2337 2885 19329 4476 2802 19330 4477 2804 19331 2333 2878 19332 4475 2801 19333 4476 2802 19334 4474 2799 19335 4475 2801 19336 2333 2878 19337 4473 2797 19338 4474 2799 19339 2329 2875 19340 2321 2871 19341 4472 2795 19342 4473 2797 19343 2317 2866 19344 4471 2794 19345 4472 2795 19346 4470 2792 19347 4471 2794 19348 2317 2866 19349 4469 2790 19350 4470 2792 19351 2313 2867 19352 2305 2860 19353 4468 2789 19354 4469 2790 19355 4467 2787 19356 4468 2789 19357 2305 2860 19358 4466 2785 19359 4467 2787 19360 2301 2856 19361 2293 2850 19362 4465 2783 19363 4466 2785 19364 2289 2846 19365 4464 2780 19366 4465 2783 19367 2285 2843 19368 4463 2781 19369 4464 2780 19370 4462 2776 19371 4460 2778 19372 2277 2836 19373 2530 4148 19374 2468 4149 19375 2470 4118 19376 2470 4118 19377 2472 4119 19378 2474 4120 19379 2474 4120 19380 2476 4121 19381 2482 4124 19382 2476 4121 19383 2478 4122 19384 2482 4124 19385 2478 4122 19386 2480 4123 19387 2482 4124 19388 2482 4124 19389 2484 4125 19390 2490 4128 19391 2484 4125 19392 2486 4126 19393 2490 4128 19394 2486 4126 19395 2488 4127 19396 2490 4128 19397 2490 4128 19398 2492 4129 19399 2498 4132 19400 2492 4129 19401 2494 4130 19402 2498 4132 19403 2494 4130 19404 2496 4131 19405 2498 4132 19406 2498 4132 19407 2500 4133 19408 2502 4134 19409 2502 4134 19410 2504 4135 19411 2498 4132 19412 2504 4135 19413 2506 4136 19414 2498 4132 19415 2506 4136 19416 2508 4137 19417 2510 4138 19418 2510 4138 19419 2512 4139 19420 2514 4140 19421 2514 4140 19422 2516 4141 19423 2518 4142 19424 2518 4142 19425 2520 4143 19426 2514 4140 19427 2520 4143 19428 2522 4144 19429 2514 4140 19430 2522 4144 19431 2524 4145 19432 2526 4146 19433 2526 4146 19434 2528 4147 19435 2522 4144 19436 2528 4147 19437 2530 4148 19438 2522 4144 19439 2530 4148 19440 2470 4118 19441 2474 4120 19442 2506 4136 19443 2510 4138 19444 2498 4132 19445 2510 4138 19446 2514 4140 19447 2498 4132 19448 2530 4148 19449 2474 4120 19450 2498 4132 19451 2474 4120 19452 2482 4124 19453 2498 4132 19454 2482 4124 19455 2490 4128 19456 2498 4132 19457 2514 4140 19458 2522 4144 19459 2498 4132 19460 2065 2496 19461 2063 2494 19462 2091 2499 19463 2063 2494 19464 2064 2505 19465 2091 2499 19466 2064 2505 19467 2092 2502 19468 2091 2499 19469 2091 2499 19470 2090 2497 19471 2089 2495 19472 2089 2495 19473 2088 2492 19474 2087 2490 19475 2087 2490 19476 2086 2428 19477 2085 2516 19478 2085 2516 19479 2084 2514 19480 2087 2490 19481 2084 2514 19482 2083 2512 19483 2087 2490 19484 2083 2512 19485 2082 2510 19486 2081 2508 19487 2081 2508 19488 2080 2506 19489 2079 2503 19490 2079 2503 19491 2078 2500 19492 2158 2493 19493 2078 2500 19494 2159 2608 19495 2158 2493 19496 2159 2608 19497 2077 2607 19498 2158 2493 19499 2158 2493 19500 2076 2491 19501 2075 2489 19502 2075 2489 19503 2074 2517 19504 2073 2515 19505 2073 2515 19506 2072 2513 19507 2071 2511 19508 2071 2511 19509 2070 2509 19510 2073 2515 19511 2070 2509 19512 2069 2507 19513 2073 2515 19514 2069 2507 19515 2068 2504 19516 2067 2501 19517 2067 2501 19518 2066 2498 19519 2065 2496 19520 2091 2499 19521 2089 2495 19522 2065 2496 19523 2089 2495 19524 2087 2490 19525 2065 2496 19526 2083 2512 19527 2081 2508 19528 2087 2490 19529 2081 2508 19530 2079 2503 19531 2087 2490 19532 2158 2493 19533 2075 2489 19534 2073 2515 19535 2069 2507 19536 2067 2501 19537 2065 2496 19538 2079 2503 19539 2158 2493 19540 2065 2496 19541 2158 2493 19542 2073 2515 19543 2065 2496 19544 2073 2515 19545 2069 2507 19546 2065 2496 19547</p>
        </triangles>
      </mesh>
    </geometry>
  </library_geometries>
  <library_visual_scenes>
    <visual_scene id="Scene" name="Scene">
      <node id="Cylinder" name="Cylinder" type="NODE">
        <matrix sid="transform">1 0 0 0 0 7.54979e-8 -1 0 0 1 7.54979e-8 0 0 0 0 1</matrix>
        <instance_geometry url="#Cylinder-mesh" name="Cylinder">
          <bind_material>
            <technique_common>
              <instance_material symbol="Material_002-material" target="#Material_002-material">
                <bind_vertex_input semantic="UVMap" input_semantic="TEXCOORD" input_set="0"/>
              </instance_material>
            </technique_common>
          </bind_material>
        </instance_geometry>
      </node>
    </visual_scene>
  </library_visual_scenes>
  <scene>
    <instance_visual_scene url="#Scene"/>
  </scene>
</COLLADA>
