<?xml version="1.0" encoding="utf-8"?>
<COLLADA xmlns="http://www.collada.org/2005/11/COLLADASchema" version="1.4.1" xmlns:xsi="http://www.w3.org/2001/XMLSchema-instance">
  <asset>
    <contributor>
      <author>Blender User</author>
      <authoring_tool>Blender 4.4.0 commit date:2025-03-17, commit time:17:00, hash:05377985c527</authoring_tool>
    </contributor>
    <created>2025-04-15T10:03:47</created>
    <modified>2025-04-15T10:03:47</modified>
    <unit name="meter" meter="1"/>
    <up_axis>Z_UP</up_axis>
  </asset>
  <library_effects>
    <effect id="Streetlight_HighResSG3-effect">
      <profile_COMMON>
        <technique sid="common">
          <lambert>
            <emission>
              <color sid="emission">0 0 0 1</color>
            </emission>
            <diffuse>
              <color sid="diffuse">0.08502679 0.07864471 0.07061554 1</color>
            </diffuse>
            <index_of_refraction>
              <float sid="ior">1</float>
            </index_of_refraction>
          </lambert>
        </technique>
      </profile_COMMON>
    </effect>
  </library_effects>
  <library_images/>
  <library_materials>
    <material id="Streetlight_HighResSG3-material" name="Streetlight_HighResSG3">
      <instance_effect url="#Streetlight_HighResSG3-effect"/>
    </material>
  </library_materials>
  <library_geometries>
    <geometry id="Streetlight_LowRes-mesh" name="Streetlight_LowRes">
      <mesh>
        <source id="Streetlight_LowRes-mesh-positions">
          <float_array id="Streetlight_LowRes-mesh-positions-array" count="10263">0.100868 0 36.81213 -0.175499 0 -36.60498 27.34709 0 27.28259 36.67148 0 -0.03454595 27.14152 0 -27.28089 -27.42111 0 -27.07617 -36.74612 0 0.241821 -27.21621 0 27.48816 0.100868 10.70689 36.81213 27.34709 10.70689 27.28259 36.67148 10.70689 -0.03454595 -36.74612 10.70689 0.241821 -27.21621 10.70689 27.48816 -0.175499 10.70689 -36.60498 -27.42111 10.70689 -27.07617 27.14152 10.70689 -27.28089 0.08377796 10.70689 32.30115 23.98179 10.70689 23.94226 32.16038 10.70689 -0.01794397 -32.23543 10.70689 0.224731 -23.87643 10.70689 24.12244 -0.157982 10.70689 -32.09485 -24.05636 10.70689 -23.73572 23.80143 10.70689 -23.91565 0.08377796 10.70689 32.30115 23.98179 10.70689 23.94226 32.16038 10.70689 -0.01794397 -32.23543 10.70689 0.224731 -23.87643 10.70689 24.12244 -0.157982 10.70689 -32.09485 -24.05636 10.70689 -23.73572 23.80143 10.70689 -23.91565 0.083961 12.27961 32.31579 23.99271 12.27961 23.95325 32.17515 12.27961 -0.01769995 -32.25008 12.27961 0.224487 -23.88766 12.27961 24.13342 -0.158531 12.27961 -32.10925 -24.06814 12.27961 -23.74609 23.81229 12.27961 -23.92615 0.05368798 26.42504 24.3092 18.02 26.42504 18.02515 24.16917 26.42504 0.01245099 -24.24374 26.42504 0.194824 -17.95937 26.42504 18.15979 -0.1279529 26.42504 -24.10364 -18.09512 26.42504 -17.81946 17.88499 26.42504 -17.95471 0.04050397 28.26707 20.70349 15.33121 28.26707 15.35547 20.56394 28.26707 0.02624499 -20.639 28.26707 0.1812739 -15.29061 28.26707 15.47058 -0.114769 28.26707 -20.49817 -15.40597 28.26707 -15.15076 15.21574 28.26707 -15.26587 0.05130797 30.31386 23.67957 17.5507 30.31386 17.55872 23.53983 30.31386 0.01525896 -23.61477 30.31386 0.192383 -17.49429 30.31386 17.69055 -0.1259379 30.31386 -23.47473 -17.62551 30.31386 -17.35486 17.41898 30.31386 -17.48645 0.06272095 33.99678 26.8197 19.89359 33.99678 19.88306 26.68028 33.99678 0.003051996 -26.75491 33.99678 0.204102 -19.81899 33.99678 20.03259 -0.137901 33.99678 -26.61536 -19.96804 33.99678 -19.6803 19.74387 33.99678 -19.82898 0.063515 36.27452 26.89758 19.95213 36.27452 19.94226 26.75919 36.27452 0.001586973 -26.83364 36.27452 0.203491 -19.87722 36.27452 20.09168 -0.137901 36.27452 -26.69324 -20.02718 36.27452 -19.7378 19.80253 36.27452 -19.88757 -15.28322 24.4688 -15.02869 -0.114159 24.4688 -20.33423 15.0947 24.4688 -15.14319 20.40006 24.4688 0.02673298 15.20817 24.4688 15.23474 0.03977197 24.4688 20.54016 -15.16903 24.4688 15.34851 -20.47469 24.4688 0.180542 0.08127599 38.74883 31.64978 23.49687 38.74883 23.45972 31.51072 38.74883 -0.01599097 -31.58566 38.74883 0.221558 -23.3951 38.74883 23.63599 -0.1561509 38.74883 -31.44592 -23.57223 38.74883 -23.25647 23.32114 38.74883 -23.43323 0.05490899 41.8192 24.61707 18.25126 41.8192 18.2533 24.47801 41.8192 0.01013195 -24.55355 41.8192 0.194458 -18.18935 41.8192 18.39075 -0.129723 41.8192 -24.41394 -18.3262 41.8192 -18.05017 18.11411 41.8192 -18.18738 0.02927398 52.47888 17.89856 13.23997 52.47888 13.27832 17.76017 52.47888 0.03527796 -17.83529 52.47888 0.169067 -13.21487 52.47888 13.37781 -0.104332 52.47888 -17.69641 -13.31429 52.47888 -13.07703 13.14042 52.47888 -13.17651 0.01474797 67.27319 13.96631 10.30637 67.27319 10.36645 13.82743 67.27319 0.05004894 -13.90255 67.27319 0.154175 -10.3027 67.27319 10.44397 -0.08962196 67.27319 -13.76392 -10.3807 67.27319 -10.16492 10.22843 67.27319 -10.24243 0.01474797 71.21786 13.96631 10.30637 71.21786 10.36645 13.82743 71.21786 0.05004894 -13.90255 71.21786 0.154175 -10.3027 71.21786 10.44397 -0.08962196 71.21786 -13.76392 -10.3807 71.21786 -10.16492 10.22843 71.21786 -10.24243 -0.149864 12.68402 -29.70398 22.03147 12.68402 -22.13232 29.76981 12.68402 -0.008666992 22.19828 12.68402 22.17249 0.07444 12.68402 29.91089 -22.10665 12.68402 22.33887 -29.84475 12.68402 0.2155759 -22.27371 12.68402 -21.96558 0.02542895 73.10066 16.84985 12.45695 73.10066 12.50183 16.71122 73.10066 0.03930699 -16.78634 73.10066 0.164917 -12.43826 73.10066 12.59534 -0.100426 73.10066 -16.64771 -12.53146 73.10066 -12.30066 12.36338 73.10066 -12.3938 0.02646595 74.75664 17.08435 12.6323 74.75664 12.67554 16.94584 74.75664 0.03820794 -17.02059 74.75664 0.165894 -12.61202 74.75664 12.77087 -0.1012189 74.75664 -16.88269 -12.70712 74.75664 -12.474 12.53727 74.75664 -12.56921 0.02146095 76.29431 15.80823 11.68015 76.29431 11.73059 15.67008 76.29431 0.04284697 -15.74483 76.29431 0.161133 -11.6672 76.29431 11.81848 -0.096336 76.29431 -15.60657 -11.7546 76.29431 -11.53015 11.59238 76.29431 -11.61755 0.01126897 77.12232 12.98206 9.572548 77.12232 9.638184 12.84336 77.12231 0.05383294 -12.91909 77.12232 0.1505129 -9.574669 77.12232 9.710083 -0.08577698 77.12231 -12.78088 -9.646142 77.12232 -9.437623 9.499428 77.12231 -9.508912 0.01126897 79.13568 12.98206 9.572548 79.13568 9.638184 12.84336 79.13568 0.05383294 -12.91909 79.13568 0.1505129 -9.574669 79.13568 9.710083 -0.08577698 79.13568 -12.78088 -9.646142 79.13568 -9.437623 9.499428 79.13568 -9.508912 0.004432976 79.13571 11.26331 8.289834 79.13571 8.365845 11.12528 79.13568 0.059937 -11.19967 79.13571 0.1436769 -8.302025 79.13571 8.427613 -0.07906299 79.13568 -11.06213 -8.364464 79.13571 -8.164673 8.226723 79.13568 -8.226564 0.004432976 83.89107 11.26331 8.289834 83.89107 8.365845 11.12528 83.89106 0.059937 -11.19967 83.89107 0.1436769 -8.302025 83.89107 8.427613 -0.07906299 83.89106 -11.06213 -8.364464 83.89107 -8.164673 8.226723 83.89106 -8.226564 -0.01509898 355.2619 5.964722 4.338234 355.2619 4.442505 5.827187 355.2619 0.07946795 -5.901634 355.2619 0.124146 -4.379845 355.2619 4.476196 -0.05873894 355.2619 -5.76416 -4.412254 355.2619 -4.24231 4.304787 355.2619 -4.27478 -0.01009398 355.749 7.34021 5.364235 355.749 5.461304 7.203408 355.749 0.07409697 -7.277428 355.749 0.129272 -5.398338 355.749 5.502563 -0.064354 355.749 -7.139771 -5.43856 355.749 -5.261353 5.323524 355.749 -5.301758 -0.02059197 356.9596 4.446167 3.0308 356.9596 3.144653 4.309242 356.9596 0.08471697 -4.383263 356.9596 0.11792 -3.254539 356.9596 3.341186 -0.05385595 356.9596 -4.24646 -3.104942 356.9596 -2.94519 3.007729 356.9596 -2.96814 -0.01790595 360.9902 5.265381 3.60923 360.9902 3.718628 5.127968 360.9902 0.08178699 -5.202293 360.9902 0.121094 -3.656212 360.9902 3.745972 -0.05672496 360.9902 -5.065063 -3.682884 360.9902 -3.518677 3.581703 360.9902 -3.546509 -0.026573 360.9902 2.956909 2.093971 360.9902 2.21521 2.819557 360.9902 0.09033197 -2.893639 360.9902 0.112061 -2.15255 360.9902 2.231079 -0.04762995 360.9902 -2.756836 -2.168236 360.9902 -2.015259 2.078224 360.9902 -2.03186 -0.026573 361.4947 2.956909 2.093971 361.4947 2.21521 2.819557 361.4947 0.09033197 -2.893639 361.4947 0.112061 -2.15255 361.4947 2.231079 -0.04762995 361.4947 -2.756836 -2.168236 361.4947 -2.015259 2.078224 361.4947 -2.03186 -0.03060197 362.539 1.954224 1.346352 362.539 1.472534 1.816566 362.539 0.09411597 -1.891258 362.539 0.108398 -1.410728 362.539 1.483032 -0.04408997 362.539 -1.754028 -1.420189 362.539 -1.272827 1.334816 362.539 -1.282837 -0.03481298 363.1806 0.808228 0.49131 363.1806 0.62439 0.670753 363.1806 0.098755 -0.745384 363.1806 0.103882 -0.562218 363.1806 0.628296 -0.039635 363.1806 -0.608643 -0.564903 363.1806 -0.425171 0.486977 363.1806 -0.428589 -0.03481298 363.9554 0.808228 0.49131 363.9554 0.62439 0.670753 363.9554 0.098755 -0.745384 363.9554 0.103882 -0.562218 363.9554 0.628296 -0.039635 363.9555 -0.608643 -0.564903 363.9554 -0.425171 0.486977 363.9555 -0.428589 -0.03292095 364.2473 1.157104 0.752235 364.2473 0.882324 1.020424 364.2473 0.09680199 -1.093956 364.2473 0.104858 -0.820702 364.2473 0.888062 -0.041161 364.2473 -0.957642 -0.825523 364.2473 -0.683472 0.745399 364.2473 -0.689453 -0.031883 364.729 1.592407 1.076393 364.729 1.204346 1.455177 364.729 0.09558099 -1.529381 364.729 0.106812 -1.142235 364.729 1.21228 -0.04268598 364.7291 -1.392944 -1.150291 364.729 -1.006226 1.06736 364.7291 -1.014526 -0.03066295 365.2794 1.88269 1.292824 365.2794 1.418823 1.745338 365.2794 0.09435999 -1.819542 365.2794 0.108032 -1.357445 365.2794 1.428833 -0.04402899 365.2795 -1.683228 -1.366844 365.2794 -1.220825 1.282326 365.2795 -1.230591 -0.03078496 365.9028 1.896362 1.303505 365.9028 1.429565 1.759254 365.9028 0.09435999 -1.834129 365.9028 0.10791 -1.368065 365.9028 1.439575 -0.04439496 365.9029 -1.69751 -1.377464 365.9028 -1.231445 1.292946 365.9029 -1.241455 -0.03176099 366.5572 1.609497 1.090065 366.5573 1.217163 1.472939 366.5572 0.095703 -1.547691 366.5572 0.106812 -1.155968 366.5573 1.225464 -0.04305297 366.5573 -1.411133 -1.163719 366.5573 -1.019409 1.08091 366.5573 -1.027954 -0.03475195 367.1953 0.792969 0.481056 367.1954 0.612671 0.656898 367.1953 0.09802198 -0.731224 367.1953 0.103394 -0.551231 367.1954 0.616089 -0.03981798 367.1954 -0.595093 -0.554222 367.1953 -0.415161 0.476784 367.1953 -0.419556 -0.03700995 367.315 0.148315 -0.037193 367.315 0.101685 2.82e-4 367.3151 0.135132 0.01248896 367.315 0.099976 -0.08675396 367.315 0.100708 -0.07418096 367.315 0.135376 -0.03700995 367.315 0.04894995 -0.07363098 367.315 0.06213396 -0.001121997 367.3151 0.06188994 -3.646019 357.3511 -3.4823 -0.05635797 357.3511 -5.013062 3.544655 357.3511 -3.509155 5.075661 357.3511 0.081909 3.571327 357.3511 3.682495 -0.01821094 357.3511 5.213501 -3.619591 357.3511 3.709106 -5.150047 357.3511 0.120972 -5.311974 320.9422 -5.134888 -0.06288897 320.9422 -6.970215 5.197365 320.9422 -5.174561 7.032936 320.9422 0.07495099 5.237221 320.9422 5.335815 -0.01076495 320.9422 7.170898 -5.272606 320.9422 5.37561 -7.107872 320.9422 0.128784 -5.164574 352.7818 -4.989014 -0.06294995 352.7818 -6.772461 5.051918 352.7819 -5.02771 6.835915 352.7818 0.07580596 5.091286 352.7818 5.188599 -0.01155894 352.7818 6.973633 -5.126732 352.7819 5.228638 -6.910362 352.7818 0.127808 -6.676598 354.3978 0.127075 -4.990562 354.3978 -4.81543 -0.06221795 354.3978 -6.538208 4.878761 354.3978 -4.853149 6.601295 354.3978 0.077026 4.915749 354.3978 5.016235 -0.01235198 354.3978 6.73938 -4.953758 354.3978 5.054443 -8.37307 85.92151 -5.778198 -9.782921 85.92151 -1.648193 -6.025047 318.9116 -1.662231 -5.569969 318.9116 -2.996704 -5.978722 85.9215 -8.190796 -1.86068 85.9215 -9.630982 -3.17501 318.9116 -5.410034 -1.846458 318.9116 -5.873901 8.298684 85.9215 5.97937 9.70768 85.9215 1.851685 5.950783 318.9116 1.865356 5.496498 318.9116 3.1969 1.71244 85.9215 -9.644532 5.840797 85.9215 -8.235474 1.727394 318.9116 -5.887329 3.059425 318.9116 -5.433228 -1.787438 85.92151 9.845826 -5.915977 85.92151 8.436647 -1.800987 318.9116 6.088135 -3.134178 318.9116 5.634155 9.69468 85.9215 -1.721558 8.253945 85.9215 -5.840698 5.472572 318.9116 -3.038452 5.937538 318.9116 -1.70813 5.903481 85.92151 8.391846 1.785377 85.92151 9.832642 3.101601 318.9116 5.609497 1.771706 318.9116 6.074707 -9.769005 85.92151 1.925171 -8.329125 85.92151 6.04187 -5.547203 318.9116 3.239624 -6.011497 318.9116 1.910889 14.18223 44.15114 17.95337 2.783974 44.15105 21.93958 10.67307 51.99206 14.40454 2.741005 52.12997 17.11365 7.622536 64.43015 11.30542 2.698158 64.43015 13.02771 -21.87594 44.15111 2.922974 -17.88973 44.15114 14.32105 -14.34103 51.99209 10.81116 -17.0505 52.12993 2.880005 -11.24221 64.43015 7.76062 -12.96413 64.43015 2.837524 -14.2568 44.15117 -17.75073 -2.858665 44.1512 -21.73694 -10.74813 51.99196 -14.20239 -2.815758 52.13003 -16.91187 -7.697532 64.43015 -11.10327 -2.773094 64.43015 -12.82544 21.80137 44.15117 -2.719604 17.81492 44.15116 -14.11865 14.26609 51.99209 -10.60974 16.97624 52.12997 -2.676147 11.16734 64.43015 -7.559204 12.8892 64.43015 -2.633789 14.47306 44.78448 18.78211 3.075233 44.78439 22.76795 11.00053 52.42724 15.34399 3.068642 52.56632 18.05261 7.977882 64.49176 12.32654 3.054115 64.49176 14.04871 -22.70461 44.78445 3.213257 -18.71932 44.78447 14.61169 -15.27969 52.42858 11.13904 -17.98971 52.56628 3.207886 -12.26284 64.49188 8.115723 -13.98544 64.49188 3.193237 -14.54781 44.78453 -18.57959 -3.149681 44.78456 -22.56604 -11.07619 52.42715 -15.14197 -3.144066 52.56428 -17.85169 -8.052086 64.49176 -12.12512 -3.128868 64.49176 -13.84631 22.63017 44.7845 -3.010254 18.64347 44.78449 -14.40906 15.20487 52.42807 -10.93811 17.91477 52.56629 -3.004028 12.18809 64.49188 -7.914673 13.91019 64.49188 -2.989014 17.92112 44.15114 14.18579 21.82151 44.15111 2.759155 16.99607 52.12992 2.752075 14.34629 51.99209 10.70325 12.90928 64.43015 2.740112 11.22477 64.43015 7.675903 -2.694237 44.15105 21.95984 -14.12228 44.15114 18.05994 -2.687523 52.12997 17.1344 -10.64022 51.99206 14.48438 -2.676231 64.43015 13.04822 -7.612999 64.43015 11.36267 -17.99606 44.15116 -13.98352 -21.89645 44.15117 -2.555298 -17.07107 52.12997 -2.548462 -14.42098 51.99209 -10.50207 -12.9844 64.43015 -2.536499 -11.29879 64.43015 -7.474243 2.619545 44.1512 -21.75745 14.0471 44.15117 -17.85657 2.612953 52.13003 -16.9325 10.56528 51.99196 -14.28284 2.601295 64.43015 -12.84595 7.538063 64.43015 -11.16125 18.75254 44.78447 14.47009 22.65269 44.78445 3.043091 17.93754 52.56616 3.072876 15.28745 52.42892 11.02429 13.93326 64.49188 3.088257 12.24845 64.49188 8.023804 -2.978722 44.78439 22.79089 -14.40646 44.78448 18.89063 -3.00808 52.56618 18.07544 -10.96035 52.42844 15.42517 -3.023949 64.49194 14.07166 -7.960534 64.49194 12.38635 -18.82699 44.78449 -14.26807 -22.72799 44.7845 -2.839844 -18.01247 52.56647 -2.869019 -15.36257 52.42792 -10.82288 -14.00814 64.49188 -2.884399 -12.32265 64.49188 -7.822266 2.904701 44.78457 -22.58899 14.33213 44.78453 -18.68836 2.933693 52.56522 -17.87415 10.88621 52.4282 -15.22424 2.948891 64.49176 -13.86951 7.88578 64.49176 -12.18481 -4.024437 322.296 -5.57312 -0.06356 322.296 -6.958618 -3.895836 351.4281 -5.444946 -0.063133 351.4281 -6.783325 3.907387 322.296 -5.602905 3.779823 351.4281 -5.474243 3.95121 322.296 5.772827 -0.01088696 322.296 7.160034 3.821754 351.4281 5.645142 -0.01143598 351.4281 6.984497 -3.981774 322.296 5.803467 -3.853905 351.4281 5.674438 5.635109 322.296 -3.887329 7.022194 322.296 0.07495099 5.507179 351.4281 -3.758423 6.846962 351.4281 0.075562 5.666176 322.296 4.045044 5.537392 351.4281 3.916382 -5.710533 322.296 4.088989 -7.096519 322.296 0.128784 -5.582542 351.4281 3.960083 -6.921043 351.4281 0.127808 -5.739769 322.296 -3.844849 -5.610863 351.4281 -3.717041 -7.681725 290.2102 0.130737 -6.540977 289.6998 -1.181763 -5.955589 290.2051 -3.379638 -5.740135 290.2102 -5.559692 -3.561119 290.2051 -5.792114 -1.848167 290.2065 -6.390991 -0.06606298 290.2102 -7.543823 1.724648 290.2065 -6.404175 3.442421 290.2051 -5.818481 5.622841 290.2102 -5.602661 5.85508 290.2051 -3.423706 6.456521 289.6998 -1.231079 7.607215 290.2102 0.07287597 6.466225 289.6998 1.38501 5.88224 290.2051 3.579956 5.66581 290.2102 5.761108 3.48716 290.2051 5.992554 1.773659 290.2065 6.592164 -0.008384943 290.2102 7.744995 -1.79995 290.2065 6.606079 -3.51693 290.2051 6.019653 -5.697472 290.2102 5.803833 -5.929955 290.2051 3.625244 -6.530967 289.6998 1.434692 -6.598899 288.3139 -1.660522 -5.998314 288.3114 -3.421753 -5.784874 288.32 -5.605835 -3.603844 288.3114 -5.834229 -1.848717 288.3139 -6.447876 -0.06642895 288.32 -7.604858 1.724953 288.3139 -6.461548 3.484596 288.3114 -5.861206 5.668556 288.32 -5.648804 5.897682 288.3114 -3.466553 6.511573 288.3139 -1.709717 6.524574 288.3139 1.863403 5.924965 288.3114 3.622192 5.711708 288.32 5.806274 3.529335 288.3114 6.035522 1.774208 288.3139 6.649048 -0.008506953 288.32 7.806519 -1.799461 288.3139 6.66272 -3.559227 288.3114 6.062134 -5.743309 288.32 5.849731 -5.972252 288.3114 3.667603 -6.585655 288.3139 1.913086 -7.804039 286.4264 0.130981 -6.654503 286.9295 -1.181519 -6.040977 286.4212 -3.463745 -5.831749 286.4264 -5.650513 -3.645897 286.4212 -5.876953 -1.849266 286.4227 -6.504639 -0.06716197 286.4264 -7.665894 1.724342 286.4227 -6.518433 3.526833 286.4212 -5.903564 5.713966 286.4264 -5.694214 5.939857 286.4212 -3.508911 6.570473 286.9295 -1.231567 7.72953 286.4264 0.07263195 6.579323 286.9295 1.38501 5.966835 286.4212 3.664673 5.757118 286.4264 5.851685 3.57206 286.4212 6.077515 1.774025 286.4227 6.706543 -0.008079946 286.4264 7.867676 -1.799278 286.4227 6.720093 -3.601707 286.4212 6.10498 -5.788475 286.4264 5.895386 -6.014793 286.4212 3.710327 -6.644616 286.9295 1.434692 -45.8782 288.3195 0.27417 -45.86654 288.3151 -1.015625 -45.8774 289.6842 0.274536 -45.86428 289.3157 -0.670288 -45.85696 288.3151 1.564087 -45.85708 289.3157 1.218384 -45.87881 286.9524 0.274292 -45.86617 287.3156 -0.670288 -45.85934 287.3156 1.21875 -13.41226 288.3139 -1.634644 -13.41073 289.6998 -1.156372 -13.39523 290.2102 0.152222 -13.40084 289.6998 1.460083 -13.39852 288.3139 1.938599 -13.40017 286.9295 1.460083 -13.3937 286.4264 0.152222 -13.41 286.9295 -1.156128 -13.39919 287.3156 1.096313 -13.39431 286.9524 0.152344 -13.40609 287.3156 -0.792603 -13.40859 288.3151 -1.137451 -13.40762 289.3157 -0.792236 -13.39523 289.6842 0.152222 -13.40047 289.3157 1.096436 -13.39901 288.3151 1.442261 -44.23519 288.3151 -1.021851 -44.23287 289.3157 -0.676514 -44.24459 289.6842 0.268433 -44.22597 289.3157 1.212524 -44.22561 288.3151 1.557861 -44.22732 287.3156 1.212524 -44.24654 286.9524 0.268433 -44.23458 287.3156 -0.676147 -44.41573 283.8764 0.998169 -44.43056 283.5959 0.268921 -45.67574 283.8764 1.002808 -45.69118 283.5959 0.27356 -44.4211 283.8764 -0.460815 -45.68154 283.8764 -0.455933 -45.73708 284.4147 0.273804 -45.72042 284.7155 1.05542 -44.36983 284.7155 1.050171 -44.38582 284.4147 0.268799 -44.37582 284.7155 -0.51355 -45.72634 284.7155 -0.508423 -45.85842 286.7995 0.274414 -45.83883 287.1535 1.194458 -44.24837 287.1535 1.188354 -44.26693 286.7995 0.268188 -44.25545 287.1535 -0.652466 -45.84585 287.1535 -0.64624 -44.00582 288.3151 -1.022583 -44.00356 289.3157 -0.677124 -44.01504 289.6842 0.267212 -43.9963 289.3157 1.211548 -43.99599 288.3151 1.556885 -43.99819 287.3156 1.211548 -44.01675 286.9524 0.267456 -44.00545 287.3156 -0.677124 -45.74819 287.1535 -0.646606 -45.76607 287.3156 -0.670654 -45.76644 288.3151 -1.015991 -45.76473 289.3157 -0.670654 -45.77724 289.6842 0.274048 -45.75753 289.3157 1.218018 -45.75692 288.3151 1.563599 -45.75918 287.3156 1.218384 -45.74117 287.1535 1.194092 -45.6379 284.7155 1.055298 -45.59884 283.8764 1.002808 -45.61422 283.5959 0.273438 -45.60409 283.8764 -0.456299 -45.64394 284.7155 -0.508667 -44.31643 287.1535 -0.651978 -44.29702 287.3156 -0.676147 -44.29763 288.3151 -1.021606 -44.29561 289.3157 -0.675903 -44.30703 289.6842 0.268433 -44.28847 289.3157 1.212524 -44.28799 288.3151 1.557983 -44.28976 287.3156 1.212524 -44.30941 287.1535 1.188599 -44.4219 284.7155 1.050781 -44.46419 283.8764 0.998413 -44.47842 283.5959 0.269043 -44.4695 283.8764 -0.460693 -44.42782 284.7155 -0.513062 -45.85842 286.7995 0.274414 -45.83883 287.1535 1.194458 -45.73708 284.4147 0.273804 -45.72042 284.7155 1.05542 -45.84585 287.1535 -0.64624 -45.72634 284.7155 -0.508423 -45.83517 286.1584 0.274292 -45.82827 286.159 0.782349 -45.76089 285.2463 0.274048 -45.74575 285.253 0.78125 -45.83199 286.159 -0.234497 -45.74941 285.253 -0.233276 -44.27383 286.159 0.776245 -44.28512 286.1584 0.268311 -44.3583 285.253 0.775635 -44.36703 285.2463 0.268433 -44.27798 286.159 -0.240234 -44.36239 285.253 -0.238403 -45.82516 286.074 0.274292 -45.82088 286.0741 0.613525 -45.77047 285.3934 0.273926 -45.75783 285.3934 0.612671 -45.82357 286.0741 -0.06555199 -45.76058 285.3934 -0.06506299 -44.28658 286.074 0.607544 -44.2958 286.0739 0.268433 -44.35042 285.3934 0.607544 -44.35677 285.3934 0.268677 -44.28933 286.074 -0.07165497 -44.35268 285.3934 -0.07043498 45.80387 288.3195 -0.07043498 45.78165 288.3151 -1.359985 45.80277 289.6842 -0.07018995 45.78202 289.3157 -1.014771 45.79203 288.3151 1.219116 45.78928 289.3157 0.874023 45.80363 286.9524 -0.070068 45.7844 287.3156 -1.014893 45.79154 287.3156 0.873657 13.32395 288.3139 -1.735229 13.32578 289.6998 -1.256348 13.32078 290.2102 0.05151396 13.33604 289.6998 1.359741 13.33793 288.3139 1.837524 13.33488 286.9295 1.359741 13.31864 286.4264 0.05200195 13.32584 286.9295 -1.257202 13.33195 287.3156 0.995728 13.31992 286.9524 0.05139195 13.32505 287.3156 -0.893188 13.32407 288.3151 -1.238525 13.32578 289.3157 -0.892944 13.32078 289.6842 0.05151396 13.33305 289.3157 0.995605 13.33366 288.3151 1.341309 44.15067 288.3151 -1.354126 44.15104 289.3157 -1.008667 44.17026 289.6842 -0.06469696 44.1583 289.3157 0.879883 44.16019 288.3151 1.225464 44.15964 287.3156 0.879883 44.17173 286.9524 -0.06457495 44.15311 287.3156 -1.009399 44.34684 283.8764 0.66394 44.35575 283.5959 -0.06494098 45.60654 283.8764 0.65979 45.61716 283.5959 -0.07018995 44.3411 283.8764 -0.794922 45.60111 283.8764 -0.799561 45.66306 284.4147 -0.07043498 45.6514 284.7155 0.712158 44.30082 284.7155 0.717163 44.31101 284.4147 -0.06481897 44.29569 284.7155 -0.847168 45.64622 284.7155 -0.852295 45.78373 286.7995 -0.07043498 45.77079 287.1535 0.849976 44.18076 287.1535 0.855591 44.19242 286.7995 -0.06469696 44.17332 287.1535 -0.984741 45.76444 287.1535 -0.991455 43.92136 288.3151 -1.353394 43.92173 289.3157 -1.008057 43.94022 289.6842 -0.06335395 43.92899 289.3157 0.880493 43.93095 288.3151 1.226196 43.93095 287.3156 0.880615 43.94193 286.9524 -0.06347697 43.92405 287.3156 -1.008423 45.66611 287.1535 -0.990601 45.68424 287.3156 -1.014526 45.68156 288.3151 -1.359619 45.68326 289.3157 -1.015015 45.70249 289.6842 -0.070068 45.6901 289.3157 0.874023 45.69187 288.3151 1.21936 45.6915 287.3156 0.874146 45.6735 287.1535 0.849976 45.56895 284.7155 0.712524 45.52952 283.8764 0.65979 45.53934 283.5959 -0.06957995 45.5239 283.8764 -0.79895 45.5637 284.7155 -0.851929 44.23514 287.1535 -0.985718 44.21519 287.3156 -1.009155 44.21348 288.3151 -1.354614 44.21384 289.3157 -1.009399 44.23234 289.6842 -0.06457495 44.22062 289.3157 0.879639 44.223 288.3151 1.22522 44.22245 287.3156 0.879517 44.24143 287.1535 0.855835 44.35288 284.7155 0.716797 44.39487 283.8764 0.66394 44.40397 283.5959 -0.06555199 44.38914 283.8764 -0.7948 44.34696 284.7155 -0.847046 45.78373 286.7995 -0.07043498 45.77079 287.1535 0.849976 45.66306 284.4147 -0.07043498 45.6514 284.7155 0.712158 45.76444 287.1535 -0.991455 45.64622 284.7155 -0.852295 45.76029 286.1584 -0.07043498 45.75718 286.159 0.437622 45.68601 285.2463 -0.07018995 45.67429 285.253 0.4375 45.75345 286.159 -0.579224 45.67094 285.253 -0.577515 44.20316 286.159 0.443481 44.21024 286.1584 -0.064453 44.28757 285.253 0.442383 44.29252 285.2463 -0.06506299 44.19901 286.159 -0.57312 44.28385 285.253 -0.572144 45.75034 286.074 -0.07031297 45.74845 286.0741 0.269165 45.69517 285.3934 -0.06970196 45.68564 285.3934 0.268677 45.74613 286.0741 -0.410278 45.68326 285.3934 -0.409058 44.21451 286.074 0.27478 44.22135 286.0739 -0.06481897 44.27817 285.3934 0.274048 44.28202 285.3934 -0.06481897 44.21183 286.074 -0.404419 44.27549 285.3934 -0.403687 -13.72597 289.3157 1.097534 -13.72097 289.6842 0.153442 -13.73318 289.3157 -0.791016 -13.73415 288.3151 -1.136353 -13.73165 287.3156 -0.791504 -13.72018 286.9524 0.153687 -13.72482 287.3156 1.097534 -13.72536 288.3156 1.097534 14.01566 289.3157 0.993042 14.00388 289.6842 0.04894995 14.00846 289.3157 -0.89563 14.00669 288.3151 -1.241089 14.00773 287.3156 -0.895752 14.00303 286.9524 0.04870599 14.0145 287.3156 0.993042 14.01628 288.3151 1.338623 -13.16323 288.3139 1.937622 -13.1636 289.6998 1.459106 -13.19796 290.2102 0.1512449 -13.17348 289.6998 -1.157104 -13.1769 288.3139 -1.635498 -13.1766 286.9295 -1.156982 -13.20077 286.4264 0.151489 -13.16689 286.9295 1.459351 12.83457 288.3139 1.839478 12.82859 289.6998 1.36145 12.8986 290.2102 0.053101 12.81821 289.6998 -1.254517 12.82065 288.3139 -1.733398 12.82682 286.9295 -1.255249 12.90574 286.4264 0.05358898 12.83567 286.9295 1.361572 -3.621849 323.1525 -8.288697 -0.06856501 323.1545 -8.261109 -3.508263 350.7269 -8.292847 -0.068443 350.7269 -8.266358 3.485207 323.1525 -8.315308 3.371315 350.7269 -8.318605 -0.06356 322.296 -6.958618 -4.024437 322.296 -5.57312 -3.895836 351.428 -5.444946 -0.063133 351.428 -6.783325 3.907387 322.296 -5.602905 3.779823 351.4281 -5.474243 -3.377037 323.3963 -8.286744 -0.06862598 323.3981 -8.261231 -3.266747 350.4832 -8.290894 -0.06838196 350.4833 -8.266358 3.239418 323.3963 -8.311402 3.129249 350.4832 -8.315064 -3.374474 323.3963 -8.53064 -0.06911498 323.3981 -8.505127 -3.265037 350.4831 -8.534302 -0.06941998 350.4832 -8.51001 3.236305 323.3963 -8.555542 3.125221 350.4831 -8.558472 -3.858849 351.3613 -5.716309 -3.986656 322.3775 -5.831177 -0.063744 322.3777 -7.082885 3.867897 322.3775 -5.861206 3.740517 351.3613 -5.744751 -0.06343799 351.3613 -6.924561 -3.897667 351.0425 -5.447876 -3.861473 350.9787 -5.718628 -3.510826 350.3728 -8.292847 -3.268639 350.1389 -8.290894 -3.266685 350.1388 -8.53479 -0.06941998 350.1389 -8.51001 3.128151 350.1388 -8.558716 3.131203 350.1389 -8.31482 3.372963 350.3728 -8.318116 3.743507 350.9787 -5.747192 3.781838 351.0425 -5.47644 -4.021629 322.7583 -5.569824 -3.982872 322.8362 -5.828857 -3.620201 323.5771 -8.288208 -3.374657 323.8092 -8.286988 -3.372581 323.8091 -8.53064 -0.06917595 323.8108 -8.505127 3.233254 323.8091 -8.555298 3.237648 323.8092 -8.312134 3.482033 323.5771 -8.315308 3.863747 322.8362 -5.857788 3.903847 322.7583 -5.599487 -3.501671 351.428 -5.582642 -3.468956 351.3613 -5.839966 -3.154869 350.7269 -8.289917 -2.937096 350.4832 -8.288697 -2.936058 350.4831 -8.532104 -2.937584 350.1388 -8.532349 -3.032555 323.8092 -8.528199 -3.035362 323.3964 -8.52771 -3.037315 323.3965 -8.283692 -3.256981 323.1527 -8.285889 -3.583214 322.3775 -5.960083 -3.617515 322.296 -5.715454 3.369545 351.4281 -5.613159 3.335365 351.3613 -5.870483 3.004494 350.7269 -8.312989 2.788612 350.4832 -8.309815 2.785133 350.4832 -8.553345 2.786721 350.1389 -8.553101 2.881386 323.8093 -8.550171 2.8834 323.3964 -8.549927 2.88694 323.3965 -8.306153 3.106788 323.1527 -8.309937 3.44828 322.3775 -5.991577 3.483559 322.296 -5.746948 -0.06941998 330.4138 -8.505494 1.777931 330.4132 -8.533326 -0.06917595 337.8152 -8.509766 1.697182 337.8152 -8.536988 -1.929954 330.4132 -8.519898 -1.847496 337.8152 -8.523316 -0.231163 330.3902 -51.49768 1.032204 330.3902 -52.03637 -0.231163 337.7877 -51.49768 1.032204 337.7877 -52.03637 -1.498619 330.3902 -52.02722 -1.498619 337.7877 -52.02722 -0.247765 313.2238 -55.85363 -0.24807 313.2239 -55.90002 -0.210228 313.2238 -55.88708 -0.19796 313.2239 -55.85218 -0.297325 313.2239 -55.85168 -0.285118 313.2238 -55.88684 -0.2476429 313.2238 -55.8009 -0.283348 313.2239 -55.81384 -0.210838 313.2238 -55.81384 -0.263817 319.7734 -60.20642 2.803261 319.7734 -58.9253 4.106483 319.7734 -55.86889 -4.601646 319.7734 -55.83703 -3.321617 319.7734 -58.90173 -0.231163 319.7734 -51.49768 -3.297447 319.7734 -52.77844 2.825661 319.7734 -52.80115 -0.25808 319.5487 -58.70886 1.867958 319.5487 -57.98291 1.867958 319.0442 -57.98291 -0.25808 319.0442 -58.70886 2.608742 319.5487 -55.86303 2.608742 319.0442 -55.86303 -3.10421 319.5487 -55.84241 -2.379539 319.5486 -57.96692 -2.379539 319.0441 -57.96692 -3.10421 319.0442 -55.84241 -0.236961 319.5487 -52.99524 -2.362694 319.5487 -53.72009 -2.362694 319.0442 -53.72009 -0.236961 319.0442 -52.99524 1.882973 319.5486 -53.7362 1.882973 319.0441 -53.7362 0.807655 317.7183 -56.91418 -0.253441 317.7183 -57.276 1.176918 317.7183 -55.8584 -1.310875 317.7183 -56.90601 -1.671837 317.7183 -55.84802 -1.301414 317.7183 -54.78906 -0.242577 317.7183 -54.427 0.814613 317.7182 -54.79651 0.276772 317.3583 -56.37964 -0.250572 317.3583 -56.55969 0.460609 317.3583 -55.85535 -0.777122 317.3583 -56.37548 -0.955711 317.3583 -55.85046 -0.771751 317.3583 -55.32287 -0.245018 317.3582 -55.14343 0.280495 317.3582 -55.32678 0.276772 316.5834 -56.37964 -0.250572 316.5834 -56.55969 0.460609 316.5834 -55.85535 -0.777122 316.5834 -56.37548 -0.955711 316.5834 -55.85046 -0.771751 316.5834 -55.32287 -0.245018 316.5834 -55.14343 0.280495 316.5834 -55.32678 0.765053 315.9746 -56.87073 -0.252953 315.9746 -57.21863 1.119667 315.9746 -55.85803 -1.267662 315.9746 -56.8634 -1.614464 315.9746 -55.84802 -1.259789 315.9746 -54.83069 -0.242882 315.9745 -54.48425 0.772072 315.9745 -54.83838 1.072792 315.2594 -57.18078 -0.254723 315.2595 -57.63415 1.535316 315.2595 -55.85949 -1.577843 315.2594 -57.17053 -2.030296 315.2595 -55.84607 -1.56765 315.2594 -54.52087 -0.240685 315.2594 -54.06897 1.081825 315.2594 -54.53088 1.040627 314.4105 -57.14831 -0.254356 314.4106 -57.5907 1.491982 314.4106 -55.85926 -1.546043 314.4105 -57.13879 -1.986961 314.4106 -55.84632 -1.535606 314.4105 -54.55261 -0.241356 314.4104 -54.1112 1.049843 314.4104 -54.56213 0.532265 313.5525 -56.63562 -0.25161 313.5526 -56.90283 0.804176 313.5526 -55.85608 -1.032921 313.5525 -56.62952 -1.300316 313.5526 -55.84851 -1.026268 313.5526 -55.06567 -0.243736 313.5525 -54.79858 0.53672 313.5525 -55.07141 2.803261 329.0444 -58.9253 -0.263817 329.0444 -60.20642 4.106483 329.0444 -55.86889 -4.601646 329.0444 -55.83703 -3.321617 329.0444 -58.90173 -3.297447 329.0444 -52.77844 -0.231163 329.0444 -51.49768 2.825661 329.0444 -52.80115 2.556557 339.8462 -58.92419 -0.510277 339.8462 -60.20496 3.860085 339.8462 -55.86743 -4.848106 339.8462 -55.83569 -3.567039 339.8462 -58.90149 -3.543846 339.8462 -52.7771 -0.477623 339.8462 -51.49634 2.579506 339.8462 -52.80017 3.203468 339.9289 -59.57605 -0.513756 339.9289 -61.12 4.775124 339.9289 -55.87146 -5.762718 339.9289 -55.83264 -4.218956 339.9289 -59.54748 -4.190941 339.9289 -52.12549 -0.474266 339.9289 -50.58166 3.23069 339.9289 -52.15344 3.20359 341.9615 -59.57605 -0.513695 341.9615 -61.11975 4.775124 341.9615 -55.87146 -5.762718 341.9615 -55.83264 -4.218956 341.9615 -59.54748 -4.190941 341.9615 -52.12549 -0.474327 341.9615 -50.58166 3.23069 341.9615 -52.15344 3.553139 344.5606 -59.9281 -0.515465 344.5606 -61.61609 5.271828 344.5606 -55.87341 -6.258507 344.5606 -55.83106 -4.571251 344.5606 -59.89758 -4.54055 344.5606 -51.77343 -0.472557 344.5606 -50.08533 3.583595 344.5606 -51.80419 4.958839 348.9591 -61.34485 -0.52285 348.9615 -63.60669 7.261635 348.9616 -55.88074 -8.249169 348.9616 -55.82312 -5.987572 348.959 -61.30359 -5.946556 348.9591 -50.35694 -0.464928 348.9616 -48.09534 4.999794 348.9591 -50.39831 7.003029 352.7252 -63.40441 -0.533958 352.7322 -66.5055 10.1608 352.7324 -55.89209 -11.14858 352.7324 -55.81287 -8.047265 352.725 -63.34851 -7.990318 352.7254 -48.29773 -0.454247 352.7325 -45.19617 7.058754 352.7253 -48.35364 6.437111 353.0664 -62.83398 -0.531456 353.0768 -65.70948 9.365211 353.0768 -55.88953 -10.35281 353.0768 -55.81604 -7.477746 353.0663 -62.7821 -7.424706 353.0664 -48.8678 -0.456749 353.0767 -45.99219 6.489357 353.0664 -48.92004 7.403725 353.6401 -63.80823 -0.536095 353.6503 -67.08313 10.73795 353.6506 -55.89441 -11.72567 353.6506 -55.81115 -8.451622 353.6399 -63.74877 -8.391442 353.6405 -47.89368 -0.451744 353.6507 -44.61902 7.463173 353.6403 -47.95312 6.447548 354.5464 -62.84509 -0.531578 354.557 -65.72974 9.38456 354.557 -55.88904 -10.3727 354.557 -55.81641 -7.488914 354.5462 -62.79333 -7.435203 354.5466 -48.85669 -0.456932 354.557 -45.97241 6.50016 354.5464 -48.90906 6.68644 356.4347 -63.08509 -0.532921 356.4481 -66.06458 9.719704 356.4481 -55.89087 -10.70711 356.4481 -55.81531 -7.72805 356.4346 -63.03089 -7.672874 356.4349 -48.61755 -0.455772 356.4481 -45.63757 6.739541 356.4347 -48.67126 6.443581 356.4731 -62.8407 -0.5317 356.4864 -65.72058 9.375893 356.4864 -55.88965 -10.36349 356.4864 -55.81677 -7.484947 356.4729 -62.78845 -7.430992 356.4733 -48.86145 -0.456932 356.4864 -45.98157 6.4954 356.4731 -48.91333 6.545143 356.299 -62.94324 -0.532677 356.3124 -65.86573 9.520974 356.3124 -55.88977 -10.50924 356.3124 -55.8158 -7.586754 356.2988 -62.89099 -7.53286 356.2991 -48.75867 -0.455956 356.3124 -45.83655 6.597939 356.299 -48.81152 -1.502708 330.3904 -51.67029 -0.230431 330.3904 -51.14501 1.038857 330.3904 -51.6803 1.03788 337.788 -51.67993 -0.230431 337.788 -51.14501 -1.501244 337.788 -51.67078 -1.948692 330.298 -8.520386 -0.06941998 330.2986 -8.505494 1.797645 330.298 -8.533814 1.715675 338.0302 -8.536622 -0.06917595 338.0302 -8.509766 -1.8666 338.0302 -8.523439 -3.558738 323.1525 8.523072 -0.005027949 323.1545 8.468873 -3.44558 350.7269 8.526978 -0.005393981 350.7269 8.474488 3.548378 323.1525 8.496582 3.434791 350.7269 8.500611 -0.01076495 322.296 7.166992 -3.981529 322.296 5.810669 -3.85366 351.428 5.681763 -0.01088696 351.428 6.991333 3.950172 322.296 5.780762 3.821388 351.4281 5.653198 -3.314293 323.3963 8.52002 -0.004966974 323.3981 8.468873 -3.202965 350.4832 8.522461 -0.005515992 350.4833 8.474366 3.302956 323.3963 8.494629 3.192604 350.4832 8.498658 -3.309899 323.3963 8.763184 -0.004294991 323.3981 8.713013 -3.200096 350.4831 8.766968 -0.00417298 350.4832 8.717652 3.301003 323.3963 8.738526 3.190041 350.4831 8.742798 -3.815208 351.3613 5.952515 -3.94149 322.3775 6.068848 -0.00978899 322.3777 7.290649 3.912148 322.3775 6.039429 3.784523 351.3613 5.923828 -0.01009398 351.3613 7.132446 -3.856285 351.0425 5.684692 -3.817223 350.9787 5.954712 -3.447411 350.3728 8.526246 -3.205345 350.1389 8.522706 -3.201927 350.1388 8.766236 -0.00417298 350.1389 8.717652 3.192909 350.1388 8.74231 3.194069 350.1389 8.499024 3.436683 350.3728 8.500611 3.786964 350.9787 5.926758 3.823951 351.0425 5.655396 -3.978905 322.7583 5.807739 -3.938622 322.8362 6.066284 -3.556969 323.577 8.52356 -3.311363 323.8092 8.519654 -3.306968 323.8091 8.762818 -0.004294991 323.8109 8.713013 3.298012 323.8091 8.738892 3.300514 323.8092 8.494751 3.545326 323.577 8.496705 3.908974 322.8362 6.036255 3.947548 322.7583 5.777588 -3.458763 351.428 5.816528 -3.423362 351.3613 6.073853 -3.091209 350.7269 8.520874 -2.874474 350.4832 8.517945 -2.871361 350.4831 8.761841 -2.873009 350.1388 8.761475 -2.967857 323.8092 8.758179 -2.969933 323.3964 8.757935 -2.973473 323.3965 8.514283 -3.193993 323.1527 8.517945 -3.537254 322.3775 6.194458 -3.573448 322.296 5.950195 3.412453 351.4281 5.796021 3.380043 351.3613 6.052856 3.067726 350.7269 8.498169 2.851906 350.4832 8.496094 2.850319 350.4832 8.739624 2.851845 350.1389 8.739991 2.945839 323.8093 8.736207 2.948708 323.3964 8.735718 2.950661 323.3965 8.4917 3.169472 323.1527 8.493653 3.49369 322.3775 6.172852 3.528114 322.296 5.928467 -0.004905998 330.4138 8.713746 1.843483 330.4132 8.727295 -0.004416942 337.8152 8.717408 1.762245 337.8152 8.730591 -1.865318 330.4132 8.7417 -1.782372 337.8152 8.744263 0.156776 330.3902 51.7052 1.424355 330.3902 52.23486 0.156776 337.7877 51.7052 1.424355 337.7877 52.23486 -1.107201 330.3902 52.24463 -1.107201 337.7877 52.24463 0.173195 313.2238 56.06164 0.172951 313.2238 56.10828 0.210915 313.2238 56.0946 0.222878 313.2238 56.05981 0.123451 313.2239 56.0603 0.136147 313.2238 56.09485 0.17289 313.2238 56.00891 0.137062 313.2238 56.02136 0.209755 313.2238 56.02136 0.189491 319.7734 60.41394 3.247108 319.7734 59.10998 4.527626 319.7734 56.04419 -4.180809 319.7734 56.07727 -2.877037 319.7734 59.13269 0.156776 319.7734 51.7052 -2.899803 319.7734 53.00891 3.223549 319.7734 52.98596 2.304726 319.0442 58.17456 0.183754 319.0442 58.91663 3.029823 319.0442 56.04993 -1.942528 319.0441 58.19104 -2.683372 319.0442 56.07178 -1.957481 319.0442 53.94421 0.162331 319.0442 53.20312 2.288185 319.0441 53.92822 1.556618 317.9999 57.43213 0.180092 317.9999 57.9137 2.02726 317.9999 56.05347 -1.199669 317.9999 57.44202 -1.680565 317.9999 56.06763 -1.209862 317.9999 54.68689 0.166176 317.9999 54.20544 1.546303 317.9998 54.6759 0.702003 317.3583 56.58374 0.175514 317.3583 56.76794 0.881447 317.3583 56.05798 -0.351524 317.3583 56.58752 -0.535423 317.3583 56.06384 -0.354576 317.3583 55.53455 0.170692 317.3582 55.35095 0.697304 317.3582 55.53112 0.702003 316.5834 56.58374 0.175514 316.5834 56.76794 0.881447 316.5834 56.05798 -0.351524 316.5834 56.58752 -0.535423 316.5834 56.06384 -0.354576 316.5834 55.53455 0.170692 316.5834 55.35095 0.697304 316.5834 55.53112 1.193459 315.9746 57.07104 0.178322 315.9746 57.42663 1.540077 315.9746 56.05554 -0.839806 315.9746 57.07849 -1.193871 315.9746 56.0658 -0.846214 315.9746 55.04626 0.168251 315.9745 54.69214 1.184914 315.9745 55.03918 1.503578 315.2594 57.3783 0.179665 315.2595 57.84241 1.956337 315.2595 56.05334 -1.147118 315.2594 57.38842 -1.608849 315.2595 56.06726 -1.156517 315.2594 54.73889 0.166359 315.2594 54.27649 1.493263 315.2594 54.72839 1.471291 314.4105 57.34656 0.179237 314.4106 57.7987 1.912758 314.4106 56.05408 -1.115379 314.4105 57.35607 -1.566063 314.4106 56.06726 -1.124657 314.4105 54.77063 0.166664 314.4104 54.31921 1.461098 314.4104 54.76062 0.958778 313.5525 56.83728 0.176979 313.5526 57.11071 1.225807 313.5526 56.05591 -0.60598 313.5525 56.84314 -0.879173 313.5526 56.06457 -0.611839 313.5526 55.27942 0.169167 313.5525 55.00647 0.952004 313.5525 55.27332 3.247108 329.0444 59.10998 0.189491 329.0444 60.41394 4.527626 329.0444 56.04419 -4.180809 329.0444 56.07727 -2.877037 329.0444 59.13269 -2.899803 329.0444 53.00891 0.156776 329.0444 51.7052 3.223549 329.0444 52.98596 3.000404 339.8462 59.11108 -0.05672496 339.8462 60.41492 4.281044 339.8462 56.04553 -4.426842 339.8462 56.07825 -3.123558 339.8462 59.13403 -3.145958 339.8462 53.00989 -0.08931696 339.8462 51.70642 2.977028 339.8462 52.98718 3.651955 339.9289 59.75745 -0.05324596 339.9289 61.32971 5.196083 339.9289 56.04138 -5.341881 339.9289 56.08166 -3.769798 339.9289 59.78516 -3.797386 339.9289 52.36365 -0.09273499 339.9289 50.79138 3.624062 339.9289 52.33557 3.651955 341.9615 59.75745 -0.05324596 341.9615 61.32971 5.196083 341.9615 56.04138 -5.341881 341.9615 56.08166 -3.769798 341.9615 59.78516 -3.797325 341.9615 52.36377 -0.09273499 341.9615 50.79138 3.624062 341.9615 52.33557 4.004799 344.5606 60.10742 -0.05123096 344.5606 61.8258 5.692421 344.5606 56.03979 -5.837852 344.5606 56.08362 -4.11953 344.5606 60.13806 -4.150597 344.5606 52.01404 -0.09517699 344.5606 50.29578 3.974342 344.5606 51.98255 5.420876 348.9591 61.51306 -0.04384595 348.9615 63.81616 7.682777 348.9616 56.03235 -7.828086 348.9616 56.09131 -5.525414 348.959 61.55456 -5.566795 348.9591 50.60828 -0.102135 348.9616 48.30505 5.379494 348.9591 50.56678 7.480141 352.7252 63.55811 -0.03304296 352.7322 66.71533 10.58183 352.7324 56.02148 -10.72774 352.7324 56.10278 -7.569909 352.725 63.61438 -7.62606 352.7254 48.56396 -0.112816 352.7325 45.40613 7.423683 352.7253 48.5072 6.910621 353.0664 62.99169 -0.03560596 353.0768 65.91931 9.786049 353.0768 56.02466 -9.931725 353.0768 56.09997 -7.004417 353.0663 63.04431 -7.05587 353.0664 49.12952 -0.110191 353.0767 46.20203 6.857521 353.0664 49.07739 7.884499 353.6401 63.95862 -0.03011298 353.6503 67.29236 11.15885 353.6506 56.01965 -11.30483 353.6506 56.10535 -7.970726 353.6399 64.01819 -8.029992 353.6405 48.16321 -0.11483 353.6507 44.82849 7.824318 353.6403 48.10327 6.921547 354.5464 63.00281 -0.03609496 354.557 65.93946 9.805764 354.557 56.02478 -9.951683 354.557 56.10022 -7.015404 354.5462 63.05554 -7.066673 354.5466 49.11877 -0.109764 354.557 46.18188 6.868202 354.5464 49.06653 7.16172 356.4347 63.23986 -0.03475195 356.4481 66.27454 10.14024 356.4481 56.02381 -10.2864 356.4481 56.10193 -7.252892 356.4346 63.2948 -7.306541 356.4349 48.88183 -0.111229 356.4481 45.84753 7.1063 356.4347 48.82703 6.917213 356.4731 62.99817 -0.03639996 356.4864 65.93067 9.796608 356.4864 56.02527 -9.942589 356.4864 56.10058 -7.010948 356.4729 63.0509 -7.062645 356.4733 49.12366 -0.110008 356.4864 46.19153 6.864235 356.4731 49.07092 7.019508 356.299 63.10046 -0.035851 356.3124 66.07605 9.941933 356.3124 56.02453 -10.08803 356.3124 56.1012 -7.112877 356.2988 63.15381 -7.164818 356.2991 49.02148 -0.11068 356.3124 46.04602 6.965736 356.299 48.96826 -1.11306 330.3904 51.88806 0.155312 330.3904 51.35327 1.42765 330.3904 51.87854 1.427467 337.788 51.87829 0.155312 337.788 51.35327 -1.112327 337.788 51.88806 -1.800255 338.0139 8.744874 -0.004416942 338.0139 8.717408 1.779152 338.0139 8.731324 1.861488 330.3067 8.727662 -0.004905998 330.3074 8.713746 -1.882836 330.3067 8.742066 -3.037987 319.5776 56.07312 -2.182335 319.5776 58.43249 0.185158 319.5776 59.27075 2.546669 319.5776 58.41443 3.383583 319.5776 56.0487 2.528175 319.5776 53.68616 0.161049 319.5776 52.84863 -2.199181 319.5776 53.70398 0.714699 325.3708 48.20288 -0.427635 325.3708 48.20691 1.092934 325.7327 48.2074 -0.805504 325.7327 48.21448 1.091347 325.7374 47.92151 -0.806358 325.7374 47.92786 0.713966 325.3755 47.91638 -0.428856 325.3755 47.92078 1.090797 326.5909 47.52588 1.085304 326.8267 46.2428 1.078346 326.1343 44.50537 1.075783 324.5406 43.66467 1.077919 322.6548 44.22766 1.088844 321.2971 47.13171 1.098366 321.8818 49.67981 1.104897 323.6262 51.39819 1.106606 326.0367 51.89612 1.104347 328.3936 51.23132 1.096535 330.0381 49.27258 1.089455 330.4376 47.36706 1.079933 330.1971 44.64734 1.067238 328.7132 41.26404 1.052834 325.7911 37.60217 1.026588 317.8064 30.52478 0.998329 313.9008 23.11731 0.977394 313.7247 17.58215 0.967629 314.2184 14.85364 0.955116 315.7723 11.53894 0.946449 318.7562 9.255127 0.944679 323.2392 8.845826 0.947792 326.5375 9.803345 0.956581 328.5738 11.9126 0.967995 330.0195 15.03503 0.97953 329.9744 18.01587 0.987038 328.9572 20.07581 0.992409 327.1238 21.48035 0.994179 324.8602 21.94593 0.991859 322.62 21.37878 0.986305 320.8513 19.89246 0.978859 319.9647 17.82031 0.97123 320.0118 15.87329 0.966042 320.8945 14.50684 0.962868 322.4209 13.81628 0.964333 324.0851 14.02356 0.967812 325.3942 15.07312 0.974159 325.9623 16.65149 0.980202 325.6196 18.29456 0.60508 325.131 18.98596 -0.807579 326.5909 47.53308 -0.813499 326.8267 46.25012 -0.820091 326.1343 44.51233 -0.822594 324.5406 43.67175 -0.820457 322.6548 44.23486 -0.809532 321.2971 47.13879 -0.79995 321.8818 49.68689 -0.79348 323.6262 51.40539 -0.791771 326.0367 51.9032 -0.794395 328.3936 51.23877 -0.801903 330.0381 49.27966 -0.809044 330.4376 47.37427 -0.819176 330.1971 44.65515 -0.8312 328.7132 41.27099 -0.845604 325.7911 37.60925 -0.872276 317.8064 30.53235 -0.900047 313.9008 23.12439 -0.920982 313.7247 17.58923 -0.930748 314.2184 14.86084 -0.943748 315.7723 11.54626 -0.951927 318.7562 9.26233 -0.953758 323.2392 8.852906 -0.949852 326.5375 9.809937 -0.941856 328.5746 11.91956 -0.930443 330.0864 15.04211 -0.919212 330.0256 18.02332 -0.911766 328.9572 20.08313 -0.906151 327.1238 21.48718 -0.904198 324.8602 21.953 -0.906456 322.62 21.38611 -0.912132 320.8513 19.89954 -0.919518 319.9647 17.82752 -0.927147 320.0118 15.88049 -0.932335 320.8945 14.51404 -0.934837 322.4209 13.82263 -0.934044 324.0851 14.03064 -0.929832 325.3942 15.07971 -0.924583 325.9623 16.65881 -0.918175 325.6196 18.30164 -0.537682 325.131 18.99036 -0.809044 326.4057 47.31482 -0.813316 326.5438 46.20569 -0.818993 325.8694 44.62073 -0.821739 324.4119 43.92761 -0.819542 322.7424 44.50769 -0.809288 321.5801 47.18371 -0.800377 322.1492 49.58411 -0.794334 323.793 51.17261 -0.79287 326.0581 51.61767 -0.795372 328.2816 50.9751 -0.801598 329.7901 49.13537 -0.809044 330.157 47.31653 -0.818993 329.9119 44.68078 -0.830833 328.4511 41.38684 -0.844749 325.5674 37.78723 -0.8713 317.6153 30.74524 -0.899864 313.6287 23.21545 -0.920921 313.4381 17.58093 -0.931297 313.9387 14.80383 -0.944115 315.5267 11.39893 -0.953148 318.6152 9.013794 -0.954857 323.2414 8.567505 -0.951561 326.6536 9.54834 -0.942955 328.794 11.73584 -0.930748 330.3614 14.96326 -0.918785 330.3096 18.04846 -0.911156 329.1985 20.23792 -0.905418 327.272 21.7323 -0.903587 324.8868 22.23792 -0.905602 322.5197 21.65418 -0.911522 320.644 20.09729 -0.919456 319.6898 17.90833 -0.92733 319.7278 15.84582 -0.932823 320.6792 14.32556 -0.935875 322.3379 13.54968 -0.935081 324.1575 13.75623 -0.931114 325.6008 14.88269 -0.924644 326.2421 16.59729 -0.917442 325.8897 18.39649 -0.537193 325.3656 19.15405 1.089455 326.4057 47.30786 1.08506 326.5438 46.19861 1.079384 325.8694 44.61365 1.076698 324.4119 43.92053 1.078835 322.7424 44.50049 1.089088 321.5801 47.17663 1.098 322.1492 49.5769 1.104469 323.793 51.16528 1.105507 326.0581 51.61072 1.103004 328.2816 50.96789 1.096169 329.7901 49.12891 1.089333 330.157 47.30932 1.079445 329.9119 44.6737 1.067543 328.4511 41.37976 1.053688 325.5674 37.78015 1.027504 317.6153 30.73767 0.999001 313.6287 23.20813 0.977455 313.4381 17.57385 0.966957 313.9387 14.79675 0.954201 315.5267 11.39172 0.945656 318.6152 9.006348 0.94352 323.2414 8.560181 0.946815 326.6536 9.541382 0.955422 328.7938 11.72864 0.96775 330.2944 14.95618 0.979591 330.2589 18.04138 0.987587 329.1985 20.23035 0.993385 327.272 21.72473 0.995155 324.8868 22.23035 0.992836 322.5197 21.6471 0.986977 320.644 20.09033 0.978981 319.6898 17.90125 0.971046 319.7278 15.83862 0.965492 320.6792 14.31836 0.962563 322.3379 13.5426 0.963356 324.1575 13.74914 0.967262 325.6008 14.87549 0.973854 326.2421 16.59009 0.980995 325.8897 18.38953 0.605202 325.3656 19.15003 0.352882 325.3708 -47.99914 -0.789208 325.3708 -47.99548 0.730873 325.7327 -48.00647 -1.167686 325.7327 -47.99951 0.731972 325.7374 -47.72034 -1.166466 325.7374 -47.71326 0.353737 325.3755 -47.71265 -0.78878 325.3755 -47.70862 0.733315 326.5909 -47.32532 0.73838 326.8267 -46.04211 0.744972 326.1343 -44.30432 0.747536 324.5406 -43.46362 0.745705 322.6548 -44.02698 0.734474 321.2971 -46.93054 0.72538 321.8818 -49.47888 0.718361 323.6262 -51.19714 0.717384 326.0367 -51.69568 0.719276 328.3936 -51.03064 0.726845 330.0381 -49.07141 0.733864 330.4376 -47.16614 0.744057 330.1971 -44.44702 0.756874 328.7132 -41.06348 0.77079 325.7911 -37.40076 0.797523 317.8064 -30.32434 0.825356 313.9008 -22.91638 0.846047 313.7244 -17.38098 0.856422 314.2186 -14.6532 0.868996 315.7723 -11.3385 0.877174 318.7562 -9.054444 0.879372 323.2392 -8.645386 0.87571 326.5375 -9.603638 0.86747 328.5738 -11.71204 0.855507 330.0195 -14.83508 0.844643 329.9744 -17.81531 0.836708 328.9572 -19.875 0.831032 327.1238 -21.27905 0.829933 324.8602 -21.74548 0.831459 322.62 -21.17761 0.837013 320.8512 -19.69141 0.844826 319.9648 -17.62024 0.852028 320.0118 -15.67224 0.857216 320.8945 -14.30579 0.860084 322.4209 -13.61487 0.859657 324.0851 -13.8241 0.855507 325.3942 -14.87207 0.849403 325.9623 -16.45081 0.843605 325.6195 -18.09375 0.463112 325.131 -18.78223 -1.165062 326.5909 -47.31824 -1.159996 326.8267 -46.03491 -1.154137 326.1343 -44.29651 -1.150902 324.5406 -43.45642 -1.15316 322.6548 -44.01965 -1.16317 321.2971 -46.92395 -1.173363 321.8818 -49.47156 -1.179955 323.6262 -51.18994 -1.180992 326.0367 -51.6886 -1.179039 328.3936 -51.02331 -1.171532 330.0381 -49.06433 -1.164452 330.4376 -47.15881 -1.15432 330.1971 -44.43982 -1.141502 328.7132 -41.05627 -1.127708 325.7911 -37.39368 -1.100853 317.8064 -30.31726 -1.073082 313.9008 -22.9093 -1.052452 313.7244 -17.3739 -1.041954 314.2186 -14.64612 -1.029381 315.7723 -11.33142 -1.021141 318.7562 -9.047242 -1.019432 323.2392 -8.637818 -1.023033 326.5375 -9.59607 -1.030907 328.5746 -11.70496 -1.04287 330.0864 -14.828 -1.053917 330.0256 -17.80823 -1.061729 328.9572 -19.8678 -1.067345 327.1238 -21.27185 -1.068871 324.8602 -21.73792 -1.066185 322.62 -21.17114 -1.061424 320.8512 -19.6842 -1.05294 319.9648 -17.61389 -1.046348 320.0118 -15.66516 -1.040367 320.8945 -14.2992 -1.038658 322.4209 -13.6073 -1.039207 324.0851 -13.81665 -1.042931 325.3942 -14.86511 -1.048912 325.9623 -16.4436 -1.054955 325.6195 -18.08679 -0.680077 325.131 -18.77747 -1.164574 326.4057 -47.09961 -1.160179 326.5438 -45.99036 -1.154137 325.8694 -44.40576 -1.151329 324.4119 -43.71252 -1.153465 322.7424 -44.2926 -1.163475 321.5801 -46.96887 -1.172691 322.1492 -49.36902 -1.178673 323.793 -50.95752 -1.180565 326.0581 -51.40222 -1.178123 328.2816 -50.75989 -1.171104 329.7901 -48.92065 -1.164085 330.157 -47.10144 -1.153831 329.9119 -44.46619 -1.141808 328.4511 -41.17212 -1.128136 325.5674 -37.57275 -1.10183 317.6153 -30.53015 -1.073631 313.6287 -23.00012 -1.052879 313.4383 -17.36438 -1.042015 313.9384 -14.58765 -1.028648 315.5267 -11.1842 -1.019859 318.6152 -8.797729 -1.017845 323.2414 -8.352784 -1.022057 326.6536 -9.333985 -1.03054 328.794 -11.52063 -1.04287 330.3614 -14.74792 -1.053917 330.3096 -17.83386 -1.062218 329.1985 -20.02246 -1.067711 327.272 -21.51721 -1.069908 324.8868 -22.02258 -1.067162 322.5197 -21.43958 -1.061973 320.644 -19.88208 -1.054039 319.6898 -17.69299 -1.045738 319.7278 -15.62988 -1.040611 320.6792 -14.11011 -1.03756 322.3379 -13.33423 -1.037987 324.1575 -13.54041 -1.042381 325.6009 -14.66736 -1.04818 326.2421 -16.38257 -1.05526 325.8897 -18.18176 -0.68026 325.3656 -18.94177 0.733925 326.4057 -47.10681 0.738319 326.5438 -45.99756 0.744606 325.8694 -44.41321 0.747047 324.4119 -43.7196 0.744789 322.7424 -44.2998 0.734901 321.5801 -46.97607 0.725624 322.1492 -49.37622 0.719704 323.793 -50.96472 0.717812 326.0581 -51.40955 0.720314 328.2816 -50.76684 0.727333 329.7901 -48.92761 0.734352 330.157 -47.10852 0.744606 329.9119 -44.47327 0.756569 328.4511 -41.17932 0.770424 325.5674 -37.57971 0.796547 317.6153 -30.53723 0.824745 313.6287 -23.0072 0.845558 313.4383 -17.37146 0.856483 313.9384 -14.5946 0.869728 315.5267 -11.19128 0.877785 318.6152 -8.804322 0.879738 323.2414 -8.359253 0.876747 326.6536 -9.341431 0.867836 328.7938 -11.52771 0.855873 330.2944 -14.75537 0.84446 330.2589 -17.84094 0.836159 329.1985 -20.02966 0.830727 327.272 -21.52429 0.828468 324.8868 -22.02966 0.831276 322.5197 -21.44666 0.83683 320.644 -19.88941 0.844276 319.6898 -17.70032 0.852638 319.7278 -15.63708 0.858192 320.6792 -14.11755 0.860878 322.3379 -13.34143 0.860878 324.1575 -13.54773 0.856483 325.6009 -14.67468 0.850319 326.2421 -16.38953 0.843117 325.8897 -18.18897 0.462074 325.3656 -18.94592 8.259438 323.1525 3.623779 8.467019 323.1545 0.070068 8.238259 350.7269 3.510254 8.438637 350.7269 0.07018995 8.23246 323.1525 -3.485229 8.212319 350.7269 -3.371216 7.022255 322.296 0.075073 5.665321 322.296 4.046143 5.536476 351.4281 3.918335 6.845924 351.4281 0.07653796 5.635353 322.296 -3.887817 5.507362 351.4281 -3.759033 8.273781 323.3963 3.378784 8.466774 323.3982 0.06970196 8.252541 350.4832 3.268921 8.439187 350.4833 0.06994599 8.248147 323.3963 -3.240479 8.228676 350.4832 -3.129517 8.516701 323.3967 3.393188 8.71061 323.3986 0.06909197 8.496193 350.4836 3.282593 8.683083 350.4836 0.069458 8.491311 323.3967 -3.256714 8.47184 350.4836 -3.145752 8.516701 323.3967 3.393188 8.71061 323.3986 0.06909197 8.496193 350.4836 3.282593 8.683083 350.4836 0.069458 8.491311 323.3967 -3.256714 8.47184 350.4836 -3.145752 5.60099 331.8438 3.9823 8.248878 331.9214 3.567017 8.262429 331.9215 3.324097 8.506264 331.9218 3.338013 8.506264 331.9218 3.338013 8.481423 331.9218 -3.20105 8.481423 331.9218 -3.20105 8.238564 331.9215 -3.185181 8.22239 331.9214 -3.428223 5.570534 331.8438 -3.822876 5.538857 351.0932 3.920532 8.239052 350.4192 3.511841 8.253334 350.1841 3.27063 8.496254 350.1845 3.284912 8.496254 350.1845 3.284912 8.683693 350.1846 0.06933599 8.472512 350.1845 -3.148072 8.472512 350.1845 -3.148072 8.228798 350.1841 -3.131714 8.21299 350.4192 -3.373535 5.50956 351.0931 -3.760864 5.663918 322.5637 4.044434 8.259011 323.3983 3.622437 8.273233 323.6353 3.37732 8.516152 323.6357 3.391479 8.516152 323.6357 3.391479 8.710488 323.6375 0.06884795 8.490639 323.6357 -3.254395 8.490639 323.6357 -3.254395 8.24778 323.6353 -3.238647 8.231544 323.3983 -3.483276 5.63279 322.5637 -3.88562 5.75071 351.3649 -3.724243 6.98954 351.3649 0.07604998 5.779762 351.365 3.881592 5.782143 351.0325 3.883667 5.839577 331.8507 3.94458 5.897255 322.6387 4.006348 5.89872 322.373 4.008057 7.152199 322.3732 0.07482898 5.868629 322.373 -3.85144 5.867104 322.6387 -3.849487 5.809792 331.8507 -3.787598 5.752296 351.0325 -3.726074 5.630043 351.4281 -3.40686 5.864662 351.3649 -3.375854 8.233132 350.7269 -3.055542 8.247902 350.4832 -2.835815 8.490578 350.4836 -2.850342 8.490578 350.4836 -2.850342 8.491433 350.1845 -2.852417 8.501015 331.9219 -2.900757 8.510903 323.6359 -2.949585 8.511635 323.3968 -2.951782 8.511635 323.3968 -2.951782 8.2678 323.3965 -2.936401 8.254006 323.1527 -3.159546 5.986427 322.373 -3.491577 5.762917 322.2961 -3.524536 5.611427 351.4281 3.70105 5.847572 351.365 3.667114 8.249611 350.7269 3.316162 8.263344 350.4832 3.088135 8.50663 350.4836 3.10144 8.50663 350.4836 3.10144 8.506569 350.1845 3.103638 8.517189 331.9219 3.153442 8.527565 323.6358 3.203857 8.528115 323.3968 3.2052 8.528115 323.3968 3.2052 8.283852 323.3965 3.192505 8.270791 323.1526 3.423706 5.970192 322.3731 3.785767 5.742226 322.296 3.821899 8.599038 331.9133 -1.414917 8.685891 333.5278 0.06896996 8.592507 333.0615 -0.947143 8.707619 330.257 0.06921398 8.608986 330.7231 -1.004028 8.603493 331.9129 1.587525 8.593728 333.0615 1.198364 8.609658 330.7231 1.25769 17.82267 338.1654 -1.405884 17.23197 339.5061 0.04748499 17.31889 338.8832 -1.169312 18.60984 336.9783 0.04321295 18.33799 337.423 -1.196533 17.83061 338.1619 1.578247 17.32731 338.8774 1.345215 18.34196 337.4226 1.36731 17.86576 338.1834 -0.878296 17.55637 338.9492 0.04943799 17.60221 338.5419 -0.769165 18.31217 337.5581 0.047607 18.1171 337.8036 -0.783691 17.86997 338.1788 1.050537 17.6085 338.5323 0.944946 18.11472 337.8063 0.957764 13.99088 335.4846 -0.507324 13.6638 336.0398 0.06701695 13.73759 335.8291 -0.371826 14.40122 334.9764 0.06433099 14.22892 335.1221 -0.400513 13.99064 335.481 0.713989 13.73771 335.824 0.582764 14.22721 335.1201 0.608276 9.0225 333.3483 -0.958008 9.107094 333.8075 0.06811499 9.023964 333.348 1.205444 9.057962 332.2208 1.587036 9.089516 331.0532 1.262817 9.196022 330.6001 0.06799298 9.088173 331.0532 -1.01355 9.053444 332.2213 -1.414551 17.05436 338.7061 -1.162964 16.97208 339.286 0.04785197 17.06162 338.7005 1.34082 17.54984 337.9718 1.578735 18.04575 337.2188 1.364014 18.30857 336.7084 0.04406696 18.04173 337.2192 -1.19043 17.54203 337.9752 -1.406128 -8.30703 323.1525 3.686279 -8.541649 323.1545 0.134033 -8.28695 350.7269 3.572144 -8.51339 350.7269 0.133911 -8.334069 323.1525 -3.42273 -8.312767 350.7269 -3.30896 -7.096519 322.296 0.128784 -5.710533 322.296 4.088989 -5.582542 351.4281 3.960083 -6.921043 351.4281 0.127808 -5.739769 322.296 -3.844849 -5.610863 351.4281 -3.717041 -8.323327 323.3963 3.441773 -8.5411 323.3982 0.133911 -8.304039 350.4832 3.331299 -8.514306 350.4833 0.134277 -8.347496 323.3963 -3.178101 -8.327538 350.4832 -3.067627 -8.566491 323.3967 3.457886 -8.785424 323.3985 0.1348879 -8.546166 350.4836 3.346313 -8.758202 350.4836 0.13501 -8.59121 323.3967 -3.191772 -8.570763 350.4836 -3.081543 -8.566491 323.3967 3.457886 -8.785424 323.3985 0.1348879 -8.546166 350.4836 3.346313 -8.758202 350.4836 0.13501 -8.59121 323.3967 -3.191772 -8.570763 350.4836 -3.081543 -5.647057 331.8438 4.024658 -8.29702 331.9214 3.629272 -8.313317 331.9215 3.386109 -8.556054 331.9218 3.401978 -8.556054 331.9218 3.401978 -8.580834 331.9218 -3.136841 -8.580834 331.9218 -3.136841 -8.337548 331.9215 -3.122803 -8.32351 331.9214 -3.365845 -5.675194 331.8438 -3.780884 -5.58474 351.0932 3.962036 -8.287621 350.4192 3.574585 -8.304039 350.1841 3.332763 -8.547692 350.1845 3.349243 -8.547692 350.1845 3.349243 -8.758751 350.1846 0.135132 -8.570702 350.1845 -3.083618 -8.570702 350.1845 -3.083618 -8.327721 350.1841 -3.069336 -8.313012 350.4192 -3.311401 -5.613243 351.0931 -3.719116 -5.708946 322.5637 4.087158 -8.307457 323.3983 3.684937 -8.322777 323.6353 3.440063 -8.566002 323.6357 3.456177 -8.566002 323.6357 3.456177 -8.784874 323.6375 0.1348879 -8.590844 323.6357 -3.190552 -8.590844 323.6357 -3.190552 -8.34713 323.6353 -3.17688 -8.333458 323.3983 -3.421143 -5.738121 322.5637 -3.842896 -5.853294 351.3649 -3.680786 -7.064598 351.3649 0.128418 -5.82589 351.365 3.925293 -5.828087 351.0325 3.927246 -5.884972 331.8507 3.988647 -5.942223 322.6388 4.050537 -5.94381 322.373 4.05249 -7.226463 322.3732 0.128906 -5.973167 322.373 -3.806763 -5.971703 322.6388 -3.805054 -5.913719 331.8507 -3.743531 -5.856407 351.0325 -3.682251 -5.731224 351.4281 -3.364136 -5.964867 351.3649 -3.330933 -8.331505 350.7269 -2.993164 -8.345055 350.4832 -2.773315 -8.587731 350.4836 -2.786499 -8.587731 350.4836 -2.786499 -8.588463 350.1845 -2.788208 -8.598778 331.9219 -2.836182 -8.608849 323.6359 -2.885498 -8.609154 323.3968 -2.886597 -8.609154 323.3968 -2.886597 -8.36538 323.3965 -2.874268 -8.352623 323.1527 -3.096558 -6.088036 322.373 -3.445679 -5.864098 322.2961 -3.480591 -5.658409 351.4281 3.743774 -5.89547 351.365 3.710449 -8.300072 350.7269 3.378296 -8.315453 350.4832 3.150269 -8.558678 350.4836 3.165649 -8.558678 350.4836 3.165649 -8.558739 350.1845 3.167114 -8.568811 331.9219 3.217895 -8.578392 323.6358 3.268677 -8.579003 323.3968 3.270142 -8.579003 323.3968 3.270142 -8.335106 323.3965 3.254883 -8.320153 323.1526 3.485718 -6.016685 322.3731 3.831177 -5.788658 322.296 3.865112 -8.68496 331.9133 -1.349975 -8.760338 333.5278 0.134644 -8.67495 333.0615 -0.882202 -8.782373 330.257 0.134766 -8.691918 330.7231 -0.938965 -8.667077 331.9129 1.652466 -8.65963 333.0615 1.262817 -8.675805 330.7231 1.322388 -17.9081 338.1654 -1.271606 -17.30715 339.5061 0.177612 -17.40365 338.8832 -1.038452 -18.68484 336.9783 0.183594 -18.4219 337.423 -1.057739 -17.89376 338.1619 1.712769 -17.39217 338.8774 1.475952 -18.40646 337.4226 1.505859 -17.94784 338.1834 -0.744141 -17.63088 338.9492 0.1817629 -17.68343 338.5419 -0.636597 -18.38686 337.5581 0.185669 -18.19766 337.8036 -0.647461 -17.93673 338.1788 1.185425 -17.67635 338.5323 1.077148 -18.18276 337.8063 1.094116 -14.07021 335.4846 -0.401245 -13.73733 336.0398 0.170044 -13.81588 335.8291 -0.268188 -14.47604 334.9764 0.173462 -14.3077 335.1221 -0.293335 -14.06063 335.481 0.819092 -13.80886 335.824 0.686401 -14.29787 335.1201 0.715332 -9.10476 333.3483 -0.890259 -9.181665 333.8075 0.1368409 -9.090233 333.348 1.273682 -9.1213 332.2208 1.655396 -9.155297 331.0532 1.331421 -9.27047 330.6001 0.137207 -9.171166 331.0532 -0.944946 -9.139611 332.2213 -1.346069 -17.13802 338.7061 -1.03418 -17.04684 339.286 0.17627 -17.12612 338.7005 1.469116 -17.613 337.9718 1.710815 -18.11086 337.2188 1.50061 -18.38326 336.7084 0.1817629 -18.12594 337.2192 -1.054321 -17.62777 337.9752 -1.273926 -0.06764996 386.2207 57.87195 1.219154 386.2226 57.34485 1.736122 386.2207 56.05591 -1.882591 386.2213 56.07165 -1.358116 386.2226 57.35534 -0.07924699 386.2213 54.25281 -1.363976 386.2226 54.7793 1.208717 386.2226 54.76941 0.744789 386.783 56.87439 -0.069664 386.7817 57.20886 1.073097 386.7817 56.05834 -1.219749 386.7817 56.06799 -0.886436 386.783 56.88098 -0.891136 386.783 55.25012 -0.07729297 386.7817 54.91565 0.738564 386.7829 55.24353 0.424232 387.4688 56.55529 -0.07125097 387.4657 56.75427 0.618446 387.4657 56.05994 -0.765404 387.4658 56.06701 -0.567345 387.4686 56.5592 -0.569725 387.4688 55.56872 -0.07564496 387.4658 55.37024 0.420204 387.4687 55.56433 0.359901 388.7981 56.49158 -0.07204395 388.7936 56.6748 0.539467 388.7936 56.06006 -0.686302 388.7937 56.06701 -0.503746 388.7977 56.49523 -0.50515 388.7983 55.63281 -0.07491296 388.7938 55.44959 0.355873 388.7981 55.62927 0.88694 388.9286 57.01453 -0.069359 388.9245 57.41858 1.28318 388.9245 56.05725 -1.429893 388.9245 56.06995 -1.027061 388.9285 57.0227 -1.033043 388.929 55.11023 -0.07759898 388.9245 54.70593 0.879677 388.9285 55.10205 0.2584 389.1869 56.39014 -0.07198297 389.186 56.53112 0.395912 389.186 56.06043 -0.542137 389.186 56.0658 -0.402733 389.1869 56.39355 -0.403954 389.187 55.73376 -0.07509601 389.1862 55.59351 0.255898 389.1869 55.73059 -0.03401899 390.8855 56.10083 -0.07338696 390.8862 56.11902 -0.01644098 390.8862 56.06213 -0.130699 390.8862 56.06457 -0.112572 390.8855 56.1012 -0.112022 390.8855 56.02417 -0.072227 390.8863 56.00501 -0.03469097 390.8857 56.02307 -0.07338696 390.8862 56.0636 -0.502464 386.2207 -57.66199 0.788429 386.2226 -57.14416 1.314796 386.2207 -55.85962 -2.303917 386.2213 -55.84851 -1.787987 386.2226 -57.13562 -0.486351 386.2213 -54.04346 -1.775902 386.2226 -54.55993 0.797585 386.2226 -54.56946 0.31797 386.783 -56.67053 -0.499657 386.7817 -56.9989 0.651894 386.7817 -55.85705 -1.641075 386.7817 -55.84961 -1.313377 386.783 -56.66504 -1.306358 386.783 -55.03381 -0.48983 386.7817 -54.70593 0.323219 386.7829 -55.03967 -5.11e-4 387.4688 -56.34973 -0.497643 387.4657 -56.54455 0.197304 387.4657 -55.85535 -1.186546 387.4658 -55.85156 -0.992699 387.4686 -56.34582 -0.986839 387.4688 -55.35559 -0.491356 387.4658 -55.1604 0.002051949 387.4687 -55.35803 -0.064354 388.7981 -56.28516 -0.497215 388.7936 -56.46557 0.118446 388.7936 -55.8551 -1.106834 388.7937 -55.85291 -0.92849 388.7977 -56.2821 -0.922813 388.7983 -55.42004 -0.49099 388.7938 -55.24011 -0.06154596 388.7981 -55.42248 0.458656 388.9286 -56.81237 -0.500328 388.9245 -57.2091 0.862099 388.9245 -55.85791 -1.850853 388.9245 -55.84986 -1.455101 388.9285 -56.80554 -1.446129 388.929 -54.89319 -0.487877 388.9245 -54.49658 0.465492 388.9285 -54.89953 -0.165489 389.1869 -56.18347 -0.496666 389.186 -56.32165 -0.02498596 389.186 -55.85449 -0.963524 389.186 -55.85218 -0.825829 389.1869 -56.18164 -0.822289 389.187 -55.52136 -0.492699 389.1862 -55.38294 -0.1637189 389.1869 -55.52319 -0.455284 390.8855 -55.8916 -0.495201 390.8862 -55.90954 -0.437218 390.8862 -55.85266 -0.551964 390.8862 -55.85388 -0.534019 390.8855 -55.89148 -0.532372 390.8855 -55.81396 -0.493248 390.8863 -55.79553 -0.455467 390.8857 -55.81335 -0.493614 390.8862 -55.85376 46.55384 259.8056 -14.78226 41.92517 259.8056 -14.43729 35.80078 260.2862 -11.70731 31.92689 260.2862 -6.234168 30.68445 258.1746 -1.761999 51.026 259.8056 -13.53983 46.0268 259.8056 -9.438147 41.02765 260.2862 -5.336585 36.02851 260.2862 -1.2349 31.0293 258.1746 2.866663 56.49909 258.1746 -9.665808 50.12836 258.1746 -4.439002 45.12921 260.788 -0.337439 40.13007 260.788 3.764124 33.7594 258.1746 8.990931 59.22913 258.1746 -3.54154 54.22992 258.1746 0.560144 49.23078 260.788 4.661706 44.23163 260.788 8.763391 39.23242 258.1746 12.86495 59.57398 258.1746 1.087122 58.33155 258.1746 5.559289 54.45764 258.1746 11.03244 48.33325 258.1746 13.76241 43.70459 258.1746 14.10738 45.34101 281.2216 -0.133379 45.29822 281.2216 -0.1971 45.23413 281.2216 -0.2398239 45.08258 281.2216 -0.23897 45.01874 281.2216 -0.1960009 44.97595 281.2216 -0.131914 44.97669 281.2216 0.01908695 45.01972 281.2216 0.08317399 45.08417 281.2216 0.125532 45.23535 281.2216 0.125044 45.29914 281.2216 0.08195298 45.34137 281.2216 0.01786595 45.34101 282.632 -0.133379 45.29822 282.632 -0.1971 45.23413 282.632 -0.2398239 45.08258 282.632 -0.23897 45.01874 282.632 -0.1960009 44.97595 282.632 -0.131914 44.97669 282.632 0.01908695 45.01972 282.632 0.08317399 45.08417 282.632 0.125532 45.23535 282.632 0.125044 45.29914 282.632 0.08195298 45.34137 282.632 0.01786595 46.00208 285.5105 -0.137529 46.00232 285.5104 0.01371598 44.27136 283.3953 0.127119 43.36969 283.9049 0.130537 43.17377 284.9687 0.131025 43.87897 285.7962 0.128462 45.43738 285.8993 0.1227239 46.00287 285.5103 0.120649 44.45191 283.5794 0.01920896 43.49671 284.129 0.02274894 43.42798 285.0088 0.02299296 44.07038 285.624 0.020796 45.45044 285.6418 0.01530295 45.85108 285.3016 0.01408195 45.91413 285.3881 0.01396 44.37751 283.5033 0.126387 43.44434 284.0362 0.129805 43.32282 284.9922 0.130293 43.99109 285.6953 0.128096 45.44538 285.7484 0.122236 45.91388 285.3879 0.120649 44.42182 283.549 0.08341795 43.47595 284.0919 0.08683598 43.38605 285.0021 0.08732396 44.03894 285.6525 0.08488297 45.44873 285.6845 0.079512 45.87683 285.3361 0.07780295 44.45117 283.5792 -0.1316699 43.49597 284.1289 -0.128252 43.42725 285.0088 -0.128008 44.06964 285.6241 -0.130327 45.44977 285.6421 -0.135576 45.85071 285.3016 -0.1372849 45.91345 285.3881 -0.137041 44.19629 283.3186 -0.130571 43.3161 283.8119 -0.127276 43.0669 284.9523 -0.126177 43.7984 285.8677 -0.128985 45.43115 286.0061 -0.13521 46.06507 285.5969 -0.137652 44.19641 283.3188 0.02042996 43.31641 283.8119 0.02409195 43.06763 284.9523 0.02482396 43.79914 285.8675 0.02189397 45.43189 286.0061 0.01579099 46.06525 285.5968 0.01334899 44.22693 283.3495 0.08439397 43.33783 283.8492 0.087812 43.11029 284.9588 0.088301 43.83136 285.8389 0.085859 45.43396 285.9634 0.07999998 46.04029 285.5621 0.07755798 44.37598 283.5028 -0.238115 43.44287 284.0359 -0.234453 43.32129 284.9922 -0.234087 43.98987 285.6955 -0.236651 45.44385 285.7487 -0.242022 45.91339 285.3882 -0.244219 44.42096 283.5486 -0.195513 43.47504 284.0917 -0.192217 43.38452 285.0021 -0.191729 44.03797 285.6527 -0.1941699 45.4477 285.6848 -0.1997849 45.87592 285.3363 -0.20125 44.27075 283.3948 -0.237749 43.36847 283.9047 -0.234331 43.17206 284.9687 -0.2334769 43.87738 285.7965 -0.2360399 45.43622 285.8996 -0.242144 46.00171 285.5105 -0.244219 44.22577 283.3491 -0.194658 43.33679 283.849 -0.191362 43.10901 284.9588 -0.190264 43.82978 285.8392 -0.193193 45.43286 285.9635 -0.199297 46.03925 285.5623 -0.201494 45.08289 280.9885 -0.132402 44.88605 280.9885 -0.709551 45.08368 280.9885 0.01872098 45.8133 280.9885 0.2113479 45.23487 280.9885 0.01823198 45.65705 280.9885 -0.558794 45.427 280.9885 -0.711504 45.81128 280.9885 -0.330156 45.23456 280.9885 -0.133135 45.66077 280.9885 0.441084 45.43183 280.9885 0.595503 44.89093 280.9885 0.597334 44.66083 280.9885 0.444746 44.50666 280.9885 0.216108 44.5047 280.9885 -0.325152 44.65711 280.9885 -0.555132 45.08289 280.9885 -0.132402 44.88605 280.9885 -0.709551 45.23456 280.9885 -0.133135 45.427 280.9885 -0.711504 45.8133 280.9885 0.2113479 45.23487 280.9885 0.01823198 45.23456 280.9885 -0.133135 45.81128 280.9885 -0.330156 44.89093 280.9885 0.597334 45.08368 280.9885 0.01872098 45.43183 280.9885 0.595503 45.23487 280.9885 0.01823198 45.08368 280.9885 0.01872098 44.50666 280.9885 0.216108 45.08289 280.9885 -0.132402 44.5047 280.9885 -0.325152 44.74695 280.9885 0.358076 44.82624 280.9885 0.41081 44.79816 280.9885 0.294233 44.87769 280.9885 0.337324 44.77454 280.9885 -0.348833 44.69074 280.9885 -0.38936 44.74408 280.9885 -0.469195 44.82154 280.9885 -0.425615 45.57947 280.9885 -0.323809 45.5119 280.9885 -0.377031 45.56433 280.9885 -0.444658 45.62397 280.9885 -0.392901 45.57422 280.9885 0.35478 45.51282 280.9885 0.281538 45.49481 280.9885 0.408125 45.4383 280.9885 0.34001 42.76697 274.6224 1.626753 41.633 272.2195 2.357832 38.83759 269.5836 4.159834 37.10126 268.9113 5.279097 35.20008 268.3151 6.504438 33.3523 267.4729 7.695723 31.78126 266.0797 8.708418 30.64063 264.1955 9.443648 30.01765 262.1618 9.845259 29.96222 260.2832 9.880904 30.28901 258.5964 9.67021 31.16346 257.0163 9.086348 42.8443 274.608 1.680952 41.70819 272.2007 2.413252 38.9007 269.5503 4.223066 37.15814 268.8749 5.346113 35.25574 268.2781 6.572309 33.41089 267.437 7.761762 31.84766 266.0488 8.769331 30.71375 264.1731 9.500411 30.09479 262.1487 9.899214 30.04151 260.2818 9.933638 30.3675 258.605 9.723555 31.23884 257.0272 9.138228 42.81317 274.5936 1.566084 41.6756 272.1816 2.299604 38.85517 269.5166 4.117476 37.10724 268.838 5.244062 35.20246 268.2404 6.47209 33.36127 267.4007 7.658857 31.80592 266.0177 8.661543 30.6789 264.1505 9.387862 30.06415 262.1354 9.784101 30.01301 260.2806 9.817305 30.33771 258.6138 9.607954 31.20972 257.0383 9.026534 42.89038 274.5774 1.611006 41.75122 272.1602 2.345625 38.91718 269.4786 4.172285 37.16187 268.7962 5.303755 35.25482 268.198 6.532881 33.41742 267.3598 7.717452 31.87122 265.9826 8.714156 30.75153 264.1249 9.435713 30.14179 262.1204 9.82878 30.09321 260.2791 9.860274 30.41694 258.6237 9.651534 31.28535 257.0508 9.069502 46.99994 274.6184 2.228193 47.81568 272.2144 3.303144 49.82929 269.5745 5.955976 51.07825 268.9014 7.60295 52.44617 268.305 9.404952 53.77479 267.4632 11.15593 54.9032 266.0714 12.64299 55.7223 264.1896 13.72209 56.16987 262.1583 14.31145 56.20917 260.2829 14.3632 55.97382 258.5989 14.05412 55.34119 257.0194 13.20915 46.94287 274.583 2.160078 47.76166 272.1677 3.239668 49.79663 269.4918 5.920942 51.05737 268.8107 7.582197 52.4281 268.2127 9.38835 53.75061 267.3741 11.13103 54.86481 265.9949 12.60002 55.67145 264.1338 13.66325 56.1117 262.1258 14.24296 56.14765 260.2798 14.28984 55.91407 258.6205 13.98283 55.28437 257.0467 13.1414 46.92127 274.6164 2.281538 47.73743 272.2118 3.357099 49.75104 269.5699 6.011518 51.00172 268.8963 7.659101 52.36951 268.2998 9.461592 53.69746 267.4581 11.21184 54.82514 266.067 12.69792 55.64362 264.1864 13.77629 56.09015 262.1566 14.36516 56.12971 260.2827 14.41655 55.89502 258.6001 14.10734 55.2649 257.0209 13.26091 46.86823 274.5836 2.218428 47.68793 272.1684 3.297529 49.72156 269.4931 5.978682 50.98255 268.8122 7.639571 52.35284 268.2142 9.445967 53.67542 267.3755 11.18889 54.79035 265.996 12.65788 55.59723 264.1347 13.72136 56.03742 262.1262 14.30095 56.07312 260.2798 14.34831 55.83991 258.62 14.04106 55.2124 257.0461 13.19767 47.56031 274.591 -1.60457 48.69318 272.1782 -2.345415 51.50452 269.5104 -4.18294 53.24634 268.8311 -5.321611 55.14356 268.2335 -6.561845 56.97675 267.3941 -7.759966 58.52417 266.012 -8.771563 59.64521 264.1463 -9.504473 60.25647 262.1331 -9.904131 60.30701 260.2803 -9.93709 59.98358 258.6155 -9.725665 59.11352 257.0404 -9.173174 47.49439 274.5808 -1.658892 48.6286 272.1647 -2.400347 51.44794 269.4865 -4.243364 53.19471 268.8049 -5.385332 55.09283 268.2069 -6.626055 56.92401 267.3684 -7.822833 58.466 265.99 -8.830889 59.58173 264.1303 -9.560137 60.19025 262.1236 -9.957842 60.2395 260.2795 -9.990192 59.91638 258.6217 -9.779009 59.04877 257.0483 -9.225176 47.54181 274.6108 -1.723467 48.67224 272.2042 -2.462481 51.46625 269.5567 -4.288652 53.20032 268.8818 -5.422197 55.09467 268.285 -6.660601 56.93219 267.4438 -7.862139 58.49128 266.0547 -8.880817 59.62152 264.1774 -9.619463 60.23841 262.1512 -10.02303 60.29193 260.2821 -10.05794 59.96717 258.6034 -9.845782 59.09644 257.0251 -9.288653 47.60065 274.619 -1.670977 48.73029 272.215 -2.409502 51.51715 269.5757 -4.231279 53.2475 268.9028 -5.362383 55.14118 268.3063 -6.600176 56.9809 267.4645 -7.802813 58.54346 266.0724 -8.824175 59.6781 264.1904 -9.565997 60.29767 262.1588 -9.970782 60.35187 260.2829 -10.00643 60.02673 258.5986 -9.79378 59.154 257.019 -9.238604 43.5697 274.5783 -2.383135 42.87323 272.1614 -3.546099 41.14112 269.4807 -6.437822 40.06885 268.7986 -8.229083 38.9032 268.2004 -10.17488 37.77967 267.3621 -12.05074 36.83393 265.9846 -13.62996 36.14966 264.1264 -14.77254 35.77643 262.1213 -15.39534 35.74646 260.2792 -15.44576 35.94464 258.6232 -15.11482 36.48206 257.0502 -14.24349 43.48938 274.6071 -2.418779 42.79505 272.1994 -3.578326 41.07837 269.5479 -6.445024 40.01313 268.8722 -8.223711 38.84931 268.2753 -10.16585 37.72193 267.4344 -12.04866 36.76642 266.0466 -13.64363 36.07367 264.1715 -14.80049 35.69593 262.1477 -15.43196 35.66352 260.2817 -15.48592 35.86237 258.6057 -15.1534 36.4032 257.028 -14.27962 43.54346 274.6223 -2.49605 42.85053 272.2195 -3.653155 41.14136 269.5836 -6.506914 40.08032 268.9114 -8.278887 38.91803 268.3152 -10.21907 37.78784 267.4729 -12.10555 36.82782 266.0797 -13.70882 36.13068 264.1956 -14.87337 35.74976 262.1618 -15.50935 35.71576 260.2831 -15.56551 35.91596 258.5964 -15.23213 36.45539 257.0162 -14.3553 43.61823 274.5938 -2.457109 42.92322 272.1818 -3.618364 41.19904 269.5169 -6.49666 40.13043 268.8382 -8.280962 38.96613 268.2407 -10.22518 37.84027 267.401 -12.10457 36.88947 266.018 -13.69222 36.20032 264.1506 -14.84249 35.82514 262.1355 -15.4698 35.79358 260.2806 -15.52205 35.99237 258.6138 -15.19063 36.52863 257.0382 -14.31612 57.93964 257.1629 -13.11991 45.14679 257.1629 -18.36307 32.3927 257.1629 -13.02396 27.15009 257.1629 -0.230261 32.48889 257.1629 12.52291 45.28241 257.1629 17.7662 58.03577 257.1629 12.42709 63.27869 257.1629 -0.366247 58.12128 257.1629 -13.30277 45.14557 257.1629 -18.62003 32.21045 257.1629 -13.20536 26.89301 257.1629 -0.229529 32.30786 257.1629 12.70578 45.28369 257.1629 18.0234 58.21857 257.1629 12.60836 63.53614 257.1629 -0.367224 58.12128 256.9057 -13.30277 45.14557 256.9057 -18.62003 32.21045 256.9057 -13.20536 26.89301 256.9057 -0.229529 32.30786 256.9057 12.70578 45.28369 256.9057 18.0234 58.21857 256.9057 12.60836 63.53614 256.9057 -0.367224 57.93964 256.9057 -13.11991 45.14679 256.9057 -18.36307 32.3927 256.9057 -13.02396 27.15009 256.9057 -0.230261 32.48889 256.9057 12.52291 45.28241 256.9057 17.7662 58.03577 256.9057 12.42709 63.27869 256.9057 -0.366247 59.72742 257.8338 -0.244421 55.42737 257.8338 -10.51688 45.12256 257.8338 -14.73978 34.84998 257.8338 -10.43949 30.62702 257.8338 -0.134802 34.92755 257.8338 10.13741 45.23194 257.8338 14.36056 55.50452 257.8338 10.06027 60.56739 261.144 -0.247595 56.01856 261.144 -11.11271 45.11957 261.144 -15.57938 34.25409 261.144 -11.0308 29.78773 261.144 -0.131628 34.33594 261.144 10.73361 45.23542 261.144 15.20016 56.1004 261.144 10.65182 62.60797 261.2595 -0.255408 57.45587 261.2595 -12.56107 45.1117 261.2595 -17.61991 32.80579 261.2595 -12.4683 27.74744 261.2595 -0.1243039 32.89856 261.2595 12.18185 45.2428 261.2595 17.24069 57.54889 261.2595 12.08932 62.081 257.2424 -0.25321 57.08491 257.2424 -12.18705 45.11377 257.2424 -17.09305 33.17975 257.2424 -12.09708 28.27405 257.2424 -0.126013 33.26959 257.2424 11.80807 45.24073 257.2424 16.71383 57.17481 257.2424 11.71798 61.75177 257.2424 -0.25199 56.85334 257.2424 -11.95365 45.11518 257.2424 -16.7642 33.41358 257.2424 -11.86527 28.60322 257.2424 -0.127234 33.50177 257.2424 11.57443 45.23975 257.2424 16.38473 56.94172 257.2424 11.48617 58.87226 254.2847 -0.2412469 54.8244 254.2847 -9.909216 45.12604 254.2847 -13.88419 35.45807 254.2847 -9.836707 31.48322 254.2847 -0.138098 35.53076 254.2847 9.530238 45.22895 254.2847 13.50484 54.89746 254.2847 9.45724 58.62501 254.2847 -0.240149 54.65045 254.2847 -9.734168 45.12677 254.2847 -13.63688 35.63324 254.2847 -9.66239 31.73017 254.2847 -0.138953 35.70508 254.2847 9.354701 45.22772 254.2847 13.25778 54.72187 254.2847 9.283289 56.59766 251.2452 -0.2324579 56.05603 251.2452 -0.230505 53.22254 251.2452 -8.295203 52.84064 251.2452 -7.910803 45.1344 251.2452 -11.6099 45.13617 251.2452 -11.06815 37.0719 251.2452 -8.234656 37.45624 251.2452 -7.853064 33.75696 251.2452 -0.146643 34.29907 251.2452 -0.1487179 37.13263 251.2452 7.916101 37.51398 251.2452 7.531702 45.2201 251.2452 11.2308 45.21833 251.2452 10.68893 53.28333 251.2452 7.855554 52.89862 251.2452 7.473718 47.45117 251.2452 5.241296 39.74671 251.2452 2.083948 42.90393 251.2452 -5.620398 50.60834 251.2452 -2.463171 33.62604 252.3597 -0.146033 37.04041 252.3597 8.009242 45.22071 252.3597 11.36154 53.37653 252.3597 7.947596 56.72901 252.3597 -0.233191 53.31531 252.3597 -8.388464 45.13404 252.3597 -11.74125 36.97858 252.3597 -8.326819 61.8393 261.8583 -0.252356 63.85218 261.8255 -0.260046 56.9148 261.8583 -12.01566 58.33258 261.8255 -13.44388 45.11481 261.8583 -16.8516 45.10712 261.8255 -18.86405 33.35144 261.8583 -11.92704 31.9231 261.8255 -13.34476 28.51575 261.8583 -0.12699 26.50324 261.8255 -0.119665 33.44013 261.8583 11.63619 32.02252 261.8255 13.06478 45.24011 261.8583 16.47213 45.24781 261.8255 18.48458 57.00342 261.8583 11.54757 58.43201 261.8255 12.96542 62.75977 259.9963 -0.255896 63.4057 260.1683 -0.258337 57.56317 259.9963 -12.66874 58.01831 260.1683 -13.12723 45.11139 259.9963 -17.77177 45.10889 260.1683 -18.41776 32.69843 259.9963 -12.57523 32.23981 260.1683 -13.03031 27.59534 259.9963 -0.123328 26.94929 260.1683 -0.120886 32.79193 259.9963 12.28951 32.33679 260.1683 12.74801 45.24347 259.9963 17.3923 45.24604 260.1683 18.03829 57.65674 259.9963 12.19601 58.11536 260.1683 12.65109 -46.77291 259.8056 14.8634 -42.14425 259.8056 14.51843 -36.01986 260.2862 11.78845 -32.14596 260.2862 6.315307 -30.90353 258.1746 1.84314 -51.24508 259.8056 13.62097 -46.24587 259.8056 9.519288 -41.24673 260.2862 5.417725 -36.24758 260.2862 1.31604 -31.24838 258.1746 -2.785522 -56.71817 258.1746 9.746949 -50.34743 258.1746 4.520142 -45.34829 260.788 0.418579 -40.34914 260.788 -3.682983 -33.97848 258.1746 -8.90979 -59.44821 258.1746 3.62268 -54.449 258.1746 -0.479004 -49.44985 260.788 -4.580566 -44.45071 260.788 -8.682251 -39.4515 258.1746 -12.78381 -59.79306 258.1746 -1.005981 -58.55062 258.1746 -5.478149 -54.67672 258.1746 -10.95129 -48.55233 258.1746 -13.68128 -43.92367 258.1746 -14.02624 -45.56008 281.2216 0.285278 -45.51729 281.2216 0.348999 -45.45321 281.2216 0.391724 -45.30166 281.2216 0.390869 -45.23781 281.2216 0.3479 -45.19503 281.2216 0.283813 -45.19576 281.2216 0.132813 -45.23879 281.2216 0.068726 -45.30324 281.2216 0.02636694 -45.45443 281.2216 0.02685499 -45.51821 281.2216 0.06994599 -45.56045 281.2216 0.134033 -45.56008 282.632 0.285278 -45.51729 282.632 0.348999 -45.45321 282.632 0.391724 -45.30166 282.632 0.390869 -45.23781 282.632 0.3479 -45.19503 282.632 0.283813 -45.19576 282.632 0.132813 -45.23879 282.632 0.068726 -45.30324 282.632 0.02636694 -45.45443 282.632 0.02685499 -45.51821 282.632 0.06994599 -45.56045 282.632 0.134033 -46.22115 285.5105 0.289429 -46.2214 285.5104 0.138184 -44.49044 283.3953 0.02477997 -43.58877 283.9049 0.02136194 -43.39284 284.9687 0.02087396 -44.09804 285.7962 0.02343696 -45.65645 285.8993 0.02917498 -46.22195 285.5103 0.03125 -44.67098 283.5794 0.13269 -43.71578 284.129 0.12915 -43.64706 285.0088 0.128906 -44.28945 285.624 0.131104 -45.66952 285.6418 0.136597 -46.07015 285.3016 0.137817 -46.1332 285.3881 0.137939 -44.59658 283.5033 0.02551299 -43.66341 284.0362 0.02209496 -43.54189 284.9922 0.02160596 -44.21017 285.6953 0.02380394 -45.66445 285.7484 0.02966296 -46.13296 285.3879 0.03125 -44.64089 283.549 0.06848096 -43.69503 284.0919 0.06506299 -43.60512 285.0021 0.06457495 -44.25802 285.6525 0.06701695 -45.66781 285.6845 0.07238799 -46.09591 285.3361 0.07409697 -44.67025 283.5792 0.283569 -43.71505 284.1289 0.280151 -43.64632 285.0088 0.279907 -44.28872 285.6241 0.282227 -45.66884 285.6421 0.287476 -46.06978 285.3016 0.289185 -46.13253 285.3881 0.28894 -44.41537 283.3186 0.282471 -43.53518 283.8119 0.279175 -43.28597 284.9523 0.278076 -44.01748 285.8677 0.280884 -45.65023 286.0061 0.287109 -46.28414 285.5969 0.289551 -44.41549 283.3188 0.13147 -43.53548 283.8119 0.127808 -43.2867 284.9523 0.127075 -44.01821 285.8675 0.130005 -45.65096 286.0061 0.136108 -46.28432 285.5968 0.13855 -44.44601 283.3495 0.067505 -43.55691 283.8492 0.06408697 -43.32937 284.9588 0.06359899 -44.05044 285.8389 0.06603997 -45.65304 285.9634 0.07189899 -46.25936 285.5621 0.07434099 -44.59505 283.5028 0.390015 -43.66195 284.0359 0.386353 -43.54037 284.9922 0.385986 -44.20895 285.6955 0.38855 -45.66292 285.7487 0.393921 -46.13247 285.3882 0.396118 -44.64004 283.5486 0.347412 -43.69411 284.0917 0.344116 -43.6036 285.0021 0.343628 -44.25704 285.6527 0.346069 -45.66677 285.6848 0.351685 -46.09499 285.3363 0.353149 -44.48983 283.3948 0.389648 -43.58755 283.9047 0.38623 -43.39113 284.9687 0.385376 -44.09646 285.7965 0.387939 -45.6553 285.8996 0.394043 -46.22079 285.5105 0.396118 -44.44485 283.3491 0.346558 -43.55587 283.849 0.343262 -43.32809 284.9588 0.342163 -44.04885 285.8392 0.345093 -45.65194 285.9635 0.351196 -46.25832 285.5623 0.353394 -45.30196 280.9885 0.284302 -45.10512 280.9885 0.86145 -45.30276 280.9885 0.133179 -46.03237 280.9885 -0.059448 -45.45394 280.9885 0.133667 -45.87612 280.9885 0.710693 -45.64608 280.9885 0.863403 -46.03036 280.9885 0.482056 -45.45363 280.9885 0.285034 -45.87984 280.9885 -0.289185 -45.6509 280.9885 -0.443604 -45.11001 280.9885 -0.445435 -44.8799 280.9885 -0.292847 -44.72573 280.9885 -0.06420898 -44.72378 280.9885 0.477051 -44.87618 280.9885 0.707031 -46.0068 281.0001 0.472046 -45.85805 281.0001 0.692749 -45.58517 281.2092 0.295654 -45.53628 281.2092 0.368286 -45.30196 280.9885 0.284302 -45.10512 280.9885 0.86145 -45.45363 280.9885 0.285034 -45.64608 280.9885 0.863403 -46.03237 280.9885 -0.059448 -45.45394 280.9885 0.133667 -45.45363 280.9885 0.285034 -46.03036 280.9885 0.482056 -45.11001 280.9885 -0.445435 -45.30276 280.9885 0.133179 -45.6509 280.9885 -0.443604 -45.45394 280.9885 0.133667 -45.30276 280.9885 0.133179 -44.72573 280.9885 -0.06420898 -45.30196 280.9885 0.284302 -44.72378 280.9885 0.477051 -45.58517 281.2092 0.295654 -45.53628 281.2092 0.368286 -44.96603 280.9885 -0.2061769 -45.04531 280.9885 -0.258911 -45.01723 280.9885 -0.142334 -45.09676 280.9885 -0.185425 -44.99361 280.9885 0.500732 -44.90981 280.9885 0.54126 -44.96316 280.9885 0.621094 -45.04061 280.9885 0.577515 -45.79854 280.9885 0.475708 -45.73098 280.9885 0.528931 -45.78341 280.9885 0.596558 -45.84304 280.9885 0.5448 -45.7933 280.9885 -0.202881 -45.73189 280.9885 -0.129639 -45.71389 280.9885 -0.256226 -45.65737 280.9885 -0.1881099 -42.98604 274.6224 -1.474854 -41.85207 272.2195 -2.205933 -39.05666 269.5836 -4.007935 -37.32033 268.9113 -5.127197 -35.41915 268.3151 -6.35254 -33.57137 267.4729 -7.543823 -32.00033 266.0797 -8.556519 -30.8597 264.1955 -9.291749 -30.23672 262.1618 -9.69336 -30.1813 260.2832 -9.729004 -30.50808 258.5964 -9.518311 -31.38253 257.0163 -8.934449 -43.06338 274.608 -1.529053 -41.92727 272.2007 -2.261353 -39.11977 269.5503 -4.071167 -37.37722 268.8749 -5.194214 -35.47481 268.2781 -6.420411 -33.62997 267.437 -7.609864 -32.06673 266.0488 -8.617432 -30.93282 264.1731 -9.348511 -30.31386 262.1487 -9.747315 -30.26058 260.2818 -9.781739 -30.58657 258.605 -9.571656 -31.45791 257.0272 -8.986329 -43.03225 274.5936 -1.414185 -41.89468 272.1816 -2.147705 -39.07424 269.5166 -3.965576 -37.32632 268.838 -5.092163 -35.42153 268.2404 -6.32019 -33.58034 267.4007 -7.506958 -32.02499 266.0177 -8.509644 -30.89797 264.1505 -9.235962 -30.28322 262.1354 -9.632203 -30.23208 260.2806 -9.665406 -30.55679 258.6138 -9.456055 -31.4288 257.0383 -8.874634 -43.10946 274.5774 -1.459106 -41.9703 272.1602 -2.193726 -39.13625 269.4786 -4.020386 -37.38094 268.7962 -5.151855 -35.4739 268.198 -6.380981 -33.6365 267.3598 -7.565552 -32.09029 265.9826 -8.562256 -30.9706 264.1249 -9.283814 -30.36086 262.1204 -9.67688 -30.31228 260.2791 -9.708374 -30.63601 258.6237 -9.499634 -31.50442 257.0508 -8.917603 -47.21902 274.6184 -2.076294 -48.03475 272.2144 -3.151245 -50.04836 269.5745 -5.804077 -51.29732 268.9014 -7.45105 -52.66524 268.305 -9.253052 -53.99386 267.4632 -11.00403 -55.12227 266.0714 -12.49109 -55.94137 264.1896 -13.57019 -56.38894 262.1583 -14.15954 -56.42825 260.2829 -14.2113 -56.19289 258.5989 -13.90222 -55.56027 257.0194 -13.05725 -47.16195 274.583 -2.008179 -47.98073 272.1677 -3.087769 -50.01571 269.4918 -5.769043 -51.27645 268.8107 -7.430298 -52.64718 268.2127 -9.236451 -53.96969 267.3741 -10.97913 -55.08388 265.9949 -12.44812 -55.89052 264.1338 -13.51135 -56.33077 262.1258 -14.09106 -56.36672 260.2798 -14.13794 -56.13314 258.6205 -13.83093 -55.50344 257.0467 -12.9895 -47.14034 274.6164 -2.129639 -47.9565 272.2118 -3.2052 -49.97011 269.5699 -5.859619 -51.22079 268.8963 -7.507202 -52.58858 268.2998 -9.309693 -53.91653 267.4581 -11.05994 -55.04421 266.067 -12.54602 -55.86269 264.1864 -13.62439 -56.30923 262.1566 -14.21326 -56.34878 260.2827 -14.26465 -56.11409 258.6001 -13.95544 -55.48397 257.0209 -13.10901 -47.0873 274.5836 -2.066528 -47.907 272.1684 -3.14563 -49.94063 269.4931 -5.826782 -51.20162 268.8122 -7.487671 -52.57192 268.2142 -9.294068 -53.8945 267.3755 -11.03699 -55.00942 265.996 -12.50598 -55.8163 264.1347 -13.56946 -56.25649 262.1262 -14.14905 -56.2922 260.2798 -14.19641 -56.05899 258.62 -13.88916 -55.43148 257.0461 -13.04578 -47.77938 274.591 1.75647 -48.91225 272.1782 2.497314 -51.72359 269.5104 4.334839 -53.46541 268.8311 5.473511 -55.36263 268.2335 6.713745 -57.19582 267.3941 7.911865 -58.74325 266.012 8.923462 -59.86428 264.1463 9.656373 -60.47555 262.1331 10.05603 -60.52608 260.2803 10.08899 -60.20266 258.6155 9.877564 -59.3326 257.0404 9.325074 -47.71346 274.5808 1.810791 -48.84768 272.1647 2.552246 -51.66702 269.4865 4.395264 -53.41378 268.8049 5.537231 -55.31191 268.2069 6.777954 -57.14309 267.3684 7.974731 -58.68508 265.99 8.982789 -59.8008 264.1303 9.712037 -60.40932 262.1236 10.10974 -60.45858 260.2795 10.14209 -60.13546 258.6217 9.930909 -59.26784 257.0483 9.377076 -47.76089 274.6108 1.875366 -48.89132 272.2042 2.61438 -51.68532 269.5567 4.440552 -53.41939 268.8818 5.574097 -55.31374 268.285 6.8125 -57.15127 267.4438 8.014039 -58.71035 266.0547 9.032715 -59.8406 264.1774 9.771363 -60.45748 262.1512 10.17493 -60.51101 260.2821 10.20984 -60.18624 258.6034 9.997681 -59.31551 257.0251 9.440552 -47.81972 274.619 1.822876 -48.94936 272.215 2.561401 -51.73623 269.5757 4.383179 -53.46657 268.9028 5.514282 -55.36025 268.3063 6.752075 -57.19997 267.4645 7.954712 -58.76253 266.0724 8.976075 -59.89718 264.1904 9.717897 -60.51675 262.1588 10.12268 -60.57094 260.2829 10.15832 -60.24581 258.5986 9.945679 -59.37307 257.019 9.390503 -43.78878 274.5783 2.535034 -43.09231 272.1614 3.697998 -41.36019 269.4807 6.589722 -40.28792 268.7986 8.380982 -39.12228 268.2004 10.32678 -37.99874 267.3621 12.20264 -37.053 265.9846 13.78186 -36.36874 264.1264 14.92444 -35.99551 262.1213 15.54724 -35.96554 260.2792 15.59766 -36.16372 258.6232 15.26672 -36.70113 257.0502 14.39539 -43.70846 274.6071 2.570679 -43.01412 272.1994 3.730224 -41.29745 269.5479 6.596924 -40.2322 268.8722 8.375611 -39.06838 268.2753 10.31775 -37.941 267.4344 12.20056 -36.9855 266.0466 13.79553 -36.29275 264.1715 14.95239 -35.915 262.1477 15.58386 -35.88259 260.2817 15.63782 -36.08144 258.6057 15.3053 -36.62228 257.028 14.43152 -43.76253 274.6223 2.647949 -43.0696 272.2195 3.805054 -41.36043 269.5836 6.658813 -40.2994 268.9114 8.430787 -39.13711 268.3152 10.37097 -38.00692 267.4729 12.25745 -37.0469 266.0797 13.86072 -36.34975 264.1956 15.02527 -35.96883 262.1618 15.66125 -35.93484 260.2831 15.71741 -36.13503 258.5964 15.38403 -36.67446 257.0162 14.5072 -43.8373 274.5938 2.609009 -43.14229 272.1818 3.770263 -41.41811 269.5169 6.64856 -40.34951 268.8382 8.432862 -39.1852 268.2407 10.37708 -38.05935 267.401 12.25647 -37.10854 266.018 13.84412 -36.41939 264.1506 14.99438 -36.04421 262.1355 15.6217 -36.01266 260.2806 15.67395 -36.21145 258.6138 15.34253 -36.7477 257.0382 14.46802 -58.15871 257.1629 13.20105 -45.36587 257.1629 18.44421 -32.61178 257.1629 13.1051 -27.36916 257.1629 0.311401 -32.70797 257.1629 -12.44177 -45.50149 257.1629 -17.68506 -58.25484 257.1629 -12.34595 -63.49776 257.1629 0.447388 -58.34035 257.1629 13.38391 -45.36465 257.1629 18.70117 -32.42953 257.1629 13.2865 -27.11209 257.1629 0.310669 -32.52694 257.1629 -12.62463 -45.50277 257.1629 -17.94226 -58.43764 257.1629 -12.52722 -63.75521 257.1629 0.448364 -58.34035 256.9057 13.38391 -45.36465 256.9057 18.70117 -32.42953 256.9057 13.2865 -27.11209 256.9057 0.310669 -32.52694 256.9057 -12.62463 -45.50277 256.9057 -17.94226 -58.43764 256.9057 -12.52722 -63.75521 256.9057 0.448364 -58.15871 256.9057 13.20105 -45.36587 256.9057 18.44421 -32.61178 256.9057 13.1051 -27.36916 256.9057 0.311401 -32.70797 256.9057 -12.44177 -45.50149 256.9057 -17.68506 -58.25484 256.9057 -12.34595 -63.49776 256.9057 0.447388 -59.94649 257.8338 0.325562 -55.64644 257.8338 10.59802 -45.34164 257.8338 14.82092 -35.06905 257.8338 10.52063 -30.84609 257.8338 0.215942 -35.14663 257.8338 -10.05627 -45.45101 257.8338 -14.27942 -55.72359 257.8338 -9.979126 -60.78646 261.144 0.328735 -56.23763 261.144 11.19385 -45.33864 261.144 15.66052 -34.47317 261.144 11.11194 -30.0068 261.144 0.212769 -34.55501 261.144 -10.65247 -45.45449 261.144 -15.11902 -56.31948 261.144 -10.57068 -62.82705 261.2595 0.336548 -57.67495 261.2595 12.64221 -45.33077 261.2595 17.70105 -33.02486 261.2595 12.54944 -27.96652 261.2595 0.205444 -33.11764 261.2595 -12.10071 -45.46187 261.2595 -17.15955 -57.76797 261.2595 -12.00818 -62.30007 257.2424 0.334351 -57.30398 257.2424 12.26819 -45.33285 257.2424 17.1742 -33.39883 257.2424 12.17822 -28.49313 257.2424 0.207153 -33.48867 257.2424 -11.72693 -45.4598 257.2424 -16.63269 -57.39389 257.2424 -11.63684 -61.97085 257.2424 0.33313 -57.07241 257.2424 12.03479 -45.33425 257.2424 16.84534 -33.63265 257.2424 11.94641 -28.82229 257.2424 0.208374 -33.72085 257.2424 -11.49329 -45.45882 257.2424 -16.30359 -57.16079 257.2424 -11.40503 -59.09133 254.2847 0.322388 -55.04348 254.2847 9.990357 -45.34511 254.2847 13.96533 -35.67715 254.2847 9.917847 -31.70229 254.2847 0.219238 -35.74984 254.2847 -9.449097 -45.44802 254.2847 -13.42371 -55.11654 254.2847 -9.376099 -58.84408 254.2847 0.321289 -54.86953 254.2847 9.815308 -45.34585 254.2847 13.71802 -35.85232 254.2847 9.743531 -31.94924 254.2847 0.220093 -35.92416 254.2847 -9.27356 -45.4468 254.2847 -13.17664 -54.94094 254.2847 -9.202149 -56.81673 251.2452 0.313599 -56.2751 251.2452 0.311646 -53.44161 251.2452 8.376343 -53.05971 251.2452 7.991943 -45.35348 251.2452 11.69104 -45.35525 251.2452 11.14929 -37.29098 251.2452 8.315796 -37.67531 251.2452 7.934204 -33.97603 251.2452 0.227783 -34.51815 251.2452 0.229858 -37.35171 251.2452 -7.834961 -37.73305 251.2452 -7.450561 -45.43917 251.2452 -11.14966 -45.4374 251.2452 -10.60779 -53.5024 251.2452 -7.774414 -53.1177 251.2452 -7.392578 -47.67025 251.2452 -5.160156 -39.96578 251.2452 -2.002808 -43.12301 251.2452 5.701538 -50.82741 251.2452 2.544311 -33.84511 252.3597 0.227173 -37.25948 252.3597 -7.9281 -45.43978 252.3597 -11.2804 -53.5956 252.3597 -7.866455 -56.94808 252.3597 0.314331 -53.53439 252.3597 8.469604 -45.35311 252.3597 11.82239 -37.19765 252.3597 8.407959 -62.05837 261.8583 0.333496 -64.07125 261.8255 0.341187 -57.13387 261.8583 12.0968 -58.55166 261.8255 13.52502 -45.33388 261.8583 16.93274 -45.32619 261.8255 18.94519 -33.57052 261.8583 12.00818 -32.14217 261.8255 13.4259 -28.73482 261.8583 0.20813 -26.72231 261.8255 0.200806 -33.6592 261.8583 -11.55505 -32.2416 261.8255 -12.98364 -45.45919 261.8583 -16.39099 -45.46688 261.8255 -18.40344 -57.22249 261.8583 -11.46643 -58.65108 261.8255 -12.88428 -62.97885 259.9963 0.337036 -63.62478 260.1683 0.339478 -57.78225 259.9963 12.74988 -58.23738 260.1683 13.20837 -45.33047 259.9963 17.85291 -45.32796 260.1683 18.4989 -32.9175 259.9963 12.65637 -32.45888 260.1683 13.11145 -27.81442 259.9963 0.204468 -27.16836 260.1683 0.202026 -33.01101 259.9963 -12.20837 -32.55587 260.1683 -12.66687 -45.46255 259.9963 -17.31116 -45.46511 260.1683 -17.95715 -57.87582 259.9963 -12.11487 -58.33443 260.1683 -12.56995 6.300087 355.9383 -62.69616 -0.530235 355.9486 -65.51941 -0.532372 357.123 -65.95618 6.609596 357.1098 -63.00793 9.173562 355.9486 -55.88843 9.610512 357.123 -55.89001 -7.339867 355.9381 -62.64477 -10.1617 355.9486 -55.81714 -10.59884 357.123 -55.81567 -7.651023 357.1096 -62.95471 -7.287437 355.9384 -49.00598 -0.457542 355.9486 -46.18335 -0.456261 357.123 -45.74597 -7.596397 357.1098 -48.69446 6.351356 355.9383 -49.05737 6.662392 357.1098 -48.74744 7.367897 359.0577 -63.77185 -0.535973 359.0733 -67.02991 10.68375 359.0733 -55.89441 -11.67196 359.0733 -55.81189 -8.415612 359.0574 -63.71265 -8.354821 359.058 -47.93054 -0.452049 359.0733 -44.67297 7.426368 359.0578 -47.98962 8.064553 365.9702 -64.47376 -0.53994 365.9911 -68.00769 11.66129 365.9912 -55.89831 -12.64944 365.9911 -55.80859 -9.11776 365.9699 -64.40979 -9.050438 365.9706 -47.22961 -0.448326 365.9913 -43.69641 8.128029 365.9704 -47.29382 8.661843 373.6468 -65.07605 -0.543297 373.671 -68.84253 12.49583 373.6712 -55.90124 -13.48458 373.6711 -55.80566 -9.719323 373.6468 -65.00843 -9.648583 373.6476 -46.62756 -0.444847 373.6714 -42.86145 8.73008 373.6474 -46.69617 10.23643 375.9572 -66.66272 -0.552147 375.9819 -71.07483 14.72843 375.9826 -55.90979 -15.71682 375.9819 -55.79748 -11.30727 375.9572 -66.58264 -11.22347 375.9582 -45.04065 -0.436241 375.9828 -40.62927 10.31657 375.958 -45.12121 8.496132 378.6198 -64.9093 -0.542809 378.6421 -68.60315 12.25639 378.6425 -55.90076 -13.24551 378.6423 -55.80676 -9.553307 378.6195 -64.84217 -9.482933 378.6203 -46.79455 -0.445518 378.6425 -43.10168 8.563393 378.6202 -46.86243 6.253761 380.5667 -62.65027 -0.530846 380.5819 -65.42151 9.074685 380.5819 -55.88867 -10.0638 380.5819 -55.8186 -7.294029 380.5667 -62.60046 -7.240685 380.5668 -49.05371 -0.45742 380.5824 -46.28308 6.304115 380.5668 -49.10412 3.039162 382.2422 -59.41138 -0.513634 382.2488 -60.85876 4.512001 382.2489 -55.87182 -5.500999 382.249 -55.83618 -4.05587 382.2422 -59.38562 -4.026695 382.2423 -52.29248 -0.474632 382.249 -50.84607 3.064796 382.2423 -52.31873 2.499062 384.4746 -58.86731 -0.510765 384.4793 -60.09167 3.744667 384.4794 -55.86877 -4.733177 384.4795 -55.83948 -3.51107 384.4746 -58.84558 -3.486229 384.4746 -52.83691 -0.477501 384.4796 -51.61316 2.520912 384.4746 -52.85925 1.415016 386.0027 -57.77527 -0.504967 386.0038 -58.55114 2.203773 386.0038 -55.86316 -3.192528 386.004 -55.84545 -2.419456 386.0027 -57.76147 -2.402672 386.0027 -53.92883 -0.483116 386.0039 -53.15442 1.429298 386.0027 -53.94348 0.788429 386.2228 -57.14416 -0.502464 386.2211 -57.66199 1.314796 386.2211 -55.85962 -2.303917 386.2213 -55.84851 -1.787987 386.2229 -57.13562 -1.775902 386.2228 -54.55993 -0.486351 386.2213 -54.04346 0.797585 386.2227 -54.56946 -13.26131 377.9679 -55.80676 -9.564599 377.9454 -64.85364 -0.542686 377.9678 -68.61902 8.507973 377.9456 -64.92102 12.27274 377.9681 -55.90076 8.574318 377.946 -46.85071 -0.445763 377.9681 -43.08508 -9.494165 377.946 -46.78284 6.77195 355.9383 62.8551 -0.03749799 355.9486 65.72913 -0.035362 357.123 66.1659 7.083839 357.1098 63.16431 9.594765 355.9486 56.02551 10.03196 357.123 56.02405 -6.867027 355.9381 62.90613 -9.740807 355.9486 56.09949 -10.17794 357.123 56.10168 -7.176414 357.1096 63.21789 -6.917931 355.9384 49.26697 -0.10952 355.9486 46.39319 -0.111351 357.123 45.95666 -7.229087 357.1098 48.95776 6.72068 355.9383 49.21545 7.029823 357.1098 48.90393 7.848488 359.0577 63.92236 -0.03176099 359.0733 67.23963 11.10477 359.0733 56.02014 -11.25094 359.0733 56.10559 -7.934593 359.0574 63.98206 -7.993065 359.058 48.19971 -0.115013 359.0733 44.88293 7.788124 359.0578 48.14001 8.549782 365.9702 64.61927 -0.02791595 365.9911 68.21741 12.08183 365.9912 56.01684 -12.22854 365.9911 56.1095 -8.631798 365.9699 64.68421 -8.694481 365.9706 47.50354 -0.118675 365.9913 43.90613 8.483986 365.9704 47.43848 9.151894 373.6468 65.21692 -0.02437597 373.671 69.05225 12.91679 373.6712 56.01379 -13.06362 373.6711 56.11328 -9.229882 373.6468 65.28711 -9.296837 373.6476 46.90625 -0.121361 373.6714 43.07165 9.081276 373.6474 46.83703 10.73893 375.9572 66.79163 -0.01607495 375.9819 71.28479 15.14976 375.9826 56.00501 -15.2958 375.9819 56.12171 -10.80495 375.9572 66.87366 -10.88326 375.9582 45.33142 -0.129234 375.9828 40.83874 10.65659 375.958 45.24988 8.984536 378.6198 65.05139 -0.02614599 378.6422 68.81287 12.67741 378.6425 56.01453 -12.82418 378.6423 56.11255 -9.064415 378.6196 65.12 -9.129662 378.6203 47.07239 -0.119957 378.6425 43.31116 8.91642 378.6202 47.00342 6.726479 380.5667 62.80884 -0.03774297 380.5819 65.63111 9.495827 380.5819 56.02649 -9.64254 380.5819 56.10058 -6.82241 380.5667 62.8612 -6.870872 380.5668 49.31433 -0.107994 380.5824 46.4928 6.6735 380.5668 49.2633 3.487465 382.2422 59.59461 -0.05483198 382.2488 61.06836 4.932838 382.2489 56.04382 -5.079796 382.249 56.08386 -3.607506 382.2422 59.62195 -3.632408 382.2423 52.52942 -0.09090399 382.249 51.05542 3.459572 382.2423 52.50146 2.942543 384.4746 59.05456 -0.05776196 384.4793 60.30115 4.165932 384.4794 56.04675 -4.312584 384.4795 56.08044 -3.067406 384.4746 59.07776 -3.087608 384.4747 53.06946 -0.08834099 384.4796 51.82299 2.918861 384.4746 53.04651 1.850685 386.0027 57.9707 -0.06362199 386.0038 58.7605 2.624672 386.0038 56.05261 -2.771568 386.004 56.07507 -1.983727 386.0027 57.98596 -1.995751 386.0027 54.1532 -0.082726 386.0039 53.36413 1.835304 386.0027 54.13843 1.219154 386.2228 57.34485 -0.06764996 386.2211 57.87195 1.736122 386.2211 56.05591 -1.882591 386.2213 56.07165 -1.358116 386.2229 57.35534 -1.363976 386.2228 54.7793 -0.07924699 386.2213 54.25281 1.208717 386.2227 54.76941 -12.8406 377.9679 56.11267 -9.075706 377.9454 65.13172 -0.02510797 377.9678 68.82886 8.996804 377.9456 65.06262 12.6937 377.9681 56.01441 8.927041 377.946 46.99243 -0.120445 377.9681 43.29516 -9.141076 377.946 47.06091</float_array>
          <technique_common>
            <accessor source="#Streetlight_LowRes-mesh-positions-array" count="3421" stride="3">
              <param name="X" type="float"/>
              <param name="Y" type="float"/>
              <param name="Z" type="float"/>
            </accessor>
          </technique_common>
        </source>
        <source id="Streetlight_LowRes-mesh-normals">
          <float_array id="Streetlight_LowRes-mesh-normals-array" count="21414">-5.55981e-4 0.9999998 2.16424e-4 0.03097844 0.9990407 0.03095418 0.04808676 0.9988428 -9.65908e-4 -0.03120052 0.9990169 0.03149455 -0.06028133 0.9940328 0.09091347 -0.03246515 0.9990125 -0.03033411 -0.08964514 0.9941968 -0.05946862 0.03196942 0.9990109 -0.03091007 0.05966442 0.9941712 -0.08979904 0.3301457 0 0.94393 0.3301457 0 0.9439301 0.9463859 0 0.3230382 -0.9439265 0 0.3301557 -0.9439266 0 0.3301557 -0.3230258 0 0.9463902 -0.3230258 0 0.9463903 -0.3301295 0 -0.9439358 -0.3301296 0 -0.9439356 -0.3301296 0 -0.9439357 -0.9463826 0 -0.3230482 0.9439259 0 -0.3301575 0.9439259 0 -0.3301575 0.9439259 0 -0.3301575 0.3230301 0 -0.9463887 0.3230301 0 -0.9463888 0 1 0 0 1 0 0 1 0 0 1 0 0 1 1.23976e-7 0 1 0 0 1 0 0 1 0 0 1 0 0 1 0 0 1 1.23983e-7 0 1 0 0 1 0 0 1 0 0 0 1 0.3301436 -0.008884847 0.943889 0.3301469 -0.008832395 0.9438883 0.3301471 -0.00883013 0.9438883 0.9463465 -0.008832454 0.323033 0.9463476 -0.008933782 0.3230271 0.9463465 -0.008828103 0.3230333 -0.9438899 -0.009033441 0.3301368 -0.9438865 -0.008749604 0.3301545 -0.9438863 -0.008737444 0.3301552 -0.3230235 -0.008911967 0.9463491 -0.3230312 -0.008782446 0.9463477 -0.3230232 -0.00891751 0.9463491 -0.3301545 -0.008702933 -0.9438869 -0.3301515 -0.008757591 -0.9438874 -0.3301514 -0.008759975 -0.9438874 -0.9463473 -0.009206354 -0.3230203 -0.9463435 -0.008876442 -0.3230406 -0.9463475 -0.00922048 -0.3230195 0.9438853 -0.008724629 -0.3301581 0.9438863 -0.008811235 -0.3301529 0.9438864 -0.00881499 -0.3301527 0.3230593 -0.008548736 -0.9463402 0.3230593 -0.00855416 -0.9463401 0.3230593 -0.008548498 -0.9463402 -7.07395e-5 0.9998266 -0.01862448 0.1339887 0.9139532 0.3830624 0.0013296 0.9347772 0.3552321 -0.01865011 0.9998261 6.1065e-5 0.3840659 0.9139512 0.1310981 -0.01790416 0.999821 -0.006123542 0.01865017 0.9998261 -6.07558e-5 -0.3830552 0.9139576 0.1339785 -0.3552309 0.9347777 0.001343667 -0.1310967 0.9139554 0.3840561 0.006106793 0.9998208 -0.01792448 6.26706e-5 0.9998263 0.01864475 -0.1339954 0.9139316 -0.3831117 -0.001340925 0.934773 -0.3552432 -0.3840441 0.9139621 -0.1310855 0.01790094 0.9998211 0.006111919 0.3830724 0.9139493 -0.133987 0.3552373 0.9347752 -0.001331269 0.1311245 0.9139196 -0.3841319 -0.00612396 0.9998209 0.01791298 0.3301072 0.01855522 0.9437612 0.9462217 0.01856172 0.3229863 0.9463747 -6.11693e-5 0.3230715 -0.9437534 0.01855468 0.3301294 -0.323002 0.01858562 0.9462159 -0.3230403 -5.80177e-5 0.9463853 -0.3300936 0.01857769 -0.9437654 -0.9462267 0.01855987 -0.3229715 -0.9463875 -2.25082e-5 -0.3230336 0.9437679 0.01858323 -0.3300863 0.3229709 0.01858395 -0.9462265 0.323019 -5.56968e-5 -0.9463925 0.001596152 -0.9084924 0.4178986 0.2845544 -0.9160966 0.2824813 0.4179053 -0.9084894 -0.001540005 -0.4179005 -0.9084914 0.001602768 -0.2824811 -0.916095 0.28456 0.001547276 -0.9084932 0.4178971 -0.001629054 -0.9085034 -0.4178744 -0.2845436 -0.9161095 -0.2824509 -0.4179207 -0.9084823 0.001517713 0.4179088 -0.9084876 -0.001620173 0.2824936 -0.9160982 -0.2845374 -0.001570045 -0.9085184 -0.4178419 0.001704216 0.8905206 0.4549397 0.1569952 0.8797047 0.4488566 0.001725733 0.8905256 0.4549298 0.454985 0.8904975 -0.001708388 0.45008 0.8796707 0.1536471 0.4500837 0.8796684 0.1536496 -0.4550287 0.8904752 0.0017246 -0.4489194 0.8796651 0.1570374 -0.4550281 0.8904755 0.001731693 -0.1536417 0.8796812 0.4500616 -0.153648 0.879675 0.4500713 -0.001701354 0.8905053 -0.45497 -0.1570161 0.8796614 -0.448934 -0.001719474 0.8905131 -0.4549546 -0.4500972 0.8796655 -0.1536266 -0.4500981 0.879665 -0.1536272 0.4488966 0.8796826 -0.1570044 0.4549789 0.8905007 -0.001693189 0.1536394 0.8796681 -0.4500877 0.1536458 0.8796619 -0.4500977 0.3301762 1.2368e-5 0.9439193 0.1808081 -0.8367103 0.5169376 0.330173 1.40071e-5 0.9439205 0.9463763 4.51505e-5 0.3230665 0.5182466 -0.8367343 0.1769076 0.5183 -0.836695 0.1769366 -0.9439088 1.7859e-5 0.3302065 -0.5169457 -0.8366998 0.1808334 -0.9439221 5.3674e-5 0.3301684 -0.323058 4.35114e-6 0.9463792 -0.1769089 -0.8367097 0.5182857 -0.1769203 -0.8366922 0.5183103 -0.3301243 2.94521e-5 -0.9439375 -0.1807487 -0.8367703 -0.5168611 -0.330123 3.24845e-6 -0.9439379 -0.9463949 5.66244e-6 -0.3230119 -0.5182626 -0.8367282 -0.1768894 -0.5182777 -0.8367183 -0.1768919 0.9439226 1.08778e-5 -0.3301669 0.516909 -0.8367335 -0.1807824 0.9439405 2.97427e-5 -0.3301157 0.3229786 3.14415e-5 -0.9464064 0.1768565 -0.8367701 -0.5182062 0.1768682 -0.8367565 -0.5182242 0.2328153 -0.7090316 0.6656361 0.003501832 -0.343064 0.9393056 0.00258249 -0.7286565 0.6848744 0.6672662 -0.7091336 0.2277839 0.9392391 -0.343246 -0.003501355 0.8970078 -0.3187645 0.3062129 -0.6655554 -0.7091077 0.2328139 -0.9392595 -0.3431894 0.003560602 -0.6847974 -0.728729 0.002568662 -0.2278165 -0.7089956 0.6674017 -0.306175 -0.3188267 0.8969987 -0.2327044 -0.709261 -0.6654303 -0.00353837 -0.3430998 -0.9392924 -0.002584576 -0.7288531 -0.6846653 -0.6672225 -0.7091922 -0.2277295 -0.8970249 -0.3187671 -0.30616 0.6655346 -0.7091445 -0.2327615 0.6847625 -0.7287618 -0.002560734 0.2277109 -0.7092505 -0.6671668 0.3061593 -0.3187175 -0.8970428 0.3129108 -0.3188391 0.8946667 0.003753483 -0.07136386 0.9974433 0.997453 -0.07121777 -0.00393033 0.9442862 -0.06650191 0.3223369 -0.8946901 -0.3187257 0.3129595 -0.9974561 -0.07119333 0.00357443 -0.3222739 -0.0671631 0.944261 -0.3129066 -0.3186535 -0.8947343 -0.003750681 -0.07044124 -0.9975089 -0.9442949 -0.0665102 -0.3223097 0.8947065 -0.3187267 -0.3129115 0.3222854 -0.06601667 -0.9443378 0.002127766 -0.8253249 0.5646541 0.2463996 -0.9377831 0.244643 0.1933415 -0.8106302 0.5527187 0.5646834 -0.8253049 -0.002133965 0.2464591 -0.9377901 0.2445559 0.3626117 -0.9319394 -0.001381456 -0.5646566 -0.8253234 0.002117395 -0.2446162 -0.9377863 0.2464139 -0.5526964 -0.8106483 0.1933292 -0.2445479 -0.9377886 0.2464729 0.001368999 -0.931941 0.3626075 -0.002123355 -0.8253276 -0.5646502 -0.2463662 -0.9378138 -0.244559 -0.1932876 -0.8106673 -0.552683 -0.2464085 -0.9378231 -0.2444807 -0.3626205 -0.9319359 0.001362502 0.2445526 -0.9378269 -0.2463225 0.5526387 -0.810702 -0.1932693 0.2445243 -0.937817 -0.2463885 -0.001357197 -0.9319561 -0.3625687 0.00173068 0.8898628 0.4562249 0.1262997 0.9239261 0.361122 0.1262794 0.923941 0.361091 0.4562481 0.889851 -0.001683413 0.362056 0.9239261 0.123597 0.3112588 0.8987428 0.3088355 -0.4562343 0.889858 0.001742899 -0.361146 0.923913 0.1263269 -0.3611063 0.9239324 0.126298 0.001705408 0.8898564 0.4562375 -0.1235907 0.9239152 0.3620856 -0.3088734 0.8987343 0.3112457 -0.00175482 0.8898306 -0.4562878 -0.1263021 0.9239224 -0.3611306 -0.1262952 0.9239261 -0.3611235 -0.4562675 0.8898412 0.001681208 -0.3620612 0.9239267 -0.1235771 -0.3112401 0.8987411 -0.3088593 0.4562557 0.8898471 -0.001737773 0.3611417 0.9239172 -0.1263082 0.361132 0.9239214 -0.1263051 -0.001671552 0.8898207 -0.4563072 0.1235733 0.9239274 -0.3620607 0.308849 0.8987462 -0.3112355 0.2685387 0.5845907 0.7655983 0.299064 0.4197029 0.8569775 0.3004818 0.4153354 0.8586077 0.7675417 0.5846459 0.2628099 0.8591815 0.4197085 0.2926634 0.7673052 0.5854248 0.2617647 -0.7655351 0.5846569 0.268575 -0.8569652 0.4196971 0.2991071 -0.8585859 0.4153177 0.3005686 -0.2627796 0.584649 0.7675497 -0.2926508 0.4197223 0.8591792 -0.2617273 0.5854033 0.7673343 -0.2685325 0.584647 -0.7655575 -0.2990849 0.4196717 -0.8569855 -0.3004615 0.4153637 -0.8586012 -0.7675446 0.5846562 -0.2627784 -0.8592066 0.4196934 -0.2926115 -0.7673408 0.5853725 -0.2617771 0.7655492 0.5846517 -0.2685464 0.8569799 0.4196778 -0.2990919 0.8586025 0.4153494 -0.3004774 0.2627441 0.584697 -0.7675253 0.2926232 0.4196305 -0.8592334 0.2617743 0.5853952 -0.7673245 0.3287937 0.05670219 0.9426981 0.3294576 0.0564751 0.9424799 0.8608075 0.4153785 0.2940599 0.9451474 0.05670946 0.3216838 -0.9427036 0.05666947 0.3287835 -0.9424764 0.05648511 0.3294658 -0.2940601 0.4153727 0.8608102 -0.321677 0.05666267 0.9451526 -0.328706 0.05660516 -0.9427345 -0.3293176 0.05641829 -0.9425323 -0.8608392 0.4153572 -0.2939972 -0.9451625 0.05682849 -0.3216186 0.942734 0.05673795 -0.3286848 0.9425286 0.05659312 -0.3292981 0.2939844 0.4153293 -0.860857 0.3216398 0.05638843 -0.9451816 0.3032975 -0.009976506 0.9528438 0.3301697 0 0.9439216 0.3561977 -0.009313344 0.9343642 0.9369894 -0.009211003 0.3492364 0.9463953 0 0.3230108 0.955078 -0.01003175 0.2961851 -0.9528288 -0.009941756 0.3033455 -0.9439036 0 0.3302215 -0.9343575 -0.00932008 0.3562152 -0.3493089 -0.008916914 0.9369652 -0.3230875 0 0.9463691 -0.2962972 -0.010369 0.9550396 -0.3033993 -0.01027876 -0.9528082 -0.3301156 0 -0.9439405 -0.3563203 -0.008961021 -0.9343209 -0.9369705 -0.008915483 -0.349295 -0.9463987 0 -0.3230009 -0.9550535 -0.01038628 -0.2962518 0.9528008 -0.01026242 -0.3034226 0.9439548 0 -0.330075 0.9343094 -0.008974492 -0.3563505 0.3492965 -0.008906126 -0.93697 0.3229994 0 -0.9463992 0.2962809 -0.01036822 -0.9550446 0.3132707 -0.3157017 0.8956528 0.2029706 -0.7886804 0.5803329 0.3132368 -0.3157325 0.8956539 0.89801 -0.3156314 0.3065205 0.5817026 -0.7887852 0.198595 0.5929375 -0.8052455 -0.002201139 -0.8956844 -0.3155636 0.3133197 -0.5801611 -0.7888163 0.2029334 -0.8956683 -0.3156309 0.3132979 -0.3065435 -0.3156778 0.8979858 -0.1985864 -0.7887058 0.5818134 0.002158463 -0.8050567 0.593194 -0.3132368 -0.3156655 -0.8956775 -0.202815 -0.7890102 -0.579939 -0.3131889 -0.3157414 -0.8956674 -0.8980406 -0.3155522 -0.3065127 -0.5816556 -0.7888375 -0.1985249 -0.5929576 -0.8052308 0.002200007 0.895719 -0.3155511 -0.3132332 0.5801364 -0.7888439 -0.2028965 0.8957197 -0.3155184 -0.3132644 0.3064829 -0.3156983 -0.8979993 0.1984567 -0.7889807 -0.5814849 -0.0021739 -0.8053805 -0.5927543 0.3202661 -0.2426158 0.9157332 0.3301327 3.32732e-5 0.9439346 0.3202803 -0.2425281 0.9157515 0.9181159 -0.2425858 0.3133933 0.946379 7.61598e-5 0.3230586 0.9463866 -1.31931e-4 0.3230362 -0.915727 -0.2426187 0.3202815 -0.9439192 1.16523e-4 0.3301769 -0.9157822 -0.2423359 0.3203378 -0.3133385 -0.2427272 0.9180973 -0.3230462 1.17347e-4 0.9463833 -0.3230059 -2.43189e-4 0.9463969 -0.3202878 -0.2424575 -0.9157675 -0.3300911 -1.62037e-4 -0.9439491 -0.3202357 -0.242703 -0.9157207 -0.9181093 -0.2427046 -0.3133205 -0.9463891 1.83553e-4 -0.323029 -0.9464049 -2.76556e-4 -0.3229826 0.9157493 -0.2425818 -0.3202458 0.9439395 4.48002e-5 -0.3301186 0.9157837 -0.2424215 -0.3202689 0.3133597 -0.2425737 -0.9181305 0.3230082 -2.98619e-5 -0.9463962 0.3230097 -5.51337e-5 -0.9463958 0.00335586 0.4400034 0.8979899 0.3075764 0.9012088 0.3053188 0.001588642 0.899776 0.4363492 0.8980267 0.4399281 -0.003376364 0.8572165 0.4237461 0.2926076 -0.8980488 0.4398831 0.003365039 -0.3052659 0.901225 0.3075817 -0.4363771 0.8997624 0.001649022 -0.2925639 0.4238086 0.8572005 -0.003365755 0.4401172 -0.8979341 -0.3076328 0.9011746 -0.3053629 -0.001600921 0.8997734 -0.4363545 -0.857244 0.4237293 -0.2925518 0.305392 0.9011662 -0.3076287 0.6193965 0.7666589 0.1690632 0.2926005 0.4236491 -0.8572669 0.2969277 0.908271 0.2947503 0.001632869 0.9009177 0.4339872 -0.2946507 0.9082911 0.2969651 -0.4339818 0.9009203 0.001642823 -0.2968778 0.9083336 -0.2946078 -0.001627743 0.9009618 -0.4338955 0.2946562 0.9083297 -0.2968416 0.4339366 0.900942 -0.001651942 0.3301238 0 0.9439377 0.3301238 0 0.9439377 0.946407 0 0.3229768 0.9464075 0 0.3229749 0.9464068 0 0.3229771 -0.9439019 0 0.330226 -0.9439026 0 0.330224 -0.9439027 0 0.3302237 -0.3230305 0 0.9463886 -0.3300983 0 -0.9439466 -0.3300992 0 -0.9439464 -0.3300993 0 -0.9439463 -0.9463814 0 -0.3230516 -0.9463818 0 -0.3230506 -0.9463818 0 -0.3230504 0.9439521 0 -0.3300825 0.9439514 0 -0.3300845 0.9439513 0 -0.3300849 0.3230537 0 -0.9463807 0 1 9.4992e-6 8.42286e-6 1 9.1221e-6 0 1 8.55896e-6 9.23169e-7 1 2.57717e-7 8.99223e-6 1 9.27224e-6 -1.33121e-5 1 7.28334e-7 -8.92377e-6 1 1.03612e-5 -1.33114e-5 1 1.06973e-6 -8.9235e-6 1 1.11264e-5 8.64246e-7 1 -1.41889e-6 -8.67867e-6 1 -1.19675e-5 1.37921e-6 1 0 -8.99224e-6 1 -1.29839e-5 0 1 -1.60557e-6 0 1 0 0 1 -1.85436e-6 0.3301037 0 0.9439447 0.3677619 0.04930913 0.9286118 0.3301044 0 0.9439445 0.9463748 0 0.3230711 0.9376014 0.0486989 0.3442847 0.957565 0.04746782 0.2842818 -0.9439198 0 0.3301749 -0.9349838 0.04870271 0.3513309 -0.9439201 0 0.330174 -0.3230766 0 0.9463729 -0.2840117 0.04769086 0.957634 -0.3230767 0 0.9463728 -0.3301037 0 -0.9439448 -0.3677397 0.04933202 -0.9286193 -0.3301044 0 -0.9439445 -0.9464123 0 -0.322961 -0.9576461 0.04774248 -0.2839623 -0.9464126 0 -0.3229601 0.9439192 0 -0.3301766 0.9350059 0.04869353 -0.3512735 0.9439195 0 -0.3301758 0.3227701 0 -0.9464775 0.2839906 0.04768568 -0.9576406 0.3227705 0 -0.9464774 0.4292261 0.1237279 0.8946824 0.2201445 0.01598083 0.9753364 0.4370479 0.01631164 0.8992903 0.4450028 0.03167462 0.8949689 0.2572296 -0.104215 0.9607144 0.3987209 -0.1049677 0.9110453 0.9047583 0.1580584 0.3955125 0.9804925 0.0184158 0.195692 0.96024 0.1577966 0.2303031 0.9852368 0.02968358 0.1686038 0.9190818 -0.1020821 0.3806155 0.9598292 -0.1036512 0.2607381 -0.8963178 0.1048249 0.4308438 -0.9789908 0.01843488 0.2030695 -0.91188 0.01271861 0.4102599 -0.9150891 -0.1038711 0.3896443 -0.981116 0.0124374 0.1930205 -0.9578688 -0.1036142 0.2678648 -0.412854 0.1587436 0.8968568 -0.2126071 0.01601374 0.9770066 -0.2248588 0.157783 0.9615316 -0.2477266 -0.1046512 0.9631614 -0.4419969 0.0159704 0.8968744 -0.3914111 -0.1052967 0.9141718 -0.4291656 0.1238578 -0.8946934 -0.2199659 0.0160377 -0.9753758 -0.4369463 0.01631492 -0.8993396 -0.4448094 0.03175777 -0.895062 -0.2570125 -0.1041708 -0.9607774 -0.3983485 -0.1052073 -0.9111805 -0.9048174 0.1579536 -0.3954191 -0.9804762 0.01842629 -0.1957734 -0.9602473 0.1578085 -0.2302644 -0.9852405 0.02950537 -0.1686135 -0.9191646 -0.1020983 -0.3804109 -0.9598553 -0.1036593 -0.2606387 0.8963227 0.1047659 -0.4308478 0.9789901 0.01843148 -0.2030728 0.911928 0.01278018 -0.4101512 0.9151488 -0.1037764 -0.3895296 0.9811267 0.01248061 -0.1929629 0.9578434 -0.1036084 -0.2679579 0.4128705 0.1587351 -0.8968507 0.2126074 0.0159983 -0.9770067 0.2248275 0.1577416 -0.9615458 0.2478137 -0.10466 -0.963138 0.4420608 0.01614016 -0.89684 0.3915818 -0.1052052 -0.9141092 0.2996638 0.419754 0.8567429 0.3298415 0.008493006 0.9439982 0.3308357 0.006211996 0.943668 0.8589493 0.4198312 0.293169 0.9463986 0.008557438 0.3228878 0.8929056 0.4502313 -0.003401994 -0.8567488 0.419805 0.299575 -0.944025 0.008503198 0.3297644 -0.9437106 0.006324946 0.3307118 -0.2930132 0.4198741 0.8589814 -0.3226843 0.008583307 0.9464678 0.003448963 0.4504132 0.8928136 -0.2995189 0.4197588 -0.8567911 -0.3297033 0.00862956 -0.9440452 -0.3306828 0.006357908 -0.9437205 -0.8590142 0.4197505 -0.2930945 -0.9464559 0.008546233 -0.3227201 -0.8928757 0.4502913 0.003302991 0.8567296 0.419898 -0.2995 0.9440378 0.008739829 -0.3297217 0.9437375 0.006135821 -0.3306387 0.2930284 0.4198771 -0.8589749 0.3227283 0.008580565 -0.9464529 -0.003343939 0.4501742 -0.8929345 0.05082464 -0.9880632 0.1454234 0.002962231 -0.6688879 0.7433574 0.0508731 -0.9880564 0.1454526 0.1457882 -0.9880632 0.0497694 0.7430054 -0.6692792 -0.002902448 0.7207113 -0.6481005 0.2460508 -0.1453645 -0.9880701 0.05085873 -0.7430193 -0.6692646 0.002710282 -0.1453319 -0.9880775 0.05080819 -0.04971593 -0.9880777 0.1457087 0.002924919 -0.6689007 0.743346 -0.2458836 -0.6478954 0.7209527 -0.05079227 -0.988085 -0.1452873 -0.002817034 -0.6691427 -0.7431286 -0.05080711 -0.988077 -0.1453365 -0.1457653 -0.9880686 -0.04972922 -0.7430387 -0.6692429 0.002738475 -0.7206402 -0.6482496 -0.2458664 0.1453579 -0.9880729 -0.05082505 0.7430338 -0.6692479 -0.002827882 0.1453191 -0.9880816 -0.05076611 0.04966515 -0.9880869 -0.1456626 -0.002794206 -0.6690899 -0.7431762 0.245824 -0.6482203 -0.720681 0.2377339 0.7043726 0.6688363 0.07635939 0.9758809 0.2045134 0.03047382 0.9722408 0.2319899 0.6704388 0.7045412 0.2326664 0.2050887 0.9758782 0.07483625 0.6595237 0.7200518 0.2157634 -0.6656236 0.7090567 0.2327743 -0.2199097 0.9724802 0.07695508 -0.2139337 0.9768446 -0.00267452 -0.2276812 0.7090479 0.6673922 -0.07525211 0.9724899 0.2204557 -0.2275516 0.7091841 0.6672918 -0.2376607 0.7045133 -0.6687141 -0.07633942 0.9758734 -0.2045567 -0.02687025 0.9738397 -0.2256421 -0.670472 0.7045565 -0.2325243 -0.2051154 0.9758753 -0.07480049 -0.6595509 0.7200524 -0.2156786 0.6686731 0.7045833 -0.2375683 0.2045595 0.9758722 -0.07634788 0.2255245 0.9738696 -0.02677273 0.23257 0.7044581 -0.6705595 0.07481312 0.9758759 -0.2051076 0.2156848 0.7200114 -0.6595936 0.01316297 -0.9245858 0.3807464 0.7083508 -0.06209558 0.7031241 0.003713071 -0.07875311 0.9968873 0.3795454 -0.925172 -0.001454353 0.2715474 -0.9238762 0.2696567 -0.3809124 -0.9245539 -0.01029717 -0.7041971 -0.02587002 0.7095332 -0.9972289 -0.07429635 0.003844141 -0.3730461 -0.8481816 0.376065 -0.001441955 -0.925182 -0.379521 -0.7082504 -0.06652683 -0.7028197 -0.003773272 -0.05573898 -0.9984382 -0.2716252 -0.9239009 -0.2694939 0.7029161 -0.06657141 -0.7081506 0.9984245 -0.05599391 -0.003625452 0.2695441 -0.9239081 -0.2715507 0.392281 2.9239e-6 0.9198455 0.3922447 -3.47132e-5 0.9198609 0.9227505 -2.01892e-5 0.3853981 0.9227854 7.7175e-5 0.3853147 -0.9197913 6.61984e-6 0.392408 -0.9197963 1.27825e-5 0.3923962 -0.3853651 7.31248e-6 0.9227642 -0.3853272 6.08535e-5 0.92278 -0.3922638 8.11927e-6 -0.9198528 -0.3922669 3.89895e-7 -0.9198515 -0.9228088 1.52216e-5 -0.3852584 -0.9228017 -4.07081e-6 -0.3852755 0.9198662 1.11256e-5 -0.3922323 0.9198944 9.1148e-5 -0.3921662 0.3853636 3.22854e-6 -0.9227649 0.385257 1.31278e-4 -0.9228094 0.3301606 0 0.9439249 0.3301603 0 0.9439249 0.3301603 0 0.943925 0.9463469 0 0.3231525 -0.9439268 0 0.330155 -0.943951 0 0.3300859 -0.9439556 0 0.3300724 -0.3230664 0 0.9463763 -0.3231373 0 0.9463521 -0.3230525 0 0.946381 -0.3297907 -2.60609e-6 -0.9440541 -0.3297666 -2.62209e-6 -0.9440625 -0.3297619 -2.58999e-6 -0.9440641 -0.9464791 0 -0.3227652 -0.946491 0 -0.3227306 -0.9464933 0 -0.3227238 0.9439364 6.00158e-6 -0.3301275 0.9439605 5.98854e-6 -0.3300586 0.9439652 5.98851e-6 -0.3300451 0.3227542 0 -0.9464828 0.3228015 0 -0.9464668 0.3227449 0 -0.9464861 0.2679536 0.5842215 0.766085 0.4259553 0.7997976 0.4229489 0.002341687 0.7866889 0.6173453 0.7681125 0.5842078 0.2621151 0.7681452 0.5840901 0.2622821 -0.7660992 0.5842396 0.2678736 -0.4227328 0.7997854 0.4261929 -0.6173219 0.7867081 0.002065777 -0.2621399 0.5843793 0.7679737 -0.2621431 0.5843644 0.7679839 -0.2678608 0.584146 -0.766175 -0.4262514 0.7997753 -0.4226928 -0.002238452 0.7866168 -0.6174376 -0.7681345 0.5842054 -0.2620563 -0.7681278 0.5842307 -0.2620196 0.766171 0.5841624 -0.2678363 0.4229973 0.7997663 -0.4259663 0.6173954 0.7866489 -0.002577722 0.2621309 0.5840898 -0.768197 0.2618721 0.5843231 -0.7681079 0.3057171 0.9023593 0.3037843 0.001650571 0.8934841 0.4490919 -0.3034105 0.9023725 0.3060489 -0.4491688 0.893446 0.001336634 -0.3060927 0.902355 -0.3034187 -0.001637578 0.8934104 -0.4492387 0.3037456 0.9024198 -0.3055766 0.4490996 0.8934806 -0.001444876 0.329864 0 0.9440284 0.3298731 0 0.9440253 0.3298466 0 0.9440346 0.9463678 0 0.3230915 0.9463701 0 0.3230848 0.9463744 0 0.3230723 -0.9440705 0 0.3297439 -0.944075 0 0.3297308 -0.9440618 0 0.3297689 -0.3228822 0 0.9464392 -0.3228912 0 0.9464361 -0.3229084 0 0.9464302 -0.3297494 0 -0.9440686 -0.3297516 0 -0.9440678 -0.3297557 0 -0.9440663 -0.9464417 0 -0.322875 -0.9464417 0 -0.322875 0.9440502 -8.97239e-5 -0.3298022 0.9440492 -8.97644e-5 -0.3298045 0.9440518 -8.97929e-5 -0.3297975 0.3227092 -1.02585e-5 -0.9464982 0.3227092 -1.02998e-5 -0.9464982 0.3227091 0 -0.9464983 0.2422144 -0.6802071 0.6918457 0.002530336 -0.7578638 0.6524081 0.002627968 -0.7007948 0.7133581 0.6937627 -0.6801137 0.2369359 0.6523048 -0.7579519 -0.002724766 0.6413572 -0.7352757 0.2191592 -0.6919682 -0.6801361 0.2420641 -0.6521531 -0.7580836 0.002394556 -0.7137695 -0.7003774 0.002174615 -0.237034 -0.6802619 0.6935839 -0.2194421 -0.7350248 0.641548 -0.2416826 -0.6805329 -0.6917113 -0.002436757 -0.7579382 -0.6523218 -0.002359211 -0.7006709 -0.7134807 -0.6937739 -0.680295 -0.2363823 -0.6413895 -0.7354022 -0.2186394 0.6920268 -0.6801213 -0.2419377 0.7134322 -0.7007185 -0.002839684 0.2364247 -0.6805189 -0.6935398 0.2185174 -0.7355108 -0.6413065 0.2242276 -0.7350171 0.6398999 0.002999484 -0.5775402 0.8163568 0.8164198 -0.5774497 -0.00326246 0.7876826 -0.5542097 0.269087 -0.6396796 -0.7352946 0.2239462 -0.8164325 -0.5774341 0.002804398 -0.2693828 -0.5542586 0.7875471 -0.2234462 -0.7354103 -0.6397215 -0.003062665 -0.5778758 -0.816119 -0.7877877 -0.5543235 -0.2685447 0.6398162 -0.7352667 -0.2236475 0.2683787 -0.5545768 -0.7876658 0.2752421 -0.554214 0.78555 0.3230447 -0.2136664 0.9219483 0.9243909 -0.21408 0.3157079 0.9247908 -0.2121528 0.3158375 -0.7856892 -0.5540977 0.2750787 -0.9219701 -0.214214 0.3226198 -0.3161575 -0.2135747 0.924354 -0.3160074 -0.211983 0.9247716 -0.2742182 -0.5546323 -0.7856128 -0.3222361 -0.2142754 -0.9220901 -0.9245251 -0.214406 -0.3150931 -0.9249689 -0.2120306 -0.3153975 0.7857175 -0.554387 -0.2744145 0.9221569 -0.2140735 -0.322179 0.3152868 -0.2140666 -0.9245376 0.3155421 -0.2119836 -0.9249303 0.3231465 -0.2118049 0.9223422 0.3267718 0.1513711 0.9329025 0.9355172 0.1506775 0.319537 0.9358052 0.148984 0.3194879 -0.9223335 -0.2122137 0.322903 -0.9330421 0.1505408 0.3267567 -0.3195748 0.1513189 0.9354009 -0.3193809 0.1495202 0.9357563 -0.3226108 -0.2118967 -0.9225086 -0.326423 0.1501907 -0.9332154 -0.9357858 0.1503932 -0.318884 -0.935993 0.1491736 -0.3188488 0.9225297 -0.2121355 -0.3223933 0.933283 0.1505504 -0.3260635 0.3191121 0.150225 -0.9357351 0.318947 0.1485236 -0.9360628 0.2759872 0.5485062 0.7892858 0.002942919 0.5736253 0.8191125 0.7913146 0.5484337 0.2702622 -0.7892482 0.5484803 0.2761465 -0.8191934 0.5735104 0.002855539 -0.2699501 0.5485734 0.7913243 -0.2757213 0.5483946 -0.7894563 -0.003178 0.5734888 -0.8192072 -0.7914881 0.5484954 -0.2696283 0.7894521 0.5484235 -0.2756754 0.8191377 0.5735879 -0.003235399 0.2698711 0.5483075 -0.7915356 0.3161761 0.8950255 0.3145825 0.001579999 0.8885601 0.4587576 -0.31383 0.895022 0.3169332 -0.4589658 0.8884527 0.001457989 -0.3169041 0.8950451 -0.3137933 -0.001933813 0.8884965 -0.4588794 0.3143792 0.8951062 -0.31615 0.4481468 0.8939088 -0.009565114 0 1 5.53591e-6 -5.16118e-6 1 6.47836e-6 0 1 7.82708e-6 -2.22559e-6 1 -1.36057e-7 -7.18763e-6 1 1.24516e-5 1.43542e-6 1 3.75887e-6 0 1 0 0 1 6.74137e-6 0 1 0 5.16074e-6 1 6.47709e-6 0 1 7.83211e-6 2.22389e-6 1 2.52406e-6 7.1866e-6 1 1.24523e-5 -1.43864e-6 1 -2.72113e-6 0 1 0 0 1 -1.24443e-5 -0.7219748 0.6465979 -0.2463 -0.2517922 0.6462991 -0.7203459 -0.002639532 0.6672642 -0.7448165 0.2462264 0.646681 -0.7219255 0.7200853 0.6466574 -0.2516179 0.7447987 0.6672832 -0.002863645 0.7221676 0.6463243 0.2464525 0.2518098 0.6464911 0.7201675 0.002905845 0.6675626 0.744548 -0.2461771 0.6466688 0.7219532 -0.7199911 0.6467121 0.2517467 -0.7444317 0.6676924 0.002865374 -0.937735 0.0484817 -0.3439517 -0.7856246 0.03992629 -0.6174139 -0.914965 0.01275551 -0.4033318 -0.9931931 0.01560622 -0.1154295 -0.756997 -0.02605253 -0.652899 -0.9360086 -0.05465263 -0.3477082 -0.9951604 0.01511728 -0.09709531 -0.952178 -0.01997321 -0.3048904 -0.2022222 0.1644551 -0.965433 -0.1232349 0.01533877 -0.992259 -0.5274248 0.01597279 -0.8494516 -0.104473 0.01513022 -0.9944127 -0.3121387 -0.01997286 -0.9498266 -0.3702588 -0.05615502 -0.9272298 -0.5443047 0.0155813 -0.8387429 0.7854791 0.03993719 0.6175983 0.9149205 0.01275181 0.4034328 0.9931759 0.01551812 0.1155896 0.7567099 -0.02605432 0.6532314 0.9359698 -0.05464726 0.3478134 0.9951598 0.01514506 0.09709656 0.952116 -0.0199722 0.3050844 0.3605844 0.04913383 -0.9314315 0.5208935 0.01594203 -0.8534728 0.4302217 0.02528488 -0.902369 0.1155071 0.01545393 -0.9931865 0.5379361 0.01559704 -0.8428413 0.3632902 -0.05609929 -0.9299857 0.09700614 0.01512914 -0.9951688 0.3049788 -0.02000635 -0.952149 -0.3605757 0.0491448 0.9314344 -0.5208936 0.01589113 0.8534737 -0.430238 0.02555507 0.9023538 -0.1155647 0.01541572 0.9931803 -0.5378346 0.01563346 0.8429055 -0.3633471 -0.0562644 0.9299533 -0.09701919 0.01511549 0.9951678 -0.3048467 -0.01986712 0.9521943 0.9645568 0.1697231 -0.2020499 0.9922899 0.01548182 -0.1229681 0.7810761 0.03998726 -0.6231542 0.9944126 0.01511287 -0.1044763 0.9498272 -0.01993298 -0.3121394 0.9333632 -0.0547235 -0.3547374 0.7519133 -0.02615851 -0.658743 0.2022421 0.1644932 0.9654223 0.1230497 0.01549649 0.9922796 0.5273857 0.0159353 0.8494766 0.1045324 0.01510661 0.9944068 0.3120459 -0.01992934 0.949858 0.3704795 -0.05625391 0.9271357 0.5442743 0.01559329 0.8387624 -0.9645565 0.1697726 0.2020099 -0.9922726 0.01540726 0.1231173 -0.7808436 0.03995025 0.623448 -0.9943997 0.01512426 0.1045964 -0.9498262 -0.01997679 0.3121397 -0.933342 -0.05463767 0.3548063 -0.7519858 -0.02609163 0.6586628 0.2822688 0.5735834 0.7689775 0.2630133 0.5729282 0.7762585 0.2788623 0.5733018 0.7704291 0.3605743 0.4158776 0.8348845 0.3776274 0.4200162 0.8252176 0.2387649 0.4113945 0.8796284 0.2954314 -0.009991824 0.9553117 0.365345 -0.009826719 0.9308204 -0.7689613 0.5735856 0.2823088 -0.7762737 0.5728856 0.2630615 -0.7704124 0.5733046 0.2789024 -0.8348942 0.4158694 0.3605614 -0.8252363 0.4200046 0.3775992 -0.8796124 0.4113749 0.2388575 -0.9552983 -0.009960591 0.2954761 -0.9308192 -0.009869992 0.3653469 -0.2822757 0.5735145 -0.7690264 -0.2630555 0.5728293 -0.7763174 -0.2788729 0.5732246 -0.7704827 -0.3605049 0.4158591 -0.8349236 -0.377539 0.4199928 -0.8252699 -0.2387253 0.4113444 -0.8796625 -0.2955273 -0.01022481 -0.9552797 -0.3654718 -0.009421944 -0.9307748 0.7690186 0.5735151 -0.2822962 0.7762967 0.5728459 -0.2630796 0.7704722 0.5732307 -0.2788892 0.8349328 0.4158645 -0.3604778 0.825287 0.4199994 -0.3774945 0.8796324 0.4114044 -0.2387328 0.9552771 -0.01017844 -0.2955371 0.930765 -0.009506642 -0.3654946 0.1930826 -0.8111052 0.5521119 0.1931171 -0.8110491 0.5521822 0.1931194 -0.8110455 0.5521867 0.8509058 0.2155826 -0.4790442 0.898815 0.1739547 -0.4023326 0.8476741 0.2172173 -0.4840094 -0.9653133 0.156987 0.2086274 -0.9547831 0.1243132 0.2700662 -0.9540924 0.123974 0.2726504 0.9004682 0.1733932 -0.3988634 0.9515936 0.004832327 -0.3073211 -0.9388096 0.002417743 0.3444281 -0.9382854 0.00437057 0.3458346 -0.01878309 0.9983801 -0.0537073 -0.01878356 0.9983799 -0.05371129 -0.01878362 0.9983799 -0.05371195 -0.5518317 -0.811329 0.1929433 -0.5521815 -0.8110507 0.1931126 -0.552204 -0.8110328 0.1931234 0.4784663 0.2159972 0.851126 0.402629 0.173898 0.8986932 0.4834395 0.2176514 0.8478882 -0.2082295 0.1567972 -0.96543 -0.2703106 0.1244263 -0.9546991 -0.2730702 0.1241544 -0.9539488 0.3991792 0.1733319 0.90034 0.3071034 0.005049467 0.9516628 -0.344443 0.002188563 -0.9388048 -0.3452945 0.004102051 -0.9384855 0.05379348 0.9983748 -0.01881963 0.05382651 0.9983728 -0.01882946 0.05383235 0.9983724 -0.01883119 -0.1930705 -0.8111564 -0.5520409 -0.1930313 -0.8112203 -0.5519607 -0.1930288 -0.8112244 -0.5519556 -0.850992 0.215876 0.4787592 -0.8987762 0.1740756 0.4023668 -0.8477361 0.2175821 0.4837372 0.9654868 0.1566272 -0.2080944 0.9545614 0.1246402 -0.2706984 0.9538998 0.124173 -0.273233 -0.9004378 0.1734817 0.3988932 -0.9517554 0.004986584 0.3068171 0.9389126 0.002215862 -0.3441485 0.9384531 0.004225492 -0.3453809 0.01877796 0.9983801 0.05370873 0.01877528 0.9983815 0.05368351 0.0187748 0.9983817 0.0536791 0.5519599 -0.8112136 -0.1930616 0.5521121 -0.8111052 -0.1930825 0.5518432 -0.8113068 -0.1930037 -0.4786838 0.2156858 -0.8510826 -0.4027588 0.1737972 -0.8986545 -0.4831965 0.2176442 -0.8480285 0.2083272 0.1567573 0.9654154 0.2704349 0.1244168 0.9546652 0.2730943 0.1241364 0.9539442 -0.3994864 0.1731389 -0.9002409 -0.307303 0.00517857 -0.9515977 0.3437638 0.002460956 0.9390529 0.3454009 0.004327893 0.9384453 -0.05381667 0.9983737 0.01881337 -0.05382257 0.9983733 0.01881611 -0.05382359 0.9983732 0.01881659 0.7710921 0.573544 0.2765218 0.7782092 0.5729149 0.2572141 0.7791017 0.5730799 0.2541266 0.772525 0.5732484 0.2731149 0.8813906 0.4113842 0.2321934 0.8848537 0.4146979 0.2122725 0.8375879 0.4158775 0.3542492 0.828059 0.4200103 0.3713619 0.9335219 -0.009835004 0.3583854 0.9574887 -0.01000356 0.2882975 -0.276486 0.573606 0.7710589 -0.257161 0.5729166 0.7782254 -0.2540637 0.5730836 0.7791193 -0.2730908 0.5732938 0.7724997 -0.2321252 0.4113932 0.8814043 -0.2121972 0.4146978 0.8848718 -0.3542256 0.4158643 0.8376045 -0.3713482 0.4199955 0.8280726 -0.3584641 -0.009490787 0.9334953 -0.2883663 -0.01030737 0.9574647 -0.7710897 0.5735585 -0.2764984 -0.7782655 0.5728375 -0.2572159 -0.7791611 0.5730009 -0.2541225 -0.7725106 0.573289 -0.2730701 -0.8813995 0.4113857 -0.2321575 -0.8848753 0.414698 -0.2121823 -0.8375594 0.415892 -0.3542999 -0.8280405 0.42002 -0.3713923 -0.9334959 -0.009465336 -0.3584634 -0.9574711 -0.01032429 -0.2883447 0.276515 0.5734772 -0.7711443 0.2571571 0.5728585 -0.7782696 0.2540478 0.5730378 -0.7791582 0.2731094 0.5731644 -0.7725891 0.2320817 0.4113473 -0.8814373 0.2121512 0.414651 -0.8849048 0.3541901 0.4158413 -0.8376308 0.3713132 0.4199646 -0.8281041 0.3584421 -0.009465217 -0.9335041 0.2883553 -0.01017034 -0.9574695 0.5533812 -0.8112302 0.1888785 0.553506 -0.8111312 0.1889374 0.5533731 -0.8112365 0.1888747 0.2008925 0.1567663 -0.9669884 0.2633684 0.1245304 -0.956624 0.1966828 0.1578903 -0.9676707 -0.4718291 0.2162152 0.854768 -0.3961035 0.1737163 0.9016234 -0.3924139 0.1733143 0.9033125 0.2658951 0.1241703 -0.9559715 0.3373685 0.002233386 -0.94137 -0.2999405 0.004750669 0.9539461 -0.2977715 0.007267534 0.9546095 -0.05392926 0.9983751 -0.01840919 -0.05394381 0.9983743 -0.01841151 -0.0539267 0.9983752 -0.01840883 -0.1889721 -0.8110104 0.5536711 -0.188898 -0.8111345 0.5535145 -0.1889768 -0.8110025 0.5536811 0.966902 0.1569457 0.2011684 0.9566886 0.1244295 0.263181 0.96755 0.1580505 0.1971473 -0.8546266 0.215796 -0.4722769 -0.901786 0.1739532 -0.3956294 -0.9033799 0.1733756 -0.392232 0.9559938 0.1241174 0.2658398 0.9414341 0.002404153 0.3371887 -0.9539016 0.004771232 -0.300082 -0.9544657 0.007209599 -0.2982338 0.01843905 0.9983699 -0.0540151 0.01843822 0.9983701 -0.05401182 0.01843923 0.9983699 -0.05401563 -0.5535126 -0.8111266 -0.1889377 -0.5533072 -0.8112889 -0.1888427 -0.5535259 -0.8111162 -0.1889438 -0.2011999 0.1568229 0.9669153 -0.2629927 0.1243687 0.9567484 -0.1971421 0.1578678 0.967581 0.4725466 0.2155587 -0.8545374 0.3957092 0.1738947 -0.9017621 0.3922556 0.1733241 -0.9033794 -0.2658241 0.1241209 0.9559977 -0.3371775 0.002369105 0.9414382 0.3003946 0.00509274 -0.9538015 0.2984338 0.007412433 -0.9544016 0.05394142 0.9983745 0.01840901 0.05393534 0.9983748 0.01841324 0.05394244 0.9983745 0.01840823 0.1888093 -0.8114037 -0.5531502 0.1888429 -0.8113474 -0.5532213 0.1888071 -0.8114073 -0.5531456 -0.9669142 0.156861 -0.2011756 -0.9566898 0.1243873 -0.2631968 -0.9675222 0.1580637 -0.1972734 0.8546437 0.2158394 0.4722262 0.9016641 0.1738103 0.3959696 0.9033104 0.1733044 0.3924232 -0.9560725 0.1239747 -0.2656237 -0.9414986 0.002281785 -0.3370095 0.9539606 0.004857838 0.2998925 0.9545579 0.007371664 0.2979342 -0.01837873 0.99838 0.05385065 -0.01837855 0.9983795 0.0538575 -0.01837873 0.99838 0.05384939 -0.3288593 0.006153702 -0.9443589 -0.3301689 0.007921576 -0.9438887 -0.3314259 0.006198525 -0.9434609 0.3217427 0.006159067 -0.9468072 0.3243463 0.006160676 -0.9459185 0.322443 0.007552862 -0.9465588 0.3237144 0.00634247 -0.9461336 0.3287105 0.006503462 0.9444084 0.3304521 0.007603466 0.9437922 0.3316189 0.006208181 0.9433931 -0.3215859 0.006270766 0.9468597 -0.3241145 0.006155014 0.9459979 -0.3226855 0.007566213 0.946476 -0.3235691 0.00614804 0.9461846 0.9443502 0.006237387 -0.3288829 0.9438104 0.007488965 -0.3304027 0.9435154 0.00616163 -0.3312712 0.9467455 0.006365537 0.3219201 0.9459555 0.006086885 0.3242396 0.9464683 0.00766462 0.3227059 0.9461312 0.006296098 0.3237226 -0.9443503 0.006155967 0.328884 -0.9438371 0.007914841 0.3303166 -0.9434574 0.006229102 0.3314355 -0.9468398 0.006333231 -0.3216432 -0.9459071 0.006123185 -0.3243802 -0.9465256 0.007468342 -0.3225426 -0.9461303 0.006325066 -0.3237245 -0.9607889 0.03217887 -0.2754073 -0.9787428 0.02648866 -0.2033734 -0.9949883 0.02588683 -0.09658271 -0.2118356 0.02061557 -0.9770879 -0.2312277 0.02690595 -0.9725276 -0.4449748 0.03299129 -0.8949352 -0.5447569 0.0267533 -0.8381672 0.4386537 0.02186888 -0.8983901 0.2178546 0.009662389 -0.9759335 0.202093 0.0268926 -0.9789971 0.09625715 0.02599763 -0.995017 0.9768185 0.02120721 -0.2130167 0.9587031 0.03190839 -0.2826132 0.9040694 0.0176022 -0.4270231 0.9607658 0.03182995 0.2755285 0.9787443 0.02651834 0.2033632 0.994989 0.02587145 0.09658014 0.2119707 0.02059435 0.9770591 0.2309811 0.0271033 0.9725807 0.4449982 0.03312891 0.8949186 0.5447965 0.02680724 0.8381397 -0.4386483 0.0220226 0.8983891 -0.2179772 0.00941652 0.9759085 -0.202011 0.0269804 0.9790115 -0.09628802 0.02603143 0.9950131 -0.9768189 0.02120435 0.213015 -0.9586812 0.03218764 0.2826559 -0.9040546 0.0176348 0.4270532 -0.1037167 0.02608734 -0.9942647 0.5382353 0.02660411 -0.8423747 0.9942519 0.02603942 -0.1038526 0.1038863 0.02587378 0.9942527 -0.5384478 0.02689361 0.8422297 -0.9942506 0.0260815 0.1038532 -0.9999363 7.44558e-4 -0.01126736 -0.9999276 0.002886652 -0.01168894 -0.9999587 9.36147e-4 -0.00904113 -0.9998248 8.37959e-4 0.01869869 -0.9998108 0.002969264 0.01922571 -0.9997633 5.68445e-4 0.02175337 -0.9999363 -0.00143671 -0.01120251 -0.9998275 -0.001348614 0.01852947 -0.9997911 4.49176e-4 0.02043944 -0.001479446 0.9316419 -0.3633748 -0.7169427 0.6522977 -0.2459692 -0.7213556 0.6482654 -0.2437173 -0.003486692 0.3262718 -0.9452696 -0.6437495 0.2503163 -0.7231379 -0.003250777 0.3263285 -0.9452509 0.003723621 0.3263728 0.9452339 -0.6384559 0.2502334 0.7278444 -0.6863226 0.2363979 0.6878061 0.001295804 0.9316126 0.3634508 -0.715312 0.6520521 0.2513105 0.001090347 0.9316326 0.3634001 -0.00136739 -0.9333713 -0.3589099 -0.7234825 -0.647292 -0.2399711 -0.00139755 -0.9333735 -0.3589041 -0.003524065 -0.326669 -0.9451323 -0.6939029 -0.2364523 -0.680139 -0.003494679 -0.3266751 -0.9451304 0.001345157 -0.9333302 0.3590167 -0.7217079 -0.6471831 0.2455437 -0.7274797 -0.6415511 0.2432806 0.003300189 -0.3265852 0.9451621 -0.6885485 -0.2365509 0.6855251 -0.6450778 -0.2490409 0.7223942 -0.6916702 0.2361909 -0.6825 -0.9174848 0.1305809 -0.3757266 -0.9150721 0.3782317 -0.1399431 -0.9064468 0.3972167 -0.1434339 -0.7192891 0.6483961 0.2494108 -0.9139915 0.3793891 0.1438179 -0.8500433 0.1844231 0.4933707 -0.9535954 0.144192 0.2643191 -0.9063522 -0.1371497 0.3996444 -0.9144198 -0.3780719 0.1445619 -0.9047052 -0.3991017 0.1490855 -0.7292894 -0.6415905 -0.2376943 -0.9154692 -0.3792297 -0.1345404 -0.9149472 -0.1328787 -0.381071 -0.9021439 -0.142586 -0.4071925 0.00140345 -0.9332678 0.3591789 0.00143814 -0.9333031 0.3590868 0.001438617 -0.9333141 0.3590582 -0.001390635 -0.9334273 -0.3587641 -0.001438438 -0.9333483 -0.3589691 -0.001283466 -0.933429 -0.3587599 -0.003379702 -0.3261649 -0.945307 -0.003722548 -0.326763 -0.945099 -0.003284573 -0.3266872 -0.9451268 -0.003405928 0.3262201 -0.9452877 -0.003367364 0.3263903 -0.9452292 -0.003549456 0.3262639 -0.9452721 -0.001364469 0.9316172 -0.3634386 -0.001167953 0.9315806 -0.3635332 -0.001583158 0.9316039 -0.3634717 0.001352131 0.931568 0.3635645 0.001454055 0.9315953 0.3634944 0.001298427 0.9315696 0.3635608 -0.1027372 0.007824897 0.9946778 0.005868732 -0.4000441 0.9164772 0.2334861 -0.07502651 0.9694614 -0.004830002 0.3264425 -0.9452048 -0.002208709 0.3262954 -0.9452654 -0.004806935 0.3265019 -0.9451844 -0.001027345 0.9316102 -0.3634575 -0.002361774 0.9316219 -0.3634214 -6.72078e-4 0.9315831 -0.3635277 0.001436352 0.9315493 0.3636122 0.001151561 0.9315721 0.363555 0.001287162 0.9315764 0.3635434 0.003088176 0.3264465 0.9452106 0.003965079 0.326404 0.9452221 0.003976702 0.326408 0.9452206 0.002996683 -0.3267328 0.945112 0.003885984 -0.326763 0.9450984 0.003028988 -0.3267623 0.9451017 9.50677e-4 -0.9333177 0.3590505 0.001584053 -0.9333176 0.3590485 0.001155197 -0.933327 0.359026 -9.14764e-4 -0.9333718 -0.3589099 -0.001145184 -0.9333818 -0.3588835 -9.04519e-4 -0.9333948 -0.3588503 -0.002843618 -0.3266735 -0.945133 -0.004356741 -0.3267417 -0.9451037 -0.004190862 -0.3266972 -0.9451198 0.9906822 -0.1325327 0.03136998 0.9978019 -0.0650022 0.01289433 0.9992531 -0.03844869 -0.003873825 0.003152787 -0.1461555 0.9892566 0.002721071 -0.06342107 0.9979832 0.001750767 -0.1468166 0.9891623 -0.9883865 -0.1334847 0.07262253 -0.9878626 -0.1369156 0.07335925 -0.9878162 -0.1372154 0.07342362 0.9904937 -0.1320797 -0.03843557 0.9976775 -0.06500017 -0.02036273 0.9903407 -0.1331556 -0.03866654 -0.9887436 -0.1345606 -0.06541806 -0.9885355 -0.1359428 -0.06570595 -0.9887631 -0.134431 -0.06539118 -0.002633452 -0.1459197 -0.989293 -0.004647552 -0.06391024 -0.9979449 -0.004536569 -0.06367051 -0.9979608 -0.9975256 -0.05585628 0.04269319 -0.9975256 -0.05585873 0.04269123 -0.997527 -0.0557968 0.0427401 0.005418658 -0.05815643 0.9982929 5.84627e-4 -0.06239104 0.9980516 0.007422864 -0.05801671 0.9982881 0.9990419 -0.04342389 -0.00545746 0.9985029 -0.05469077 9.73903e-4 0.9982256 -0.05937528 -0.004490315 0.9984653 -0.05470597 -0.008618056 0.9989284 -0.04605263 0.004630267 -0.004999041 -0.06109762 -0.9981193 -4.81801e-4 -0.06233006 -0.9980555 -0.002032876 -0.06232637 -0.9980538 -0.9978391 -0.05568641 -0.03487432 -0.9978389 -0.05569529 -0.03486782 -0.9978321 -0.05591857 -0.03470379 0.04270344 -0.1019288 0.9938747 -0.005780994 -0.0579847 -0.9983007 -0.00372684 0.3263729 -0.9452338 -0.002307176 0.9316304 -0.3634001 0.001624345 0.9315751 0.3635456 0.003482699 0.3264649 0.945203 0.003978073 -0.3267267 0.9451105 0.001529097 -0.9332999 0.359095 0.001526772 -0.9333207 0.3590408 -0.00143814 -0.9333556 -0.3589504 -0.001529932 -0.9333482 -0.3589692 -0.003497481 0.3263293 -0.9452497 -0.003534972 0.3262553 -0.9452751 -0.001344978 0.9316274 -0.3634127 0.001357495 0.9315475 0.3636173 0.001171469 0.9315596 0.3635872 0.001568496 0.9315343 0.3636504 0.00352776 0.3264561 0.9452059 0.003058731 0.3264291 0.9452168 0.004160284 -0.3265168 0.9451823 0.003683626 -0.1465635 0.9891945 0.03798824 -0.08409351 0.9957336 0.003604531 -0.0580058 0.9983097 0.002125501 -0.06238472 0.99805 0.001038074 -0.9333188 0.3590472 -0.001540958 -0.9333772 -0.3588936 -0.001612484 -0.9333257 -0.3590273 -0.001010239 -0.9333813 -0.3588849 -0.002533674 -0.05824393 -0.9982992 -0.004278182 -0.06249368 -0.9980362 -0.0038594 -0.06348365 -0.9979755 -0.003709316 -0.1464484 -0.9892114 -0.003510892 -0.326593 -0.9451586 -0.002653002 -0.3266056 -0.945157 -0.003494501 -0.3265675 -0.9451674 -0.003771066 -0.0635426 -0.9979721 -0.003678917 -0.1463452 -0.9892268 -0.00370723 -0.3267815 -0.9450927 -0.003474295 0.3262751 -0.9452685 -0.001567661 0.9316154 -0.3634424 -8.84027e-4 0.9316524 -0.36335 -0.001291453 0.931618 -0.3634369 0.001364052 0.9315444 0.363625 0.003750026 0.326451 0.9452068 0.00288254 0.3263682 0.9452384 0.003954231 0.3264345 0.9452117 0.003645837 -0.3265154 0.945185 0.004110515 -0.3266773 0.945127 0.003019511 -0.3267616 0.945102 0.004251778 -0.06356638 0.9979686 0.002573549 -0.05796551 0.9983153 0.003106951 -0.06232458 0.9980511 0.00338 -0.06227952 0.9980531 0.001435816 -0.9333184 0.3590469 0.001185655 -0.9333122 0.359064 0.001719415 -0.9333125 0.3590609 -0.001626253 -0.9333621 -0.3589327 -0.004610657 -0.062518 -0.9980332 -0.003127574 -0.05802959 -0.99831 -0.004113554 -0.06350147 -0.9979733 -0.999618 -0.02738434 0.003757119 -0.99719 -0.04860174 0.05701047 -0.998107 -0.03229248 0.05234223 -0.9988029 -0.04216086 0.02480739 -0.999387 -0.03480082 0.003826797 -0.9995969 -0.02813351 0.003807842 -0.9976295 -0.06189429 -0.03007876 -0.9975943 -0.04851156 -0.04952043 -0.9964455 -0.07661402 -0.03502649 -0.9989609 -0.04217344 -0.01728492 -0.9984772 -0.03239828 -0.04465192 -0.9966546 -0.07350176 0.03573876 0.9987698 -0.04610633 0.01824963 0.9993477 -0.03588348 -0.004081547 0.9988623 -0.0461046 -0.01218843 0.9995638 -0.02931237 -0.003645479 0.9941465 -0.07837283 -0.07436716 0.9986112 -0.04604899 -0.02559798 0.9953099 -0.06641161 0.07034069 -0.9952983 -0.09669852 0.005560576 -0.9968699 -0.07851141 0.009288012 -0.9977172 -0.06741207 0.004016816 -0.9953491 -0.09631294 0.00198853 -0.9932222 -0.1161659 0.003917574 -0.9968884 -0.07880073 -0.002009034 0.9951159 -0.09500199 -0.02681529 0.9920157 -0.126062 -0.003670156 0.9958435 -0.08729755 -0.02597683 0.9952927 -0.09481686 0.02006006 0.9959821 -0.08776032 0.0178309 0.997575 -0.06951969 -0.003345727 0.001056253 -0.9999995 -4.54164e-5 -0.001452505 -0.999999 1.11796e-5 -0.001470088 -0.9999989 1.97762e-5 -0.00268203 5.49556e-4 -0.9999963 -0.004817903 8.23947e-4 -0.9999881 -0.002748608 4.05895e-4 -0.9999962 0 1 5.57783e-6 0 1 1.27271e-5 -0.001456558 -0.9999989 2.04969e-5 0.001050829 -0.9999994 -1.98956e-4 0 1 5.0877e-5 0 1 3.73256e-5 0.004702687 0.001331388 0.9999881 0.002760767 0.001199245 0.9999955 0.002713203 0.001096427 0.9999958 0.9998146 0.002832412 -0.01904523 0.9998242 7.45662e-4 -0.01873666 0.9998567 0.001164615 -0.01689356 0.9999351 7.41741e-4 0.01137804 0.9999288 0.002872943 0.01158243 0.9999573 0.001118123 0.009185373 0.999823 -0.001310825 -0.01876896 0.9997939 1.28997e-4 -0.02030289 0.9999349 -0.001319289 0.01133334 0.9999141 3.53775e-4 0.01310712 -0.001341283 0.9316092 -0.3634591 -0.00133413 0.9315862 -0.3635179 -0.001339018 0.9316114 -0.3634535 -0.002631008 0.3262931 -0.945265 -0.003474056 0.3265638 -0.9451688 -0.00349009 0.3265977 -0.945157 0.002172887 0.3264618 0.9452079 0.003378212 0.3261073 0.9453268 0.002160966 0.3265092 0.9451916 8.60044e-4 0.9316938 0.3632439 0.001292467 0.9316062 0.363467 0.001346468 0.9316118 0.3634528 -0.0013538 -0.9334017 -0.3588305 -0.001363694 -0.9334344 -0.3587455 -0.001353025 -0.9334388 -0.3587343 -0.002601325 -0.3266916 -0.9451275 -0.003506124 -0.3264727 -0.9452002 -0.003611326 -0.3264301 -0.9452145 9.54485e-4 -0.9334304 0.3587575 0.001321077 -0.9333119 0.3590644 9.57305e-4 -0.9334328 0.3587512 0.00224328 -0.3268226 0.9450831 0.003608286 -0.3263166 0.9452537 0.002249419 -0.326849 0.945074 0.9110884 0.1334259 -0.3900198 0.6864513 0.2362269 -0.6877365 0.6391844 0.2501016 -0.72725 0.719359 0.6484 -0.2491989 0.910108 0.3874491 -0.1469249 0.716378 0.6510359 -0.2509085 0.9111983 0.3862944 0.1431589 0.7213152 0.6482542 0.243867 0.7182911 0.6509675 0.245559 0.6917825 0.2360606 0.6824313 0.9139453 0.1332935 0.3833237 0.644442 0.2503037 0.7225251 0.9147406 -0.1335029 0.3813485 0.6949152 -0.2359424 0.679282 0.6498055 -0.249432 0.7180086 0.7293812 -0.6414813 0.2377073 0.9115822 -0.3873364 0.1377986 0.7247197 -0.6460237 0.2396554 0.9105852 -0.3862137 -0.1472192 0.7274515 -0.641618 -0.2431885 0.7229257 -0.6460673 -0.2448991 0.6896587 -0.2360829 -0.6845698 0.9119845 -0.1332824 -0.3879693 0.6445767 -0.2491264 -0.7228119 0.001393616 -0.9333409 0.3589887 0.001380681 -0.9333379 0.3589964 -0.001356661 -0.9333642 -0.3589283 0.9046128 -0.3992762 -0.149179 0.8944609 -0.1451449 -0.4229336 -0.003549396 -0.3265731 -0.9451653 -0.003582119 0.3263999 -0.945225 0.8932182 0.1453146 -0.4254937 -0.001377582 0.9316158 -0.3634421 -0.001397788 0.931625 -0.3634184 0.001366376 0.9315657 0.3635708 0.9064636 0.3971688 0.1434605 0.003604769 0.3265072 0.9451879 0.003550708 0.3264716 0.9452003 0.8979676 -0.1450345 0.4154747 0.003635466 -0.3267759 0.9450949 0.003635287 -0.326783 0.9450924 -0.004481554 0.3265324 -0.9451754 -0.002812325 0.3263247 -0.9452536 -0.004401803 0.3263945 -0.9452234 -4.57437e-4 0.9316025 -0.3634785 -0.002726554 0.9316276 -0.3634043 -0.002202808 0.9316514 -0.3633466 0.00203526 0.9315862 0.363515 0.001211464 0.9315668 0.3635683 0.001610457 0.9315727 0.3635516 0.003674924 0.3264103 0.9452211 0.003656089 0.3264665 0.9452018 0.003470778 0.3264486 0.9452086 0.00423175 -0.3268253 0.9450754 0.003181338 -0.3268163 0.9450826 0.003345489 -0.3267863 0.9450923 0.003467142 -0.9333399 0.3589774 2.62459e-4 -0.9333101 0.3590714 -9.06632e-4 -0.9332744 0.3591632 1.71975e-4 -0.9334106 -0.3588103 -0.004001259 -0.9333187 -0.3590267 0.001246392 -0.9334209 -0.3587812 -0.005968153 -0.3265852 -0.945149 -0.001138329 -0.3266867 -0.945132 -0.006030142 -0.3265244 -0.9451696 -0.9904077 -0.13261 0.03882551 -0.9976847 -0.06490254 0.02032405 -0.9902986 -0.1333746 0.0389887 -1.60615e-4 -0.06324267 0.9979982 0.005102515 -0.1458386 0.9892953 0.008449256 -0.1475886 0.9890127 0.9882012 -0.1381238 0.06618398 0.9890989 -0.1321791 0.06490117 0.9881209 -0.1386432 0.06629639 -0.997931 -0.0630871 -0.01239913 -0.9902567 -0.1355367 -0.03196179 -0.9910278 -0.1300646 -0.03077441 0.9883409 -0.1337878 -0.07268637 0.9878991 -0.1366856 -0.07329809 0.9878672 -0.1368976 -0.07333028 -8.04274e-4 -0.1466078 -0.9891944 -0.01052427 -0.06285375 -0.9979674 0.006007015 -0.1488088 -0.9888477 0.9978265 -0.05572962 0.03516685 0.9978266 -0.05572384 0.03517127 0.9978306 -0.05558061 0.03528219 2.66903e-4 -0.06286585 0.998022 0.005956351 -0.05791693 0.9983037 0.008381009 -0.05788207 0.9982883 -0.9990476 -0.04331135 0.005307376 -0.9984542 -0.05492311 0.008527398 -0.9989196 -0.04622596 -0.004779338 -0.9984912 -0.05489999 -0.001203715 -0.9988653 -0.04605811 0.01211303 -0.001342952 -0.05782151 -0.998326 -0.003692924 -0.06235432 -0.9980472 0.001179873 -0.05783253 -0.9983256 0.9975268 -0.055803 -0.04273468 0.9975271 -0.05579453 -0.0427407 0.9975218 -0.05600661 -0.04258817 -0.03775531 -0.09507375 0.994754 -0.04759502 -0.1009675 -0.9937506 -0.003724873 0.3263504 -0.9452416 -0.003031492 0.3262633 -0.9452741 -0.001664102 0.9315948 -0.3634949 -0.00116682 0.9316435 -0.363372 0.001664876 0.9315423 0.3636292 0.001167774 0.9315168 0.3636966 0.003252744 0.3265236 0.9451836 0.003035485 0.3265675 0.945169 0.003287851 -0.3267776 0.9450956 0.003755807 -0.3266966 0.9451219 0.001491606 -0.9333261 0.3590268 0.001229345 -0.9332903 0.3591209 0.001247942 -0.9332975 0.3591021 -0.001555025 -0.9334086 -0.3588121 -0.001518249 -0.933416 -0.358793 -0.001150667 -0.9333487 -0.3589693 -0.003725528 -0.3261724 -0.945303 -0.003304362 -0.3265993 -0.9451571 -0.002208054 0.326421 -0.9452219 -0.002633512 0.3263244 -0.9452543 -0.001107931 0.9316316 -0.3634027 -3.42693e-4 0.9316378 -0.3633882 -0.001712262 0.931603 -0.3634735 0.001361072 0.9315689 0.3635624 6.75095e-4 0.9315549 0.3636002 0.002897799 0.32646 0.9452066 0.003673732 0.3264311 0.9452139 0.004058837 0.3263177 0.9452515 0.002942085 -0.3265548 0.9451737 0.003904998 -0.3267707 0.9450957 0.003968536 -0.326559 0.9451685 0.00414741 -0.146811 0.989156 0.00276488 -0.06424742 0.9979302 0.004723906 -0.05798232 0.9983065 0.002000629 -0.06226754 0.9980576 0.00257951 -0.06250452 0.9980414 6.50276e-4 -0.933328 0.3590242 0.002903699 -0.9333195 0.3590355 0.001963973 -0.9333525 0.3589561 -0.001396358 -0.9333697 -0.358914 -0.002585351 -0.9333526 -0.3589518 -0.002891898 -0.05795031 -0.9983153 -0.003736495 -0.06233108 -0.9980486 0.0114268 -0.06827795 -0.9976009 -0.003249764 -0.1464896 -0.989207 -0.003409266 -0.3264321 -0.9452146 -6.88705e-4 -0.3267905 -0.9450966 -0.005103647 -0.06380331 -0.9979494 -0.001267671 -0.1451193 -0.9894134 -0.003600955 -0.3268029 -0.9450857 -0.003458797 -0.326361 -0.945239 -0.006096303 0.3261225 -0.945308 -0.004854977 0.3260749 -0.9453315 -7.18131e-4 0.9316399 -0.3633825 0.001225471 0.931572 0.363555 0.001361012 0.9315495 0.3636123 0.002471446 0.3265251 0.9451853 0.002442002 -0.3264889 0.9451979 0.002949774 -0.06395053 0.9979488 0.006031513 -0.05787611 0.9983056 0.001729249 -0.06245082 0.9980466 1.76335e-4 -0.933342 0.3589886 -0.001356005 -0.9333635 -0.3589303 -0.00129503 -0.933396 -0.3588458 -0.005347251 -0.0624243 -0.9980354 -0.002075135 -0.05788969 -0.9983209 -0.001536011 -0.05799484 -0.9983158 0.9968013 -0.05874019 0.05419272 0.9996182 -0.02737623 -0.003770887 0.9984604 -0.03234791 0.0450617 0.9993629 -0.03563827 0.001937806 0.9989665 -0.04211252 0.01709991 0.9996042 -0.02788525 -0.003706753 0.9971925 -0.0485531 -0.05700778 0.998122 -0.03230845 -0.05204677 0.9988064 -0.04214119 -0.02470088 -0.9992275 -0.03913384 0.003621399 -0.9986116 -0.04591655 0.02581661 -0.9995588 -0.02945578 0.0038262 -0.9981938 -0.05509507 -0.02395492 0.9952982 -0.09681701 -0.002845823 0.9964337 -0.07652318 0.03555601 0.9968444 -0.07933741 0.002636432 0.996691 -0.07492405 -0.03151845 0.9953069 -0.09662503 -0.005279183 0.9968167 -0.07913112 -0.00974071 0.9972897 -0.06581586 0.03289067 -0.9991893 -0.03787273 0.01366221 -0.9953703 -0.09414929 -0.01933825 -0.9960101 -0.08734279 -0.01830875 -0.9948102 -0.07160836 -0.0722844 -0.9951811 -0.09414476 0.0274142 -0.9958339 -0.08757877 0.02539795 -0.9945387 -0.07966262 0.06743043 0.001447141 -0.9999991 1.8457e-5 -0.001057147 -0.9999995 -4.1099e-5 0.001469969 -0.9999989 3.85136e-5 0 1 -9.79041e-5 0 1 1.10963e-5 0 1 7.34865e-5 -0.002830147 7.83071e-4 -0.9999958 -0.004731833 5.97615e-4 -0.9999887 -0.004691421 5.10093e-4 -0.9999889 0.001451492 -0.9999991 3.51389e-5 -0.001050055 -0.9999995 -1.67415e-4 0.004857897 0.001273274 0.9999874 0.002683043 0.001244723 0.9999957 0.004856824 0.00127542 0.9999875 0 1 -3.69716e-6 0 1 -6.38268e-5 -0.003380715 -0.3261576 -0.9453094 -0.8331409 -0.1977791 0.5164879 0.007853806 0.4754531 0.879706 0.007058918 -0.3298153 0.9440191 0.003662467 0.3264599 0.945204 0.003706216 0.326354 0.9452404 0.001338779 0.9316135 0.3634484 0.001337826 0.9316145 0.3634456 -0.001351773 0.9316204 -0.3634306 -0.001239955 0.9316278 -0.363412 -0.003419876 0.3262952 -0.9452618 -0.00340873 0.3263397 -0.9452465 -0.003613233 -0.326368 -0.9452359 -0.003618896 -0.3263943 -0.9452269 -0.001348078 -0.933373 -0.3589054 -0.001346051 -0.9333739 -0.3589032 0.001361846 -0.9333576 0.3589456 0.00118649 -0.9333394 0.3589933 0.00353235 -0.3267177 0.9451154 0.003745615 -0.3265326 0.9451786 0.003575325 0.3260227 0.9453552 -0.001356482 0.9315879 -0.3635135 0.001344501 -0.9333122 0.3590635 0.003525376 -0.3262725 0.9452692 0.007685363 -5.84405e-4 -0.9999703 0.00750184 -4.49001e-4 -0.9999718 0.00745809 -6.66566e-4 -0.999972 -0.01525408 -6.089e-5 -0.9998837 -0.01492011 -3.80215e-4 -0.9998887 -0.01523935 -3.49914e-4 -0.9998838 -0.1227431 -0.9228566 -0.3650616 -0.0783298 -0.9463539 -0.3134945 -0.08637505 -0.9316476 -0.3529477 -0.9890689 0.006187081 -0.1473245 -0.9895751 0.007809102 -0.143806 -0.9897434 0.006554365 -0.1427063 -0.09678477 0.9526848 -0.2881395 -0.06214302 0.9665179 -0.2489609 -0.08698272 0.9646113 -0.2489162 -0.002366364 -0.8398737 -0.5427767 0.08354133 -0.9317288 -0.3534152 0.1199724 -0.9229624 -0.3657146 -0.001819372 0.9069041 -0.4213331 0.06633943 0.957921 -0.2792605 -0.001545131 0.9217844 -0.3877002 0.9880214 0.006131768 -0.1541951 0.9884558 0.007449388 -0.1513267 0.9879699 0.005996346 -0.1545308 0.007714569 -2.63436e-6 -0.9999703 0.007691502 -1.65604e-4 -0.9999705 0.007913231 5.66816e-4 -0.9999686 0.007083415 -3.56478e-4 -0.9999749 0.007644951 3.17419e-5 -0.9999708 0.007587194 -4.75199e-5 -0.9999713 0.007661879 -2.12882e-4 -0.9999706 0.008059859 -3.96945e-4 -0.9999675 -0.003748238 -0.001330554 -0.9999922 -0.01535212 4.74078e-4 -0.9998821 -0.01524776 -1.30365e-5 -0.9998838 -0.003709912 -7.98541e-4 -0.9999928 -0.0151655 -1.07257e-4 -0.9998851 -0.003707468 -7.64191e-4 -0.9999929 -0.01493597 -4.75427e-4 -0.9998884 -0.01520156 -9.72691e-5 -0.9998845 -0.01478201 -4.19906e-4 -0.9998907 5.22521e-4 -0.9999998 4.1592e-4 4.82224e-4 -0.9999999 4.12578e-4 5.40549e-4 -0.9999999 3.45135e-4 -0.9999484 0.0062837 -0.00799185 -0.9999586 0.0048334 -0.007716715 -0.9999452 0.005884289 -0.008667588 7.69162e-5 1 -2.73837e-4 5.11281e-5 1 -1.12054e-4 2.51206e-6 1 -3.81089e-4 -5.27879e-4 -0.9999998 5.17753e-4 4.51832e-6 -1 4.27076e-4 -5.27685e-4 -0.9999998 4.50368e-4 2.31462e-5 1 -1.93728e-4 -1.17362e-5 1 -4.18497e-4 -1.20056e-5 1 -4.37096e-4 0.9998471 0.004818022 -0.01681435 0.9998797 0.005872249 -0.01436585 0.9998261 0.005454182 -0.01783514 -0.9893437 0.009211242 -0.1453077 -0.9894704 0.004465818 -0.1446663 -0.006572961 -0.9488384 -0.3156937 -0.04634022 -0.921442 -0.3857426 -8.29305e-4 -0.8646546 -0.5023664 0.04353559 -0.9213028 -0.3864013 0.9883964 0.005891799 -0.1517828 0.9880122 0.004675149 -0.1543055 0.03322559 0.9517057 -0.3052088 -0.001611649 0.9040615 -0.4273994 -0.06576007 0.9687892 -0.2390046 -0.0052886 0.9681366 -0.250367 -0.9909743 0.00762993 -0.1338345 -0.9905889 0.0070284 -0.1366911 -0.9909989 0.007160186 -0.1336787 -0.9906176 0.006902515 -0.1364883 -0.9909498 0.006616294 -0.1340709 0.007981598 -8.41959e-5 -0.9999682 0.008675336 -2.83309e-4 -0.9999623 -0.9999508 0.006403684 -0.007587194 -0.9999504 0.00650978 -0.007542669 -0.9999501 0.006266057 -0.007782459 0.007490932 3.70504e-4 -0.9999719 0.007599472 -2.4971e-4 -0.9999712 0.007454454 -2.79021e-4 -0.9999722 -0.003692448 -1.95786e-5 -0.9999933 -0.0150811 -7.48821e-4 -0.999886 -0.01557284 -2.70099e-4 -0.9998788 0.9998859 0.006640315 -0.01357406 0.9998586 0.006128907 -0.01566481 0.9998388 0.005008935 -0.01724416 -0.01521199 -2.8116e-4 -0.9998843 -0.01514893 -3.01932e-4 -0.9998852 -0.01529467 -4.56662e-4 -0.999883 0.9899463 0.007468283 -0.1412462 0.9896115 0.005219519 -0.143673 0.9895398 0.007716476 -0.1440542 0.98989 0.007710635 -0.1416282 0.9893379 0.006207942 -0.1455059 -0.9891203 0.004193425 -0.1470495 0.006413519 -4.26913e-4 -0.9999794 -0.9999602 0.005033075 -0.007377624 0.007833242 -4.75748e-5 -0.9999694 0.9998921 0.007199108 -0.012802 -0.01523512 -2.04978e-4 -0.999884 0.9899325 0.005775928 -0.1414227 -0.03560042 0.9517808 -0.3047066 0.007358014 4.28895e-4 -0.9999729 8.74455e-5 1 -7.45747e-5 0.007586836 -6.60247e-4 -0.999971 0.007744669 2.2689e-4 -0.9999701 -0.003728032 -3.10615e-5 -0.9999932 6.01e-6 -1 4.22497e-4 -0.003748655 -0.001453757 -0.999992 -0.002088725 -0.8348944 -0.5504062 0.09460771 0.9526686 -0.2889153 0.06034559 0.9664674 -0.2495982 0.003484845 0.9680272 -0.250821 -0.0151537 -2.59533e-4 -0.9998852 3.04472e-5 1 -3.16498e-4 4.10908e-5 1 -8.77328e-5 -0.01520472 -2.77784e-4 -0.9998844 -0.0161184 9.66234e-5 -0.9998702 -0.01487135 -1.69367e-4 -0.9998895 -0.01585084 1.43449e-4 -0.9998744 -5.13164e-4 -0.9999999 3.11737e-4 -5.12781e-4 -0.9999999 1.77065e-4 -0.01529783 1.55107e-4 -0.999883 0.00444734 -0.9486693 -0.3162384 0.07583928 -0.9463588 -0.3140916 0.1071578 -0.9431904 -0.3144983 -0.01763677 -2.19812e-5 -0.9998446 -0.01411575 4.41836e-4 -0.9999003 -0.003793179 -2.84224e-4 -0.9999929 0.00954473 3.84576e-4 -0.9999544 -0.004256069 8.35987e-5 -0.9999909 0.006923854 -7.93246e-5 -0.999976 -4.87928e-4 -0.9999994 0.001102447 2.15364e-6 -0.9999999 5.83495e-4 2.64008e-4 -0.9999999 6.13983e-4 4.34063e-5 0.9999994 -0.001114904 -2.14086e-6 0.9999999 -6.48005e-4 -5.23522e-6 0.9999989 -0.001501739 0.999884 0.003356158 -0.01486337 0.9993642 0.0151413 -0.03228199 0.9998323 0.002693593 -0.0181145 5.5027e-4 -0.999999 0.001382768 3.58309e-6 -0.9999994 0.001220703 -9.84862e-5 0.999999 -0.001494348 2.75906e-4 0.9999998 -6.67078e-4 -5.57859e-4 -0.9999998 -1.82714e-4 0.02866482 -0.9991666 -0.02906042 0.04822969 -0.9988363 -6.93253e-5 -0.02944749 -0.9991329 -0.02943181 -0.1368126 -0.9802436 -0.1428455 -0.03106826 -0.9990781 0.02962732 -0.1380481 -0.980849 0.1373976 0.0297122 -0.9991719 0.02779966 0.1335926 -0.9809587 0.1409727 0.3854282 0 -0.9227378 0.3853666 9.60699e-4 -0.9227631 0.385427 0 -0.9227384 0.9198701 0 -0.3922232 0.9198156 0.002298533 -0.3923444 0.9198701 0 -0.3922232 -0.9227485 0 -0.3854027 -0.922736 -0.002338051 -0.3854257 -0.9227487 0 -0.3854023 -0.3921362 -4.51916e-6 -0.9199072 -0.392323 -0.001007676 -0.919827 -0.3923421 -9.89729e-4 -0.9198189 -0.3854222 0 0.9227405 -0.3890715 7.6857e-4 0.9212073 -0.9198651 0 0.3922349 -0.9198873 -0.002342104 0.3921758 -0.9198653 0 0.3922347 0.9227992 0 0.3852812 0.922797 0.002334594 0.3852797 0.9227994 0 0.385281 0.3922412 0 0.9198625 0.3880099 -8.98141e-4 0.9216549 0.3922361 -4.06507e-6 0.9198647 0.3231521 0 -0.9463471 0.3231499 0 -0.9463478 0.3231495 0 -0.9463479 0.9439157 -2.81513e-6 -0.3301866 0.9439034 -2.83121e-6 -0.3302218 0.943901 -2.8151e-6 -0.3302287 -0.9464474 0 -0.3228585 -0.9464577 0 -0.3228282 -0.9464596 0 -0.3228223 -0.3300961 0 -0.9439474 -0.3301323 0 -0.9439347 -0.3300891 0 -0.9439499 -0.3230608 1.76949e-6 0.9463782 -0.323035 1.75344e-6 0.9463871 -0.3230299 0 0.9463888 -0.9440435 0 0.3298211 -0.9440318 0 0.3298548 -0.9440294 0 0.3298614 0.9464067 0 0.3229777 0.9464169 0 0.3229476 0.9464189 0 0.3229417 0.3299388 0 0.9440023 0.3299514 0 0.9439979 0.3299363 0 0.9440032 0.2621817 -0.5842562 -0.7680531 0.3456222 -0.8712567 -0.3485068 -0.001989901 -0.8617448 -0.5073381 0.7661114 -0.5842055 -0.2679126 0.7660999 -0.5842462 -0.2678568 -0.7680689 -0.5842502 -0.2621489 -0.3482372 -0.8712368 -0.3459442 -0.5074025 -0.8617066 0.002162456 -0.2678554 -0.5843256 -0.76604 -0.2678322 -0.5843492 -0.76603 -0.2620897 -0.584126 0.7681835 -0.3460586 -0.8711692 0.3482928 0.001723229 -0.8616205 0.5075501 -0.7661427 -0.5842101 0.2678133 -0.7661317 -0.5842669 0.267721 0.7681234 -0.5842148 0.262068 0.3485497 -0.871222 0.345667 0.5073798 -0.8617205 -0.001864254 0.2678469 -0.5841253 0.7661956 0.2678679 -0.5841168 0.7661949 0.3037016 -0.902206 -0.3062514 -0.001657366 -0.8935084 -0.4490435 -0.306095 -0.9021382 -0.3040604 -0.4491571 -0.8934511 0.001752316 -0.3041713 -0.9020612 0.3062113 0.001633167 -0.8934888 0.4490826 0.306193 -0.9021585 0.3039011 0.4490628 -0.8934979 -0.002034008 0.3231132 0 -0.9463604 0.3231202 0 -0.946358 0.3230999 0 -0.9463649 0.9438892 6.75817e-5 -0.3302626 0.9438927 6.75892e-5 -0.3302527 0.9438993 6.76434e-5 -0.3302338 -0.9463873 8.82518e-5 -0.3230342 -0.94639 8.82675e-5 -0.3230264 -0.9463822 8.82648e-5 -0.323049 -0.3302153 0 -0.9439057 -0.3302267 0 -0.9439017 -0.3302488 0 -0.9438939 -0.3224531 0 0.9465855 -0.322456 0 0.9465845 -0.3224614 0 0.9465827 -0.944061 1.1622e-4 0.3297709 -0.9440651 1.16205e-4 0.3297594 -0.9440729 1.16194e-4 0.329737 0.9465551 0 0.3225422 0.9465524 0 0.3225504 0.9465606 0 0.3225264 0.329419 0 0.9441839 0.3294281 0 0.9441808 0.3294015 0 0.94419 0.2369385 0.6801521 -0.6937242 -0.002795815 0.6433085 -0.7656021 -0.002707958 0.7005246 -0.7136231 0.6919405 0.6800734 -0.2423193 0.7656936 0.6431997 -0.002774119 0.741272 0.6190461 -0.259418 -0.6937243 0.6801683 -0.2368916 -0.7656345 0.6432683 0.003128409 -0.7134744 0.7006725 0.00352019 -0.2421693 0.6801437 -0.691924 -0.2597236 0.6190936 -0.7411254 -0.2364516 0.6805494 0.6935008 0.002826631 0.6434508 0.7654823 0.002701938 0.7008324 0.7133209 -0.6919349 0.6802355 0.2418798 -0.7413979 0.6190693 0.2590031 0.6938005 0.6801893 0.2366085 0.7136563 0.7004915 -0.00255835 0.2417189 0.6805078 0.6917234 0.2587417 0.6193211 0.7412787 0.2540626 0.6190711 -0.7431038 0.3159739 0.2137919 -0.9243665 0.9219805 0.2140952 -0.3226689 0.9224367 0.2119759 -0.3227645 -0.7432594 0.6189088 -0.2540031 -0.9244104 0.2140551 -0.3156673 -0.3228974 0.2138124 -0.9219662 -0.3232793 0.2118264 -0.9222907 -0.2530936 0.6193373 0.7432126 -0.3154101 0.2141043 0.9244868 -0.9221673 0.2141517 0.3220973 -0.9225536 0.2120151 0.3224042 0.7433302 0.6190492 0.2534531 0.9245789 0.2140714 0.3151625 0.3222706 0.2140892 0.9221212 0.3225047 0.2118366 0.9225594 0.306833 -0.3133873 -0.8986891 0.3064647 -0.3161053 -0.8978624 0.8964268 -0.3128563 -0.3139109 -0.8987805 -0.3130629 -0.3068962 -0.8978987 -0.3158667 -0.3066044 -0.3136435 -0.3134245 -0.8963218 -0.3064109 -0.3130998 0.8989333 -0.3063428 -0.3155533 0.8980982 -0.8966821 -0.3130397 0.3129976 0.8990132 -0.312891 0.3063896 0.8981482 -0.3157993 0.3059421 0.313178 -0.313012 0.8966287 0.3940303 -0.8285644 -0.3977704 -0.002257883 -0.8175293 -0.5758827 0.8955915 -0.3157091 -0.3134386 -0.3969812 -0.8286046 -0.3947408 -0.5761566 -0.8173356 0.002498805 -0.3131328 -0.3163939 -0.8954567 -0.3947057 -0.828589 0.3970488 0.002196967 -0.81736 0.5761232 -0.8958055 -0.315748 0.3127871 0.3976814 -0.8285781 0.3940913 0.5759465 -0.8174859 -0.001682519 0.3129191 -0.3157162 0.8957707 -2.76156e-5 -0.999985 -0.00549972 -0.002564013 -0.9999936 0.002549111 -0.008032381 -0.9999346 0.008158922 0.002525508 -0.9999936 0.002548217 -4.44166e-5 -0.9999557 -0.009416282 -0.005475342 -0.9999851 -2.29925e-5 0.008070647 -0.999936 0.00794208 0.002533197 -0.9999936 -0.002536535 -0.009430885 -0.9999555 3.08901e-5 2.87555e-5 -0.9999859 0.005313992 0.008038759 -0.9999352 -0.008077204 -0.002553224 -0.9999936 -0.002536535 4.93601e-5 -0.9999558 0.009408235 0.005479574 -0.999985 2.71946e-6 -0.008122205 -0.9999341 -0.008126676 0.00945127 -0.9999554 -4.0818e-5 0.38531 -2.80282e-6 -0.9227873 0.3853617 0.001021742 -0.9227651 0.3852973 1.04867e-6 -0.9227926 0.9198002 -1.22784e-6 -0.392387 0.9198144 0.002358138 -0.392347 0.919798 1.32434e-6 -0.3923922 -0.9226969 4.30916e-6 -0.3855261 -0.9227676 -0.002354025 -0.3853499 -0.9226859 -4.41819e-6 -0.3855526 -0.3921921 -1.16165e-5 -0.9198834 -0.3921545 -2.30521e-5 -0.9198995 -0.919896 -3.60124e-5 0.3921624 -0.9198954 -3.69744e-5 0.3921639 0.922789 -4.94905e-6 0.3853057 0.9228749 -4.83543e-6 0.3851 -0.3854407 2.28497e-5 0.9227327 -0.3942998 0.001550614 0.9189807 -0.3850354 -0.04673665 0.9217177 -0.3774286 -0.0445128 0.9249683 -0.3850773 -0.04670643 0.9217017 -0.3753624 -0.04465276 0.9258021 0.3822565 -0.001805663 0.9240546 0.3922298 0 0.9198673 0.4018968 0.04554057 0.9145519 0.4018538 0.04640221 0.9145274 0.3918536 0.04635101 0.9188593 -3.47164e-4 -0.9959483 -0.08992797 0.06329393 -0.9959535 -0.0638014 0.06320697 -0.9959641 -0.06372153 0.08995872 -0.9959455 -3.25855e-4 0.0900461 -0.9959376 -3.59132e-4 -0.08999174 -0.9959425 3.31374e-4 -0.06383317 -0.9959462 -0.063376 -0.0637167 -0.995956 -0.06334084 -3.45859e-4 -0.9959416 -0.09000098 3.42231e-4 -0.9959453 0.08996027 -0.06331014 -0.9959537 0.06378185 -0.06320601 -0.9959655 0.06370067 -0.0900883 -0.9959338 3.18696e-4 0.06382924 -0.9959474 0.06336146 0.06375932 -0.9959574 0.06327325 3.3767e-4 -0.9959376 0.09004634 0.3835412 1.34565e-5 -0.9235239 0.3826256 -0.07152801 -0.9211305 0.3826983 -0.07182651 -0.9210771 0.9205908 -1.64557e-5 -0.3905285 0.9181463 -0.07170516 -0.3896999 0.9181972 -0.07159429 -0.3896002 -0.9234379 0 -0.3837482 -0.9210029 -0.0718131 -0.3828793 -0.9234365 0 -0.3837513 -0.3906426 3.64015e-5 -0.9205424 -0.3895373 -0.07155692 -0.9182268 -0.3906788 1.22275e-4 -0.9205271 -0.3836089 -3.43634e-6 0.9234957 -0.3826189 -0.07156431 0.9211305 -0.3827256 -0.07177734 0.9210697 -0.9206669 0 0.3903493 -0.9182714 -0.07154053 0.3894351 -0.9206704 0 0.3903409 0.9234949 0 0.3836106 0.9210821 -0.07175225 0.3827001 0.923491 0 0.3836205 0.3905367 8.22784e-6 0.9205875 0.3896514 -0.07175296 0.9181631 0.3895239 -0.07158946 0.91823 0.3742049 -0.2189835 -0.9011198 0.8982239 -0.2190434 -0.3810695 0.8986524 -0.2183215 -0.3804727 -0.9210931 -0.0715667 -0.3827086 -0.9010618 -0.2190346 -0.3743148 -0.3809743 -0.2190393 -0.8982652 -0.380371 -0.2182646 -0.8987094 -0.3742277 -0.2190235 0.9011006 -0.8983208 -0.218978 0.3808785 -0.8987423 -0.2182725 0.3802887 0.9211524 -0.07158374 0.3825627 0.9011193 -0.2190212 0.3741841 0.3809861 -0.2190237 0.8982641 0.3803884 -0.218267 0.8987014 0.3736266 -0.2183241 -0.9015197 0.317135 -0.5559784 -0.7683187 0.7659166 -0.5559452 -0.3229502 0.7665457 -0.5554341 -0.3223363 -0.9015088 -0.2182742 -0.373682 -0.768301 -0.5559683 -0.3171955 -0.3229042 -0.5559964 -0.7658988 -0.3222798 -0.5554628 -0.7665487 -0.3736234 -0.2183229 0.9015213 -0.3171475 -0.5559002 0.7683701 -0.7660089 -0.5558817 0.3228405 -0.7665591 -0.5554496 0.3222778 0.9015572 -0.2182642 0.373571 0.768382 -0.5559029 0.3171138 0.322919 -0.5559567 0.7659214 0.3223021 -0.5554466 0.7665511 0.3165234 -0.5554728 -0.7689362 0.3126829 -0.5692387 -0.7603926 0.7580137 -0.5692297 -0.3184224 0.7586961 -0.5685088 -0.318085 -0.7689045 -0.5554765 -0.3165941 -0.7603683 -0.5692489 -0.3127232 -0.3183684 -0.5692782 -0.758 -0.3179885 -0.5684729 -0.7587635 -0.3165477 -0.555419 0.7689651 -0.3127093 -0.5691623 0.7604389 -0.7580966 -0.5691543 0.31836 -0.7587282 -0.5684893 0.3180437 0.7689589 -0.555453 0.3165032 0.7604294 -0.5692067 0.3126514 0.3184022 -0.5691854 0.7580553 0.3180465 -0.5684307 0.7587708 -0.001143455 0.917864 -0.3968935 0.2756218 0.9202804 -0.2776987 0.2753013 0.9204604 -0.2774199 0.3966289 0.9179778 -0.001495718 0.3972465 0.9177106 -0.001623749 -0.3965657 0.9180052 0.001450479 -0.278011 0.9202211 -0.2755051 -0.2779055 0.920247 -0.275525 -8.69406e-4 0.917626 -0.397444 0.001144468 0.9180156 0.3965428 -0.2756802 0.9202567 0.2777196 -0.2753642 0.9204273 0.2774676 -0.3971699 0.9177441 0.001394987 0.2780497 0.9203555 0.2750166 0.277814 0.920314 0.2753938 0.00104314 0.9179799 0.3966256 -7.32668e-4 -0.9806685 -0.1956752 0.4338804 -0.787746 -0.4372689 0.1395772 -0.9801626 -0.1407108 0.1959347 -0.9806168 -7.39478e-4 0.6136623 -0.7895652 -0.002326965 -0.1959097 -0.9806217 8.00028e-4 -0.4371634 -0.787757 -0.4339668 -0.1406276 -0.9801669 -0.1396312 -0.002281665 -0.7897323 -0.6134474 7.31751e-4 -0.980592 0.1960583 -0.434084 -0.7876038 0.4373229 -0.1397575 -0.9801193 0.1408337 -0.6136347 -0.7895866 0.002369523 0.4373475 -0.7876676 0.4339436 0.1408037 -0.9801315 0.139702 0.002304136 -0.78952 0.6137205 0.3102381 0.5845609 -0.7496939 -0.001470267 0.8834625 -0.4684998 0.3300157 0.8839502 -0.3312425 0.7473096 0.5845784 -0.315906 0.4683637 0.8835334 -0.00207901 0.7490613 0.5822122 -0.3161268 -0.7496898 0.584538 -0.3102912 -0.4683973 0.8835169 0.001415848 -0.3312713 0.8838995 -0.3301227 -0.3158779 0.5844834 -0.7473958 -0.002086818 0.8834651 -0.4684925 -0.316082 0.5821739 -0.7491101 -0.3102122 0.5847472 0.7495593 0.001419961 0.8835387 0.4683561 -0.3300234 0.8840001 0.3311018 -0.7472462 0.5847498 0.3157387 -0.4684746 0.8834747 0.002062022 -0.7491164 0.5822167 0.3159881 0.7496508 0.584658 0.3101592 0.4683786 0.8835268 -0.001464426 0.3311451 0.8840056 0.3299653 0.3157945 0.5845969 0.7473422 0.002083122 0.8835554 0.4683219 0.3160117 0.5823139 0.7490309 0.376357 -0.1612856 -0.912328 0.3766198 -0.1628395 -0.9119436 0.3766815 -0.1632062 -0.9118524 0.9094488 -0.1613942 -0.3832165 0.9090692 -0.1628983 -0.3834808 0.9095306 -0.1610687 -0.3831592 -0.9122872 -0.1613773 -0.3764167 -0.9119872 -0.1625869 -0.3766231 -0.9119162 -0.1628723 -0.3766717 -0.3831955 -0.1615408 -0.9094317 -0.3833847 -0.162659 -0.9091525 -0.3831545 -0.1612988 -0.9094919 -0.3764359 -0.1615345 0.9122514 -0.3766334 -0.1626393 0.9119736 -0.3766798 -0.1628999 0.9119079 -0.9094754 -0.1613474 0.3831732 -0.9091456 -0.1626707 0.383396 -0.9095465 -0.1610611 0.383125 0.9122866 -0.1615754 0.3763329 0.911989 -0.1627485 0.3765488 0.9119186 -0.1630252 0.3765996 0.3832166 -0.1615417 0.9094226 0.383421 -0.1627913 0.9091135 0.3831723 -0.1612712 0.9094893 0.1571004 0.9748118 -0.1583084 -2.39307e-4 0.9977852 -0.06651854 0.04703289 0.9977687 -0.04738783 0.06654679 0.9977834 -2.39492e-4 0.2224267 0.9749491 -8.51806e-4 -0.1584208 0.9747675 -0.1572618 -0.06646454 0.9977889 1.9219e-4 -0.04750603 0.9977481 -0.04734969 -8.17698e-4 0.9749671 -0.222348 -0.1572874 0.9747542 0.1584773 2.63215e-4 0.9977902 0.06644332 -0.04724013 0.9977508 0.04755681 -0.2222933 0.9749794 9.38885e-4 0.158403 0.9747878 0.1571538 0.04747408 0.9977546 0.04724371 8.47083e-4 0.9749965 0.2222188 -0.3033462 -0.6104356 0.7316758 -0.303496 -0.6098451 0.7321059 -0.3034994 -0.6098318 0.7321157 -0.7293364 -0.6105016 0.3087983 -0.729761 -0.6098294 0.3091229 -0.7293294 -0.6105126 0.308793 0.7308366 -0.6115558 0.3031132 0.7328926 -0.6087318 0.3038321 0.7329394 -0.6086674 0.3038484 0.3087716 -0.6102322 0.7295731 0.3087951 -0.6101818 0.7296053 0.3087711 -0.610233 0.7295725 0.3034636 -0.6096156 -0.7323105 0.3033292 -0.6103633 -0.7317432 0.3033261 -0.6103802 -0.7317304 0.7287715 -0.6113258 -0.3085011 0.730483 -0.6090286 -0.3089964 0.7287432 -0.6113637 -0.3084929 -0.7324266 -0.6094329 -0.3035504 -0.7316983 -0.610395 -0.3033738 -0.7324386 -0.609417 -0.3035533 -0.309067 -0.6095615 -0.7300086 -0.3087074 -0.6102029 -0.7296247 -0.3086993 -0.6102175 -0.729616 -0.9999808 1.41786e-4 -0.00619626 -0.9999339 0.002676308 -0.01118654 -0.9999679 0.003331542 -0.007295012 -2.58993e-4 -0.9999998 6.92551e-4 3.04709e-6 -0.9999998 6.88625e-4 2.90046e-4 -0.9999998 6.73027e-4 0.9999014 1.30111e-4 -0.01404082 -2.80515e-4 0.9999998 -6.46343e-4 -2.74406e-6 0.9999998 -6.80397e-4 2.85285e-4 0.9999998 -6.73426e-4 -0.9995618 0.01525759 -0.0253669 -0.9996391 0.01646471 -0.02123081 -7.61176e-4 9.39204e-5 -0.9999997 0.01818871 2.9168e-4 -0.9998345 -0.003732204 -0.001094818 -0.9999925 -0.03264462 -1.98618e-5 -0.9994671 6.77369e-5 6.16365e-4 -0.9999998 -0.003827273 -6.64194e-4 -0.9999925 0.01490575 -2.58137e-4 0.999889 0.01491492 -2.52546e-4 0.9998888 0.01594471 5.02584e-4 0.9998728 -0.007729828 -6.40083e-4 0.99997 -0.007703006 3.4827e-4 0.9999703 -0.007658421 -6.85389e-4 0.9999705 -0.1199844 -0.9228428 0.3660123 -0.07589447 -0.9463533 0.3140946 -0.1075071 -0.9431167 0.3146002 -0.9884238 0.007409214 0.1515379 -0.9881272 0.006018102 0.1535201 -0.9884819 0.007333517 0.1511613 -0.06037747 0.9664956 0.2494813 -0.09462487 0.9526751 0.2888885 -0.08529496 0.9644777 0.2500152 0.08512353 -0.9320574 0.352169 0.001583874 -0.8391737 0.5438613 0.1227201 -0.922817 0.3651693 0.001078128 0.9067759 0.4216117 0.06839245 0.9579221 0.2787614 0.09677881 0.9526603 0.2882226 0.9891884 0.006115794 0.1465232 0.9895524 0.007344126 0.1439865 0.9896995 0.007142901 0.1429825 0.01524478 -9.15319e-5 0.9998839 0.01516342 -3.36996e-4 0.999885 0.01421177 -0.001054525 0.9998986 0.01529365 -7.41861e-5 0.9998831 0.01516324 -3.04522e-4 0.9998851 0.01535487 -6.55078e-5 0.9998822 0.0163055 -0.001358628 0.9998662 -0.00777173 1.08005e-5 0.9999699 0.00378251 -8.03654e-4 0.9999926 -0.007679581 -2.46955e-4 0.9999706 0.003780126 -4.85169e-4 0.9999927 -0.007781207 -8.00386e-4 0.9999694 -0.007658064 -5.18658e-4 0.9999706 -0.008264541 -3.02854e-4 0.9999659 -0.007666528 -2.96249e-4 0.9999706 -0.007532656 -3.6922e-4 0.9999716 5.37909e-4 -0.9999998 -3.48272e-4 5.33553e-4 -0.9999998 -1.91064e-4 5.32861e-4 -0.9999998 -1.95565e-4 -0.9998632 0.006493985 0.01521134 -0.9998564 0.004772543 0.01626873 -0.9998573 0.004752576 0.01621347 7.96434e-5 1 1.96099e-4 5.25071e-5 1 9.88181e-5 8.88116e-5 1 1.15856e-4 -5.73998e-4 -0.9999997 -5.43685e-4 4.06427e-6 -1 -1.25089e-4 4.36418e-6 -1 -1.17742e-4 -8.96269e-6 1 4.19317e-4 2.51095e-5 1 2.13341e-4 -9.20595e-6 1 4.38016e-4 0.9999451 0.004901051 0.009260356 0.9999532 0.006276428 0.007381737 0.9999611 0.005827307 0.006621241 -0.9883893 0.00565207 0.1518378 -0.9882559 0.007787823 0.1526102 -0.07894372 -0.9500497 0.3019494 -0.004508912 -0.9488376 0.3157327 0.04636454 -0.9213013 0.3860755 0.004284918 -0.8638643 0.5037064 0.9893462 0.008438885 0.1453374 0.9895228 0.006676435 0.1442223 0.002425372 0.921634 0.3880527 0.03556561 0.9517033 0.3049525 -0.002789676 0.9681493 0.2503581 -0.05530184 0.9654669 0.2545888 -0.9897645 0.007416307 0.1425172 -0.9895734 0.007471203 0.1438362 -0.9896916 0.008410871 0.1429675 -0.9895843 0.006405472 0.1438126 -0.9892579 0.006660819 0.1460298 -0.9899274 0.00643599 0.1414302 0.01491296 -2.24057e-4 0.9998888 0.01431816 8.62813e-5 0.9998975 -0.999875 0.006655812 0.01434344 -0.9998683 0.006314098 0.01495432 -0.999867 0.006933569 0.01476281 0.01480358 -3.12703e-4 0.9998904 0.01517158 -3.18635e-4 0.9998849 0.0151003 -5.31612e-4 0.9998859 -0.008314609 5.82611e-4 0.9999653 0.003787636 -1.20819e-5 0.9999929 -0.007602035 1.47358e-4 0.9999711 0.9999488 0.005854964 0.008255898 0.9999599 0.006678938 0.005972623 0.9999358 0.004265427 0.01049816 -0.007635831 -3.07283e-4 0.9999709 -0.00742048 -1.51695e-4 0.9999725 -0.007338881 -7.24292e-4 0.9999729 0.9906453 0.006079077 0.1363266 0.9909164 0.007160186 0.1342888 0.9906057 0.007364153 0.1365513 0.9908735 0.007499396 0.1345867 0.9905768 0.007361292 0.1367604 -0.9879986 0.004577219 0.1543955 0.01582646 7.70444e-5 0.9998748 0.01445591 -3.87532e-4 0.9998955 0.9999603 0.007476508 0.004864394 -0.008184313 -2.21449e-4 0.9999666 0.9891293 0.005077123 0.1469606 -0.03316468 0.9517753 0.3049983 0.01469224 9.90797e-4 0.9998916 0.01540482 -2.31763e-4 0.9998813 0.01522904 -5.87756e-5 0.9998841 0.01561921 2.7136e-4 0.9998781 -0.04358428 -0.9214239 0.3861067 0.06219291 0.9664903 0.2490555 0.08721584 0.9644158 0.2495908 0.00563997 0.968028 0.2507788 3.28531e-5 1 4.04033e-4 4.28344e-5 1 4.31862e-5 -0.007745563 -2.67156e-4 0.99997 -0.006803154 -8.18837e-4 0.9999765 -0.007830679 -3.23524e-4 0.9999694 -0.007845103 -9.12372e-5 0.9999693 -5.50693e-4 -0.9999999 -3.81817e-4 -5.5753e-4 -0.9999997 -5.37622e-4 0.006855249 -0.9486571 0.3162322 0.07832872 -0.9463675 0.3134539 0.1096613 -0.9432209 0.3135423 -0.009820342 1.61296e-4 0.9999518 0.003699064 -2.27674e-5 0.9999932 -0.007228493 -4.09e-4 0.9999739 0.01713889 -1.1685e-4 0.9998532 0.01473259 -2.87831e-5 0.9998915 -6.51942e-4 -0.9999994 -9.05842e-4 -2.20516e-6 -0.9999998 -5.96003e-4 -4.11827e-6 -0.9999997 -8.85107e-4 -9.61732e-6 0.9999998 6.37158e-4 2.56474e-6 0.9999998 6.84803e-4 -2.75558e-4 0.9999998 6.58868e-4 3.25576e-4 -0.9999998 -5.49405e-4 -2.64089e-4 -0.9999998 -6.23527e-4 -0.9998766 0.003251492 0.01537406 -0.9996218 0.01531744 0.02284055 -0.9998297 0.002631247 0.01827406 -1.20121e-4 0.9999995 0.001098692 2.43899e-6 0.9999999 6.38094e-4 -6.11134e-4 -0.9999998 7.28664e-5 0.02969181 -0.9991332 0.02917379 -3.84878e-4 -0.9988124 0.04872161 -0.0303809 -0.9990944 0.02979111 -0.04795646 -0.9988494 -2.8412e-4 -0.02974659 -0.9991462 -0.02867174 -8.45318e-4 -0.9988786 -0.04733914 0.02922493 -0.9991701 -0.02837556 0.138431 -0.9813787 -0.1331647 0.3922794 0 0.9198461 0.3922798 0.001002371 0.9198454 0.9227449 0 0.3854115 0.9227403 0.002346038 0.3854153 0.9227448 0 0.3854119 -0.9197642 0 0.3924713 -0.91979 -0.002332031 0.3924041 -0.9197848 -0.002385675 0.3924159 -0.3855223 0 0.9226985 -0.38538 -0.001027345 0.9227575 -0.3855233 0 0.9226981 -0.3923304 0 -0.9198245 -0.3923761 5.19088e-5 -0.9198049 -0.3923304 0 -0.9198244 -0.9228072 0 -0.3852624 -0.9228079 -0.002356708 -0.3852531 -0.9228069 0 -0.3852627 0.9198619 0 -0.3922427 0.9198654 0.002358675 -0.3922274 0.9198585 0.002354741 -0.3922433 0.3853685 0 -0.9227628 0.3810527 -8.85656e-4 -0.9245529 0.3853684 0 -0.9227629 3.49075e-4 -0.9999501 0.009986221 0.134534 -0.923153 0.360124 0.139792 -0.9145837 0.3794668 0.009996294 -0.9999501 2.77683e-4 0.3611475 -0.9231504 0.1317792 -0.01224505 -0.999925 -1.74277e-4 -0.009983479 -0.9999501 3.59662e-4 -0.3601401 -0.9231547 0.1344791 -0.3798316 -0.9144031 0.1399821 -2.8323e-4 -0.9999501 0.009985506 -0.131805 -0.923138 0.3611702 1.95771e-4 -0.9999248 -0.01225805 -3.65682e-4 -0.9999503 -0.009965717 -0.1344475 -0.9231994 -0.3600374 -0.1397348 -0.9145837 -0.3794878 -0.009942531 -0.9999506 -2.74621e-4 -0.3611328 -0.9231597 -0.1317552 0.01218193 -0.9999259 1.80036e-4 0.01004511 -0.9999495 -3.49529e-4 0.360194 -0.9231424 -0.134419 0.3794113 -0.9146443 -0.1395459 2.72281e-4 -0.9999497 -0.01002663 0.1317179 -0.9231708 -0.3611179 -2.04459e-4 -0.9999248 0.01226431 0.3328056 0.009898602 0.9429436 0.3260256 -0.01520007 0.9452388 0.9454658 0.009692788 0.3255773 0.3804061 -0.9146537 0.136748 -0.9429351 0.01014196 0.3328221 -0.9453101 -0.01557958 0.3258008 -0.3256547 0.009967207 0.9454362 -0.1369997 -0.9144654 0.3807678 -0.3326634 0.009907126 -0.9429937 -0.3258717 -0.01522761 -0.9452914 -0.9454626 0.01003044 -0.3255766 -0.3806159 -0.9145315 -0.1369804 0.9430194 0.009685158 -0.3325971 0.9452912 -0.0149247 -0.3258863 0.3254901 0.009900152 -0.9454937 0.1368289 -0.9145771 -0.3805609 0.2679538 -0.5842452 0.7660669 0.4259425 -0.7997999 0.4229577 0.2679721 -0.5842419 0.7660629 0.7681097 -0.5841916 0.2621601 0.617318 -0.7867103 -0.002345561 -0.7660937 -0.5842242 0.2679229 -0.4227147 -0.7998272 0.4261326 -0.766056 -0.5843287 0.2678029 -0.2621433 -0.5842499 0.768071 0.002235531 -0.7866855 0.6173501 -0.2678722 -0.5840736 -0.7662263 -0.4262269 -0.7997934 -0.4226832 -0.267751 -0.5842218 -0.7661555 -0.7681373 -0.5842119 -0.2620338 -0.6173537 -0.7866826 0.002228319 0.7661403 -0.5842173 -0.267805 0.4229833 -0.799814 -0.4258906 0.7661892 -0.5840638 -0.2679993 0.2620532 -0.5841293 -0.7681934 -0.002412557 -0.7866441 -0.617402 0.3057227 -0.9023804 0.3037158 0.449185 -0.8934367 -0.00191015 -0.3034525 -0.9023222 0.3061554 0.001618027 -0.8934692 0.4491218 -0.3060934 -0.9023684 -0.3033782 -0.4493133 -0.893373 0.001536846 0.3038113 -0.9023417 -0.305742 -0.001412034 -0.8934093 -0.4492416 0.3302525 0 0.9438927 0.3302376 0 0.943898 0.3302088 0 0.9439079 0.9463909 0 0.3230238 0.9463931 0 0.3230172 0.9463866 0 0.3230362 -0.9439244 9.06803e-5 0.3301619 -0.9439204 9.06887e-5 0.3301732 -0.9439129 9.05838e-5 0.3301947 -0.3230601 1.18356e-5 0.9463785 -0.3230613 1.18302e-5 0.9463781 -0.3230578 1.18874e-5 0.9463793 -0.3296442 5.42714e-5 -0.9441053 -0.3296477 5.42773e-5 -0.9441041 -0.3296374 5.42762e-5 -0.9441077 -0.9463934 7.84313e-5 -0.3230165 -0.9463955 7.84301e-5 -0.3230102 -0.9463891 7.8452e-5 -0.3230289 0.9440026 0 -0.329938 0.9440039 0 -0.3299345 0.9440063 0 -0.3299276 0.3226218 0 -0.946528 0.3226186 1.15271e-5 -0.9465291 0.3226123 1.14164e-5 -0.9465313 0.2421296 0.680131 0.6919502 0.002860605 0.6433278 0.7655856 0.2596937 0.6189816 0.7412294 0.6937925 0.6800699 0.2369745 0.765675 0.6432203 -0.003126084 0.7136593 0.7004863 -0.003059983 -0.692054 0.6799842 0.2422454 -0.7657554 0.6431271 0.002553462 -0.7412717 0.6190911 0.2593116 -0.2369955 0.6800815 0.6937739 0.002476572 0.70051 0.7136383 -0.2416589 0.680437 -0.691814 -0.002671837 0.6433894 -0.7655345 -0.2586846 0.6193267 -0.7412939 -0.6937976 0.6801841 -0.2366316 -0.7138378 0.700307 0.002406358 0.6920142 0.680171 -0.2418344 0.7414043 0.6190658 -0.2589929 0.2365897 0.6804993 -0.6935027 -0.002562463 0.7007139 -0.7134378 0.3228582 0.2137733 0.921989 0.3232493 0.2118681 0.9222916 0.7432458 0.6189518 0.253938 0.9244012 0.214095 0.315667 -0.921981 0.2141244 0.322648 -0.9224601 0.21196 0.322708 -0.2540739 0.6191058 0.743071 -0.3159825 0.2138047 0.9243607 -0.3223106 0.2141141 -0.9221015 -0.3225708 0.2118056 -0.9225435 -0.7433197 0.6191251 -0.2532982 -0.9245645 0.2140627 -0.3152103 0.9221726 0.2141092 -0.3221102 0.9225549 0.2120823 -0.3223562 0.2530243 0.6194668 -0.7431282 0.3154173 0.2140187 -0.9245042 0.3135704 -0.3133442 0.8963755 0.8987713 -0.3129884 0.3069992 0.8979195 -0.3157808 0.306632 -0.8964378 -0.3131338 0.3136027 -0.3068928 -0.3134405 0.8986501 -0.3064846 -0.3163563 0.8977672 -0.3132513 -0.313 -0.8966074 -0.8990056 -0.3129144 -0.306388 -0.8981552 -0.3156494 -0.3060764 0.8966777 -0.3130011 -0.313049 0.3064497 -0.3130564 -0.8989352 0.3063016 -0.3155685 -0.8981068 0.313013 -0.3163627 0.8955097 0.3969902 -0.8285519 0.3948424 0.576097 -0.8173775 -0.002547621 -0.8955947 -0.315596 0.3135432 -0.3939545 -0.828602 0.3977671 0.002179563 -0.8174664 0.5759722 -0.3129356 -0.3157692 -0.8957461 -0.3977214 -0.8285665 -0.3940753 -0.5761169 -0.817365 0.001994073 0.8958076 -0.3157814 -0.3127474 0.3947229 -0.8285298 -0.3971552 -0.002175986 -0.8173897 -0.576081 0.3922688 -8.51508e-6 0.9198507 0.3922703 9.92891e-4 0.9198496 0.9227246 3.12217e-5 0.3854598 0.922745 0.002339065 0.385404 -0.9198113 3.71039e-6 0.3923612 -0.3852794 -3.51435e-5 0.9228001 -0.3853898 -9.63387e-4 0.9227535 -0.922827 1.39392e-5 -0.3852149 -0.9228336 -0.002367198 -0.3851918 -0.9228299 1.57934e-5 -0.3852079 0.9199436 -7.38911e-6 -0.3920508 -0.4011278 0.001529097 -0.9160209 -0.3960079 7.77562e-4 -0.9182469 -0.3919273 -0.04642945 -0.918824 -0.3844074 -0.04448372 -0.9220913 -0.3823276 -0.04465389 -0.9229472 0.3854087 4.93313e-5 -0.922746 0.3752406 -0.001812517 -0.9269258 0.3950524 0.04555451 -0.9175285 0.394964 0.04638564 -0.9175249 0.3850491 0.04651951 -0.921723 3.31648e-4 -0.9959431 0.08998525 0.06381249 -0.9959494 0.06334793 3.36318e-4 -0.9959355 0.09006881 0.08995682 -0.9959457 -2.86917e-4 0.06371343 -0.9959607 0.0632686 -0.08996403 -0.995945 3.39916e-4 -0.0633735 -0.9959452 0.06385248 -0.09004634 -0.9959376 3.32911e-4 -0.06329679 -0.9959547 0.06377923 -3.42833e-4 -0.9959477 -0.08993506 -0.06382352 -0.9959477 -0.06336224 -3.41179e-4 -0.9959406 -0.09001278 -0.06373441 -0.9959576 -0.06329602 0.06332385 -0.9959526 -0.06378728 0.0900461 -0.9959375 -3.29676e-4 0.06323444 -0.9959629 -0.06371384 0.390625 0 0.9205499 0.38953 -0.07154256 0.918231 0.3906325 0 0.9205467 0.9234512 0 0.3837162 0.921023 -0.07180541 0.3828322 0.9234515 0 0.3837152 -0.9205044 0 0.3907324 -0.918094 -0.07184225 0.3897976 -0.9181875 -0.07158958 0.3896238 -0.3837696 0 0.9234289 -0.3827812 -0.07183909 0.9210417 -0.3837739 0 0.9234272 -0.3906997 1.99458e-5 -0.9205182 -0.3897061 -0.0718488 -0.9181323 -0.3895326 -0.0715754 -0.9182273 -0.9234842 1.51193e-5 -0.3836365 -0.9210659 -0.07188349 -0.3827147 -0.9234907 5.07967e-5 -0.3836212 0.9205946 0 -0.39052 0.9182536 -0.07153296 -0.3894785 0.9205988 0 -0.3905102 0.3836696 0 -0.9234706 0.3828311 -0.07190579 -0.9210158 0.3836706 0 -0.9234701 0.380971 -0.2190029 0.8982755 0.3803569 -0.2182472 0.8987196 0.921108 -0.07156968 0.3826721 0.9010846 -0.2190207 0.3742681 -0.8982146 -0.219025 0.3811018 -0.8986796 -0.218241 0.3804552 -0.3825999 -0.07156825 0.9211382 -0.3742051 -0.2190371 0.9011068 -0.3809818 -0.219 -0.8982717 -0.3803495 -0.2182108 -0.8987315 -0.9211751 -0.07158094 -0.3825082 -0.9011455 -0.2190167 -0.3741239 0.8983091 -0.21897 -0.3809108 0.8987503 -0.2181907 -0.3803167 0.3825862 -0.07152098 -0.9211475 0.3741497 -0.2189661 -0.9011469 0.3229133 -0.5559995 0.7658927 0.3223086 -0.5554519 0.7665444 0.9015275 -0.2182413 0.3736565 0.7683129 -0.5559562 0.3171877 -0.7658966 -0.5559641 0.3229651 -0.7665089 -0.5554715 0.3223595 -0.3735678 -0.2182559 0.9015606 -0.3171177 -0.5559584 0.7683403 -0.3229377 -0.5559487 -0.7659192 -0.3223332 -0.5554602 -0.7665281 -0.901611 -0.2182114 -0.3734721 -0.7684006 -0.5559055 -0.317064 0.7659646 -0.5559152 -0.322888 0.7665346 -0.5554611 -0.3223162 0.3735426 -0.2181372 -0.9015997 0.3171376 -0.5559312 -0.7683517 0.3183982 -0.5692436 0.7580134 0.3180267 -0.5684583 0.7587585 0.7689182 -0.5554634 0.3165842 0.7603916 -0.5692199 0.3127195 -0.7580118 -0.5692205 0.3184437 -0.7586966 -0.5684978 0.3181035 -0.3165144 -0.5554545 0.7689533 -0.3126496 -0.5692589 0.7603911 -0.3184314 -0.5691894 -0.7580402 -0.3180742 -0.5684302 -0.7587594 -0.7689565 -0.5554649 -0.3164885 -0.7604476 -0.5691928 -0.3126327 0.7580553 -0.5692065 -0.318365 0.7587503 -0.5684716 -0.3180223 0.3165761 -0.5554912 -0.7689013 0.3126809 -0.5691995 -0.7604226 0.2778683 0.9202815 0.2754474 0.001027941 0.9178265 0.3969806 0.001138567 0.9178627 0.3968966 0.3965534 0.9180105 -0.001489639 0.2780812 0.9203279 0.2750774 -0.2758075 0.9201741 0.2778668 -0.3964684 0.9180472 0.001534223 -0.275497 0.9203448 0.2776092 -0.2776954 0.9202706 -0.275658 -0.001452207 0.9181352 -0.396265 -0.2774468 0.9204426 -0.275334 0.27552 0.9203311 -0.2776322 0.2752558 0.9205071 -0.2773102 7.65204e-4 -0.98066 0.1957176 0.437179 -0.7877342 0.4339926 0.002337098 -0.7896944 0.613496 0.1959192 -0.9806198 -7.70107e-4 0.1406847 -0.9801604 0.1396191 -0.1958599 -0.9806317 6.83188e-4 -0.4338614 -0.7877762 0.4372334 -0.6135842 -0.7896262 0.002249598 -0.1395919 -0.980163 0.140693 -7.53157e-4 -0.9806094 -0.1959711 -0.4373871 -0.7876004 -0.4340256 -0.002346575 -0.7895873 -0.6136339 -0.14087 -0.9801056 -0.1398173 0.434032 -0.7876567 -0.4372793 0.6136889 -0.7895447 -0.002324879 0.1397306 -0.9801264 -0.140811 0.315887 0.5845454 0.7473434 0.002047657 0.8834583 0.4685055 0.3160957 0.5821461 0.7491258 0.7496583 0.5845922 0.3102651 0.4683505 0.8835417 -0.001447439 0.3312009 0.8839343 0.3301001 -0.747353 0.5845085 0.3159325 -0.4683244 0.8835541 0.00211507 -0.7489753 0.5823211 0.3161301 -0.3102215 0.5845145 0.749737 0.00141251 0.8834426 0.4685372 -0.330036 0.8839324 0.3312701 -0.3158236 0.5846461 -0.7472915 -0.002096951 0.8835663 -0.4683015 -0.3160336 0.5823463 -0.7489964 -0.7496263 0.5846968 -0.3101452 -0.4684629 0.8834819 0.001461744 -0.331145 0.8840109 -0.3299514 0.7472298 0.5847416 -0.3157926 0.4684607 0.8834819 -0.002098977 0.7491284 0.5821934 -0.3160025 0.3101702 0.5846989 -0.7496144 -0.001414358 0.8835412 -0.4683513 0.3299604 0.8840123 -0.3311324 0.3834096 -0.1626524 0.9091433 0.3832482 -0.1616372 0.9093924 0.3834475 -0.162892 0.9090843 0.9122949 -0.1614831 0.3763526 0.9119389 -0.1629206 0.3765957 0.9118546 -0.1632597 0.376653 -0.9091166 -0.1626619 0.3834685 -0.9093932 -0.1615545 0.3832811 -0.9090512 -0.1629232 0.3835127 -0.376356 -0.161612 0.9122707 -0.3765255 -0.1626603 0.9120143 -0.3765655 -0.1629076 0.9119537 -0.3834871 -0.1625158 -0.9091349 -0.3832827 -0.1613451 -0.9094296 -0.3835353 -0.162792 -0.9090653 -0.9123182 -0.1614384 -0.3763152 -0.9119875 -0.1627789 -0.3765393 -0.9119094 -0.1630949 -0.3765921 0.9090885 -0.1628986 -0.3834347 0.9094632 -0.1613876 -0.3831852 0.9089998 -0.1632549 -0.3834934 0.3763986 -0.1613338 -0.9123023 0.3766531 -0.1628063 -0.9119356 0.376713 -0.1631537 -0.9118488 0.1583467 0.9747923 0.1571827 2.29986e-4 0.9977829 0.066554 8.1164e-4 0.9749585 0.2223855 0.06650859 0.9977859 -2.67802e-4 0.04745507 0.9977594 0.04716336 -0.1572244 0.9747897 0.158321 -0.06645512 0.9977894 2.81996e-4 -0.2222845 0.9749816 6.6904e-4 -0.04713553 0.9977583 0.04750436 -0.1584817 0.9747322 -0.1574189 -2.35047e-4 0.9977902 -0.06644409 -8.14758e-4 0.9750089 -0.2221644 -0.04758358 0.9977476 -0.04728317 0.1572317 0.974762 -0.1584842 0.2223895 0.9749576 -8.46975e-4 0.04714584 0.9977467 -0.04773831 -0.3088772 -0.6100972 -0.7296412 -0.3087341 -0.610379 -0.7294661 -0.3088805 -0.6100908 -0.7296452 -0.7314959 -0.6107056 -0.3032367 -0.7322339 -0.6096093 -0.3036614 -0.7322506 -0.6095843 -0.303671 0.7297998 -0.6099309 -0.308831 0.7292475 -0.6106108 -0.3087923 0.7298123 -0.6099154 -0.3088319 0.3033385 -0.6105399 -0.7315919 0.3033634 -0.6101903 -0.7318732 0.3033639 -0.6101824 -0.7318797 0.3089599 -0.6094818 0.7301204 0.3086746 -0.6108198 0.7291223 0.3089663 -0.6094515 0.730143 0.7311766 -0.6111012 0.3032099 0.7327405 -0.6091085 0.3034442 0.7327759 -0.6090631 0.3034496 -0.7303318 -0.6091195 0.3091745 -0.7289228 -0.6111195 0.3085523 -0.7303638 -0.6090741 0.3091887 -0.3033922 -0.6107919 0.7313594 -0.3035833 -0.6088629 0.7328869 -0.3035876 -0.6088192 0.7329214 -0.9998959 9.60632e-5 0.01443749 -2.4855e-6 -0.9999998 -7.08065e-4 2.59511e-4 -0.9999999 -6.12206e-4 0.9999716 5.60904e-5 0.007545292 0.9999451 0.002706289 0.01012271 0.9999631 0.003266096 0.007959485 2.62465e-6 0.9999997 7.64277e-4 2.80756e-4 0.9999998 6.61252e-4 0.9997729 0.01521229 0.01492798 0.9997923 0.01641166 0.01208925 0.003807187 -5.7031e-4 0.9999926 0.01577657 -3.00216e-4 0.9998756 0.003839254 0.001144826 0.999992 -0.01023477 -5.27533e-4 0.9999475 -0.004775583 3.43307e-4 0.9999886 0.004304945 9.25218e-6 0.9999908 0.003824949 -6.67578e-4 0.9999926 0.01451611 1.04147e-4 0.9998947 0.003710448 -0.01645982 0.9998577 0.003586947 -0.01696503 0.9998497 0.003523528 -0.01722455 0.9998455 0.003110051 -0.5728328 0.8196664 0.002932071 -0.5723035 0.8200368 0.003150463 -0.5729529 0.8195824 -0.004070818 0.01697629 -0.9998477 -0.003771901 0.01572567 -0.9998693 -0.003722667 0.01551932 -0.9998727 -6.22747e-5 -0.9998627 -0.01656991 -5.87766e-5 -0.9998642 -0.01648873 -6.30692e-5 -0.9998625 -0.01658838 -0.6915498 -0.7222719 -0.009070277 -0.9755481 -0.2197851 -6.8017e-4 -0.6916654 -0.722165 -0.008765399 0.9755584 -0.219609 -0.007600188 0.6916242 -0.7221186 -0.01417034 0.6918869 -0.7218793 -0.01352661 0.00295788 0.6215978 0.7833311 0.00293684 0.6215623 0.7833594 0.002923548 0.6215267 0.7833876 6.90591e-4 0.9835245 0.1807739 6.93268e-4 0.9835266 0.1807627 6.86196e-4 0.9835212 0.1807922 -0.001392364 0.9289542 -0.370192 -0.001391708 0.9289545 -0.3701915 -0.001427471 0.9289425 -0.3702216 -0.00336343 0.4662739 -0.8846341 -0.003361642 0.4662712 -0.8846356 -0.003335654 0.4662319 -0.8846563 -0.003603458 -0.2860918 -0.9581955 -0.003604829 -0.2860903 -0.9581959 -0.003573536 -0.2861242 -0.9581859 -0.00239247 -0.7762304 -0.6304448 -1.67501e-4 -0.9990278 -0.04408568 -0.002378344 -0.776228 -0.6304479 -1.64595e-4 -0.9990218 -0.04421949 0.001795828 -0.8763047 0.481754 0.001811563 -0.876289 0.4817826 0.003344178 -0.4603846 0.8877133 0.003748476 0.03754413 0.999288 0.00369507 0.03746491 0.9992912 0.003294944 0.5145358 0.8574626 0.001277983 0.9425415 0.3340865 0.001197338 0.9423609 0.3345962 1.28058e-4 0.9994091 0.03437173 1.32064e-4 0.9994127 0.03426855 -0.001070737 0.9622972 -0.2719982 -0.001083195 0.9622824 -0.2720504 -0.001965105 0.8478114 -0.5302944 -0.002600669 0.7185392 -0.6954817 -0.001946747 0.8478747 -0.530193 -0.002617657 0.7353236 -0.6777111 -0.002581894 0.7185716 -0.6954482 -0.002680242 0.7353318 -0.6777021 -7.66341e-4 0.9790842 -0.203454 2.81716e-4 0.9971806 0.0750401 2.80024e-4 0.9971768 0.07508891 0.001013159 0.9623088 0.2719573 0.002342283 0.7923226 0.610098 0.002323806 0.7925105 0.6098538 0.003568887 0.3358042 0.9419251 0.003682732 -0.08411186 0.9964496 0.003795504 -0.08395564 0.9964623 0.002976238 -0.5329971 0.8461119 0.003125607 -0.5330435 0.8460822 -4.49875e-5 -0.8070759 0.5904477 -0.0340147 -0.9815633 0.1880863 -0.04078215 -0.9812654 0.1882951 -0.03149092 -0.9734847 -0.2265743 -0.02457052 -0.974627 -0.2224825 -0.004158437 -0.7685658 -0.6397573 0.001314461 -0.7713534 -0.6364058 -0.003409206 -0.4150438 -0.909795 -0.003304064 -0.4153205 -0.9096692 -0.003728032 0.02250623 -0.9997398 -0.003383338 0.4559268 -0.8900108 -0.003433406 0.4559172 -0.8900157 -0.002246439 0.7997189 -0.6003704 -0.002243816 0.799724 -0.6003637 -6.64274e-4 0.9844195 -0.1758348 9.99075e-4 0.9646915 0.2633808 9.9457e-4 0.9647278 0.263248 0.002979159 0.6453813 0.7638547 0.00278306 0.6454597 0.7637893 0.003528714 0.1499026 0.9886945 0.00357145 0.1494734 0.9887593 0.00361669 -0.3894269 0.9210504 0.003688812 -0.3893855 0.9210675 0.002074897 -0.8137315 0.5812373 0.002055108 -0.8137809 0.5811681 2.63453e-4 -0.9974966 0.07071441 -0.001622736 -0.9028437 -0.429966 -0.001613438 -0.902974 -0.4296923 -0.002171754 -0.8161824 -0.5777902 -0.9999892 8.90709e-4 0.004578948 -0.9143405 -0.4049258 -0.004074394 -0.9999936 -5.72684e-4 0.00354582 -0.9999883 0.001143276 0.004721641 -0.9999902 -6.9606e-4 0.004380822 -0.999994 -4.14391e-4 0.003452062 -0.9999952 4.73215e-4 0.003073453 -0.9999893 -7.38579e-4 0.004559874 -0.9999941 -2.61351e-4 0.003429889 -0.9999947 3.19061e-4 0.003246426 -0.999994 -3.51457e-4 0.00348103 -0.9999928 2.35696e-4 0.00380969 -0.9999928 2.4413e-4 0.003812909 -0.9999928 -1.16764e-4 0.003802895 -0.9999927 -1.23799e-4 0.003812074 -0.9999932 1.56956e-5 0.003691792 -0.9999932 1.09298e-5 0.003684222 -0.9999927 -6.92577e-5 0.003835201 -0.9999927 -6.67719e-5 0.003840088 -0.9999912 4.31189e-4 0.004187107 -0.9999909 4.95641e-4 0.004253983 -0.9999948 -0.001015841 0.003081142 -0.9999948 -9.82155e-4 0.003076374 -0.9999923 3.78612e-4 0.003942728 -0.9999929 -3.22241e-4 0.003751456 -0.9999922 3.68453e-4 0.00394541 -0.9999935 1.87757e-4 0.003624558 -0.9999931 -2.9497e-4 0.003735959 -0.9999926 -1.46995e-4 0.003847241 -0.9999933 1.94718e-4 0.003646552 -0.9999921 -2.417e-4 0.003976821 -0.9999925 -2.54133e-4 0.003891348 -0.9999913 -4.68616e-4 0.004164159 -0.9999935 5.19193e-4 0.003604054 -0.9999934 5.22017e-4 0.003607511 -0.9999928 -6.40571e-4 0.003755271 -0.9999931 -2.74528e-4 0.00373739 -0.9999914 0.001090943 0.004013121 -0.9999914 0.0010975 0.004034996 -0.9999939 -5.15769e-4 0.003452539 -0.999994 -5.21219e-4 0.003425955 -0.9999892 4.06706e-4 0.004629075 -0.9999905 3.095e-4 0.00435096 -0.9999952 4.83657e-5 0.003116905 -0.9999957 7.87837e-5 0.002965927 -0.9999895 -3.25129e-4 0.004595994 -0.9999894 -3.38386e-4 0.004592895 -0.9999932 -1.23708e-4 0.003730297 -0.999993 -1.43151e-4 0.00374335 -0.999994 6.79927e-5 0.003487884 -0.9999929 5.708e-6 0.003780484 -0.9999926 5.48606e-4 0.003829658 -0.9999924 6.47499e-4 0.003853857 -0.9999928 1.42568e-4 0.003798186 -0.9999929 7.28612e-5 0.003778576 -0.9999927 -5.7519e-5 0.00383979 -0.999993 -8.39244e-5 0.003776431 -0.9999946 -3.39612e-5 0.003290951 -0.9999948 -3.45889e-5 0.003238976 -0.9999926 3.55733e-5 0.003864586 -0.9999924 2.15856e-5 0.003913462 -0.999993 -1.31477e-5 0.00375843 -0.9999934 1.04393e-4 0.003659546 -0.9999932 2.43178e-4 0.003695845 -0.9999932 3.25086e-4 0.003673076 -0.9999927 2.14742e-4 0.003834545 -0.9999928 1.39096e-4 0.003800868 -0.9999938 -3.0048e-4 0.003512561 -0.9999939 -3.16883e-4 0.003502547 -0.999993 1.44417e-5 0.003747642 -0.9999929 3.64412e-5 0.003790915 -0.999994 1.29258e-4 0.003492593 -0.9999938 7.54902e-5 0.003561198 -0.9999896 -8.5517e-4 0.004499137 -0.9999898 -7.66491e-4 0.004450678 -0.9999932 4.32145e-4 0.003672599 -0.9999941 4.08735e-4 0.00342226 -0.9808409 -0.06289535 0.1843782 -0.973875 -0.08485859 0.2106336 -0.9136506 -0.2153294 0.3447836 -0.00263369 -0.6761302 -0.7367775 -0.002530992 -0.676258 -0.7366605 -0.002463638 -0.6763418 -0.7365839 -4.58374e-4 -0.9923343 -0.123582 -4.55739e-4 -0.9923335 -0.1235885 -4.52971e-4 -0.9923326 -0.1235953 0.001460552 -0.920165 0.3915281 0.001460552 -0.920165 0.3915281 0.001460552 -0.9201654 0.3915272 0.003366708 -0.4294813 0.9030695 0.003366708 -0.4294814 0.9030694 0.003366768 -0.4294815 0.9030694 0.003555238 0.3281686 0.9446125 0.003552556 0.3281654 0.9446137 0.003524243 0.3281316 0.9446254 0.002291321 0.7945968 0.6071332 1.02694e-4 0.9996408 0.02680116 9.02793e-5 0.9996638 0.02593123 -0.001839816 0.8721959 -0.4891532 -0.003372132 0.4510113 -0.8925119 -0.003444373 0.450958 -0.8925386 -0.003717958 -0.04465442 -0.9989957 -0.003704488 -0.04466992 -0.998995 -0.003221392 -0.5217711 -0.8530795 -0.001200556 -0.9462215 -0.3235172 -0.001074194 -0.9464041 -0.3229835 -8.5191e-5 -0.9996266 -0.0273267 -1.08882e-4 -0.9996229 -0.02746242 0.001031935 -0.9610799 0.276269 0.002011001 -0.846066 0.5330743 0.001034736 -0.9610284 0.276448 0.002610445 -0.7174389 0.6966166 0.001986861 -0.8460161 0.5331537 0.002566993 -0.7342932 0.6788276 0.002686977 -0.7343287 0.6787887 8.0111e-4 -0.9787855 0.2048863 7.38645e-4 -0.9787657 0.2049813 -2.76108e-4 -0.9972465 -0.07415938 -2.80768e-4 -0.9972481 -0.07413709 -0.001013875 -0.9625176 -0.2712175 -0.002260506 -0.7946336 -0.6070853 -0.002319276 -0.7946407 -0.6070758 -0.003662705 -0.3409945 -0.9400582 -0.003574848 -0.3413956 -0.9399129 -0.003852188 0.08097761 -0.9967085 -0.003754436 0.08093607 -0.9967123 -0.003185629 0.5286463 -0.8488363 -6.12706e-4 0.806138 -0.5917274 -0.005587935 0.8078536 -0.5893567 0.03418523 0.980583 -0.1931027 0.03106051 0.9743928 0.222697 0.0243597 0.9754123 0.219038 0.003701567 0.7737849 0.6334376 -0.00135529 0.7762586 0.6304131 0.003285586 0.420658 0.9072133 0.003270745 0.4206535 0.9072155 0.003931522 -0.01639431 0.9998579 0.003372848 -0.4504078 0.8928167 0.003330349 -0.4503546 0.8928437 0.002234399 -0.7961429 0.6051046 6.73913e-4 -0.9831905 0.1825816 6.88584e-4 -0.98318 0.1826384 -9.69812e-4 -0.9666425 -0.2561277 -0.002845883 -0.6566673 -0.7541751 -0.002852857 -0.6566406 -0.7541983 -0.003712415 -0.1605286 -0.9870243 -0.003484606 0.377027 -0.9261957 -0.003454685 0.377038 -0.9261914 -0.002224326 0.8066554 -0.5910179 -3.07868e-4 0.9965916 -0.0824936 -3.12734e-4 0.9965807 -0.08262521 0.001579761 0.9074836 0.4200847 0.001590192 0.9074377 0.4201839 0.002059817 0.8229226 0.5681498 0.9999931 -2.40332e-4 -0.003729104 0.9142622 -0.4049748 -0.01096427 0.9999929 -3.5217e-4 -0.003786742 0.9999937 -1.77539e-4 -0.003561437 0.9999933 -2.37913e-4 -0.003644883 0.9999905 8.50964e-4 -0.004305541 0.9999895 9.01846e-4 -0.004497349 0.9999946 -3.41335e-4 -0.00330162 0.9999936 1.85291e-6 -0.003569245 0.9999941 2.34847e-4 -0.003440618 0.9999928 -2.3768e-4 -0.003798305 0.999994 3.35639e-4 -0.003480017 0.9999929 -2.5229e-4 -0.003799736 0.9999924 2.05355e-4 -0.003905832 0.9999921 2.88095e-4 -0.003965556 0.999995 -4.02767e-4 -0.003144621 0.9999954 -4.48129e-4 -0.003040313 0.9999929 7.54457e-5 -0.003768622 0.9999925 6.22204e-5 -0.003882288 0.9999898 -4.13061e-4 -0.004505395 0.9999905 -3.73321e-4 -0.004358887 0.9999938 4.75254e-4 -0.003512144 0.9999938 5.23524e-4 -0.003474175 0.9999935 3.23978e-4 -0.003612577 0.9999936 2.33335e-4 -0.003603458 0.9999929 -8.97064e-4 -0.003651797 0.9999931 -9.48457e-4 -0.003619611 0.9999931 1.00468e-4 -0.003721177 0.9999934 -6.394e-5 -0.00365746 0.9999911 4.4145e-4 -0.004208028 0.9999933 -1.32507e-4 -0.003679394 0.999991 4.57702e-4 -0.004219532 0.9999933 -1.38907e-4 -0.003668963 0.9999922 5.42424e-4 -0.003929853 0.9999924 4.49915e-4 -0.003894388 0.999993 3.36021e-4 -0.003759324 0.9999929 2.62402e-4 -0.003760695 0.9999924 -6.25021e-4 -0.00385642 0.9999924 -6.38183e-4 -0.003863036 0.9999917 -2.38969e-4 -0.004066407 0.9999914 -3.1564e-4 -0.004126906 0.9999944 2.11926e-4 -0.003363132 0.9999945 2.2634e-4 -0.003330171 0.9999918 1.09658e-4 -0.004040181 0.9999918 1.15119e-4 -0.004047691 0.9999943 -2.84495e-4 -0.003357112 0.9999939 -1.85876e-4 -0.003500521 0.9999905 6.97202e-4 -0.00433582 0.9999904 7.08789e-4 -0.004339396 0.999993 -1.24316e-4 -0.003736555 0.9999931 -1.66508e-4 -0.003721237 0.999993 1.09901e-4 -0.003747165 0.9999931 1.16999e-4 -0.0037238 0.9999933 7.96311e-5 -0.003671586 0.9999932 7.53088e-5 -0.003687679 0.9999923 -8.16898e-5 -0.003930091 0.9999923 -8.50292e-5 -0.003922045 0.999994 -2.97895e-5 -0.003450453 0.9999941 -3.70357e-5 -0.003436565 0.9999934 -9.33107e-5 -0.003664433 0.9999933 -9.24839e-5 -0.00367099 0.9999937 -1.58729e-4 -0.003570497 0.9999937 -1.76334e-4 -0.003559827 0.9999932 -2.71772e-4 -0.003682374 0.9999933 -6.01706e-4 -0.003625869 0.9999926 -2.05143e-4 -0.003852725 0.9999927 -1.48642e-4 -0.003825664 0.9999917 -1.22044e-4 -0.004102587 0.9999921 -4.41311e-5 -0.003992855 0.9999963 2.86154e-4 -0.002715349 0.9999962 2.86828e-4 -0.002751052 0.99999 4.89414e-5 -0.004483878 0.9999903 2.32916e-5 -0.004419684 0.9999945 -4.472e-4 -0.003298401 0.9999943 -4.68196e-4 -0.003339588 0.9999923 4.76756e-4 -0.00389415 0.9999923 4.56656e-4 -0.003911197 0.982182 -0.06438142 0.1765607 0.9753813 -0.08611541 0.2030161 0.9164435 -0.2138229 0.338247 -0.00389558 -0.01601773 -0.9998642 -0.00362569 -0.01716232 -0.9998462 -0.003487169 -0.01775026 -0.9998365 -0.00298053 -0.5722263 -0.8200904 -0.00327605 -0.5730558 -0.8195099 -0.002913296 -0.5720376 -0.8202223 0.00371164 0.01619333 0.9998621 0.003831326 0.01670199 0.9998533 0.003851056 0.01678591 0.9998518 5.34352e-5 -0.9998657 0.0163933 5.69364e-5 -0.999867 0.01630884 5.26371e-5 -0.9998654 0.01641255 -0.6911926 -0.7225328 0.0141099 -0.9145727 -0.4042814 0.01065081 -0.6909533 -0.7227732 0.01351028 0.6915184 -0.7222951 0.009603202 0.9756397 -0.2193794 -3.36818e-4 0.6914482 -0.72236 0.009764134 -0.002904891 0.6217137 -0.7832392 -0.002886354 0.6217353 -0.7832221 -0.002923369 0.621692 -0.7832564 -6.81211e-4 0.9835313 -0.1807368 -6.7868e-4 0.9835303 -0.1807422 -6.8537e-4 0.983533 -0.1807281 0.001464128 0.9289884 0.370106 0.001462996 0.928988 0.3701071 0.001405 0.9289659 0.3701626 0.003494441 0.46645 0.8845407 0.003503739 0.4664582 0.8845363 0.003638625 0.4665766 0.8844733 0.003664076 -0.2862053 0.9581614 0.003665447 -0.2862066 0.958161 0.003694891 -0.2862332 0.9581529 0.002402663 -0.7762404 0.6304325 1.30274e-4 -0.9990365 0.04388904 1.2976e-4 -0.9990028 0.04464817 -0.001841902 -0.8763009 -0.4817607 -0.001837551 -0.8762962 -0.4817695 -0.00334084 -0.4603484 -0.8877322 -0.003768265 0.03755062 -0.9992876 -0.003709375 0.03754222 -0.9992882 -0.003254115 0.514537 -0.857462 -0.001271963 0.942533 -0.3341111 -0.001232147 0.9423491 -0.3346294 -1.30324e-4 0.9994089 -0.03437834 -1.36721e-4 0.9994108 -0.03432452 0.001020073 0.9623017 0.2719823 0.001031935 0.9622852 0.272041 0.002000629 0.8478426 0.5302442 0.002600193 0.7185512 0.6954692 0.002609968 0.7185458 0.6954748 0.002529084 0.7353143 0.6777216 0.002560496 0.7353008 0.6777361 7.57477e-4 0.9791611 0.2030838 7.55702e-4 0.9791733 0.2030249 -2.82387e-4 0.9971781 -0.07507234 -2.79853e-4 0.9971805 -0.0750401 -0.001012325 0.962293 -0.2720136 -0.001011967 0.9622875 -0.2720329 -0.002284944 0.7923083 -0.6101168 -0.002281665 0.7925076 -0.609858 -0.003586828 0.3358267 -0.941917 -0.003773748 -0.08360183 -0.9964922 -0.003798484 -0.0836026 -0.996492 -0.003179132 -0.5329163 -0.846162 -0.003373086 -0.5331768 -0.8459971 6.41806e-4 -0.8086846 -0.5882424 -0.004473924 -0.8071417 -0.5903409 -0.03543239 -0.9815647 -0.1878172 -0.02978324 -0.9734756 0.2268442 -0.02290076 -0.9746269 0.222661 6.78576e-4 -0.7686163 0.6397096 0.006105184 -0.7713798 0.6363458 0.0034011 -0.4150413 0.9097964 0.003942668 0.02229911 0.9997437 0.003859817 0.02240115 0.9997416 0.00340116 0.4557125 0.8901205 0.003034532 0.4560365 0.889956 0.00227046 0.7997242 0.6003633 6.58823e-4 0.9844344 0.175751 5.80036e-4 0.9844412 0.1757135 -9.61208e-4 0.964708 -0.2633205 -9.98592e-4 0.9647411 -0.2631992 -0.002886533 0.6454641 -0.7637851 -0.002655267 0.6453689 -0.7638664 -0.003792881 0.1495028 -0.988754 -0.003382444 -0.3893425 -0.9210869 -0.003361225 -0.3892974 -0.9211061 -0.002199351 -0.8135753 -0.5814555 -0.00213164 -0.8135245 -0.5815268 -2.65498e-4 -0.9974996 -0.07067275 0.001637756 -0.9028111 0.4300343 0.001565814 -0.9030022 0.4296333 0.002129793 -0.8161917 0.5777774 -0.9751816 -0.2212577 0.008117198 -0.9999943 2.80159e-4 0.003366947 -0.9999942 2.9996e-4 0.003392398 -0.9999922 4.25747e-4 0.003929734 -0.9999921 8.09444e-4 0.003897011 -0.9999934 -6.68775e-4 0.003568232 -0.9999934 -5.22569e-4 0.003605484 -0.9999932 -3.61691e-6 0.003719747 -0.9999932 2.6747e-6 0.003708541 -0.9999939 6.17443e-4 0.003453791 -0.999991 -0.001090705 0.004120111 -0.9999945 0.00112462 0.003132045 -0.9999912 -9.63055e-4 0.00409162 -0.9999927 3.35837e-4 0.003816485 -0.999993 2.51975e-4 0.003740489 -0.9999891 4.06762e-4 0.00466454 -0.9999889 4.46122e-4 0.004702329 -0.9999972 -1.70541e-4 0.002403616 -0.999997 -1.88169e-4 0.0024603 -0.9999909 -9.3179e-5 0.00427401 -0.9999914 -6.18079e-5 0.004177868 -0.9999935 3.51122e-4 0.003590404 -0.9999935 3.18491e-4 0.003606557 -0.9999927 1.50088e-7 0.00382632 -0.9999927 9.4363e-5 0.003828406 -0.9999932 -7.09531e-4 0.003643333 -0.9999932 -7.79449e-4 0.003614783 -0.9999923 4.26156e-4 0.003929436 -0.9999924 3.72541e-4 0.003904223 -0.9999942 -3.72819e-4 0.003406047 -0.9999914 5.07976e-4 0.004119336 -0.9999942 -3.66923e-4 0.003405094 -0.9999914 4.9605e-4 0.00414431 -0.999993 -1.37718e-4 0.003761947 -0.999993 -2.17151e-4 0.003749012 -0.9999929 3.56469e-4 0.003766477 -0.9999929 3.51343e-4 0.003767311 -0.9999935 2.22779e-4 0.003640174 -0.9999935 3.55203e-4 0.003626286 -0.9999914 -4.59919e-4 0.004125237 -0.9999924 -3.16765e-4 0.003886163 -0.9999926 -1.13579e-4 0.003863096 -0.9999928 -8.88093e-5 0.003810405 -0.9999905 7.26322e-5 0.004358768 -0.9999905 7.58777e-5 0.004373967 -0.999994 7.58595e-5 0.003489255 -0.9999932 -8.07632e-5 0.003729879 -0.9999938 -2.5404e-4 0.003519773 -0.9999939 -2.83407e-4 0.003503143 -0.999993 -3.90266e-4 0.003718316 -0.999993 -3.53095e-4 0.003731548 -0.9999933 2.84101e-4 0.003663957 -0.9999933 3.29295e-4 0.003660321 -0.9999923 -1.71753e-4 0.003941178 -0.9999922 -2.01345e-4 0.003965854 -0.9999954 4.14389e-4 0.003050744 -0.9999954 4.18637e-4 0.003045201 -0.9999916 -1.42663e-4 0.004124999 -0.9999921 -1.58018e-4 0.003965079 -0.9999922 1.05434e-4 0.003950774 -0.9999935 -2.80451e-5 0.003625392 -0.9999947 -6.83202e-4 0.003208875 -0.9999946 -7.67674e-4 0.003209352 -0.9999891 0.001804053 0.004306137 -0.9999892 0.001766681 0.004317104 -0.9999899 -0.001977086 0.004043102 -0.9999899 -0.001980185 0.004049003 -0.9999956 0.001550734 0.002543807 -0.9999955 0.001613795 0.002531528 -0.9999902 -4.81152e-4 0.004425168 -0.9999904 -4.41544e-4 0.004373073 -0.9999907 2.71462e-4 0.004329621 -0.9999908 2.51522e-4 0.004289448 -0.9999948 -3.35557e-4 0.003242969 -0.9999948 -2.8995e-4 0.003232777 -0.9999916 0.001042962 0.003987967 -0.9999917 8.20052e-4 0.004018664 -0.9821774 -0.06390774 -0.1767582 -0.9753888 -0.08576166 -0.2031298 -0.9163083 -0.2146103 -0.3381146 -0.9140793 -0.2336233 -0.3314802 0.002780258 -0.676357 0.7365688 0.002761244 -0.6763303 0.7365933 0.002792716 -0.6763744 0.7365527 4.68699e-4 -0.9923314 0.1236054 4.68699e-4 -0.992332 0.1236004 4.68699e-4 -0.9923326 0.1235952 -0.001511871 -0.9201182 -0.3916382 -0.001508772 -0.9201208 -0.391632 -0.001485228 -0.9201408 -0.3915852 -0.003446519 -0.4296144 -0.9030059 -0.003464877 -0.4296334 -0.9029968 -0.003366589 -0.4295319 -0.9030455 -0.003555297 0.3282265 -0.9445924 -0.003552615 0.3282296 -0.9445914 -0.003583669 0.3281946 -0.9446033 -1.04613e-4 0.9996414 -0.0267812 -0.002281308 0.7945783 -0.6071575 -1.14994e-4 0.9996641 -0.02591598 0.001855373 0.8722029 0.4891406 0.001840651 0.8722316 0.4890899 0.003399014 0.4510043 0.8925153 0.003340899 0.4508977 0.8925695 0.003767192 -0.04466545 0.9989949 0.003825962 -0.04453414 0.9990006 0.00320667 -0.521669 0.853142 0.003131151 -0.5217134 0.8531151 0.001172125 -0.9462267 0.3235026 0.001275539 -0.9463593 0.3231137 9.54049e-5 -0.9996261 0.02734571 9.8165e-5 -0.9996233 0.02744615 -0.00103873 -0.9610702 -0.2763025 -0.002016484 -0.8460665 -0.5330738 -0.002020478 -0.8460118 -0.5331605 -0.002564787 -0.71743 -0.696626 -0.002528548 -0.7343465 -0.6787701 -0.00258696 -0.7174661 -0.6965886 -0.002570092 -0.7343556 -0.6787601 -7.60582e-4 -0.9788316 -0.2046658 -7.68438e-4 -0.9786609 -0.2054805 2.75132e-4 -0.997239 0.07425898 2.81149e-4 -0.9972404 0.07424092 9.88243e-4 -0.9625026 0.2712706 0.001013159 -0.9625187 0.2712135 0.002224743 -0.7947953 0.6068735 0.002356827 -0.7946302 0.6070892 0.003290712 -0.3407258 0.940157 0.003486633 -0.3411524 0.9400016 0.003696322 0.08118486 0.9966922 0.003608584 0.08128303 0.9966846 0.003248274 0.5281012 0.8491753 0.003325223 0.528047 0.8492087 -0.001192331 0.8079086 0.5893068 0.003830611 0.806291 0.5915068 0.03564679 0.9805859 0.1928225 0.04217237 0.9801621 0.1936594 0.02941304 0.9743772 -0.2229887 0.0227186 0.9754125 -0.2192134 -0.001065731 0.7737982 -0.6334314 -0.006214261 0.7762582 -0.6303846 -0.003394484 0.420782 -0.9071556 -0.003383755 0.4207884 -0.9071525 -0.003728806 -0.01635366 -0.9998594 -0.003728926 -0.01634031 -0.9998596 -0.003351032 -0.4504024 -0.8928194 -0.003329396 -0.4504 -0.8928207 -0.002282023 -0.7961518 -0.6050928 -0.002332389 -0.7961474 -0.6050984 -7.02115e-4 -0.9831902 -0.1825829 -6.83879e-4 -0.983173 -0.1826758 9.83443e-4 -0.9666302 0.256174 9.48605e-4 -0.966609 0.2562546 0.002938628 -0.6563572 0.7544447 0.002855062 -0.6563554 0.7544465 0.003791391 -0.161633 0.9868437 0.003743708 -0.1616728 0.9868373 0.003554165 0.3782207 0.9257087 0.003570437 0.3782753 0.9256863 0.002263486 0.8063685 0.5914092 0.002281665 0.8063551 0.5914274 3.14309e-4 0.9965762 0.08267903 3.00284e-4 0.9965714 0.08273714 -0.00159651 0.9074492 -0.4201589 -0.001558601 0.9074518 -0.4201533 -0.002131164 0.8227233 -0.5684381 -0.002064287 0.8227587 -0.5683872 0.9999939 -2.12872e-4 -0.003511071 0.9999938 -4.06837e-4 -0.003508627 0.9999927 -1.07717e-4 -0.003831326 0.9999926 -2.44991e-4 -0.003859639 0.9999935 4.71778e-5 -0.00364381 0.9999924 2.75521e-5 -0.003897666 0.9999952 1.1618e-4 -0.00313872 0.9999954 3.60382e-5 -0.003062427 0.9999907 3.12104e-4 -0.004321157 0.9999907 4.6504e-4 -0.004287421 0.9999928 -9.96532e-4 -0.003675282 0.9999928 -9.54096e-4 -0.003673553 0.9999937 8.19109e-4 -0.003479063 0.9999938 9.34476e-4 -0.003413617 0.999987 -8.82525e-4 -0.005035281 0.9999871 -8.70894e-4 -0.005002021 0.9999974 1.79179e-4 -0.002320647 0.9999978 1.57681e-4 -0.002147018 0.9999905 1.37931e-4 -0.004372477 0.9999911 1.10735e-4 -0.004237651 0.9999933 -1.49937e-4 -0.003676056 0.9999933 -1.13232e-4 -0.003682076 0.9999927 -6.87294e-5 -0.003844976 0.9999927 3.2852e-5 -0.003845512 0.9999933 7.30097e-4 -0.003619492 0.9999933 7.41335e-4 -0.003605782 0.999992 -5.45468e-4 -0.003992259 0.9999923 -4.09076e-4 -0.003922522 0.9999946 5.35714e-4 -0.003271222 0.9999946 5.30454e-4 -0.00326687 0.9999914 -5.11158e-4 -0.004111409 0.9999918 -1.74485e-4 -0.004053711 0.9999929 1.21847e-4 -0.003783941 0.9999929 1.03735e-4 -0.003786206 0.9999929 -5.24863e-4 -0.00375384 0.9999929 -4.9992e-4 -0.003756165 0.9999932 -1.99872e-5 -0.003686964 0.9999933 -4.51512e-5 -0.003683924 0.9999918 5.14585e-4 -0.004049479 0.9999917 5.20788e-4 -0.004036486 0.9999929 -2.33934e-4 -0.003756105 0.9999929 -2.14236e-4 -0.003772318 0.9999961 7.92367e-5 -0.002791762 0.999996 8.40363e-5 -0.002827823 0.9999895 -2.93658e-4 -0.004576086 0.9999898 -2.76808e-4 -0.00452876 0.9999943 5.01266e-4 -0.003368496 0.9999943 6.36595e-4 -0.003302037 0.9999929 -1.88897e-4 -0.003793478 0.9999928 -2.13082e-4 -0.003802299 0.9999929 2.83439e-4 -0.003777801 0.9999929 2.85587e-4 -0.003797471 0.9999932 -7.52057e-5 -0.003701806 0.9999924 8.256e-5 -0.003889322 0.9999964 -6.08022e-4 -0.002606749 0.9999967 -6.85628e-4 -0.002470552 0.9999847 1.4129e-4 -0.005551218 0.9999858 1.87072e-4 -0.005320847 0.9999967 2.60432e-4 -0.002574205 0.9999969 2.83215e-4 -0.00251919 0.9999933 4.21868e-4 -0.00364679 0.9999935 4.58105e-4 -0.003612399 0.9999911 -0.001025259 -0.004117965 0.9999915 -7.13063e-4 -0.004061639 0.9999927 7.34566e-4 -0.003757119 0.9999926 7.84395e-4 -0.003787815 0.9999917 1.4507e-4 -0.004087209 0.9999918 1.14273e-4 -0.004070818 0.9999951 -3.66783e-4 -0.003122329 0.9999952 -4.10133e-4 -0.003087937 0.9999918 -3.83652e-5 -0.004066109 0.9999915 -6.62995e-5 -0.004121601 0.9999933 2.25625e-4 -0.003664731 0.9999933 2.29951e-4 -0.003660321 0.999992 -9.63543e-4 -0.003892838 0.999992 -0.001015424 -0.003905653 0.9808637 -0.06310492 -0.1841853 0.9739078 -0.08474892 -0.2105264 0.9137625 -0.2143992 -0.3450668 0.9982933 0.002132534 0.05836147 0.9982759 0.00155133 0.05867606 0.9982993 0.001606225 0.05827492 0.9976607 0.003522038 -0.06826949 0.9978231 2.72917e-4 -0.06594741 0.9978333 0.002361178 -0.06575042 0.3715877 -0.9200587 0.1241558 0.3271192 -0.9411568 0.08495301 0.3279103 -0.9379991 0.1123948 0.1582267 0.007467091 0.9873746 0.1570123 0.007638335 0.9875672 0.1580474 0.007612526 0.9874023 0.2620959 0.9626489 0.06791877 0.2965173 0.9498897 0.09892994 0.2625027 0.9606804 0.090474 0.3595607 -0.9281703 -0.09600031 0.5058955 -0.862594 0.001253545 0.3699305 -0.9205183 -0.1256884 0.3984171 0.9172042 7.73534e-4 0.2873575 0.9546801 -0.07753455 0.2953183 0.9501227 -0.1002699 0.1498434 0.007698893 -0.9886798 0.1508219 0.007136523 -0.9885352 0.1512595 0.008286118 -0.9884594 0.9982683 0.001853168 0.05879676 0.9983213 0.001546204 0.05789917 0.9982625 0.00158137 0.05890333 0.9982765 0.001480579 0.05866736 0.9982901 0.001573622 0.05843263 0.9983218 0.00163418 0.05788749 0.9983235 0.001656174 0.0578581 0.9978466 0.002818763 -0.06553202 0.9999964 7.85973e-4 -0.002581 0.9978321 0.002109944 -0.06577754 0.9999946 0.001962482 -0.00262624 0.9978495 0.001424849 -0.0655319 0.9978454 0.00157392 -0.06558996 0.9978263 0.001838982 -0.06587421 0.9978348 0.001487255 -0.06575316 0.9978083 0.002081871 -0.06613713 0.00144422 -0.9999988 -5.38851e-4 0.001464784 -0.9999988 -5.69622e-4 0.001551091 -0.9999986 -6.7225e-4 -0.05836749 0.006425321 0.9982746 -0.05845373 0.006434381 0.9982694 -0.05818706 0.006176114 0.9982866 -0.001579105 0.9999988 9.05649e-5 -0.001590013 0.9999988 -6.46563e-5 -0.001497924 0.9999989 -2.80514e-4 0.001285254 -0.9999992 3.40846e-4 0.00149393 -0.9999989 3.8442e-6 0.00133717 -0.9999991 4.3707e-4 -0.001385807 0.9999991 1.5399e-6 -0.001500427 0.9999989 1.49491e-4 -0.00150299 0.9999989 1.20261e-4 -0.06562399 0.006377577 -0.9978241 -0.06570506 0.006403207 -0.9978185 -0.06509453 0.005973637 -0.9978613 0.1544039 0.004895269 0.9879958 0.1513658 0.00367254 0.988471 0.1514269 0.003718674 0.9884615 0.9982226 7.59952e-4 0.05959123 0.9983833 0.001001834 0.05683213 0.9983832 9.93698e-4 0.05683314 -0.0574212 0.004092454 0.9983417 -0.05871152 0.003055632 0.9982703 -0.05740284 0.00409305 0.9983428 0.9988902 0.002610266 0.04702705 0.9983523 8.21617e-4 0.05737668 0.9982953 9.80774e-4 0.05835843 -0.0661723 0.002973794 -0.9978038 -0.06535577 0.004159986 -0.9978535 -0.06534385 0.004161179 -0.9978542 0.9978598 4.77546e-4 -0.06538802 0.997812 9.79401e-4 -0.06610971 0.9978289 8.45921e-4 -0.0658552 0.1441064 0.003274083 -0.9895569 0.1459293 0.005073487 -0.989282 0.1444266 0.003725647 -0.9895086 0.1512916 0.007357835 0.9884618 0.1509982 0.00797683 0.9885019 0.9982611 7.68875e-4 0.0589419 -0.05801939 0.006275296 0.9982957 -0.05929929 0.003529191 0.9982341 0.9981747 0.003033816 0.06031668 0.9983028 0.00151354 0.05821746 0.9978572 0.002024054 -0.06539875 0.999998 -3.15353e-4 -0.002002239 0.9976344 -2.3715e-4 -0.06874281 -0.06570786 0.006397724 -0.9978185 -0.06555294 0.006272017 -0.9978294 0.9978487 0.001595258 -0.06553983 0.9978314 0.002130508 -0.06578916 0.1436818 0.00690633 -0.9895998 0.143686 0.007724642 -0.9895933 0.1588988 0.008637964 0.9872572 0.9982163 0.001848757 0.05967217 0.9982778 0.00466293 0.05847954 0.9978075 0.001274585 -0.06617259 0.1494688 0.007982611 -0.9887343 0.3716838 0.9283584 -0.001335918 0.3080062 0.9499672 -0.05190914 0.2589676 0.9657148 0.01819235 0.2682814 0.9613836 0.06137365 0.1510529 0.006183505 0.9885064 0.1542021 0.004587829 0.9880287 0.1514385 0.003099143 0.9884619 0.1571732 0.006991982 0.9875463 0.1584228 0.00638765 0.9873507 0.3128786 -0.9461075 0.08359324 0.3236007 -0.9459419 0.02183562 0.3858143 -0.9202154 -0.06596225 0.4735007 -0.8807871 -0.003332853 0.1507894 0.007256388 -0.9885393 0.1474112 0.005263447 -0.9890613 0.1496629 0.007351279 -0.9887098 0.1439618 0.003895401 -0.9895757 0.1437053 0.007656753 -0.989591 0.2617848 0.9625458 -0.07053035 0.2626625 0.9605488 -0.09140241 0.2621604 0.9647676 -0.02225601 -0.001501142 0.9999989 1.37916e-4 0.9978446 0.001557588 -0.06560343 0.997856 6.13539e-4 -0.0654456 0.9984207 0.002630472 -0.05611836 0.9978404 9.89921e-4 -0.06567817 0.9978111 0.001625895 -0.06611084 0.9978227 0.001517355 -0.0659365 0.00143069 -0.9999989 4.61086e-4 0.001546204 -0.9999987 6.54962e-4 0.3278056 -0.9443281 -0.02807122 0.3266494 -0.9410168 -0.08824712 0.3268853 -0.9381326 -0.1142517 0.3064436 0.9505804 0.04989188 0.9983046 0.001515686 0.05818867 -0.001624286 0.9999987 1.20332e-4 0.9983025 9.65771e-4 0.05823361 0.9982835 6.47922e-4 0.05856573 0.001403808 -0.9999989 -4.8748e-4 0.9983162 0.001891314 0.05797618 0.3836979 -0.9213153 0.06288343 0.999986 -0.003589868 -0.00388813 0.9977294 0.004054248 -0.06722986 0.9975917 -8.00075e-4 -0.06935495 0.9999937 0.002845227 -0.002124965 0.9982544 0.003507733 0.05895757 0.9981266 -1.77845e-4 0.06118297 -0.5282698 0.7900235 -0.3111173 -0.5322319 0.7778481 -0.3341881 -0.5330575 0.7864221 -0.3120741 -0.2573366 0.3581432 -0.8975028 -0.2220423 0.3240377 -0.9196177 -0.2463299 0.3644722 -0.8980432 0.5241616 -0.7647297 -0.3747578 0.515797 -0.7642142 -0.3872084 0.5315763 -0.7579611 -0.3780497 0.2094553 -0.313121 -0.9263282 0.1792698 -0.2835099 -0.9420641 0.200745 -0.3181868 -0.9265305 -0.1938576 0.2844188 0.9388958 -0.2178968 0.3080248 0.9260895 -0.2107757 0.3121125 0.926369 -0.5341312 0.7863778 0.3103448 -0.5311703 0.7980732 0.2844948 -0.534659 0.7955148 0.2851245 0.5242258 -0.7731925 0.3568764 0.5331615 -0.7736724 0.342301 0.5403027 -0.7673488 0.3453243 0.1575462 -0.2423884 0.957302 0.1750532 -0.2597407 0.9496795 0.1703413 -0.262414 0.9498015 0.8650325 0.5017134 -0.001526057 0.8412613 0.5178235 -0.1553649 0.8638883 0.5036836 -2.80403e-5 0.8363106 0.5277478 -0.1485494 0.8171658 0.571191 -0.07733726 0.8542008 0.5179535 -0.04544639 0.8795859 0.4757387 -0.001253783 0.8895362 0.4568638 -0.001075744 0.8447039 0.5326442 -0.05258911 0.8177389 0.5713196 0.06997984 0.8369511 0.5293429 0.1389566 0.842292 0.5192672 0.1445893 0.8536648 0.5193127 0.03963422 0.8446304 0.5333263 0.04650521 0.5472822 -0.71739 0.4310846 0.5506024 -0.7334241 0.3986554 0.5508174 -0.7345623 0.3962556 0.1996108 -0.1528876 0.9678745 0.2352242 -0.1963316 0.9519052 0.1972151 -0.1499761 0.9688206 -0.5127781 0.7809542 0.3566079 -0.4899792 0.7678326 0.4127393 -0.5146852 0.7819628 0.3516157 -0.06864917 0.2376125 0.9689312 -0.05300253 0.2106387 0.9761261 -0.0519579 0.2088335 0.9765701 0.2252829 -0.1948504 -0.9546104 0.1912861 -0.153418 -0.9694703 0.1890205 -0.1506656 -0.970346 0.5530592 -0.742034 -0.3788285 0.5525074 -0.7383111 -0.3868236 0.5531048 -0.7423531 -0.3781362 -0.5079259 0.7811655 -0.3630316 -0.5202093 0.7872115 -0.3311802 -0.5214287 0.7877757 -0.3279051 -0.05895131 0.2069279 -0.9765785 -0.07402729 0.2329468 -0.9696679 -0.05795353 0.2052023 -0.9770023 -0.530372 0.7806369 -0.3306232 -0.5104476 0.7733883 -0.3759174 -0.5118017 0.7814121 0.3570073 -0.5327168 0.7883929 0.3076515 -0.1695567 0.2395659 0.9559596 -0.2008803 0.2907592 0.9354711 0.139638 -0.2123265 0.9671705 0.1628518 -0.2476192 0.9550728 0.5421298 -0.7452401 0.3882172 0.5205191 -0.7762787 0.3555999 0.5120694 -0.7676241 -0.3854067 0.5332822 -0.7370065 -0.4152489 0.1887052 -0.292303 -0.937523 0.1472379 -0.2295907 -0.9620858 -0.2323119 0.332757 -0.9139497 -0.1856681 0.2559266 -0.9486986 -0.5446373 0.7493032 -0.376716 -0.5280471 0.7498501 -0.3986116 -0.5274948 0.7582121 0.3832282 -0.5480265 0.7558119 0.3583511 -0.1531838 0.2112998 0.9653431 -0.1726125 0.2345303 0.9566611 0.1250706 -0.1941285 0.9729705 0.1407526 -0.207823 0.9679868 0.6025745 -0.6992369 0.3846712 0.5034068 -0.7767913 0.3783873 0.4953243 -0.7687875 -0.4044993 0.5938578 -0.6929497 -0.4088445 0.1494506 -0.2216193 -0.9636127 0.1200963 -0.1967918 -0.9730621 -0.1603786 0.2118769 -0.9640472 -0.1898409 0.2480286 -0.9499696 -0.9978271 0.00177437 0.0658636 -0.9978859 0.00158894 0.06497263 -0.997689 0.003158271 0.06787228 -0.9983039 0.002257108 -0.05817544 -0.9981555 0.002802789 -0.06064498 -0.9983031 0.001249372 -0.058218 -0.3703627 -0.9201892 0.1268204 -0.3264607 -0.9411463 0.08756315 -0.3610627 -0.9273483 0.09827965 -0.149681 0.007657468 0.9887047 -0.1507657 0.007776498 0.988539 -0.1504977 0.007381021 0.9885829 -0.2958169 0.9498711 0.1011797 -0.2615571 0.962664 0.06975573 -0.2621559 0.960625 0.09205418 -0.505908 -0.8625715 0.005259692 -0.3608018 -0.9278635 -0.09429562 -0.3709357 -0.9204776 -0.1229944 -0.3982732 0.9172586 0.003899395 -0.2880332 0.9546527 -0.07533419 -0.3722363 0.9281342 0.00268805 -0.1569799 0.007630586 -0.9875724 -0.1581432 0.007524609 -0.9873875 -0.1572144 0.007265925 -0.9875379 -0.9978006 0.001596152 0.06626927 -0.9978539 0.001918673 0.06545275 -0.9978471 0.001268029 0.06557095 -0.9978643 0.001015186 0.06531465 -0.9977967 7.02377e-4 0.06634432 -0.997793 0.001286208 0.06638973 -0.9978763 0.001722991 0.06511616 -0.9977521 0.002012968 0.06698429 -0.9999859 0.002199828 0.00484234 -0.9982677 0.001239597 -0.05882304 -0.998322 0.001519858 -0.05788731 -0.9999852 0.002330362 0.004925966 -0.9983076 0.001600205 -0.05813384 -0.999985 0.002392292 0.004940032 -0.9983081 0.001725196 -0.05812048 -0.9983026 0.001603305 -0.05821943 -0.9983211 0.001486897 -0.05790281 -0.001410245 -0.999999 -5.01741e-4 -0.001413941 -0.9999988 -5.99259e-4 -0.001407504 -0.9999988 -6.3324e-4 0.06580066 0.00651431 0.9978116 0.06595838 0.006424963 0.9978018 0.06579643 0.0065189 0.9978118 0.001592159 0.9999988 1.44717e-5 0.001582503 0.9999988 1.92172e-4 0.001506567 0.9999989 0 -0.001375317 -0.9999991 9.20335e-6 -0.001399159 -0.9999989 4.40923e-4 -0.00140047 -0.9999989 4.90533e-4 0.001385748 0.9999991 -9.35464e-6 0.001501441 0.9999989 7.93332e-5 0.00137633 0.9999991 -8.71612e-6 0.05820018 0.006400823 -0.9982845 0.05782437 0.006414115 -0.9983062 0.05777269 0.006399333 -0.9983093 -0.1473301 0.004906594 0.9890753 -0.1435437 0.003421008 0.9896382 -0.1470776 0.004427015 0.9891151 -0.9977793 9.06837e-4 0.06660211 -0.9978055 4.22929e-4 0.06621277 -0.9977612 0.001136958 0.06686824 0.06499052 0.004038453 0.9978777 0.0664547 0.00314635 0.9977845 0.06767231 0.004176795 0.9976989 -0.9980803 -0.003730535 0.06182056 -0.9981116 0.00201112 0.06139463 -0.9977081 -4.43738e-4 0.0676651 0.05885475 0.002650141 -0.9982631 0.05832016 0.003997385 -0.99829 0.05852335 0.002928435 -0.9982817 -0.9983175 9.83267e-4 -0.05797708 -0.9982336 6.81885e-4 -0.0594092 -0.9982606 7.81499e-4 -0.05895215 -0.1540067 0.004971742 -0.9880573 -0.1516094 0.003049314 -0.9884359 -0.1517673 0.003670334 -0.9884095 -0.143577 0.003775238 0.989632 -0.1438692 0.006932854 0.9895725 -0.9978049 8.60132e-4 0.06621843 0.0653389 0.006129443 0.9978444 -0.9977577 7.56995e-4 0.06692653 -0.9977067 1.55503e-4 0.06768685 -0.9999848 -3.4969e-4 0.005519449 -0.9983479 0.002441465 -0.05740803 -0.9981082 -2.85635e-4 -0.06148278 0.05779999 0.006385087 -0.9983078 0.05712896 0.006938099 -0.9983427 -0.998308 0.00163722 -0.0581268 -0.9983066 0.001702964 -0.05814689 -0.1509016 0.006647109 -0.9885264 -0.1504456 0.008299171 -0.9885835 -0.1508908 0.009456515 0.9885052 -0.9979081 0.002081334 0.06461507 0.06595242 0.006422221 0.9978021 -0.9976302 0.001010298 0.06879627 0.0583713 0.003934085 -0.9982873 -0.9983355 0.00111705 -0.05766427 -0.1554495 0.004692733 -0.9878327 -0.3083836 0.9499687 -0.04959064 -0.4030193 0.9151867 0.002973318 -0.2505025 0.965579 0.07004034 -0.2588701 0.9656909 0.02067196 -0.143799 0.007742524 0.9895766 -0.1439989 0.003860771 0.9895703 -0.1466712 0.004131734 0.9891767 -0.1498463 0.00665003 0.988687 -0.1511062 0.005299568 0.9885033 -0.3234028 -0.9459463 0.02442228 -0.3832207 -0.9213027 0.06590473 -0.4731578 -0.8809755 0.001981914 -0.386297 -0.9202216 -0.06298387 -0.1583372 0.006791532 -0.9873617 -0.1572096 0.007206618 -0.987539 -0.1540355 0.004079759 -0.988057 -0.1513936 0.004020392 -0.9884655 -0.1512276 0.008135497 -0.9884655 -0.296253 0.9500628 -0.09805607 -0.2622583 0.9625598 -0.06855177 -0.262372 0.9647424 -0.02080786 -0.9983136 0.001556515 -0.0580312 0.001504004 0.9999989 1.05141e-4 0.001502156 0.9999989 1.59994e-4 -0.9983022 0.001558184 -0.05822718 -0.998265 7.66301e-5 -0.05888229 -0.9988138 0.002714693 -0.04861682 -0.9982994 9.83e-4 -0.05828899 -0.9983098 0.001584529 -0.05809617 -0.9982928 0.001751184 -0.05838286 -0.001399755 -0.999999 5.16034e-4 -0.001400947 -0.9999989 6.16165e-4 -0.9983313 0.002114593 -0.05770832 -0.327977 -0.9443508 -0.02515262 -0.3273066 -0.9410108 -0.08584427 -0.3277854 -0.9380545 -0.1122966 -0.3060643 0.9505711 0.05233848 -0.9978901 9.11271e-4 0.06491988 0.00162369 0.9999987 1.097e-4 -0.9978463 0.00216341 0.0655598 -0.9978264 0.001377463 0.06588315 -0.9999793 0.003513157 0.005411624 -0.001373887 -0.9999991 9.038e-6 -0.9999856 0.002250194 0.004897594 -0.5106592 -0.859775 0.003772974 -0.9999866 -0.003572106 0.00377506 -0.9982126 0.004036009 -0.05962806 -0.9980798 -7.65001e-4 -0.06193667 -0.998357 0.009639799 -0.05648487 -0.997781 0.003598749 0.06648373 -0.9980715 0.00930351 0.06137472 -0.9976466 -1.78074e-4 0.0685659 -0.9999931 3.65703e-4 0.003726541 0.5255985 0.7902573 -0.3150231 0.5297718 0.7777913 -0.3382052 0.5277751 0.7806974 -0.3346118 0.2510544 0.3577628 -0.8994318 0.2148713 0.3240552 -0.9213136 0.2255023 0.3324581 -0.9157623 -0.527024 -0.7647365 -0.3707071 -0.51872 -0.7642059 -0.3833003 -0.5149172 -0.7676911 -0.3814589 -0.2164501 -0.313072 -0.9247353 -0.1863111 -0.2834842 -0.9407045 -0.1957318 -0.2922034 -0.9361123 0.2252365 0.3079341 0.924362 0.2008024 0.2844793 0.9374166 0.2176457 0.3122872 0.9247201 0.5330395 0.7982892 0.2803629 0.53645 0.7863643 0.3063539 0.5365703 0.7957158 0.2809427 -0.5303731 -0.7737702 0.3463874 -0.5215394 -0.7731636 0.3608529 -0.5376918 -0.7673221 0.3494343 -0.1678903 -0.2597805 0.9509612 -0.1503347 -0.24255 0.9584201 -0.1628676 -0.262641 0.9510489 -0.8424916 0.5177252 -0.1488912 -0.8650684 0.5016295 0.004967868 -0.8639912 0.5034654 0.006482303 -0.8176811 0.5712369 -0.07131665 -0.8373118 0.5279027 -0.1422247 -0.8543537 0.5182399 -0.0388239 -0.8795284 0.4758165 0.005331575 -0.8450426 0.5326972 -0.04622757 -0.817163 0.5706697 -0.08112233 -0.8171721 0.5713405 0.07615756 -0.8357716 0.5295118 0.1452692 -0.8163048 0.5712357 0.08565354 -0.8410817 0.5194029 0.1510045 -0.8535339 0.518984 0.04621219 -0.8894265 0.457041 0.005845367 -0.8444218 0.5330663 0.05284273 -0.5475422 -0.7335148 0.402683 -0.5438526 -0.7169606 0.43611 -0.5478071 -0.7347197 0.4001181 -0.192845 -0.1533132 0.969178 -0.2275586 -0.1955032 0.9539369 -0.2298841 -0.1983391 0.9527933 0.5154362 0.7809545 0.3527546 0.4933791 0.7680427 0.4082738 0.4902285 0.7660597 0.4157264 0.06037932 0.2110507 0.9756085 0.07510966 0.2365382 0.9687148 0.05963653 0.2095732 0.9759727 -0.199228 -0.1542267 -0.9677409 -0.2317396 -0.1939867 -0.9532397 -0.197061 -0.1515855 -0.9686015 -0.5558455 -0.7420719 -0.3746532 -0.5552848 -0.7379265 -0.3835666 -0.5551965 -0.7373019 -0.3848932 0.5177718 0.7872852 -0.3348053 0.5050933 0.781165 -0.3669633 0.5190292 0.787855 -0.3315014 0.05190187 0.2075394 -0.9768489 0.06654638 0.2327209 -0.9702641 0.06753307 0.2344137 -0.9697885 0.507366 0.7735766 -0.379683 0.5420058 0.7491324 -0.3808285 0.5350035 0.7883727 0.3037101 0.5146291 0.7813124 0.35314 0.2080166 0.2906999 0.9339286 0.1767459 0.2396273 0.9546412 -0.1558426 -0.2477806 0.9561998 -0.1325383 -0.2117566 0.9682937 -0.5178214 -0.7762938 0.3594841 -0.5388543 -0.7455644 0.392135 -0.5361983 -0.7371641 -0.4111939 -0.4984833 -0.7686582 -0.4008479 -0.1546993 -0.2293422 -0.9609736 -0.1566256 -0.2218635 -0.9624163 0.1787443 0.2560443 -0.9499957 0.1825052 0.2482617 -0.9513453 0.5244037 0.7502663 -0.4026182 0.5898189 0.6987398 -0.4048165 0.5505491 0.7559435 0.3541825 0.530741 0.7579131 0.3793175 0.1609691 0.2110014 0.9641408 0.1508336 0.2137418 0.9651755 -0.1332226 -0.2079017 0.9690349 -0.1175891 -0.1937318 0.973982 -0.5008428 -0.7765837 0.3821968 -0.5993212 -0.6996589 0.388962 -0.5966926 -0.6931979 -0.4042704 -0.5208324 -0.7626856 -0.3834639 -0.1279675 -0.1965169 -0.9721139 -0.134905 -0.1870087 -0.9730511 0.1528087 0.212029 -0.9652426 0.2695864 0.7043024 0.6567202 0.2547652 0.7387751 0.6239439 0.2544376 0.7389928 0.6238199 0.6256653 0.7388702 0.2502276 0.6587015 0.7043098 0.2646886 0.6255015 0.7391564 0.2497915 -0.6562632 0.704846 0.269278 -0.6234224 0.739253 0.254656 -0.6233085 0.7394354 0.2544048 -0.2500784 0.738801 0.6258068 -0.2643197 0.7045188 0.6586262 -0.2497363 0.7390652 0.6256312 -0.269715 0.7043847 -0.6565791 -0.2550112 0.7388396 -0.623767 -0.2548312 0.7389612 -0.6236966 -0.625684 0.7388195 -0.2503306 -0.6586986 0.7042398 -0.2648821 -0.6257124 0.7387601 -0.2504346 0.6567228 0.7042285 -0.2697731 0.6238995 0.7387736 -0.2548783 0.6238111 0.7389355 -0.2546256 0.2502211 0.7390558 -0.6254487 0.2648734 0.7044484 -0.658479 0.2501129 0.7391047 -0.6254342 0.268465 0.7042987 0.6571833 0.3515347 0.3056277 0.8848814 -0.003978312 0.3270378 0.9450029 0.6591644 0.704333 0.2634714 0.8876107 0.3055584 0.3446468 -0.6567783 0.7047206 0.2683492 -0.8849065 0.3054565 0.3516202 -0.9451074 0.3267166 -0.005345344 -0.2633528 0.7043743 0.6591678 -0.344885 0.3054973 0.8875392 -0.2684736 0.704465 -0.6570016 -0.3514127 0.305678 -0.8849126 0.004452228 0.3269791 -0.9450211 -0.6590248 0.7044799 -0.2634282 -0.8875704 0.3056441 -0.3446748 0.6571497 0.7043466 -0.2684217 0.8850512 0.3054981 -0.3512198 0.9450234 0.3269662 0.004908978 0.2634261 0.7046706 -0.6588218 0.3447262 0.3055512 -0.8875824 0.3899304 -0.02669554 0.9204574 0.9230999 -0.02653849 0.3836433 0.9212398 -0.02535307 0.3881683 -0.9201858 -0.0267136 0.3905696 -0.3830134 -0.02679967 0.923354 -0.3872963 -0.02562308 0.9215993 -0.3907347 -0.02646964 -0.9201227 -0.9230875 -0.02644139 -0.3836799 -0.9211853 -0.02514761 -0.3883108 0.9200319 -0.02649617 -0.3909468 0.3842868 -0.026582 -0.9228309 0.3891232 -0.02525746 -0.9208394 5.30675e-4 -0.994116 0.1083198 0.4316917 -0.793554 0.4288526 0.002495706 -0.7926598 0.6096592 0.1078655 -0.9941654 -4.63873e-4 0.07920044 -0.9937471 0.07870215 -0.1083276 -0.9941152 1.40915e-4 -0.4279046 -0.7937818 0.4322133 -0.6097686 -0.7925783 0.001373529 -0.07910954 -0.9936655 0.07981759 -4.72534e-4 -0.9941442 -0.1080611 -0.4327414 -0.7930194 -0.4287835 -0.003054976 -0.7927518 -0.6095369 -0.07929354 -0.9937338 -0.078776 0.4285985 -0.7939041 -0.4312999 0.6098569 -0.7925083 -0.002285063 0.07848966 -0.9937406 -0.07949304 0.4024425 0.8234785 0.3999043 5.04389e-4 0.9937837 0.1113283 0.002232432 0.821078 0.5708118 0.1112229 0.9937955 -3.82431e-4 0.07843357 0.9938519 0.07814568 -0.3994444 0.8234851 0.4028853 -0.1111832 0.9937999 3.46337e-4 -0.5704056 0.8213605 0.002133548 -0.07778185 0.993872 0.07854038 -0.4024334 0.8239825 -0.3988738 -3.89926e-4 0.9938242 -0.1109658 -0.001856803 0.8211582 -0.5706977 -0.07872903 0.9938908 -0.07734924 0.4000113 0.8234018 -0.4024928 0.5707331 0.8211328 -0.002171933 0.07809537 0.9938695 -0.07826066 0.3532996 0.4134153 0.8392063 0.4216276 0.3069097 0.8532506 0.3527352 0.4138283 0.8392401 0.8417492 0.4133424 0.3472844 0.8542505 0.3068963 0.4196078 0.8515397 0.308849 0.4236655 -0.8400638 0.4129949 0.3517503 -0.8401131 0.3080405 0.4464538 -0.8401347 0.4136757 0.3507794 -0.3468929 0.4133697 0.8418972 -0.4184476 0.3069846 0.8547879 -0.4225939 0.3089902 0.8520208 -0.3525569 0.4133511 -0.8395503 -0.4362971 0.3078508 -0.8455014 -0.3516858 0.4139715 -0.8396099 -0.842159 0.4132733 -0.346372 -0.8522518 0.3072889 -0.4233681 -0.8489691 0.3096392 -0.4282234 0.8393096 0.4132649 -0.3532301 0.8518547 0.3070772 -0.4243198 0.839347 0.4137491 -0.3525742 0.3458948 0.41317 -0.8424058 0.4347984 0.3079478 -0.8462379 0.4414788 0.3111732 -0.8415865 -7.08475e-4 0.9999721 -0.007441103 0.008082985 0.999946 -0.00654751 -8.02854e-4 0.9999992 9.68625e-4 0.00870186 0.999897 0.01141536 7.12637e-4 0.9999547 0.009491801 5.00026e-4 0.9999988 0.001528859 -0.007465541 0.9999355 0.008567631 7.38857e-4 0.9998648 0.01643311 -0.008987784 0.9999318 -0.007472574 3.96628e-5 0.9998704 -0.01610291 0.2500959 0.7387107 -0.6259063 0.2647449 0.7042424 -0.6587509 0.2499908 0.738795 -0.6258488 0.6239686 0.7387429 -0.2547984 0.6567 0.7043051 -0.2696284 0.6571111 0.7044411 -0.2682682 -0.6253163 0.7392468 -0.2499876 -0.658298 0.7047008 -0.264652 -0.6252563 0.7393274 -0.249899 -0.2545565 0.7389248 -0.623852 -0.2693522 0.7044838 -0.6566217 -0.2682401 0.7044849 -0.6570755 -0.2502352 0.7388917 0.6256369 -0.2645456 0.7044747 0.6585826 -0.2500987 0.7389851 0.6255812 -0.6241028 0.7385866 0.2549229 -0.6566425 0.7043526 0.2696447 -0.65701 0.7044796 0.2684147 0.6257346 0.7388299 0.2501733 0.6586939 0.7043198 0.2646808 0.6255452 0.7391576 0.2496787 0.2548516 0.7389805 0.6236653 0.2697336 0.7044892 0.6564592 0.2683795 0.7046176 0.6568765 0.2633639 0.7043797 -0.6591576 0.3446108 0.3055426 -0.8876302 0.8850416 0.3055445 -0.3512036 0.9449946 0.327037 0.005660951 -0.6587423 0.7047879 -0.2633113 -0.88753 0.3055319 -0.3448779 -0.3514449 0.3054688 -0.884972 0.004746079 0.3268548 -0.9450626 -0.2634904 0.7044696 0.659011 -0.3449296 0.3056662 0.8874638 -0.8848339 0.3056789 0.35161 -0.945069 0.3268613 -0.00251609 0.659195 0.7042481 0.2636222 0.8875313 0.3055528 0.3448561 0.3515489 0.305568 0.8848964 -0.004982173 0.3270854 0.9449816 0.3835729 -0.02643018 -0.9231324 0.3882681 -0.02515882 -0.9212031 0.9201195 -0.02647995 -0.3907417 -0.9231259 -0.02672821 -0.3835678 -0.9213259 -0.02556288 -0.3879501 -0.390206 -0.02668929 -0.9203407 -0.383493 -0.02658355 0.9231612 -0.3877581 -0.02541458 0.9214107 -0.9203773 -0.02664577 0.3901227 0.9231901 -0.02677094 0.3834102 0.9213746 -0.02557724 0.3878335 0.390814 -0.02674722 0.9200811 -2.82153e-4 -0.994117 -0.1083109 0.428468 -0.7936205 -0.4319513 0.07862323 -0.9937503 -0.07923871 0.107888 -0.994163 -3.76232e-4 0.6097928 -0.7925575 -0.002347946 -0.1083333 -0.9941145 7.01295e-4 -0.4311994 -0.7937803 -0.4289292 -0.07985854 -0.9936581 -0.07915985 -0.002121984 -0.7926632 -0.6096562 3.39705e-4 -0.994149 0.1080173 -0.4294868 -0.7930286 0.4320266 -0.07880389 -0.9937326 0.07928186 -0.6096486 -0.7926652 0.003240168 0.4318619 -0.7938746 0.4280872 0.07917451 -0.9937296 0.07894831 0.001562178 -0.792697 0.609614 0.3994593 0.8234875 -0.4028657 -3.26198e-4 0.9937902 -0.1112697 0.07768714 0.9938632 -0.07874548 0.1111235 0.9938066 -4.21323e-4 0.5708665 0.8210403 -0.002126872 -0.4024406 0.8235087 -0.3998436 -0.1111182 0.9938072 4.45105e-4 -0.07822513 0.9938768 -0.07803654 -0.002020061 0.8210931 -0.5707908 -0.3994469 0.8239427 0.4019462 4.38523e-4 0.9938321 0.1108947 -0.07818335 0.9939023 0.07775437 -0.5704881 0.8213028 0.002253472 0.4029663 0.8234629 0.3994084 0.07854723 0.9938907 0.07753574 0.002405703 0.8210515 0.5708491 0.3471738 0.4134169 -0.8417583 0.4136726 0.3067933 -0.8571773 0.4172448 0.3084964 -0.8548315 0.8391212 0.4133613 -0.353565 0.8512217 0.3068307 -0.4257659 0.8391633 0.4137685 -0.3529886 -0.842428 0.4130831 -0.3459442 -0.8462145 0.3076324 -0.4350671 -0.8420065 0.31051 -0.4411448 -0.3531515 0.4133743 -0.839289 -0.4254177 0.3070216 -0.851327 -0.3525214 0.4138206 -0.8393338 -0.3465396 0.4134064 0.8420246 -0.427886 0.3077041 0.8498423 -0.4331458 0.3102497 0.8462446 -0.8401529 0.4130473 0.3514757 -0.8439829 0.3080949 0.4390563 -0.8402342 0.4137285 0.3504783 0.8420203 0.4132585 0.3467267 0.8541678 0.3072026 0.419552 0.8510859 0.3094373 0.4241481 0.3535601 0.4134373 0.8390858 0.4291803 0.3070981 0.8494087 0.3528967 0.4139176 0.8391282 -7.76545e-4 0.9999718 0.007475972 0.008180081 0.9999437 0.006762325 1.96938e-5 0.9998934 0.01460546 4.42385e-4 0.9999638 -0.008505642 0.008683621 0.9999125 -0.009983539 4.74211e-5 1 -2.97299e-4 -0.007615387 0.9999421 -0.007610082 -0.009194076 0.9999285 0.007661402 -3.20158e-5 0.9998657 0.01639205 0 1 4.97142e-6 0.1253235 0.9918958 0.02089887 0.1234909 0.9808651 0.1505115 0.04521304 0.9982885 -0.03709375 0.003292918 0.9986299 -0.05222547 -0.09318715 0.9913256 0.092682 0.02867925 0.9993118 -0.02352815 -0.3764091 0.9121484 0.1621776 -0.1906284 0.9805569 0.04657459 0.2171608 0.9759204 -0.02050858 0.07956171 0.9921024 0.09696835 0.1221668 0.9875462 -0.09913587 -0.3043416 0.9482695 0.09033989 -0.1341735 0.9866735 0.09204888 0 1 1.62863e-6 0.1421564 0.9798573 -0.1402547 0.1995479 0.979888 5.18848e-4 -0.211889 0.9336808 0.2886924 -0.03725433 0.9693201 0.2429626 0 1 1.24288e-6 0.2205482 0.9753751 -0.001403808 0.1514109 0.9336813 0.3245214 0.1912096 0.9529593 0.2351759 -0.04294449 0.8991718 0.4354835 0.7044516 0 -0.7097521 0.9239476 0 -0.3825194 0.9224498 0 -0.3861171 0.3756324 0 -0.9267688 0.697627 0.2695134 -0.6638367 -0.3335011 -0.1142058 -0.9358067 0.3349647 0.1075965 -0.9360672 -0.7097258 0 -0.704478 -0.3861337 0 -0.9224429 -0.9267693 4.53979e-5 -0.375631 -0.668096 -0.2662234 -0.6948186 -0.9239124 3.61819e-5 0.3826044 -0.9253264 0 -0.3791716 -0.7043725 5.13991e-7 0.7098307 -0.9224405 0 0.3861393 -0.3755694 -3.66776e-6 0.9267943 -0.6625298 -0.2646712 0.7007164 0.4101566 0.1761256 0.8948472 -0.1730679 -0.1978607 0.9648309 0.7097778 -7.4318e-7 0.7044257 0.3861485 0 0.9224367 0.9267674 0 0.3756358 0.7025153 0.2702822 0.6583463 0.9253163 0 0.3791962 0 -1 0 0 -1 1.00209e-4 0 -1 1.00363e-4 0 -1 4.62801e-5 0 -1 1.45918e-4 0.8098863 -0.5865768 -0.003453433 0.8097993 -0.5866981 -0.003260731 0.8100999 -0.5862801 -0.003721475 0.809998 -0.5864216 -0.003620624 0.8088724 -0.5879668 -0.004550993 0.8102503 -0.5860781 -0.00265187 0.8101519 -0.5862158 -0.002212822 0 -1 2.33309e-5 0 -1 4.22998e-5 0.8095121 -0.5870972 -0.002630829 0.8098199 -0.5866717 -0.002876818 0.8098573 -0.5866191 -0.003050625 0.8095899 -0.5869867 -0.003281652 0.8100243 -0.5863892 -0.002906143 0.8104878 -0.5857508 -0.002356827 0.8092162 -0.5875054 -0.002616882 0.8087316 -0.5881662 -0.003738522 0.2533183 0.3259873 0.9108031 -0.2201774 -0.3041125 0.9268428 0.2807143 0.210256 0.9364785 -0.3923831 -0.2411349 0.8876315 -0.4491282 0.160237 0.8789812 0.345975 -0.1115083 0.931594 -0.160032 0.4469642 0.8801209 0.122504 -0.3329064 0.9349685 0.07177889 0.4260281 0.901858 -0.05607259 -0.3774449 0.9243329 0.2341631 0.3314296 0.9139596 -0.242713 -0.3106742 0.919006 0.4502173 0.5680145 0.6889586 0.3554713 0.6158879 0.7030806 0.81237 0.09369289 0.5755665 0.5839825 -0.5655111 0.582376 0.2073519 -0.6940159 0.6894542 -0.1400878 -0.7142301 0.6857484 0.5867546 0.7246442 0.3613999 0.4636783 0.8035073 0.3733342 0.9573996 0.08369749 0.276371 0.7183607 0.06190496 0.692911 0.6706037 -0.6867185 0.2805503 0.01753383 -0.9495655 0.3130786 -0.6023442 -0.7239536 0.3362627 -0.4552517 -0.5496795 0.7004274 0.7008661 0.6574394 -0.2766951 0.7020375 0.6574918 0.2735837 0.6617471 0.6946142 -0.2821384 0.9301179 0.07052212 -0.3604267 0.9554346 0.08396375 -0.2830104 0.6438619 -0.6766579 -0.3571779 0.6677471 -0.6861785 -0.2885707 0.00977534 -0.9318994 -0.3625854 0.01524126 -0.9490578 -0.3147333 -0.6054454 -0.7079172 -0.3637158 -0.6044045 -0.7233103 -0.3339425 -0.6329422 -0.7101923 -0.3082386 -0.5338067 -0.7577905 0.375239 -0.5361034 -0.7581973 -0.3711202 -0.4538271 -0.8076395 -0.3765098 -0.4502617 -0.8063872 0.3834112 -0.9161017 -0.1954134 -0.3501021 -0.9435144 -0.2075499 0.2582705 -0.9123609 -0.1951671 0.3598714 -0.7300043 0.5870858 -0.3498913 -0.7544498 0.6019777 0.2615883 -0.7265343 0.5865128 0.3579814 -0.07890641 0.929908 -0.3592283 -0.08084803 0.9576282 0.276427 -0.07515776 0.9293392 0.3614971 0.5097248 0.7809377 0.3609947 0.5152143 0.8017251 -0.3029705 0.5173153 0.8011972 0.3007794 -0.6314143 -0.7093191 0.3133407 -0.4067274 -0.5743994 0.7103789 -0.6283403 -0.4282723 0.6494392 -0.6694676 0.5400861 0.5100198 -0.2805755 0.7071669 0.6489934 0.1050049 0.7365869 0.6681421 -0.7031955 -0.1396109 0.6971549 0.4025279 0.5963523 0.6945037 0.4351589 0.572692 -0.6947379 0.4601958 0.8027375 -0.3792526 0.7120077 0.06189686 -0.6994383 0.201816 -0.6928597 -0.6922541 -0.1451658 -0.7134199 -0.6855356 -0.4597588 -0.548776 -0.6981882 0.09730124 0.2998729 -0.9490041 0.3493537 0.6144789 -0.7073668 0.8057925 0.09337317 -0.5847907 0.3384264 -0.1108137 -0.9344453 0.5795063 -0.5653252 -0.5870094 0.114047 -0.3313167 -0.9366016 -0.06336027 -0.3761834 -0.9243764 -0.2483704 -0.3093015 -0.9179568 -0.2260617 -0.305337 -0.925022 0.2713569 0.208947 -0.9395247 -0.3990893 -0.2426359 -0.884226 -0.4579265 0.1609535 -0.8742982 -0.157999 0.4497947 -0.8790457 0.07153046 0.4310944 -0.8994671 0.2269492 0.3330127 -0.915203 -0.411163 -0.5751169 -0.707238 -0.7095946 -0.1398822 -0.6905857 -0.2855179 0.7075816 -0.6463806 0.100113 0.7380117 -0.6673201 0.3976665 0.5969085 -0.6968225 -0.6340013 -0.4292117 -0.6432882 -0.6738441 0.5404393 -0.5038449 0.507202 0.7813743 -0.3635938 -0.1574423 0.9093207 0.3851594 0.1605582 0.9094847 0.3834823 -0.1570572 0.9095385 0.3848023 0.2951942 0.9094223 0.2929359 0.1607319 0.9094324 0.3835338 0.1606435 0.9093194 0.3838385 0.385188 0.909324 0.1573541 0.2955009 0.9094278 0.2926094 0.2931267 0.9093624 -0.2951896 0.1576933 0.9095779 -0.3844489 0.2934641 0.909473 -0.2945126 -0.1605931 0.9093174 -0.3838642 0.157772 0.9092413 -0.3852121 -0.2952727 0.9093776 -0.2929959 -0.1604638 0.9093733 -0.3837859 -0.1607675 0.9093634 -0.3836822 -0.3847422 0.9094738 -0.1575781 -0.2945702 0.9093766 -0.2937051 -0.3852104 0.9092941 -0.1574715 -0.3836925 0.9093561 0.1607843 -0.3837291 0.9093342 0.1608207 -0.292512 0.9095039 0.2953635 -0.3837897 0.9094436 0.1600553 -0.2930589 0.9093282 0.2953622 0 0 0 0 -1 1.4578e-4 0 -1 2.70263e-5 0 -1 -1.15427e-4 0 0.9999997 -8.88933e-4 0 -0.9999995 -0.00101453 0 -1 1.0191e-4 0 -1 -4.26946e-5 0 -1 -3.86638e-5 0 -1 1.10487e-4 0 -1 3.44284e-5 0 -1 -6.67881e-5 0 -1 -1.51057e-4 0 -1 -4.0337e-5 0 -1 3.21505e-5 0 -1 6.05676e-5 0 -1 5.9625e-5 0 -1 9.6547e-5 0 -1 6.50534e-5 0 -1 -3.80839e-5 0 -1 -1.44336e-5 0 -1 -1.21891e-4 0 -1 1.92456e-5 0 -1 -1.08969e-4 0 -1 -6.48013e-5 0 -1 -4.2316e-5 -0.529281 0.2980863 0.794359 -0.4739819 0.3886165 0.7901383 -0.5294068 0.2982915 0.7941982 -0.4733806 0.3903383 0.7896499 -0.4124984 0.5343986 0.7377421 -0.4093724 0.5402959 0.7351834 -0.09441292 0.8369684 0.5390457 -0.09052133 0.8388071 0.5368506 8.86168e-4 0.8787695 0.4772456 0.001215279 0.8788021 0.4771848 -0.01894569 0.8711202 0.4907045 -0.1519899 0.8059393 0.5721547 -0.1587975 0.8017051 0.5762398 -0.3297256 0.6467282 0.6877672 -0.3363881 0.6389186 0.691828 -0.4627336 0.4365662 0.7715488 -0.4662862 0.4288193 0.7737515 -0.5387505 0.1904039 0.820667 -0.5408669 0.1791574 0.8218064 -0.5512806 -0.07944262 0.8305292 -0.5505646 -0.08746558 0.8301978 -0.4936217 -0.3647077 0.7895099 -0.4892865 -0.3780427 0.7859278 -0.4329758 -0.5138819 0.7405791 -0.432744 -0.5138353 0.740747 -0.7764057 0.1097839 -0.620598 -0.753764 0.1338804 -0.6433631 -0.7533608 0.1354159 -0.6435139 -0.7331312 0.1857593 -0.6542264 -0.7306605 0.1914275 -0.6553555 -0.622689 0.2916867 -0.7260699 -0.6194926 0.2931799 -0.7281996 -0.5892411 0.307067 -0.7473319 -0.588964 0.3070228 -0.7475684 -0.5960612 0.3021071 -0.7439371 -0.5951443 0.3023092 -0.7445888 -0.6405091 0.283711 -0.7136219 -0.6461072 0.2807519 -0.7097351 -0.7029891 0.2277242 -0.6737567 -0.7088251 0.2218423 -0.6695917 -0.7500275 0.1544013 -0.6431323 -0.753231 0.1481747 -0.6408489 -0.7778494 0.06906938 -0.6246438 -0.7801707 0.05980783 -0.6227013 -0.7809416 -0.02656477 -0.6240389 -0.780708 -0.03313279 -0.624017 -0.7645099 -0.1202446 -0.6332977 -0.7614547 -0.1319984 -0.6346364 -0.7455182 -0.17529 -0.6430211 0.4563223 -0.2850432 -0.8429237 0.4010486 -0.3715854 -0.8373078 0.400299 -0.3737473 -0.8367041 0.3420067 -0.5096879 -0.7894617 0.3386073 -0.5168526 -0.7862625 0.03713452 -0.8002727 -0.5984853 0.0324198 -0.8025745 -0.5956705 -0.05398786 -0.8400388 -0.5398337 -0.05426037 -0.8400966 -0.5397163 -0.03522199 -0.833203 -0.5518444 -0.03651428 -0.8336641 -0.5510634 0.0924043 -0.7715402 -0.6294341 0.1002677 -0.7668105 -0.6339938 0.2627171 -0.6185396 -0.7405326 0.2703952 -0.6096981 -0.7450871 0.3905839 -0.4174387 -0.8204811 0.3947969 -0.4084393 -0.8229902 0.4629846 -0.1818417 -0.8675131 0.4656556 -0.1687677 -0.8687246 0.4736714 0.07715231 -0.8773158 0.4729566 0.08647358 -0.876832 0.4186962 0.3489174 -0.8384211 0.4138714 0.3645115 -0.8341714 0.3659898 0.4938553 -0.7887702 0.7875602 -0.1594648 0.595248 0.8123927 -0.1295196 0.5685445 0.7870473 -0.1613215 0.5954259 0.761462 -0.2198386 0.6097923 0.6310604 -0.3466745 0.6939595 0.7586549 -0.2265582 0.6108308 0.6272988 -0.3484725 0.6964648 0.591095 -0.3619028 0.7208559 0.5907842 -0.3619707 0.7210764 0.5997827 -0.3600323 0.7145891 0.6519646 -0.3356898 0.6798931 0.6584538 -0.3323007 0.6752888 0.7263517 -0.269514 0.632278 0.7329774 -0.2623248 0.6276383 0.7826786 -0.1834259 0.5947852 0.7864267 -0.1760969 0.5920499 0.8140855 -0.0811553 0.5750467 0.8167065 -0.07039791 0.572743 0.8188893 0.03183114 0.5730683 0.8185385 0.03950273 0.573092 0.7988962 0.1432363 0.5841646 0.795237 0.1568192 0.585667 0.7756065 0.2077675 0.5960429 0.775513 0.2076705 0.5961985 0.766241 -0.01553046 -0.6423658 0.7718297 -0.01866376 -0.6355554 0.7662109 -0.01554673 -0.6424012 0.7718818 -0.01891565 -0.6354848 0.7720946 -0.02739638 -0.6349169 0.7724491 -0.02812254 -0.6344537 0.7838016 -0.04442131 -0.6194207 0.7841849 -0.0446276 -0.6189203 0.7884028 -0.04205435 -0.6137202 0.7884665 -0.04179185 -0.6136564 0.7868316 -0.0451225 -0.6155162 0.7830353 -0.03988981 -0.6206969 0.7824493 -0.03930747 -0.6214725 0.7757964 -0.03361475 -0.6300874 0.7752452 -0.03251814 -0.6308228 0.7704888 -0.02297407 -0.6370396 0.770167 -0.02195394 -0.6374644 0.7675889 -0.01011556 -0.6408629 0.7672246 -0.008701324 -0.6413195 0.7678247 0.004011929 -0.6406477 0.7677405 0.005034089 -0.6407413 0.7697749 0.01981943 -0.6380078 0.7701098 0.02224588 -0.6375233 0.772012 0.03026199 -0.6348872 0.7720381 0.03023183 -0.6348569 0.5287031 0.3231853 0.7848723 0.4996387 0.4253445 0.7546146 0.4995786 0.4256337 0.7544913 0.4472668 0.5837994 0.6775918 0.44687 0.5846895 0.6770861 0.1977607 0.9131711 0.3563836 0.1981839 0.9134972 0.3553115 0.1252122 0.9580838 0.2576767 0.1251502 0.9581121 0.2576017 0.1408525 0.9502474 0.2778319 0.1407034 0.9503428 0.2775807 0.2448426 0.8753598 0.4168903 0.2455677 0.8746972 0.4178533 0.3846901 0.7008206 0.6007196 0.385405 0.6995787 0.6017082 0.4882013 0.4717778 0.7342242 0.4885135 0.4706537 0.7347379 0.5457401 0.2022477 0.8131813 0.5458745 0.2006675 0.8134825 0.5564454 -0.08978104 0.8260194 0.5563601 -0.09096473 0.8259473 0.5085484 -0.4019225 0.7614702 0.5080636 -0.4037152 0.7608451 0.4588306 -0.5549731 0.6938872 -0.7717188 0.01254594 0.6358402 -0.7724656 0.01824498 0.6347947 -0.7724767 0.01847785 0.6347743 -0.7769052 0.02254933 0.6292136 -0.7769539 0.02345174 0.6291206 -0.785528 0.03822368 0.6176445 -0.7858448 0.03841894 0.6172293 -0.7893999 0.0379495 0.6127052 -0.7893369 0.03767454 0.6128034 -0.7879417 0.04025787 0.6144324 -0.787994 0.04040807 0.6143556 -0.784042 0.0363546 0.6196423 -0.7834255 0.03610914 0.620436 -0.7790032 0.02841562 0.6263758 -0.7784135 0.02764362 0.627143 -0.7728753 0.02071237 0.63422 -0.7724382 0.01992028 0.6347774 -0.7734654 0.008128404 0.6337865 -0.7732251 0.006935358 0.6340938 -0.769849 -0.00330466 0.6382176 -0.7699743 -0.004214704 0.6380611 -0.7728918 -0.01857644 0.634266 -0.7732251 -0.02097707 0.6337846 -0.7756388 -0.02851891 0.6305325 -0.585143 -0.3223818 -0.7440953 -0.5596612 -0.4260367 -0.710825 -0.5596534 -0.4261432 -0.7107673 -0.5044126 -0.58315 -0.636792 -0.5047399 -0.5834712 -0.6362382 -0.2570728 -0.914678 -0.3118939 -0.2568854 -0.9147789 -0.3117523 -0.1838074 -0.9592834 -0.2144539 -0.1838216 -0.9592703 -0.2144998 -0.1985364 -0.9515912 -0.2346436 -0.1985049 -0.9516059 -0.2346103 -0.3038921 -0.8761234 -0.3742424 -0.3041698 -0.8759095 -0.3745176 -0.4442431 -0.7003444 -0.5587182 -0.4444432 -0.7000734 -0.5588984 -0.5468061 -0.4703366 -0.6926664 -0.5468735 -0.4700577 -0.6928024 -0.6039158 -0.2001011 -0.7715215 -0.6039427 -0.1998896 -0.7715551 -0.6146886 0.09264755 -0.7833099 -0.6147233 0.09290248 -0.7832524 -0.5661171 0.4041323 -0.7184627 -0.5659151 0.4049137 -0.7181817 -0.5149476 0.5552536 -0.6530869 -0.5890332 -0.3062725 0.7478216 -0.539414 -0.4025878 0.7395645 -0.5388531 -0.4040647 0.7391679 -0.4732475 -0.5515133 0.6869279 -0.4706231 -0.5564391 0.684755 -0.1453616 -0.865512 0.479332 -0.142 -0.8672116 0.4772631 -0.04934751 -0.9092844 0.4132394 -0.04890167 -0.9093995 0.4130392 -0.06835043 -0.9014814 0.4273869 -0.06760829 -0.9017507 0.4269367 -0.2060487 -0.8325232 0.5142461 -0.2115213 -0.8290362 0.5176464 -0.391925 -0.6677666 0.632837 -0.3973194 -0.6613414 0.6362113 -0.5241489 -0.4488217 0.723759 -0.5270007 -0.4423725 0.7256561 -0.6031647 -0.1943876 0.7735669 -0.6048441 -0.1849222 0.7745757 -0.6178742 0.08476316 0.7816949 -0.6172628 0.0912624 0.781446 -0.5568869 0.3723555 0.7424476 -0.5530909 0.3838103 0.7394459 -0.4977173 0.519101 0.6948466 -0.7633054 -0.1378507 -0.6311595 -0.7858665 -0.1143372 -0.6077344 -0.7628107 -0.1394683 -0.631402 -0.7429787 -0.1926567 -0.6409884 -0.6283116 -0.2996125 -0.7179532 -0.7405009 -0.1988019 -0.6419785 -0.624972 -0.3012024 -0.7201994 -0.5942547 -0.3144623 -0.7402532 -0.593985 -0.3144819 -0.7404614 -0.6014513 -0.3114026 -0.7357207 -0.6476497 -0.2941636 -0.7028639 -0.6534506 -0.2912191 -0.6987087 -0.711211 -0.233905 -0.6629234 -0.7170799 -0.2278548 -0.6586946 -0.7587118 -0.1581832 -0.6319293 -0.7619547 -0.1517521 -0.6296002 -0.7882087 -0.07127159 -0.6112672 -0.7904667 -0.06166154 -0.6093934 -0.7917389 0.0276519 -0.6102334 -0.791476 0.03446751 -0.6102278 -0.7727209 0.1295756 -0.6213796 -0.7694089 0.1424382 -0.6226728 -0.7507767 0.1915399 -0.6321763 -0.7506737 0.1914438 -0.6323278 0.5722479 0.408356 -0.7111806 0.6222524 0.3113437 -0.718239 0.5717324 0.4096553 -0.7108479 0.5029017 0.5604943 -0.6579789 0.1733671 0.8779188 -0.446321 0.5005601 0.5647557 -0.6561179 0.1706304 0.8792837 -0.4446859 0.07410991 0.921794 -0.3805307 0.07388752 0.9218266 -0.3804948 0.09484422 0.9139379 -0.3946166 0.2327988 0.8434488 -0.4841477 0.2379076 0.8401337 -0.4874171 0.4226793 0.6776462 -0.601779 0.4274513 0.6719018 -0.6048416 0.55489 0.4557051 -0.6960101 0.5574933 0.4498718 -0.6977225 0.6356114 0.1978914 -0.7462152 0.637087 0.1894965 -0.7471354 0.6501073 -0.08424526 -0.7551578 0.6495794 -0.09021091 -0.754923 0.5910851 -0.3772466 -0.7129541 0.5875307 -0.3877972 -0.7102261 0.5261922 -0.525961 -0.6681967 0.5259708 -0.5259208 -0.6684026 0.8328999 0.1413702 0.5350629 0.8057327 0.1711332 0.567017 0.8051885 0.1730831 0.5671982 0.7787433 0.2372832 0.5807371 0.7756175 0.2443013 0.582009 0.6384775 0.3728054 0.6733222 0.6345784 0.3746336 0.6759882 0.5958661 0.3901301 0.701956 0.595479 0.3902458 0.7022202 0.6049321 0.3865371 0.6961654 0.6038073 0.3869732 0.6968993 0.661087 0.3614237 0.6575234 0.6678588 0.3578441 0.6526196 0.7409034 0.2908822 0.6053509 0.7479644 0.2838414 0.5999862 0.8003897 0.1967267 0.5662819 0.804349 0.1890656 0.5632734 0.8338844 0.08744877 0.5449675 0.8365029 0.07600355 0.5426662 0.8411312 -0.03394365 0.5397651 0.8406976 -0.04218959 0.5398589 0.8160266 -0.1599796 0.5554343 0.8117698 -0.1752327 0.5570667 0.7893339 -0.2375639 0.5661408 -0.4278228 -0.1871556 0.884274 -0.4693774 -0.2302871 0.8524394 -0.4276303 -0.1870782 0.8843834 -0.4696266 -0.2326477 0.8516607 -0.4841811 -0.319679 0.8144778 -0.4853569 -0.3283666 0.8103111 -0.60491 -0.4986841 0.6208043 -0.6081063 -0.501091 0.6157229 -0.63851 -0.5253114 0.5624527 -0.6388128 -0.5253614 0.562062 -0.6302677 -0.5220087 0.574691 -0.5832268 -0.4840771 0.6523159 -0.5775847 -0.4794603 0.6606919 -0.5147183 -0.3914924 0.7627573 -0.5088119 -0.3823289 0.7713204 -0.4665456 -0.2638633 0.8442224 -0.4631647 -0.2544672 0.8489552 -0.440061 -0.1166179 0.8903632 -0.4374922 -0.1026216 0.8933473 -0.4328864 0.04648435 0.9002493 -0.4330692 0.05644762 0.8995915 -0.4517393 0.2089851 0.8673274 -0.453439 0.2260034 0.8621575 -0.4661902 0.3013956 0.8317617 -0.4664272 0.3012795 0.8316708 -0.7942207 0.3823511 -0.4722512 -0.7943582 0.2944066 -0.5313378 -0.7936804 0.384301 -0.4715765 -0.7428671 0.5267866 -0.4130914 -0.5593802 0.8238958 -0.09104722 -0.740171 0.5331649 -0.4097343 -0.557144 0.8258594 -0.08687406 -0.5009695 0.8654561 0.003933668 -0.5009099 0.8654892 0.004230856 -0.512322 0.8586304 -0.01673489 -0.5908979 0.7930309 -0.1481277 -0.5949093 0.7886314 -0.1553822 -0.6958842 0.6379567 -0.3297825 -0.6998855 0.6297677 -0.3369764 -0.7756907 0.4301769 -0.4617919 -0.7778856 0.4219683 -0.4656574 -0.821734 0.1878037 -0.5380362 -0.8228254 0.1758703 -0.5403961 -0.8320083 -0.0780642 -0.5492432 -0.8316653 -0.08645683 -0.5485053 -0.7928392 -0.3540959 -0.4960062 -0.7894122 -0.3676332 -0.4916037 -0.7493815 -0.4984138 -0.4359026 -0.7495591 -0.4983626 -0.4356557 0.4794139 0.1715047 -0.8606675 0.5176896 0.2093124 -0.8295698 0.5179163 0.211555 -0.8288589 0.5285452 0.2929912 -0.7967411 0.5298585 0.3011367 -0.792822 0.639723 0.4556415 -0.6189874 0.6426158 0.4578192 -0.6143668 0.6719934 0.4777044 -0.5658829 0.6722665 0.4777994 -0.5654782 0.6635352 0.4756477 -0.5774776 0.6643622 0.4761416 -0.5761182 0.6202386 0.4421311 -0.6479385 0.6148645 0.4378297 -0.655932 0.5588123 0.3571701 -0.7484373 0.5531873 0.3487473 -0.7565442 0.5167743 0.2399203 -0.8218166 0.513571 0.2310623 -0.8263504 0.4888368 0.1073847 -0.8657409 0.4864369 0.0941925 -0.8686236 0.4849853 -0.04175734 -0.8735249 0.4850648 -0.05117553 -0.8729796 0.5009984 -0.1901788 -0.8442942 0.5025218 -0.2064234 -0.8395602 0.515327 -0.2751191 -0.8116327 0.816159 -0.2883755 0.5007238 0.8125662 -0.3758164 0.4455315 0.8120317 -0.3778579 0.4447788 0.7647566 -0.5159683 0.3859071 0.7618262 -0.5228824 0.3823806 0.582345 -0.8098809 0.07047975 0.5798512 -0.8120579 0.06583875 0.5261812 -0.8500314 -0.02408766 0.5260591 -0.8500953 -0.02449613 0.5368013 -0.8437026 -0.003256797 0.5360262 -0.8441894 -0.00450325 0.6124797 -0.7802501 0.1268007 0.6166793 -0.7756355 0.1345228 0.7167832 -0.6267275 0.3056708 0.7209358 -0.6180877 0.3133997 0.7971287 -0.4213209 0.4325211 0.7994441 -0.4126499 0.436588 0.8389493 -0.1842342 0.5120761 0.8401152 -0.1716413 0.5145344 0.8487846 0.07826721 0.5229141 0.8483667 0.08712631 0.5221906 0.8129653 0.34865 0.4664018 0.809319 0.3628541 0.4618871 0.76863 0.4902201 0.410965 0.3835512 0.9094847 -0.1603937 0.3839014 0.9092808 -0.1607121 0.383976 0.9093413 -0.1601901 -0.3541368 0.3573477 0.8642278 -0.3542563 -0.3573471 0.8641791 -0.3542096 0.357349 0.8641975 0.3606035 0.3573653 0.8615424 0.3606622 -0.3573593 0.8615202 0.3607108 0.3573583 0.8615003 0.8642057 0.3573632 0.3541752 0.8642363 -0.3573643 0.3540995 0.8642376 0.357362 0.3540986 0.8615074 0.3573498 -0.3607023 0.8615521 -0.3573867 -0.3605589 0.8615317 0.3573898 -0.3606045 0.3541435 0.3573504 -0.8642241 0.3542636 -0.3573446 -0.8641773 0.3542168 0.357347 -0.8641954 -0.36065 0.3573606 -0.8615248 -0.3607071 -0.357364 -0.8614996 -0.3607084 0.3573618 -0.8614999 -0.8642029 0.3573604 -0.3541851 -0.8642127 -0.3573582 -0.3541634 -0.8642327 0.3573574 -0.3541153 -0.8614919 0.357343 0.3607462 -0.8615477 -0.3573487 0.3606073 -0.8615477 0.3573501 0.3606057 -0.1551517 0.9124868 0.3785443 0.1550921 0.9124989 -0.3785395 -0.1551376 0.9124755 0.3785773 0.1579607 0.9124869 0.3773805 -0.1579655 0.91248 -0.3773952 0.1579521 0.9124951 0.3773646 0.3785345 0.912487 0.1551753 -0.378507 0.9125057 -0.1551318 0.3785501 0.9124888 0.1551259 0.377335 0.9125065 -0.157957 -0.3773771 0.9124927 0.1579355 -0.3773462 0.9124869 0.158043 0.1551191 0.9125258 -0.3784639 -0.1551173 0.9125052 0.378514 -0.1551051 0.9124478 0.3786578 -0.1579594 0.9124869 -0.3773814 0.1579915 0.9125133 0.3773037 0.1579921 0.9125065 0.3773201 -0.37853 0.912503 -0.1550914 0.3785254 0.9125148 0.1550332 0.37852 0.9124989 0.1551401 -0.3773671 0.9124869 0.1579926 0.3773507 0.9125028 -0.1579405 0.3773388 0.9125065 -0.1579475 0.3540617 0.3573431 -0.8642604 0.3542227 -0.3573448 -0.8641938 0.354224 0.3573471 -0.8641924 -0.3606101 0.3573622 -0.8615409 -0.3606666 -0.3573622 -0.8615173 -0.3607152 0.3573605 -0.8614976 -0.8641979 0.3573644 -0.3541932 -0.8642287 -0.3573629 -0.3541193 -0.8642299 0.357361 -0.3541184 -0.8615148 0.3573511 0.3606835 -0.8615505 -0.3573496 0.3605996 -0.8615305 0.3573508 0.3606462 -0.3541244 0.3573508 0.8642317 -0.3541995 -0.3573515 0.8642006 -0.3542 0.3573523 0.8642001 0.3606306 0.3573632 0.8615319 0.3606871 -0.3573611 0.861509 0.3606883 0.3573597 0.8615092 0.864196 0.3573632 0.3541989 0.8642261 -0.3573641 0.3541247 0.8642273 0.3573619 0.3541238 0.8615013 0.3573959 -0.3606711 0.861537 -0.3573944 -0.3605873 0.8615171 0.3573957 -0.3606339 0.1551522 -0.912468 -0.3785895 -0.1551405 -0.9124771 0.3785723 -0.1551204 -0.9125261 0.3784625 -0.1579486 -0.9125257 -0.3772919 0.1579602 -0.912497 0.3773567 0.158003 -0.9124673 0.3774103 -0.3785151 -0.9125065 -0.1551073 0.3785488 -0.9124879 0.1551343 0.3785647 -0.9124869 0.1551016 -0.3773859 -0.912487 0.1579483 0.3773618 -0.9124874 -0.1580024 -0.3773646 -0.9124857 0.1580055 -0.1551594 -0.9125223 0.3784556 0.1551355 -0.9125394 -0.3784241 -0.1551328 -0.912451 0.3786385 0.1579674 -0.9124869 0.3773777 -0.1579928 -0.912482 -0.3773791 0.1579667 -0.9124914 0.3773672 0.3785551 -0.9124869 0.1551249 -0.3785532 -0.9124879 -0.1551239 0.3785505 -0.9124865 0.1551391 0.3773493 -0.9125064 -0.1579226 -0.3773568 -0.9124916 0.1579901 0.3773639 -0.9124964 -0.1579462 -0.9751473 0.2215272 0.003670811 -0.6056331 0.5107119 0.6102311 -0.6871162 0.2204477 0.6922963 0.003666639 0.2214802 0.975158 0.611449 0.5078335 0.6068241 0.6922742 0.2205599 0.6871024 0.9752529 0.2210617 -0.003683865 0.8002802 0.5777187 0.1606016 0.6870089 0.2211695 -0.6921727 0.6836541 0.5749113 -0.4495489 -0.00366646 0.2211093 -0.9752422 0.1606467 0.5777185 -0.8002712 -0.6922064 0.2210774 -0.6870045 -0.4522442 0.5777226 -0.6794938 0.01632624 0.9998667 -6.38996e-5 0.01150351 0.9998666 -0.01160228 0.01150315 0.9998666 -0.01160049 -6.15766e-5 0.9998669 -0.01632231 -6.10121e-5 0.9998669 -0.01631838 -0.01159018 0.9998666 -0.01150965 -0.01632916 0.9998667 6.07684e-5 -0.01632905 0.9998668 6.17599e-5 -0.01150262 0.9998667 0.01158487 -0.01150321 0.9998669 0.01158249 6.13028e-5 0.9998668 0.01632767 6.167e-5 0.9998667 0.01633006 0.01158851 0.9998667 0.01150161 0.01158851 0.9998667 0.01150327 0.9893022 -0.145834 -0.003706991 0.7044289 0.002064764 -0.7097717 0.6969239 -0.1457923 -0.7021694 -0.003764688 0.00205481 -0.9999908 -0.003704309 -0.1458125 -0.9893054 -0.709766 0.003301084 -0.7044299 -0.7021952 -0.1456588 -0.6969257 -0.9893052 -0.1458122 0.003735065 -0.9999908 0.00205338 0.003757536 -0.6968935 -0.1459559 0.7021654 -0.7044308 -4.63724e-5 0.7097727 0.003775 0.002058625 0.9999908 0.003704726 -0.145817 0.9893047 0.7097651 0.002057313 0.7044354 0.7021567 -0.1458659 0.6969212 0.9999908 0.002020657 -0.003769159 0 -1 -4.13036e-6 0 -1 3.47953e-6 0 -1 -6.96079e-6 0 -1 2.20775e-6 0 -1 1.53618e-6 0 -1 -5.42612e-7 0 -1 -1.58374e-5 0 -1 -2.20928e-6 0 -1 -3.48536e-6 0 -1 -1.81697e-6 0 -1 -9.32923e-7 0 -1 -1.53958e-6 0 -1 -1.36529e-7 0 -1 -6.19854e-5 0 -1 -3.8309e-6 0 -1 -6.33476e-5 0 -1 8.07804e-6 0 -1 8.8665e-6 0 -1 -3.83235e-6 0 -1 -3.75913e-6 0 -1 3.02692e-5 0 -1 3.10256e-5 0 -1 -6.43889e-5 0 -1 -6.51253e-5 0 -1 -2.56173e-6 0 -1 -1.09304e-6 0 -1 4.26724e-5 0 -1 4.4107e-5 0 -1 -4.26795e-6 0.8035724 -0.5951995 -0.003034472 0.5662045 -0.5949715 -0.5704573 0.565787 -0.5957526 -0.5700561 -0.003017008 -0.5949488 -0.8037581 -0.003019213 -0.5957207 -0.8031861 -0.570468 -0.594954 -0.5662121 -0.5700693 -0.5957254 -0.5658023 -0.8037614 -0.5949441 0.003033876 -0.8031855 -0.5957214 0.003032505 -0.5666912 -0.5940182 0.5709673 -0.5653757 -0.5965253 0.5696561 0.003026366 -0.5952367 0.8035447 0.00302273 -0.5964837 0.8026195 0.570968 -0.5940136 0.566695 0.5696592 -0.5965282 0.5653693 0.8026264 -0.5964746 -0.003012716 0 -1 -1.43333e-5 0 -1 -1.27653e-5 0 -1 -1.43355e-5 0 -1 -1.31665e-5 0 -1 -1.48608e-5 0 -1 -1.47812e-5 0 -1 3.02868e-5 0 -1 3.0807e-5 0 -1 2.51178e-5 -0.05410641 -0.995783 0.07408744 -0.05410325 -0.9957832 0.0740866 -0.01341235 -0.995798 0.09058976 -0.01341634 -0.9957984 0.09058439 0 -1 -3.11317e-5 0 -1 -3.05363e-5 0.716259 -0.6978295 -0.002696931 0.6776339 -0.2732528 -0.6827483 0.5045989 -0.6977936 -0.5083938 -0.003635466 -0.26282 -0.9648382 -0.002693772 -0.6978288 -0.7162595 -0.5083999 -0.6978036 -0.5045788 -0.683712 -0.2684987 -0.678562 -0.7162516 -0.6978369 0.002704501 -0.963276 -0.2684889 0.003648042 -0.4917878 -0.7334473 0.4692546 -0.6776965 -0.2728552 0.6828452 0.003613889 -0.2653921 0.9641339 0.02080953 -0.7331058 0.6797962 0.5084048 -0.6977894 0.5045936 0.6836942 -0.2685079 0.6785763 0.847184 -0.4918042 0.2010178 0 -1 -2.69396e-7 0 -1 -9.18198e-7 0 -1 -1.07662e-6 0 -1 5.8474e-7 0 -1 -1.58532e-6 0 -1 -1.02997e-5 -0.9931623 -0.1166821 0.0037238 -0.704838 -0.1168814 -0.6996729 -0.6996495 -0.1167903 0.7048764 0.003771245 -0.1168472 0.9931429 0.7048476 -0.1167184 0.6996905 0.993121 -0.117036 -0.003669619 0.6996316 -0.1166914 -0.7049105 -0.4896647 0.8719089 0.001834154 -0.3448845 0.8719542 0.3474922 0.2573493 -0.966318 -9.72529e-4 0.1812648 -0.9663218 -0.1826617 0.2573508 -0.9663177 -9.73976e-4 0.001840412 0.8719497 0.4895922 0.1871317 0.6095573 0.7703387 -9.57469e-4 -0.9663252 -0.2573224 -9.71829e-4 -0.9663258 -0.2573196 0.347522 0.8719244 0.3449295 -0.1826113 -0.966335 -0.1812455 -0.1826218 -0.9663351 -0.1812341 0.4896531 0.8719154 -0.001844108 -0.2573029 -0.9663305 9.59605e-4 -0.2573032 -0.9663304 9.61113e-4 0.3449946 0.8718764 -0.3475777 -0.1812636 -0.9663215 0.1826644 -0.001834988 0.8719125 -0.4896584 9.45227e-4 -0.9663183 0.2573481 9.73944e-4 -0.9663195 0.2573436 -0.3475622 0.8719094 -0.344927 0.1826077 -0.9663407 0.1812185 0.1826207 -0.9663409 0.1812044 -0.6226264 0.7783631 0.08054381 -0.6994264 -0.1194672 0.7046492 -0.9928489 -0.1193196 0.003757357 -0.6993368 -0.1194778 0.7047362 0.6802203 -0.2599738 -0.6853569 0.9655647 -0.260138 -0.003637194 0.680224 -0.2599636 -0.685357 0.003696918 -0.1193546 0.9928449 0.003801167 -0.1193538 0.9928445 -0.003615975 -0.2600521 -0.9655878 -0.003633975 -0.2600539 -0.9655873 0.7046804 -0.1191166 0.6994546 0.7047542 -0.1191015 0.6993829 -0.6853468 -0.2600522 -0.6802005 -0.6853296 -0.2600526 -0.6802176 0.9928233 -0.1195366 -0.003624141 0.9928236 -0.1195292 -0.003782272 -0.9656243 -0.2599171 0.00358808 -0.9656223 -0.2599227 0.00370872 0.699454 -0.1191249 -0.7046797 0.6994088 -0.1191059 -0.7047277 -0.6801992 -0.260003 0.6853668 -0.6802148 -0.2600103 0.6853485 -0.003695189 -0.11917 -0.992867 -0.003736734 -0.1191681 -0.9928671 0.003611087 -0.2600489 0.9655887 0.003631055 -0.2600454 0.9655896 -0.7046532 -0.1192409 -0.6994609 -0.7047223 -0.11924 -0.6993914 0.6853532 -0.2599912 0.6802174 0.68534 -0.2599946 0.6802293 -0.9928499 -0.1193116 0.003724098 0.9655612 -0.2601508 -0.003644466 0 1 -4.97142e-6 -0.1253235 0.9918958 -0.02089899 -0.1234909 0.9808651 -0.1505115 -0.04521304 0.9982885 0.03709375 -0.003266394 0.9986321 0.05218565 0.09318715 0.9913256 -0.092682 -0.02867925 0.9993118 0.02352821 0.3764091 0.9121485 -0.1621776 0.1906283 0.9805569 -0.04657459 -0.2171607 0.9759204 0.02050852 -0.07956147 0.9921025 -0.09696811 -0.1221667 0.9875462 0.09913587 0.3043416 0.9482695 -0.09033989 0.1341735 0.9866735 -0.09204888 0 1 -1.62863e-6 -0.1421563 0.9798573 0.1402547 -0.1995479 0.979888 -5.18892e-4 0.211889 0.9336808 -0.2886925 0.03725421 0.9693201 -0.2429624 0 1 -1.24288e-6 -0.2205485 0.975375 0.001403689 -0.1514109 0.9336814 -0.3245213 -0.1912096 0.9529592 -0.2351759 0.04294461 0.8991718 -0.4354836 -0.7044556 0 0.7097481 -0.9239476 0 0.3825194 -0.9224498 0 0.386117 -0.3756343 3.23615e-5 0.9267681 -0.6976268 0.2695134 0.6638369 0.3335046 -0.1142081 0.9358052 -0.3349677 0.1075978 0.9360659 0.7097255 0 0.7044784 0.3861365 0 0.9224417 0.9267694 0 0.3756311 0.6680962 -0.2662232 0.6948185 0.9239122 3.61819e-5 -0.3826044 0.9253266 0 0.3791713 0.7043763 0 -0.7098268 0.9224405 0 -0.3861394 0.3755747 3.67073e-5 -0.9267922 0.6625344 -0.264671 -0.7007122 -0.4101566 0.1761246 -0.8948473 0.1730871 -0.1978142 -0.964837 -0.7097777 1.5984e-6 -0.7044258 -0.3861485 0 -0.9224367 -0.9267674 3.63338e-5 -0.3756358 -0.7025152 0.2702821 -0.6583464 -0.9253163 0 -0.3791962 0 -1 -1.00204e-4 0 -1 -1.00359e-4 0 -1 -4.62795e-5 0 -1 -1.45917e-4 -0.8098873 -0.5865756 0.003438055 -0.8098661 -0.5866075 0.00294286 -0.8100901 -0.5862938 0.003714501 -0.8100218 -0.5863888 0.003598511 -0.8088622 -0.5879808 0.004542291 -0.8102396 -0.586093 0.002607464 -0.8101902 -0.5861628 0.00224471 0 -1 -2.33309e-5 0 -1 -4.22998e-5 -0.8096804 -0.5868644 0.00281912 -0.8097991 -0.5867003 0.002872645 -0.8098911 -0.5865728 0.003023087 -0.8096002 -0.5869728 0.003236591 -0.8100315 -0.5863794 0.002864539 -0.8104925 -0.5857444 0.002359032 -0.8092167 -0.5875044 0.002667069 -0.8087326 -0.5881648 0.003738939 -0.2533164 0.3259857 -0.9108042 0.2201753 -0.3041111 -0.9268438 -0.2807154 0.2102548 -0.9364784 0.3923817 -0.241133 -0.8876325 0.4491337 0.1602375 -0.8789783 -0.3459751 -0.1115078 -0.9315939 0.1600306 0.4469634 -0.8801216 -0.1225054 -0.3329102 -0.9349671 -0.07177865 0.4260284 -0.901858 0.0560739 -0.3774493 -0.9243311 -0.2341638 0.3314257 -0.9139608 0.2427003 -0.3106302 -0.9190242 -0.4502143 0.5680142 -0.6889608 -0.355489 0.6159135 -0.7030492 -0.8123949 0.09369051 -0.5755317 -0.583983 -0.5655085 -0.582378 -0.2073514 -0.6940169 -0.6894534 0.1400892 -0.714235 -0.685743 -0.5867546 0.7246441 -0.3614003 -0.4636805 0.8035057 -0.3733353 -0.9574004 0.08368855 -0.2763708 -0.7183607 0.06190651 -0.6929109 -0.6706058 -0.6867163 -0.2805508 -0.01753383 -0.9495652 -0.313079 0.6023433 -0.7239546 -0.3362622 0.4551917 -0.5496385 -0.7004984 -0.7008666 0.6574386 0.2766956 -0.7020308 0.6574988 -0.2735837 -0.6617469 0.6946142 0.2821385 -0.930118 0.07052028 0.3604267 -0.9554343 0.08396673 0.2830106 -0.6438596 -0.6766584 0.3571812 -0.6677502 -0.6861753 0.2885711 -0.009775638 -0.9318994 0.3625854 -0.01524072 -0.9490568 0.3147366 0.6054461 -0.7079135 0.3637217 0.6044043 -0.7233101 0.3339431 0.6329382 -0.710196 0.3082385 0.5338062 -0.7577931 -0.3752341 0.5361031 -0.7581972 0.3711205 0.4538274 -0.807641 0.3765059 0.4502637 -0.8063873 -0.3834089 0.9161019 -0.1954123 0.3501021 0.9435151 -0.2075497 -0.2582685 0.9123587 -0.1951712 -0.3598747 0.7300044 0.5870874 0.3498885 0.7544487 0.6019782 -0.2615901 0.7265326 0.5865148 -0.3579816 0.07890617 0.929908 0.3592283 0.08084833 0.9576283 -0.2764269 0.07515799 0.9293387 -0.361498 -0.5097302 0.7809342 -0.3609947 -0.515213 0.8017263 0.3029695 -0.5173141 0.8011982 -0.3007782 0.6314177 -0.7093157 -0.3133418 0.406652 -0.574465 -0.7103691 0.6282989 -0.4282941 -0.649465 0.6694667 0.5400866 -0.5100204 0.2805755 0.7071676 -0.6489927 -0.105004 0.7365875 -0.6681415 0.7031964 -0.1396108 -0.6971539 -0.4025281 0.5963497 -0.6945058 -0.4351649 0.5726948 0.6947318 -0.4601965 0.8027376 0.3792514 -0.7120074 0.06189942 0.6994383 -0.2018149 -0.6928573 0.6922569 0.145164 -0.7134165 0.6855396 0.4597581 -0.5487692 0.6981941 -0.09730261 0.2998747 0.9490034 -0.349339 0.6144522 0.7073972 -0.8057972 0.09337204 0.5847843 -0.3384263 -0.1108129 0.9344455 -0.5795076 -0.5653246 0.5870085 -0.1140469 -0.3313164 0.9366018 0.06335914 -0.3761803 0.9243776 0.2483698 -0.3092989 0.9179579 0.2260608 -0.3053358 0.9250225 -0.271356 0.2089481 0.9395247 0.3990865 -0.2426345 0.8842276 0.4579231 0.1609712 0.8742967 0.1579966 0.4497893 0.8790488 -0.0715301 0.4310939 0.8994674 -0.2269389 0.3330127 0.9152056 0.4111179 -0.5751145 0.7072662 0.7095943 -0.1398823 0.6905859 0.2855182 0.7075809 0.6463812 -0.1001124 0.7380123 0.6673197 -0.3976861 0.5969357 0.6967881 0.6340012 -0.4292131 0.6432874 0.673844 0.5404394 0.5038447 -0.5072014 0.781376 0.3635911 0.1574417 0.9093206 -0.38516 -0.1605574 0.9094801 -0.3834936 0.1570519 0.9095401 -0.3848009 -0.2951955 0.9094216 -0.2929368 -0.1607412 0.9094253 -0.3835465 -0.1606436 0.9093194 -0.3838385 -0.3850952 0.9093168 -0.1576216 -0.2955032 0.9094251 -0.2926158 -0.4046393 0.9064007 0.1212636 -0.3830882 0.9097065 0.1602425 -0.3846269 0.9094583 -0.1579489 -0.1473804 0.6997698 0.6990002 -0.2434647 0.907544 0.3421827 -0.1576563 0.9092641 0.3852057 0.1605941 0.9093152 0.3838689 -0.1581567 0.9095049 0.3844314 0.295272 0.9093784 0.2929939 0.1604256 0.909369 0.3838124 0.1607621 0.9093677 0.3836741 0.3847398 0.9094755 0.1575749 0.2945718 0.9093745 0.2937098 0.3852132 0.9092927 0.157473 0.3836963 0.9093546 -0.160784 0.383736 0.9093306 -0.160825 0.2925066 0.9095091 -0.2953529 0.3837829 0.9094474 -0.1600503 0.2930629 0.909326 -0.295365 0 -1 -1.45766e-4 0 -1 -2.70217e-5 0 -1 1.15433e-4 0 0.9999997 8.88848e-4 0 -0.9999995 0.001015067 0 -1 -1.01915e-4 0 -1 4.26918e-5 0 -1 3.86633e-5 0 -1 -1.10486e-4 0 -1 -3.44282e-5 0 -1 6.67861e-5 0 -1 1.51051e-4 0 -1 4.03337e-5 0 -1 -3.21514e-5 0 -1 -6.05697e-5 0 -1 -5.96267e-5 0 -1 -9.65504e-5 0 -1 -6.50553e-5 0 -1 3.80859e-5 0 -1 1.4436e-5 0 -1 1.21891e-4 0 -1 -1.92436e-5 0 -1 1.08966e-4 0 -1 6.47988e-5 0 -1 4.23142e-5 0.5292781 0.2980971 -0.7943568 0.4739848 0.3886087 -0.7901403 0.5294039 0.2983024 -0.794196 0.4733835 0.3903307 -0.7896519 0.4124941 0.5344041 -0.7377404 0.4093681 0.5403015 -0.7351818 0.09441065 0.8369706 -0.5390425 0.09051924 0.8388094 -0.5368474 -8.83888e-4 0.8787693 -0.4772461 -0.001290321 0.8788278 -0.4771375 0.01902163 0.8711553 -0.4906391 0.1519965 0.8059024 -0.572205 0.1587681 0.8016923 -0.5762658 0.3297117 0.6467502 -0.6877533 0.3363801 0.6389452 -0.6918073 0.4627264 0.4365665 -0.771553 0.4662424 0.4288548 -0.7737581 0.5387542 0.190402 -0.820665 0.5408705 0.1791543 -0.8218047 0.5512875 -0.07945859 -0.830523 0.550572 -0.08748173 -0.8301913 0.4936453 -0.3647041 -0.7894969 0.4893116 -0.3780372 -0.7859148 0.4329496 -0.5138608 -0.7406091 0.4327158 -0.513813 -0.7407789 0.776404 0.1097974 0.6205977 0.7537633 0.1338719 0.6433656 0.75336 0.1354073 0.6435167 0.7331286 0.1857585 0.6542295 0.7306572 0.1914262 0.6553595 0.6226887 0.2916882 0.7260695 0.619492 0.2931833 0.7281987 0.5892448 0.3070643 0.74733 0.588968 0.3070198 0.7475665 0.5960636 0.3021157 0.7439316 0.5951513 0.302228 0.7446162 0.6404873 0.2836873 0.7136508 0.6461114 0.2807543 0.7097304 0.7029674 0.2276998 0.6737875 0.7088224 0.2218418 0.6695948 0.7500281 0.1544029 0.6431311 0.753232 0.1481756 0.6408476 0.7778363 0.06909024 0.6246578 0.7801824 0.05979931 0.6226873 0.7809551 -0.02653509 0.6240233 0.7807448 -0.03313881 0.6239706 0.7643684 -0.1202667 0.6334643 0.7613997 -0.1319698 0.6347081 0.7453841 -0.1752036 0.6432 -0.4563266 -0.2850434 0.8429213 -0.4010412 -0.3715958 0.8373067 -0.4002913 -0.373757 0.8367034 -0.342007 -0.5096828 0.7894649 -0.3386014 -0.5168456 0.7862696 -0.03713524 -0.8002706 0.598488 -0.03242117 -0.802572 0.5956737 0.05398994 -0.8400397 0.5398321 0.05440682 -0.8401005 0.5396956 0.0352233 -0.8332015 0.5518466 0.03654158 -0.8336403 0.5510976 -0.0924772 -0.7714844 0.6294918 -0.1002543 -0.7667632 0.6340531 -0.2627123 -0.6185796 0.7405009 -0.2703911 -0.6097358 0.7450577 -0.3905935 -0.4174592 0.8204661 -0.3948043 -0.4084604 0.8229761 -0.4630036 -0.1818304 0.8675053 -0.4656747 -0.1687571 0.8687165 -0.4736512 0.07715243 0.8773267 -0.4729365 0.08647346 0.8768429 -0.4187152 0.3489555 0.8383958 -0.4138904 0.3645505 0.834145 -0.3658363 0.4937713 0.788894 -0.7875638 -0.159462 -0.5952439 -0.8123907 -0.1295242 -0.5685462 -0.7870509 -0.1613188 -0.595422 -0.7614639 -0.2198328 -0.6097921 -0.6310656 -0.346664 -0.6939599 -0.7586579 -0.2265521 -0.6108292 -0.6273039 -0.3484632 -0.6964649 -0.5911085 -0.3618376 -0.7208775 -0.5907959 -0.3619059 -0.7210994 -0.5997819 -0.3601302 -0.7145404 -0.6519809 -0.3357807 -0.6798325 -0.6584958 -0.3323485 -0.6752243 -0.7263228 -0.269368 -0.6323734 -0.7328704 -0.2626252 -0.6276376 -0.7827135 -0.1834164 -0.594742 -0.7864297 -0.1761155 -0.5920404 -0.8140944 -0.08115768 -0.5750337 -0.8167168 -0.0703994 -0.5727283 -0.8188828 0.03184139 -0.5730767 -0.8185339 0.03951269 -0.5730977 -0.7988737 0.1432247 -0.5841984 -0.7952126 0.1568074 -0.5857033 -0.7756788 0.2077634 -0.5959503 -0.7755869 0.2076669 -0.5961035 -0.7662423 -0.0155071 0.6423647 -0.7718889 -0.01866447 0.6354835 -0.7662124 -0.01552367 0.6424 -0.7718803 -0.01890772 0.6354866 -0.7720893 -0.0274263 0.634922 -0.7724418 -0.02816414 0.634461 -0.783814 -0.04436659 0.6194089 -0.7841966 -0.04457378 0.6189095 -0.7883992 -0.04197317 0.6137303 -0.7884559 -0.04180771 0.613669 -0.7868529 -0.04516643 0.6154856 -0.7829225 -0.04000604 0.6208316 -0.7823534 -0.03934341 0.621591 -0.7758743 -0.03362768 0.6299909 -0.7753155 -0.03252971 0.6307359 -0.7704995 -0.02294921 0.6370275 -0.7701503 -0.02194637 0.6374847 -0.7676027 -0.0101099 0.6408464 -0.7672351 -0.00869739 0.6413071 -0.7678042 0.004018664 0.6406719 -0.7677201 0.005041778 0.6407657 -0.7698187 0.01981002 0.6379551 -0.7701637 0.02223294 0.6374589 -0.7719519 0.03031551 0.6349578 -0.7719745 0.03028857 0.6349316 -0.5286964 0.3232101 -0.7848665 -0.4996226 0.4253838 -0.7546032 -0.4995624 0.4256729 -0.75448 -0.4472709 0.5837945 -0.6775935 -0.4468806 0.5846849 -0.677083 -0.1977868 0.9131714 -0.3563687 -0.1973671 0.9134477 -0.3558925 -0.125229 0.9580577 -0.2577661 -0.1251289 0.9580987 -0.2576622 -0.1408547 0.9503039 -0.2776373 -0.1407067 0.9504001 -0.2773829 -0.2448431 0.8753411 -0.4169292 -0.2455554 0.8746582 -0.4179421 -0.3846855 0.7008328 -0.6007084 -0.3854003 0.6995911 -0.6016968 -0.4881966 0.4717585 -0.7342398 -0.4885095 0.4706336 -0.7347534 -0.5457762 0.2022458 -0.8131574 -0.5459098 0.2006637 -0.8134597 -0.5564218 -0.08977359 -0.826036 -0.5563367 -0.09095829 -0.8259637 -0.5085586 -0.4019256 -0.7614618 -0.508075 -0.4037184 -0.760836 -0.4588485 -0.554964 -0.6938826 0.771714 0.01255446 -0.635846 0.7724362 0.01823884 -0.6348304 0.7724775 0.01846265 -0.6347738 0.7769203 0.02262651 -0.6291924 0.7769579 0.02349418 -0.6291142 0.7855378 0.03824883 -0.6176304 0.7858755 0.03847348 -0.6171867 0.7892341 0.03755581 -0.6129432 0.7892544 0.03757947 -0.6129154 0.7879536 0.04044049 -0.6144052 0.788068 0.04036659 -0.6142632 0.7840396 0.036493 -0.6196372 0.7834636 0.0360611 -0.6203905 0.7789745 0.0283308 -0.6264154 0.7783904 0.02756726 -0.6271749 0.7728679 0.02075201 -0.6342276 0.7724295 0.01995944 -0.6347867 0.7734403 0.008135855 -0.6338169 0.7732028 0.006940901 -0.634121 0.7698559 -0.003286838 -0.6382095 0.7699883 -0.004189312 -0.6380443 0.772872 -0.01856863 -0.6342902 0.7731745 -0.02097868 -0.6338464 0.7755367 -0.02856516 -0.630656 0.5851351 -0.3224075 0.7440903 0.5596585 -0.4260388 0.7108258 0.5596503 -0.4261448 0.7107688 0.5044094 -0.5831372 0.6368063 0.5047309 -0.5834994 0.6362195 0.2570589 -0.9146782 0.3119051 0.2568745 -0.9147764 0.3117688 0.1838226 -0.9592713 0.2144944 0.1837807 -0.959298 0.2144116 0.1985294 -0.9515935 0.23464 0.1984976 -0.9516088 0.2346048 0.3038892 -0.8761532 0.3741753 0.3041611 -0.8759399 0.3744537 0.4443175 -0.7002661 0.558757 0.4444363 -0.7000228 0.5589675 0.5468024 -0.4703479 0.6926616 0.5468701 -0.4700683 0.692798 0.6039177 -0.2001445 0.7715088 0.6039518 -0.1998463 0.7715594 0.614658 0.09265559 0.783333 0.6146934 0.09291023 0.7832751 0.5661064 0.404138 0.7184679 0.5658941 0.4049611 0.7181715 0.5149621 0.5551854 0.6531333 0.5890393 -0.3062818 -0.7478129 0.5394485 -0.4025502 -0.7395598 0.5388513 -0.4040592 -0.7391722 0.4732376 -0.5515071 -0.6869397 0.4706126 -0.5564329 -0.6847674 0.1453614 -0.8655633 -0.4792392 0.1420145 -0.8672532 -0.4771833 0.04928302 -0.9092801 -0.4132565 0.04895848 -0.9093549 -0.4131305 0.0683481 -0.9013996 -0.4275599 0.06760239 -0.9016687 -0.4271109 0.2060373 -0.832618 -0.5140972 0.2115569 -0.8291188 -0.5174995 0.3918686 -0.6677246 -0.6329162 0.3972349 -0.6613242 -0.6362821 0.5241449 -0.4488064 -0.7237715 0.5269914 -0.4424024 -0.7256448 0.6031798 -0.1943495 -0.7735648 0.6048594 -0.1848819 -0.7745734 0.6178334 0.08475655 -0.7817277 0.6172217 0.09125602 -0.7814792 0.5569211 0.3723594 -0.74242 0.553121 0.3838542 -0.7394006 0.4977034 0.5190542 -0.6948915 0.7633043 -0.137856 0.6311596 0.7858678 -0.1143229 0.6077353 0.7628098 -0.1394733 0.6314021 0.7429488 -0.1926354 0.6410294 0.6283719 -0.2996551 0.7178828 0.7404639 -0.1987732 0.6420301 0.6250339 -0.3012421 0.720129 0.5941729 -0.3144451 0.7403262 0.5939067 -0.3144183 0.7405512 0.6015058 -0.3109901 0.7358506 0.6476384 -0.294151 0.7028796 0.6534386 -0.2912011 0.6987274 0.7113069 -0.2339927 0.6627896 0.717187 -0.2279335 0.6585509 0.758647 -0.1581249 0.6320217 0.7618921 -0.1517329 0.6296806 0.7882394 -0.07128876 0.6112256 0.790494 -0.06167536 0.6093568 0.7917147 0.02776676 0.6102597 0.7914949 0.03445506 0.6102039 0.7727216 0.1295734 0.6213793 0.7694097 0.1423889 0.6226832 0.7507438 0.191547 0.6322134 0.7506389 0.191451 0.6323669 -0.5722166 0.4083954 0.7111831 -0.6222565 0.3113394 0.7182372 -0.5717614 0.4096249 0.710842 -0.5029015 0.5604966 0.657977 -0.1733611 0.8779065 0.4463478 -0.5005595 0.5647588 0.6561157 -0.1706294 0.8792732 0.444707 -0.07410508 0.9217972 0.3805242 -0.07383984 0.9218664 0.3804079 -0.09492009 0.9139741 0.3945146 -0.2328686 0.8433669 0.4842569 -0.2379105 0.8400595 0.4875435 -0.4226768 0.6776611 0.601764 -0.4274399 0.6719177 0.6048319 -0.554901 0.455738 0.6959798 -0.557505 0.4499059 0.6976912 -0.6355839 0.1978943 0.7462379 -0.6370593 0.1894986 0.7471584 -0.6501315 -0.08425492 0.7551358 -0.6496033 -0.09022039 0.7549012 -0.5910069 -0.3772442 0.71302 -0.5874868 -0.3878077 0.7102566 -0.5261204 -0.5259617 0.6682527 -0.5259009 -0.5259218 0.6684569 -0.832898 0.1413983 -0.5350584 -0.8057313 0.1711116 -0.5670254 -0.8051872 0.1730617 -0.5672066 -0.7787841 0.2373092 -0.5806717 -0.775664 0.2443368 -0.581932 -0.6384862 0.3728251 -0.673303 -0.6346198 0.3746345 -0.6759489 -0.5958351 0.3902093 -0.7019383 -0.595535 0.3902133 -0.7021907 -0.6048663 0.3866885 -0.6961386 -0.603747 0.3870324 -0.6969186 -0.6610386 0.3614854 -0.6575381 -0.6678754 0.3578395 -0.652605 -0.7409908 0.291217 -0.6050829 -0.7480117 0.2840074 -0.5998486 -0.8003842 0.196756 -0.5662793 -0.8043513 0.1890498 -0.5632754 -0.8338332 0.0874356 -0.5450478 -0.8364545 0.07599353 -0.5427421 -0.8411507 -0.03393948 -0.539735 -0.8407388 -0.04215282 -0.5397977 -0.8159889 -0.1599501 -0.5554982 -0.8117284 -0.1751966 -0.5571386 -0.7896351 -0.2376919 -0.5656668 0.4278236 -0.1871554 -0.8842736 0.4693871 -0.2302701 -0.8524385 0.4276259 -0.1871257 -0.8843756 0.4696364 -0.2326316 -0.8516597 0.4841824 -0.3196821 -0.8144758 0.4853595 -0.3283677 -0.8103092 0.604905 -0.4986893 -0.6208052 0.6081011 -0.5010957 -0.6157242 0.6385349 -0.5252251 -0.5625049 0.638797 -0.5254343 -0.5620118 0.6302478 -0.5220419 -0.5746826 0.5832951 -0.4840704 -0.6522598 0.5775852 -0.4794479 -0.6607006 0.5146492 -0.3915044 -0.762798 0.5088231 -0.3823162 -0.7713193 0.4665324 -0.2638709 -0.8442274 0.4631526 -0.2544742 -0.8489598 0.4400653 -0.1166208 -0.8903608 0.4374961 -0.1026242 -0.8933451 0.4328808 0.04648214 -0.9002521 0.4330747 0.05648994 -0.8995862 0.4517428 0.208979 -0.8673272 0.4534421 0.2259955 -0.862158 0.4662857 0.3013291 -0.8317322 0.4665232 0.3012134 -0.831641 0.7942215 0.3823421 0.4722569 0.7943443 0.2944636 0.531327 0.7936812 0.3842921 0.4715822 0.7428825 0.5267559 0.4131028 0.5593898 0.8238902 0.09103953 0.7401826 0.5331359 0.4097509 0.5571492 0.825856 0.0868718 0.5010144 0.8654304 -0.003864586 0.5009534 0.8654644 -0.004161 0.5120874 0.8587695 0.01678401 0.590906 0.7930266 0.1481188 0.5948929 0.7886532 0.1553343 0.6959035 0.6379532 0.3297483 0.6998766 0.6297723 0.3369861 0.775693 0.430167 0.4617972 0.7778874 0.4219585 0.4656636 0.8217378 0.1877916 0.5380348 0.8228291 0.175859 0.5403943 0.8320059 -0.07805287 0.5492486 0.831663 -0.08644503 0.5485108 0.7928378 -0.3541057 0.4960014 0.7894104 -0.3676435 0.491599 0.7493855 -0.4984031 0.4359079 0.7495635 -0.4983511 0.4356615 -0.4794216 0.1715471 0.8606547 -0.5176856 0.2093018 0.829575 -0.5179128 0.2115452 0.8288638 -0.528544 0.2929916 0.7967416 -0.5298569 0.3011371 0.792823 -0.6397283 0.4556119 0.6190037 -0.6426428 0.4578067 0.614348 -0.6719715 0.4777703 0.5658532 -0.6722592 0.4778242 0.565466 -0.6635322 0.4756482 0.5774806 -0.6643593 0.4761428 0.5761205 -0.620161 0.4421534 0.6479975 -0.614825 0.4378435 0.6559599 -0.5590655 0.3569733 0.7483422 -0.5530539 0.3484978 0.7567568 -0.5167791 0.2399232 0.8218127 -0.5135752 0.2310665 0.8263468 -0.4888431 0.1073721 0.8657389 -0.4864485 0.09413236 0.8686236 -0.4849885 -0.04176461 0.8735227 -0.4850693 -0.05118304 0.8729767 -0.5009888 -0.1901795 0.8442998 -0.5025132 -0.2064236 0.8395653 -0.5153335 -0.2751127 0.8116308 -0.8161691 -0.2883277 -0.5007346 -0.8125697 -0.3758129 -0.4455281 -0.8120346 -0.3778554 -0.4447757 -0.7647505 -0.5159755 -0.3859091 -0.7618244 -0.5228874 -0.3823775 -0.5823379 -0.8098857 -0.0704835 -0.5798447 -0.8120622 -0.0658434 -0.5262575 -0.8499863 0.02400749 -0.52608 -0.8500826 0.0244888 -0.5370595 -0.8435367 0.003609836 -0.5363669 -0.8439717 0.00474137 -0.6124693 -0.780259 -0.1267966 -0.6166391 -0.7756718 -0.1344975 -0.716791 -0.6267158 -0.3056761 -0.7209438 -0.6180757 -0.313405 -0.7971279 -0.4213227 -0.4325212 -0.7994432 -0.4126511 -0.4365885 -0.8389484 -0.1842256 -0.5120808 -0.8401141 -0.1716332 -0.514539 -0.8487875 0.07826757 -0.5229094 -0.8483844 0.08708751 -0.5221683 -0.8129651 0.3486487 -0.4664031 -0.809319 0.3628528 -0.4618881 -0.7686083 0.4902244 -0.4110006 0.3541368 0.3573477 -0.8642278 0.3542562 -0.3573472 -0.8641791 0.3542095 0.357349 -0.8641975 -0.3606036 0.3573653 -0.8615422 -0.3606622 -0.3573593 -0.8615202 -0.3607108 0.3573583 -0.8615003 -0.8642057 0.3573632 -0.3541752 -0.8642363 -0.3573643 -0.3540996 -0.8642376 0.3573621 -0.3540987 -0.8615074 0.3573499 0.3607023 -0.8615521 -0.3573867 0.3605589 -0.8615317 0.3573898 0.3606045 -0.3541435 0.3573503 0.864224 -0.3542637 -0.3573445 0.8641772 -0.3542169 0.357347 0.8641954 0.36065 0.3573606 0.8615249 0.3607072 -0.357364 0.8614994 0.3607085 0.3573619 0.8614998 0.8642029 0.3573604 0.354185 0.8642127 -0.3573582 0.3541634 0.8642327 0.3573574 0.3541153 0.8614919 0.357343 -0.3607462 0.8615477 -0.3573487 -0.3606074 0.8615477 0.3573501 -0.3606058 0.1551511 0.9124868 -0.3785446 -0.1550921 0.9124989 0.3785395 0.1551377 0.9124755 -0.3785773 -0.1579607 0.9124869 -0.3773805 0.1579642 0.91248 0.3773957 -0.1580004 0.912495 -0.3773444 -0.3785338 0.912487 -0.1551769 0.378507 0.9125057 0.1551318 -0.3785501 0.9124888 -0.1551259 -0.377335 0.9125065 0.1579567 0.3773771 0.9124928 -0.1579355 0.3773463 0.9124869 -0.1580426 -0.1551191 0.9125258 0.3784639 0.1551176 0.9125052 -0.3785139 0.1551051 0.9124478 -0.3786578 0.1579615 0.9124869 0.3773805 -0.1579916 0.9125133 -0.3773037 -0.1579938 0.9125065 -0.3773193 0.3785399 0.912487 0.1551616 -0.3785397 0.9124974 -0.1551006 -0.3785276 0.9125065 -0.1550768 0.3773669 0.9124869 -0.1579933 -0.3773509 0.9125028 0.15794 -0.3773385 0.9125065 0.1579481 -0.3540614 0.3573431 0.8642607 -0.3542227 -0.3573448 0.8641938 -0.354224 0.3573471 0.8641924 0.3606099 0.3573622 0.861541 0.3606663 -0.3573622 0.8615174 0.360715 0.3573605 0.8614977 0.8641979 0.3573644 0.3541931 0.8642288 -0.3573629 0.3541192 0.8642299 0.357361 0.3541183 0.8615148 0.3573511 -0.3606835 0.8615504 -0.3573497 -0.3605998 0.8615304 0.3573509 -0.3606463 0.3541247 0.3573508 -0.8642315 0.3541995 -0.3573516 -0.8642006 0.3542 0.3573523 -0.8642001 -0.3606306 0.3573632 -0.8615319 -0.3606874 -0.3573612 -0.8615089 -0.3606885 0.3573598 -0.861509 -0.864196 0.3573632 -0.354199 -0.8642261 -0.3573641 -0.3541249 -0.8642273 0.3573619 -0.354124 -0.8615014 0.357396 0.3606711 -0.861537 -0.3573944 0.3605872 -0.8615171 0.3573957 0.3606338 -0.1551522 -0.912468 0.3785895 0.1551399 -0.9124771 -0.3785726 0.1551204 -0.9125261 -0.3784625 0.1579473 -0.9125258 0.3772925 -0.1579602 -0.912497 -0.3773567 -0.1580016 -0.9124673 -0.377411 0.3785151 -0.9125065 0.1551072 -0.3785482 -0.9124879 -0.1551358 -0.3785647 -0.912487 -0.1551018 0.3773858 -0.9124869 -0.1579483 -0.377362 -0.9124874 0.1580021 0.3773648 -0.9124858 -0.1580052 0.1551597 -0.9125223 -0.3784555 -0.1551355 -0.9125394 0.3784241 0.1551329 -0.912451 -0.3786385 -0.1579675 -0.912487 -0.3773776 0.1579951 -0.912481 0.3773804 -0.1579685 -0.9124923 -0.3773642 -0.3785559 -0.9124869 -0.1551231 0.3785529 -0.9124879 0.1551244 -0.3785502 -0.9124864 -0.1551395 -0.3773495 -0.9125064 0.1579221 0.3773565 -0.9124916 -0.1579909 -0.3773636 -0.9124963 0.1579467 0.9751476 0.2215263 -0.003671109 0.6056346 0.5107136 -0.6102281 0.6871106 0.2204838 -0.6922904 -0.00366652 0.2214806 -0.9751579 -0.6114494 0.507833 -0.606824 -0.6922743 0.2205597 -0.6871024 -0.9752535 0.2210595 0.003683865 -0.8002808 0.5777181 -0.1606007 -0.6870088 0.2211696 0.6921726 -0.6836541 0.5749113 0.449549 0.0036664 0.2211097 0.9752421 -0.1606466 0.5777186 0.8002713 0.6922063 0.2210777 0.6870045 0.4522421 0.5777152 0.6795015 -0.0163263 0.9998667 6.77003e-5 -0.01150351 0.9998666 0.01160168 -0.01150315 0.9998667 0.01159852 6.15763e-5 0.999867 0.01631319 6.10112e-5 0.999867 0.01630812 0.01159018 0.9998666 0.01151341 0.01632922 0.9998667 -6.70644e-5 0.0163291 0.9998668 -6.93088e-5 0.01150262 0.9998669 -0.01158261 0.01150321 0.9998668 -0.01157993 -6.13047e-5 0.9998668 -0.01632767 -6.16731e-5 0.9998667 -0.01632988 -0.01158851 0.9998667 -0.01150572 -0.01158851 0.9998667 -0.01150673 -0.9893021 -0.1458348 0.003705263 -0.7044282 0.002061843 0.7097723 -0.6969234 -0.1457957 0.7021691 0.003764688 0.002054691 0.9999908 0.00370419 -0.1458125 0.9893053 0.709766 0.003300607 0.7044299 0.7022009 -0.1456041 0.6969314 0.9893052 -0.1458127 -0.003735125 0.9999909 0.002052962 -0.003757596 0.6968935 -0.1459564 -0.7021654 0.7044309 -4.69983e-5 -0.7097727 -0.003775 0.002059042 -0.9999908 -0.003704726 -0.1458166 -0.9893048 -0.7097652 0.002058267 -0.7044354 -0.7021555 -0.1458654 -0.6969225 -0.9999909 0.002020835 0.00376898 0 -1 4.39998e-6 0 -1 -1.21785e-5 0 -1 6.96089e-6 0 -1 -7.97268e-6 0 -1 -1.53619e-6 0 -1 -7.02443e-7 0 -1 1.58373e-5 0 -1 2.20928e-6 0 -1 3.48536e-6 0 -1 1.81698e-6 0 -1 1.03532e-6 0 -1 1.53958e-6 0 -1 5.21655e-6 0 -1 3.56738e-6 0 -1 0 0 -1 3.83097e-6 0 -1 -8.84274e-6 0 -1 -8.86654e-6 0 -1 3.83233e-6 0 -1 3.75909e-6 0 -1 -3.027e-5 0 -1 -3.10262e-5 0 -1 6.43891e-5 0 -1 6.51254e-5 0 -1 2.56174e-6 0 -1 1.09305e-6 0 -1 -4.55825e-5 0 -1 -4.69877e-5 0 -1 4.20941e-6 -0.8035711 -0.5952011 0.003034651 -0.5662043 -0.5949717 0.5704572 -0.5657869 -0.5957521 0.5700567 0.003017842 -0.5949462 0.8037599 0.003020107 -0.5957174 0.8031886 0.570468 -0.594954 0.5662121 0.5700693 -0.5957253 0.5658025 0.8037614 -0.5949441 -0.003032743 0.8031857 -0.5957213 -0.003031075 0.5666911 -0.5940183 -0.5709672 0.5653755 -0.5965254 -0.5696561 -0.003026247 -0.5952364 -0.803545 -0.003022611 -0.5964833 -0.8026199 -0.5709686 -0.5940129 -0.5666953 -0.56966 -0.5965269 -0.56537 -0.8026244 -0.5964773 0.003013014 0 -1 1.11804e-5 0 -1 1.27655e-5 0 -1 1.11497e-5 0 -1 1.31668e-5 0 -1 1.48607e-5 0 -1 1.4781e-5 0 -1 -3.0287e-5 0 -1 -3.07891e-5 0 -1 2.65346e-5 0.05410671 -0.9957792 -0.07413744 0.05410367 -0.9957793 -0.07413792 0.01341235 -0.995798 -0.09058976 0.01341634 -0.9957984 -0.09058439 0 -1 3.11315e-5 0 -1 3.04767e-5 -0.7162598 -0.6978287 0.00269556 -0.6776343 -0.2732543 0.6827474 -0.5045983 -0.6977943 0.5083934 0.003635466 -0.2628201 0.964838 0.002693653 -0.6978291 0.7162593 0.5083995 -0.697804 0.5045787 0.6837121 -0.2684982 0.6785621 0.716252 -0.6978365 -0.002704739 0.9632763 -0.2684874 -0.003648161 0.491788 -0.7334471 -0.4692547 0.6776964 -0.2728559 -0.6828451 -0.00361371 -0.2653924 -0.9641337 -0.02080935 -0.7331054 -0.6797966 -0.5084048 -0.6977903 -0.5045922 -0.6837058 -0.2684594 -0.6785839 -0.8471853 -0.4918018 -0.201018 0 -1 -4.87886e-7 0 -1 9.18201e-7 0 -1 1.07662e-6 0 -1 2.95737e-7 0 -1 1.58533e-6 0 -1 1.02997e-5 0.9931628 -0.1166786 -0.003723978 0.704838 -0.1168798 0.6996731 0.6996492 -0.1167914 -0.7048764 -0.003770589 -0.1168484 -0.9931427 -0.7048525 -0.1167176 -0.6996856 -0.99316 -0.1167021 0.003754436 -0.6996318 -0.116693 0.7049101 0.4896644 0.8719092 -0.001840054 0.3448843 0.871957 -0.3474854 -0.2573473 -0.9663186 9.58195e-4 -0.1812652 -0.9663219 0.1826607 -0.2573487 -0.9663182 9.59532e-4 -0.001838922 0.8719555 -0.4895819 -0.1871306 0.6095632 -0.7703344 9.57313e-4 -0.9663253 0.2573218 9.71673e-4 -0.9663261 0.2573192 -0.3475228 0.8719241 -0.3449296 0.1826124 -0.9663346 0.1812466 0.1826233 -0.9663347 0.1812348 -0.489653 0.8719155 0.001845955 0.2573042 -0.9663301 -9.60461e-4 0.2573044 -0.9663299 -9.62025e-4 -0.3449945 0.8718764 0.3475778 0.1812632 -0.9663217 -0.1826645 0.001835167 0.871912 0.4896594 -9.44816e-4 -0.9663185 -0.2573474 -9.73554e-4 -0.9663196 -0.2573429 0.3475621 0.8719022 0.3449451 -0.1826101 -0.9663396 -0.1812218 -0.1826226 -0.9663398 -0.1812087 0.6226269 0.7783622 -0.08054935 0.6994264 -0.1194654 -0.7046494 0.9928492 -0.1193159 -0.003757297 0.6993374 -0.1194763 -0.7047359 -0.680218 -0.2599728 0.6853595 -0.9655653 -0.2601353 0.003633677 -0.6802206 -0.2599626 0.6853608 -0.003696858 -0.1193547 -0.9928449 -0.003801107 -0.1193541 -0.9928445 0.003616213 -0.260051 0.9655882 0.003634274 -0.2600529 0.9655876 -0.7046802 -0.1191174 -0.6994547 -0.7047542 -0.1191025 -0.6993827 0.6853468 -0.2600515 0.6802007 0.6853297 -0.260052 0.6802178 -0.9928233 -0.1195367 0.00362426 -0.9928236 -0.1195291 0.003782629 0.9656242 -0.2599172 -0.003587841 0.9656223 -0.2599229 -0.003708839 -0.699454 -0.1191248 0.7046796 -0.6994088 -0.1191057 0.7047277 0.6801995 -0.2600024 -0.6853667 0.6802146 -0.2600095 -0.6853489 0.00369513 -0.1191706 0.992867 0.003736853 -0.1191687 0.992867 -0.003614842 -0.260052 -0.9655879 -0.003634393 -0.260048 -0.9655889 0.7046532 -0.1192402 0.6994611 0.7047222 -0.1192395 0.6993917 -0.6853557 -0.2599848 -0.6802174 -0.6853417 -0.2599882 -0.6802301 0.9928503 -0.1193078 -0.003724336 -0.9655618 -0.2601483 0.003640055 0.3604007 -0.3248667 -0.8743986 0.3405384 -0.4485273 -0.8263517 0.3604712 -0.3276526 -0.8733294 0.8715973 -0.325086 -0.3669298 0.8237549 -0.4485173 -0.3467857 0.8247322 -0.4467752 -0.3467113 -0.8742599 -0.3252299 -0.3604097 -0.8263168 -0.448549 -0.3405941 -0.8734358 -0.3273586 -0.3604806 -0.366939 -0.3251427 -0.8715721 -0.3467277 -0.4485895 -0.82374 -0.3466468 -0.4469022 -0.8246905 -0.3604164 -0.3254041 0.8741923 -0.3405926 -0.4483507 0.826425 -0.3604911 -0.32739 0.8734198 -0.8715894 -0.3251431 0.366898 -0.8238388 -0.4483959 0.346743 -0.8247213 -0.4468511 0.3466393 0.8743504 -0.3250807 0.3603249 0.8264363 -0.4483621 0.3405503 0.8735108 -0.3272711 0.3603785 0.3668925 -0.325263 0.8715468 0.3467696 -0.4484109 0.8238195 0.3466761 -0.4467601 0.8247552 0.3404589 -0.4468351 -0.8273006 0.3740365 -0.1903298 -0.9076736 0.9048302 -0.1903207 -0.380868 0.9054613 -0.188201 -0.3804214 -0.8272415 -0.4469289 -0.3404792 -0.9076238 -0.1904847 -0.3740783 -0.3808205 -0.1903978 -0.904834 -0.3803827 -0.1882779 -0.9054614 -0.3404732 -0.4468587 0.8272818 -0.3740655 -0.1902858 0.9076709 -0.9048647 -0.1902965 0.3807982 -0.9054906 -0.1881199 0.3803916 0.8273106 -0.4468247 0.3404481 0.9076893 -0.1902914 0.3740177 0.3808534 -0.1902667 0.9048476 0.3804165 -0.1881244 0.9054791 0.3736101 -0.1882718 -0.9082781 0.3774728 -0.1130021 -0.9191 0.9162495 -0.1129786 -0.3843473 0.9166397 -0.1120385 -0.3836913 -0.9082992 -0.1881789 -0.3736059 -0.9191135 -0.1129997 -0.3774406 -0.3843294 -0.1130716 -0.9162455 -0.3836562 -0.1120536 -0.9166525 -0.3736219 -0.1880673 0.9083157 -0.3774693 -0.1129725 0.9191051 -0.9162462 -0.1129633 0.3843594 -0.9166213 -0.1120581 0.3837298 0.9083135 -0.1881576 0.373582 0.9191128 -0.1129611 0.3774541 0.3843469 -0.1129304 0.9162557 0.3836995 -0.1119528 0.9166467 0.3768169 -0.112059 -0.9194846 0.3771941 -0.08989989 -0.9217606 0.9189165 -0.08991008 -0.3840685 0.9192766 -0.08899515 -0.3834193 -0.9194948 -0.1120693 -0.376789 -0.9217725 -0.08995556 -0.377152 -0.3840531 -0.08995568 -0.9189185 -0.3833795 -0.08896017 -0.9192968 -0.3768424 -0.1119892 0.9194827 -0.3771902 -0.08986008 0.9217662 -0.9188954 -0.08989471 0.3841226 -0.9192628 -0.08892279 0.3834694 0.9194974 -0.1119882 0.3768066 0.9217671 -0.08988094 0.3771827 0.3840817 -0.08986407 0.9189155 0.3834504 -0.08897519 0.9192657 -0.002239227 -0.7949023 -0.6067335 0.3426029 -0.4204334 -0.8401542 0.4266659 -0.795617 -0.4300582 0.6067107 -0.7949196 -0.002218186 0.8376404 -0.4202761 -0.3488936 0.8374983 -0.4205688 -0.3488817 -0.6067865 -0.7948614 0.002362489 -0.8401214 -0.4205358 -0.3425576 -0.4299718 -0.7956448 -0.4267007 -0.002277553 -0.794922 -0.6067075 -0.3488651 -0.42049 -0.8375448 -0.3488689 -0.4208013 -0.8373869 0.002211987 -0.7947891 0.6068818 -0.3426303 -0.4204393 0.8401402 -0.4267351 -0.7955756 0.430066 -0.6067626 -0.7948795 0.002421081 -0.8375337 -0.420457 0.3489317 -0.8374189 -0.4206761 0.3489431 0.6067214 -0.7949116 -0.002179026 0.8402123 -0.4203107 0.3426111 0.4301736 -0.7955346 0.4267027 0.002275943 -0.7948033 0.6068631 0.3489135 -0.4204123 0.8375638 0.3489003 -0.4205809 0.8374845 0.3386758 0.4509853 -0.8257791 0.6542015 0.3709326 -0.6591126 0.3387918 0.450723 -0.8258748 0.8231454 0.4511244 -0.3448458 0.929622 0.3684981 -0.003490209 -0.82581 0.45091 -0.3387005 -0.6591213 0.3708819 -0.6542215 -0.8258063 0.4509307 -0.3386822 -0.3448736 0.4509494 -0.8232296 -0.003430962 0.3683413 -0.9296844 -0.3386619 0.4511538 0.8256928 -0.6541892 0.3708555 0.6591682 -0.3387338 0.4510638 0.8257124 -0.8231926 0.4509745 0.344929 -0.9297042 0.3682906 0.003484427 0.825697 0.451167 0.338634 0.6591181 0.370715 0.6543194 0.8257307 0.4510829 0.3386638 0.3448753 0.4511628 0.823112 0.003457844 0.3685756 0.9295914 0.1625107 0.5431016 -0.8237907 0.2718366 0.9225445 -0.2738915 0.5534606 0.6186268 -0.5576578 0.789496 0.6093531 0.0733816 0.3849754 0.9229258 -0.001448154 -0.8237482 0.5431516 -0.1625584 -0.2738859 0.9225252 -0.2719076 -0.5576866 0.6184825 -0.553593 0.06891548 0.8770114 -0.4755017 -0.1622024 0.5435006 0.8235882 -0.271847 0.9225724 0.2737876 -0.5535776 0.6184869 0.557697 -0.4754379 0.8770488 -0.06887823 0.2738941 0.9225679 0.2717543 0.5578126 0.6183447 0.5536199 -0.06893205 0.8769861 0.4755458 0.2425729 0.9388452 -0.2443936 0.3431574 0.9392771 -0.00130999 -0.2443942 0.9388445 -0.2425748 -0.001227498 0.9392787 -0.343153 -0.2424353 0.9389616 0.2440825 -0.3431652 0.9392742 0.001282274 0.2443974 0.9388552 0.2425303 0.001303195 0.939307 0.3430754 0.3721165 0.1657726 -0.9132627 0.3263961 0.5035749 -0.7999237 0.3724805 0.1651797 -0.9132218 0.9104576 0.1658033 -0.3789147 0.7974384 0.5035853 -0.3324064 0.7972477 0.5042361 -0.3318768 -0.913277 0.1657738 -0.3720809 -0.7998614 0.503663 -0.3264132 -0.9132307 0.1652399 -0.3724319 -0.3788664 0.1657279 -0.9104915 -0.3323368 0.5035951 -0.7974612 -0.3319005 0.5040951 -0.7973269 -0.3721409 0.1657569 0.9132556 -0.3264418 0.5036372 0.7998659 -0.3724157 0.1653275 0.9132214 -0.9104233 0.1657882 0.3790036 -0.7974379 0.5035234 0.3325012 -0.7972629 0.504153 0.3319666 0.9132664 0.1658146 0.3720888 0.7999195 0.5035594 0.3264304 0.9132212 0.1651848 0.3724796 0.3789766 0.1657867 0.9104348 0.3324339 0.5036576 0.7973812 0.3320606 0.504118 0.7972459 0.3348049 0.4591458 -0.8228554 0.3621184 0.8576959 -0.3650041 0.3360967 0.457669 -0.8231514 0.8203196 0.4591485 -0.3409667 0.5127933 0.8585102 -0.0018633 -0.8229001 0.459061 -0.3348109 -0.3648168 0.8576556 -0.3624026 -0.8232346 0.4574071 -0.3362492 -0.3409227 0.4591463 -0.8203392 -0.001824736 0.8584646 -0.5128698 -0.3347675 0.4592776 0.8227971 -0.3622583 0.8577276 0.3647908 -0.3363059 0.457532 0.8231421 -0.8202162 0.459306 0.3410037 -0.5128026 0.8585038 0.002201974 0.8228277 0.4592052 0.3347914 0.364986 0.8577338 0.3620471 0.8231691 0.457491 0.3362956 0.3409917 0.4592143 0.8202725 0.001930356 0.8585432 0.5127376 0.1683893 0.9710166 -0.1696224 0.2374601 0.971397 -8.88629e-4 -0.1696625 0.970986 -0.1685253 -8.89649e-4 0.9714156 -0.2373834 -0.1686872 0.9709712 0.1695866 -0.2375212 0.9713819 0.001008331 0.1696369 0.9710175 0.1683694 9.92847e-4 0.971388 0.2374961 0.3467586 -0.4485163 0.8237667 0.3669167 -0.3251022 0.8715966 0.3669765 -0.3275065 0.870671 0.8743942 -0.3248283 0.3604463 0.8262989 -0.4485782 0.3405993 0.8734828 -0.3272042 0.3605071 -0.8237227 -0.4485586 0.3468086 -0.8714749 -0.3253451 0.3669909 -0.8705943 -0.3276014 0.3670735 -0.3602929 -0.3251689 0.8743308 -0.340523 -0.448602 0.8263174 -0.3603785 -0.3279306 0.8732634 -0.3467803 -0.4483827 -0.8238304 -0.3669625 -0.3248601 -0.8716676 -0.3670302 -0.3273473 -0.8707081 -0.8743537 -0.3250408 -0.3603529 -0.8264291 -0.4484009 -0.3405167 -0.8735295 -0.3271908 -0.3604059 0.8238149 -0.4484307 -0.346755 0.871569 -0.3251683 -0.3669239 0.8707218 -0.3273638 -0.3669832 0.3603426 -0.3247785 -0.8744554 0.3405544 -0.4483986 -0.8264148 0.3604065 -0.3273718 -0.8734614 0.3466682 -0.4468969 0.8246844 0.3808519 -0.1903704 0.9048265 0.3804209 -0.1882582 0.9054495 0.8273248 -0.4467648 0.3404924 0.9076503 -0.1904032 0.3740559 -0.8246671 -0.4469122 0.3466897 -0.9047876 -0.1904656 0.3808969 -0.9054594 -0.1882287 0.380412 -0.3404276 -0.4468894 0.8272842 -0.3740082 -0.1904053 0.9076694 -0.3467027 -0.4467786 -0.824734 -0.3808804 -0.190223 -0.9048455 -0.3804489 -0.188148 -0.9054606 -0.8273053 -0.4468492 -0.340429 -0.9076993 -0.1902722 -0.3740035 0.8247504 -0.4467795 -0.3466624 0.9048428 -0.1903223 -0.3808374 0.9054989 -0.1880809 -0.3803912 0.3404663 -0.4467929 -0.8273204 0.3740315 -0.1902173 -0.9076993 0.3843725 -0.113004 0.9162358 0.3837265 -0.1120797 0.9166199 0.9083254 -0.1880837 0.3735902 0.9191147 -0.113011 0.3774343 -0.9162315 -0.1130681 0.3843639 -0.9166383 -0.1120541 0.3836902 -0.3735622 -0.1882919 0.9082937 -0.377435 -0.1130737 0.9191068 -0.3843803 -0.1129316 -0.9162415 -0.3837134 -0.1119303 -0.9166437 -0.9083168 -0.1881657 -0.3735697 -0.9191076 -0.1130179 -0.3774498 0.9162562 -0.1129471 -0.3843404 0.9166361 -0.1119976 -0.3837121 0.3735978 -0.1881664 -0.9083052 0.3774327 -0.1128948 -0.9191297 0.3841168 -0.08991181 0.9188962 0.3834771 -0.08901244 0.9192509 0.9194998 -0.1120381 0.3767861 0.9217818 -0.08990758 0.3771405 -0.9189092 -0.08992928 0.3840816 -0.9192729 -0.08900719 0.3834254 -0.3767434 -0.1120365 0.9195174 -0.3771305 -0.08995532 0.9217813 -0.3841152 -0.08985215 -0.9189027 -0.3834561 -0.08892548 -0.9192681 -0.9195062 -0.1120049 -0.3767803 -0.921765 -0.08985465 -0.3771941 0.9189079 -0.08985936 -0.3841009 0.9192458 -0.08900105 -0.3834919 0.3767657 -0.1119787 -0.9195153 0.3771514 -0.08988124 -0.92178 0.002327561 -0.7949188 0.6067116 0.3488922 -0.4203854 0.8375861 0.3489032 -0.4206624 0.8374423 0.6067555 -0.7948852 -0.002318978 0.8402279 -0.4202797 0.342611 0.430068 -0.7956113 0.4266664 -0.6067664 -0.7948772 0.002217829 -0.8375536 -0.4204821 0.3488535 -0.8374325 -0.4207053 0.3488755 0.002313315 -0.7949156 0.6067156 -0.3425482 -0.4204966 0.8401448 -0.4266245 -0.7955707 0.4301846 -0.002328634 -0.7948431 -0.6068107 -0.3489223 -0.4203634 -0.8375846 -0.3489003 -0.4206321 -0.8374589 -0.6067385 -0.7948986 0.002157628 -0.8401339 -0.4204318 -0.3426548 -0.4302099 -0.7955016 -0.4267282 0.6067244 -0.7949087 -0.00239253 0.837582 -0.4203441 -0.3489519 0.8374996 -0.4205179 -0.3489401 -0.002284586 -0.7948202 -0.6068407 0.3425782 -0.4204126 -0.8401748 0.4267023 -0.7955608 -0.4301257 0.3449076 0.4509074 0.8232384 0.65922 0.3708848 0.6541205 0.003687441 0.3683903 0.929664 0.8257537 0.4510803 0.3386111 0.8258549 0.4508077 0.3387272 -0.8232544 0.4508811 0.3449035 -0.6541571 0.3708637 0.6591956 -0.9296392 0.3684546 0.003499269 -0.3386401 0.4509963 0.8257876 -0.3387384 0.450766 0.8258731 -0.3448975 0.4511671 -0.8231003 -0.659136 0.3708393 -0.6542308 -0.003570914 0.3685733 -0.9295918 -0.8257653 0.4509779 -0.3387195 -0.8257302 0.4510582 -0.3386979 0.8230964 0.4511858 -0.3448823 0.654264 0.3705962 -0.6592398 0.929603 0.368546 -0.003502964 0.3386325 0.4511631 -0.8256998 0.3387262 0.4509775 -0.8257626 -0.07338148 0.6092752 0.7895563 0.2738945 0.9225292 0.2718855 0.001495599 0.9229188 0.3849918 0.8235704 0.5434268 0.1625398 0.7426529 0.4781649 0.468855 -0.7894827 0.6093604 -0.0734654 -0.2718245 0.9225305 0.2739505 -0.3849989 0.9229161 0.001388907 -0.4686582 0.4779139 0.7429386 0.07345271 0.6093674 -0.7894785 -0.2738997 0.9225662 -0.2717546 -0.001414239 0.922927 -0.3849726 -0.7429073 0.4779119 -0.46871 0.2718376 0.9225673 -0.2738139 0.47544 0.8770486 0.06886744 0.4686446 0.4774151 -0.7432678 0.244398 0.93885 0.2425496 0.001315355 0.9392799 0.3431496 -0.2425293 0.938854 0.2444029 -0.3433874 0.9391933 0.001069903 -0.2444312 0.9388481 -0.2425236 -0.001317262 0.9392989 -0.3430975 0.2426136 0.938837 -0.2443847 0.3431366 0.9392847 -0.001271128 0.3789995 0.1657245 0.9104367 0.3324022 0.5035415 0.7974678 0.3319822 0.5040644 0.7973123 0.9132857 0.1657021 0.3720915 0.7998934 0.5036574 0.3263431 0.9132547 0.1654132 0.372296 -0.9104522 0.1657712 0.3789416 -0.7973816 0.5036442 0.3324534 -0.797216 0.5042386 0.3319492 -0.3719912 0.1657707 0.9133142 -0.3263254 0.5035726 0.7999541 -0.3723638 0.1651707 0.913271 -0.378989 0.1658002 -0.9104272 -0.3324479 0.5036003 -0.7974116 -0.3320046 0.5041499 -0.797249 -0.9132426 0.165709 -0.3721944 -0.7999029 0.5035713 -0.3264527 -0.9132134 0.1653901 -0.3724077 0.9104308 0.1657502 -0.3790022 0.7974051 0.5036345 -0.3324116 0.7973358 0.503892 -0.3321873 0.3721131 0.1657618 -0.9132661 0.3264196 0.5036472 -0.7998685 0.3723691 0.1653558 -0.9132353 0.3409955 0.4591892 0.820285 0.364845 0.8576931 0.3622852 0.00204128 0.8584911 0.5128244 0.8228469 0.4592088 0.3347393 0.8232198 0.4574494 0.3362279 -0.8203518 0.4590737 0.34099 -0.3620995 0.8576445 0.3651438 -0.5127937 0.8585104 0.001634001 -0.3346812 0.4591637 0.8228958 -0.3361641 0.4574904 0.8232231 -0.3410128 0.4592818 -0.820226 -0.3650004 0.8577153 -0.3620766 -0.001994252 0.8585434 -0.5127369 -0.8227688 0.4592784 -0.3348358 -0.8231204 0.4575901 -0.3362802 0.8202757 0.4592403 -0.340949 0.3622393 0.8577446 -0.3647699 0.5127598 0.8585298 -0.002037465 0.3347841 0.4592014 -0.8228328 0.3362802 0.4574681 -0.8231881 0.1696608 0.9709944 0.1684792 -0.1685262 0.9709567 0.1698296 -0.1696025 0.9710096 -0.1684504 0.168407 0.9710036 -0.1696795 -0.9439266 0 0.3301557 -0.3301294 0 -0.9439357 -0.9463825 0 -0.3230482 0.9439259 0 -0.3301575 0.3301435 -0.008887052 0.943889 0.9463476 -0.008938133 0.3230268 -0.9438901 -0.0090456 0.3301361 -0.3230316 -0.008776903 0.9463475 -0.3301546 -0.008700609 -0.9438869 -0.9463434 -0.008862257 -0.3230414 0.9438853 -0.008720934 -0.3301584 0.3230593 -0.008554399 -0.9463401 -0.006255388 0.9998202 -0.01789867 0.01787328 0.9998208 -0.006241619 0.006259381 0.9998206 0.01787948 -0.01784545 0.9998214 0.006231725 0.3301851 -3.13185e-5 0.9439162 -0.9439122 -7.00653e-5 0.3301967 -0.3301449 -4.11235e-5 -0.9439303 0.9439367 -5.50058e-5 -0.3301265 0.2845939 -0.9160959 0.282444 -0.2824305 -0.9160906 0.2846249 -0.2845762 -0.916119 -0.2823871 0.2824212 -0.9160962 -0.2846156 0.1569966 0.8797034 0.4488587 -0.4489192 0.8796651 0.1570374 -0.1570218 0.879656 -0.4489427 0.4489004 0.8796803 -0.1570068 0.1808285 -0.8366876 0.5169671 0.9463892 -3.51444e-5 0.3230286 -0.516893 -0.8367406 0.1807947 -0.3230033 1.66409e-5 0.9463979 -0.180762 -0.8367576 -0.5168771 -0.9464013 -1.48788e-5 -0.3229935 0.5168966 -0.8367426 -0.1807751 0.3229624 3.27081e-6 -0.9464119 0.3293575 -0.06718373 0.9418122 -0.9418329 -0.06652569 0.3294315 -0.329387 -0.06594473 -0.9418894 0.9418436 -0.06648838 -0.3294084 0.554124 -0.8106564 0.1891636 -0.1891815 -0.8106128 0.5541816 -0.5541254 -0.8106606 -0.189142 0.1891173 -0.8106892 -0.5540917 0.3112077 0.8987331 0.3089154 0.3620222 0.9239432 0.123568 -0.3089353 0.8987371 0.3111762 -0.1235479 0.9239434 0.3620286 -0.3111961 0.8987355 -0.3089201 -0.3620682 0.9239233 -0.1235818 0.3089258 0.8987329 -0.3111977 0.1235731 0.9239268 -0.362062 0.2675061 0.5853675 0.7653661 -0.7653105 0.5854528 0.2674787 -0.2675267 0.5853983 -0.7653355 0.7653496 0.5853715 -0.267545 0.9449393 0.05654686 0.3223233 -0.3223279 0.05649584 0.9449408 -0.9449482 0.05665659 -0.322278 0.3222751 0.05623328 -0.9449744 0.3301697 0 0.9439217 0.9463952 0 0.3230113 -0.9439035 0 0.3302214 -0.3230868 0 0.9463694 -0.3301149 0 -0.9439408 -0.9463987 0 -0.3230009 0.9439549 0 -0.3300745 0.3230001 0 -0.946399 0.002285718 -0.8050572 0.5931929 0.8980353 -0.3155112 0.3065706 -0.5930114 -0.8051909 0.002301216 -0.3065224 -0.3157302 0.8979746 -0.002302467 -0.8053544 -0.5927892 -0.8980418 -0.3155061 -0.3065568 0.5929547 -0.8052327 -0.002237141 0.3064682 -0.3156882 -0.8980079 0.3301251 -1.04263e-4 0.9439372 0.9181571 -0.2423824 0.3134304 -0.9439287 -2.21059e-4 0.3301494 -0.3134157 -0.242375 0.918164 -0.3301255 8.93623e-5 -0.9439371 -0.9181947 -0.242255 -0.3134185 0.9439435 -1.19656e-4 -0.3301072 0.313372 -0.2425491 -0.9181329 0.2990381 0.4237284 0.8550033 -0.8549846 0.4237607 0.2990456 -0.2990829 0.4235666 -0.8550678 0.8550331 0.4236804 -0.2990207 0.9464076 0 0.3229746 -0.9439018 0 0.3302263 -0.3300982 0 -0.9439467 -0.9463813 0 -0.3230518 0.9439522 0 -0.3300822 0.2913795 0.04751425 0.9554268 0.946375 0 0.3230705 -0.9553951 0.04746663 0.2914915 -0.2913675 0.04745012 -0.9554337 0.9554077 0.04746717 -0.2914498 0.9072157 0.01762855 0.4202964 -0.9072564 0.01760315 -0.4202095 0.2514463 -0.6478679 0.7190564 0.145681 -0.9880826 0.04969763 -0.718817 -0.6481764 0.2513355 -0.04971951 -0.9880783 0.1457027 -0.2512613 -0.6481582 -0.7188593 -0.1457389 -0.9880723 -0.04973137 0.7187741 -0.648229 -0.2513227 0.04978764 -0.9880543 -0.145842 0.2207236 0.7199346 0.6580086 0.2257688 0.9738572 0.0251106 -0.6655303 0.7091741 0.2326833 0.004213631 0.9768455 0.213905 -0.2206023 0.7200502 -0.6579228 -0.232219 0.9722416 -0.02864575 0.6578836 0.7200769 -0.2206323 0.02511769 0.9738497 -0.2258011 0.3301606 0 0.9439249 -0.9439221 0 0.3301684 -0.3231512 0 0.9463474 -0.3297953 0 -0.9440525 -0.9464768 0 -0.322772 0.9439316 5.96945e-6 -0.330141 0.3228108 0 -0.9464636 0.2679407 0.5842886 0.7660384 -0.7661147 0.5841735 0.2679732 -0.2678481 0.5841416 -0.7661827 0.7660878 0.5843659 -0.2676306 0.3298905 0 0.9440193 0.9463635 0 0.323104 -0.9440838 0 0.3297057 -0.322865 0 0.9464451 -0.3297452 0 -0.94407 -0.9464417 0 -0.322875 0.9440477 -8.9816e-5 -0.3298091 0.3227093 -1.03412e-5 -0.9464982 0.3264908 0.1494055 0.9333177 -0.9332984 0.1492238 0.3266286 -0.3262656 0.1486691 -0.933514 0.9335852 0.1487786 -0.3260118 0.2599198 0.5730992 0.7771738 0.2188683 0.4147102 0.8832396 -0.7771927 0.5730518 0.2599679 -0.8832312 0.4146783 0.2189626 -0.2599737 0.5729955 -0.7772323 -0.2188239 0.4146586 -0.8832749 0.7772082 0.5730139 -0.2600052 0.8832497 0.4147092 -0.2188295 0.1930804 -0.8111088 0.5521074 -0.9659535 0.1581648 0.2047382 0.9521161 0.007229685 -0.3056511 -0.01878303 0.9983801 -0.05370664 -0.5518092 -0.8113468 0.1929325 -0.2040828 0.1579106 -0.9661338 0.3051145 0.007374346 0.9522872 0.0537877 0.9983751 -0.0188179 -0.193073 -0.8111523 -0.5520461 0.9661375 0.1577739 -0.2041705 -0.9524061 0.007476568 0.3047409 0.01877844 0.9983798 0.05371314 0.5522287 -0.811012 -0.1931404 0.2042485 0.1577982 0.9661172 -0.3053161 0.007503211 -0.9522216 -0.0538156 0.9983737 0.01881283 0.553514 -0.8111249 0.1889412 -0.4769899 0.2178216 0.8514896 0.3382238 0.00414741 -0.9410566 -0.05394631 0.9983741 -0.01841187 -0.1888933 -0.8111425 0.5535045 -0.8514272 0.2176089 -0.4771984 0.9409601 0.004331767 0.3384902 0.01843804 0.9983701 -0.05401122 -0.553294 -0.8112992 -0.1888366 0.4771342 0.2175042 -0.8514899 -0.3386154 0.004429042 0.9409145 0.05393427 0.9983748 0.01841402 0.1888451 -0.8113439 -0.5532258 0.8514258 0.2174554 0.4772706 -0.9410513 0.00424087 -0.3382375 -0.01837849 0.9983794 0.05385869 -0.3296586 0.007620692 -0.9440695 0.3230844 0.00826615 -0.9463341 0.3298453 0.00760585 0.9440044 -0.3232684 0.007564127 0.9462772 0.9439933 0.007762968 -0.3298733 0.9462953 0.007508695 0.3232167 -0.9440466 0.007448911 0.3297283 -0.9463279 0.007600665 -0.3231189 -0.9999002 5.85806e-4 -0.01411515 -0.9998639 0.00112313 0.0164678 -0.9999128 4.48769e-4 -0.01320374 -0.6502208 -0.2490189 -0.7177761 -0.8962475 0.1455072 -0.4190086 -0.9053193 0.3961791 0.1530985 -0.8922592 -0.1473217 0.4268137 -0.9057814 -0.398195 -0.1449165 0.001349747 -0.9332516 0.3592208 -0.001364827 0.9316223 -0.3634256 -0.002403974 0.3262602 -0.945277 0.001808583 -0.9333021 0.3590878 0.9905297 -0.1336112 0.03160834 -0.9884351 -0.1331623 0.07255345 -0.9885172 -0.1360634 -0.0657314 1.52386e-4 -0.1451932 -0.9894033 -0.9975242 -0.05592018 0.04264277 -0.9978455 -0.05547034 -0.03503298 0.003483176 0.3264501 0.9452081 -0.001526117 -0.9333643 -0.3589273 -0.003706037 -0.3267803 -0.9450931 -0.003455281 0.3262544 -0.9452757 0.001771628 0.9315295 0.3636614 0.003677427 -0.1462969 0.9892339 0.004469752 -0.05799955 0.9983066 -5.68871e-4 -0.933357 -0.3589493 0.001036047 -0.9999995 1.04385e-4 -0.00474298 9.85558e-4 -0.9999883 0.004745006 0.001422822 0.9999878 0.9997696 5.43406e-4 -0.0214588 0.9998996 4.14859e-4 0.01416879 -0.00262171 0.3262524 -0.9452791 8.58594e-4 0.9316905 0.3632522 -0.001358389 -0.9333973 -0.3588423 -0.002597033 -0.3267102 -0.945121 0.9054223 0.3959383 -0.1531128 0.8965484 0.1453778 0.4184095 0.9058601 -0.3980259 0.144889 -0.001350045 -0.9333553 -0.3589516 -0.003549218 -0.3265828 -0.9451619 -0.003635764 0.326367 -0.9452362 0.001366555 0.9315721 0.3635541 0.9891811 -0.1316215 0.06478124 0.9883891 -0.1334733 -0.07260775 0.9978222 -0.05587768 0.03505235 -0.9982405 -0.05897778 0.006135046 0.9975324 -0.05558395 -0.04289203 0.001715362 -0.933348 0.358969 -0.001714348 -0.9334163 -0.3587911 -0.004626095 -0.06254082 -0.9980317 -0.003607153 -0.3267856 -0.9450917 -6.44117e-4 0.3266093 -0.9451593 -0.00197488 0.9315841 -0.3635205 0.001640319 0.9315574 0.3635905 0.004636168 0.3263081 0.9452521 0.004619896 -0.3266682 0.9451279 0.006132781 -0.1451647 0.9893886 0.001713871 -0.0634545 0.9979833 0.002812564 -0.933406 0.3588112 -0.001330554 -0.9333996 -0.3588364 0.9933554 -0.1150317 -0.003583073 0.9978855 -0.06488364 -0.003845214 -0.9916912 -0.1285893 0.003669798 -0.997518 -0.07030326 0.003923952 -0.001038849 -0.9999995 6.37494e-5 -0.002875566 8.81494e-4 -0.9999955 0.002683997 0.001242756 0.9999957 0 1 -2.4987e-5 0.2330891 0.07532614 0.9695337 0.003656148 0.3264316 0.9452138 -0.001351237 0.9316186 -0.3634349 0.001361548 -0.9333609 0.358937 0.003525614 -0.3267509 0.945104 0.00864166 -3.96245e-5 -0.9999628 -0.109707 -0.9431677 -0.3136866 0.9885902 0.006868481 -0.1504739 4.45741e-4 -0.9999998 5.62492e-4 0.9999095 0.004809021 -0.01256316 -0.99046 0.006596803 -0.1376426 -0.9999515 0.006783962 -0.007154524 -0.01517921 0 -0.9998849 0.08509039 0.9644215 -0.2503018 -5.79445e-6 1 -5.23207e-4 0.999471 0.01632529 -0.02813261 -0.392135 -4.53314e-6 -0.9199077 -0.9198906 -0.002324044 0.3921683 0.9227923 0.002329945 0.3852909 0.3922411 0 0.9198625 0.3231525 0 -0.9463469 0.9439182 0 -0.3301797 -0.9464453 0 -0.3228644 -0.3301394 0 -0.9439322 -0.3230658 1.75343e-6 0.9463765 -0.9440459 0 0.3298144 0.9464046 0 0.3229836 0.3299539 0 0.9439971 0.2622798 -0.5841866 -0.7680725 -0.7680707 -0.5842663 -0.2621075 -0.2618555 -0.5843021 0.7681294 0.7681163 -0.5841907 0.2621424 0.3231335 0 -0.9463535 0.9438825 6.75261e-5 -0.3302814 -0.9463951 8.83539e-5 -0.3230116 -0.3301932 0 -0.9439135 -0.3224477 0 0.9465874 -0.9440531 1.16228e-4 0.3297933 0.9465469 0 0.3225663 0.3294456 0 0.9441747 0.3160608 0.2116743 -0.9248242 -0.9247508 0.2121701 -0.315943 -0.3154029 0.2118076 0.9250181 0.9249118 0.2120798 0.3155319 -0.3855038 0 0.9227063 0.3918094 0.04631161 0.9188801 0.3835832 9.93769e-5 -0.9235064 0.9205812 -5.5265e-5 -0.3905513 -0.3896609 -0.07189708 -0.9181477 -0.3835976 -1.15416e-5 0.9235004 -0.9181839 -0.07183635 0.3895871 0.3905528 0 0.9205805 0.3123187 -0.5684788 -0.7611103 -0.76109 -0.5684719 -0.3123809 -0.3123809 -0.5684766 0.7610864 0.7610958 -0.5685007 0.3123142 0.3104432 0.5821608 -0.7514746 0.3287068 0.8839388 -0.3325721 -0.7513905 0.5822527 -0.3104741 -0.3325442 0.883894 -0.3288552 -0.3103798 0.5823487 0.7513551 -0.3285955 0.8840419 0.332408 0.7514101 0.5822824 0.310371 0.3324583 0.8839802 0.3287104 0.3763001 -0.1609493 -0.912411 0.9089793 -0.1632532 -0.383543 -0.9123519 -0.1611154 -0.3763719 -0.3834292 -0.1629227 -0.9090865 -0.376393 -0.1612953 0.9123114 -0.9090676 -0.1629827 0.3834484 0.9123509 -0.1613216 0.3762862 0.383469 -0.163086 0.9090404 -0.3033435 -0.6104453 0.7316689 -0.7297707 -0.6098142 0.30913 0.7308026 -0.6116021 0.3031013 0.3087956 -0.6101806 0.729606 0.3034658 -0.6096032 -0.7323199 0.7305218 -0.6089763 -0.3090077 -0.7316818 -0.6104168 -0.3033699 -0.3090729 -0.609551 -0.7300149 -0.9999306 -3.86364e-5 -0.01178836 -2.42091e-4 -1 4.72762e-4 0.9998255 0 -0.0186811 -2.90086e-4 0.9999998 -6.73121e-4 0.003782391 -7.64218e-4 0.9999926 0.003794312 -5.02883e-4 0.9999927 5.38043e-4 -0.9999999 -3.45849e-4 -0.9998633 0.006495296 0.01520943 5.83867e-6 1 1.89803e-4 0.9999392 0.005186259 0.009730696 0.002088367 -0.8349002 0.5503975 0.001565635 0.9040677 0.4273864 -0.9998852 0.005675494 0.01405268 -0.007578849 -7.57894e-4 0.9999711 -0.006660819 1.2576e-4 0.9999778 0.990978 0.006230711 0.1338806 0.0154109 0 0.9998813 -2.82135e-6 0.9999998 7.3373e-4 -5.17724e-4 -0.9999999 -3.55149e-4 -0.9996635 0.0165295 0.01999258 -0.9197643 0 0.3924713 0.9198619 0 -0.3922424 -2.67997e-4 -0.9999259 -0.01217436 0.01224172 -0.9999251 -2.85104e-4 2.80455e-4 -0.9999251 0.01224219 -0.01228719 -0.9999245 2.62402e-4 0.9476697 -0.01494753 0.3189024 -0.3187629 -0.01538652 0.9477097 -0.9477543 -0.01542735 -0.3186281 0.3186553 -0.01521766 -0.9477486 0.7680982 -0.5842275 0.2621133 -0.261908 -0.5844855 0.767972 -0.7681672 -0.5841211 -0.2621484 0.2621564 -0.5840584 -0.7682121 0.3302812 0 0.9438827 0.9463974 0 0.3230049 -0.9439162 8.70204e-5 0.3301855 -0.3230636 0 0.9463773 -0.3296545 5.42511e-5 -0.9441018 -0.9463998 7.84295e-5 -0.3229978 0.9440002 0 -0.3299449 0.3226282 1.14719e-5 -0.9465258 0.9247993 0.2119602 0.3159418 -0.3162527 0.2117242 0.9247471 -0.9249876 0.2121313 -0.315275 0.3152735 0.2119177 -0.925037 0.3922736 -9.81565e-6 0.9198487 0.9227936 3.57106e-5 0.385295 -0.919825 1.341e-5 0.3923292 -0.3852555 -4.23896e-5 0.92281 0.9198687 -1.00434e-5 -0.3922266 -0.3922208 -3.62056e-4 -0.919871 -0.3920816 -0.04632908 -0.9187632 0.3855458 0 -0.9226887 0.3851402 0.04659032 -0.9216814 0.3896923 -0.07188117 0.9181357 -0.9205028 0 0.3907361 -0.390672 6.69912e-5 -0.92053 0.9181458 -0.07190006 -0.3896648 0.7611022 -0.5684664 0.3123612 -0.3122933 -0.5685101 0.7610973 -0.7611011 -0.5684877 -0.3123249 0.3123277 -0.5684593 -0.7611212 0.3971696 0.9177441 -0.001446247 -0.3970671 0.9177882 0.001592338 -0.001548051 0.9178797 -0.3968557 0.3324997 0.8839442 0.3287653 0.7514313 0.5822105 0.3104545 -0.3288776 0.8838579 0.3326181 -0.3104287 0.5820724 0.751549 -0.3324996 0.883979 -0.3286718 -0.7514692 0.5822407 -0.3103059 0.3285548 0.8840515 -0.3324226 0.3103756 0.5822866 -0.7514049 0.3832132 -0.1614175 0.9094461 0.9123717 -0.1611717 0.3762998 -0.9094529 -0.1613147 0.3832404 -0.3763192 -0.1613851 0.912326 -0.3832383 -0.1610917 -0.9094932 -0.9123896 -0.1611484 -0.3762668 0.909544 -0.1610607 -0.3831311 0.3763435 -0.161015 -0.9123814 -0.3087317 -0.6103836 -0.7294632 -0.7314838 -0.6107236 -0.3032295 0.7292383 -0.610622 -0.3087916 0.3033381 -0.6105456 -0.7315874 0.3086699 -0.6108418 0.7291058 0.7311508 -0.6111339 0.303206 -0.7288995 -0.6111525 0.3085421 -0.303389 -0.6108236 0.7313342 -0.9998309 -3.46354e-6 0.01839482 -2.90174e-4 -0.9999998 -6.64005e-4 2.852e-4 -0.9999998 -6.7307e-4 0.9999518 3.07444e-5 0.009820818 -2.85064e-4 0.9999998 6.55929e-4 2.90427e-4 0.9999998 6.72996e-4 0.003730773 -0.01637643 0.999859 0.002891659 -0.5721832 0.8201208 -0.00422424 0.01761764 -0.999836 -5.79804e-5 -0.9998645 -0.01647025 0.002974987 0.6216334 0.7833028 6.97663e-4 0.9835299 0.1807444 -0.001356601 0.9289664 -0.3701619 -0.003389418 0.4663131 -0.8846133 -0.00363475 -0.286058 -0.9582055 0.003368198 -0.460484 0.8876616 0.003305971 0.5148001 0.8573039 -7.31129e-4 0.9792893 -0.2024646 0.0010311 0.9623789 0.271709 0.003564298 0.3352793 0.9421121 0.005019366 -0.8085181 0.58845 -0.003728151 0.02254754 -0.9997389 -6.7153e-4 0.9844329 -0.175759 2.91698e-4 -0.9974951 0.07073712 -0.002222836 -0.816064 -0.5779574 -0.9113932 -0.2347369 0.3380254 -0.002701044 -0.6760464 -0.7368542 -4.61142e-4 -0.9923351 -0.1235752 0.001460552 -0.9201647 0.391529 0.003366649 -0.4294812 0.9030694 0.00358349 0.3282024 0.9446007 0.002312779 0.7945901 0.6071419 -0.00185585 0.8722332 -0.4890868 -0.003226578 -0.5215296 -0.8532272 0.002576708 -0.7174199 0.6966362 -0.001011073 -0.9624606 -0.2714198 -0.003107845 0.5284776 -0.8489417 0.04069036 0.9801573 -0.1940004 0.003618955 -0.01640605 0.999859 0.002255856 -0.7961732 0.6050647 -9.76709e-4 -0.9666132 -0.256238 -0.003696858 -0.1604959 -0.9870296 -0.002241969 0.8066953 -0.5909634 0.002003967 0.8228647 0.5682339 0.9142677 -0.2324715 0.3317703 -0.003940224 -0.01582872 -0.999867 -0.003343105 -0.5732439 -0.819378 0.003650128 0.01593226 0.9998665 5.77329e-5 -0.9998673 0.01628965 0.9145812 -0.4043923 0.002836704 -0.002867877 0.621757 -0.7832049 -6.74521e-4 0.9835287 -0.180751 0.001522123 0.9290105 0.3700504 0.003359556 0.4663315 0.8846037 0.003634572 -0.2861787 0.9581695 0.002448558 -0.7762886 0.6303731 -0.003363072 -0.460443 -0.8876829 -0.00327599 0.514785 -0.857313 0.002010881 0.8479008 0.5301511 -0.003498375 0.33532 -0.9420979 -0.04220086 -0.9812602 -0.1880095 0.003451466 -0.4153218 0.909668 0.002379834 0.7997159 0.600374 -0.003942072 0.1496146 -0.9887366 -2.67587e-4 -0.9975104 -0.07051914 0.002345919 -0.8159593 0.5781046 0.002748787 -0.6763129 0.7366095 4.68699e-4 -0.9923307 0.1236106 -0.001535415 -0.9200982 -0.3916849 -0.003544807 -0.4297158 -0.9029573 -0.003524303 0.3282614 -0.9445803 -0.002279937 0.7945747 -0.6071622 -0.001047313 -0.9610233 -0.2764655 0.9115985 -0.233322 -0.3384512 0.9999961 7.20303e-4 -0.002703726 0.9999947 0.001993536 -0.002611815 -0.05887776 0.006941258 0.9982411 0.001501858 -0.9999989 3.27709e-6 -0.00137633 0.9999991 1.84003e-6 -0.06668615 0.007386744 -0.9977468 -0.06625735 0.003037452 -0.997798 0.9978205 9.06483e-4 -0.06598061 -0.05686128 0.00533092 0.9983679 0.9978418 9.23945e-4 -0.06565868 0.4029516 0.9152214 -1.00852e-5 0.1539288 0.004058361 0.9880736 0.5107467 -0.8597313 -3.88455e-5 0.1465993 0.004123508 -0.9891874 -0.001499414 0.9999989 7.97718e-5 0.9983086 0.002020478 0.0581026 0.9978954 0.009636878 -0.06412613 0.9999934 3.65258e-4 -0.00364542 0.9985163 0.008987963 0.05370706 0.8164857 0.5708509 -0.08648943 0.8170651 0.570993 0.07982265 0.5467819 -0.7151669 0.4353917 0.2376077 -0.1992504 0.9507061 -0.4867288 0.7658175 0.4202604 -0.06972593 0.2394642 0.9683983 0.2274422 -0.1974924 -0.9535549 0.5524213 -0.7377511 -0.3880131 -0.5060099 0.7801666 -0.3678235 -0.07504189 0.2346942 -0.9691685 -0.5926301 0.6990141 -0.4002112 -0.5961399 0.704476 0.3851373 -0.1431848 0.2139973 0.9662833 0.1292346 -0.1884071 0.9735509 0.5251308 -0.7691315 0.3642453 0.5175203 -0.763013 -0.3872776 0.1276568 -0.186366 -0.9741517 -0.145816 0.2158457 -0.9654784 -0.9978103 0.001274466 0.06613039 -0.3274554 -0.9379448 0.11416 -0.1584565 0.008182764 -0.9873321 -0.001417875 -0.9999989 -3.34368e-4 0.05818462 0.006396293 -0.9982854 0.06493431 0.00395137 0.9978817 -0.1438825 0.007577776 0.9895659 0.06290215 0.004148006 0.9980112 -0.9983076 0.001152276 -0.05814421 -0.2631553 0.9605884 -0.08955007 0.001500487 0.9999989 2.12435e-4 0.5307322 0.7863999 -0.3160673 0.2392469 0.3645583 -0.8999212 -0.5346292 -0.7578182 -0.3740099 -0.2076068 -0.3182193 -0.925006 -0.5433254 -0.7146927 0.440468 -0.1905123 -0.1504873 0.9700818 0.5172822 0.7819494 0.3478134 0.07636177 0.238511 0.968133 -0.233889 -0.1966243 -0.9521738 -0.5558915 -0.7424271 -0.3738807 0.5031176 0.7801539 -0.3717966 0.0509324 0.2058687 -0.9772533 0.1798853 0.2345715 0.9553102 0.5987332 0.7047036 0.3806726 -0.1208215 -0.1892279 0.9744716 -0.5232767 -0.7684678 0.3682919 0.1390061 0.2157536 -0.9665028 0.9449191 0.3270604 -0.01263689 0.01149535 0.3268172 0.9450178 -0.9449982 0.3269069 0.01050597 -0.01258671 0.3270226 -0.9449327 0.3941488 -0.02553713 0.9186918 -0.9183247 -0.02551382 0.3950049 -0.3952217 -0.02524083 -0.9182389 0.9179776 -0.02517831 -0.3958321 0.4254336 0.3087636 0.8506887 0.8417824 0.4137942 0.3466653 -0.8351981 0.3113487 0.453328 -0.3462755 0.4138191 0.8419306 -0.4419152 0.3105754 -0.8415783 -0.842217 0.413779 -0.3456264 0.8489022 0.3091915 -0.4286791 0.3449161 0.413856 -0.8424704 -9.92456e-5 0.9999005 -0.0141046 4.54828e-4 0.9998093 0.01952838 0.623892 0.7388876 -0.2545665 -0.2543086 0.7390779 -0.6237717 -0.6241315 0.7385395 0.254989 0.2547435 0.7390557 0.6236204 -0.01177948 0.3269172 -0.9449796 -0.944908 0.3270769 0.0130257 0.01083207 0.326804 0.9450302 0.9449635 0.3269831 -0.01122987 0.9181652 -0.02522778 -0.3953937 -0.3946765 -0.02545964 -0.9184674 -0.9186204 -0.02549618 0.3943179 0.3953083 -0.02552717 0.9181938 0.3466523 0.4137952 -0.8417873 0.8485276 0.3087373 -0.4297469 -0.8424888 0.4137018 -0.3450559 -0.4296254 0.3090316 -0.8484819 -0.3457339 0.4139913 0.8420686 -0.839541 0.311147 0.4453744 0.8420729 0.4137313 0.3460345 0.4338431 0.3093358 0.8462219 -9.79459e-4 0.9999992 -8.49567e-4 3.05963e-4 0.9998499 -0.01732093 4.12176e-4 0.9998633 -0.01653695 -0.2337088 0.953213 0.1917431 0 -1 2.00881e-4 0 -1 2.68401e-4 0.810231 -0.5861107 3.22498e-4 0 -1 5.10826e-5 0.9334589 0.07065701 0.3516563 0.6460166 -0.6763967 0.3537657 0.01197117 -0.9319175 0.362473 -0.6027095 -0.7079805 0.36811 -0.9450939 -0.2076007 -0.2523875 -0.7563676 0.6018758 -0.2562299 -0.08289659 0.9577577 -0.2753698 0.1606701 0.9092972 0.38388 0.3847933 0.909447 0.1576083 -0.1612727 0.9095356 -0.3830617 -0.3837484 0.9093839 0.1604934 0 -1 2.95247e-4 0 -1 3.3618e-5 -0.01795977 0.8715981 0.4898922 -0.776458 0.1098647 -0.6205182 -0.7454378 -0.1752125 -0.6431354 0.4565174 -0.2848916 -0.8428694 0.3658709 0.4938238 -0.7888451 0.8124747 -0.129518 0.5684278 0.598731 -0.3603078 0.7153319 0.7869264 -0.04522359 -0.6153875 0.528715 0.3232307 0.7848456 0.4588027 -0.5549694 0.6939085 -0.771719 0.01254546 0.6358399 -0.7756731 -0.02848058 0.6304919 -0.5851382 -0.3223819 -0.7440989 -0.5149214 0.5552541 -0.6531071 -0.589168 -0.3061499 0.7477656 -0.4975771 0.5190777 0.6949644 -0.7859426 -0.1143286 -0.6076375 -0.6005392 -0.3116655 -0.736354 0.6223289 0.3115354 -0.7180895 0.09401673 0.9142282 -0.394142 0.8329725 0.1414676 0.5349241 0.789275 -0.2374994 0.56625 -0.6306603 -0.5229892 0.5733672 -0.7941601 0.2946648 -0.5314909 -0.5114507 0.8591706 -0.01562464 0.4792699 0.1716458 -0.8607196 0.5155742 -0.2749903 -0.8115195 0.8160979 -0.2882219 0.5009116 0.7687703 0.4901699 0.4107623 0.3836501 0.909375 -0.1607787 -0.3541354 -0.3573493 0.8642278 0.3606029 -0.3573628 0.8615436 0.8641864 -0.3573613 0.3542243 0.8615065 -0.3573509 -0.3607035 0.3541422 -0.3573514 -0.8642241 -0.3606017 -0.3573592 -0.8615456 -0.8642031 -0.3573591 -0.3541857 -0.8615102 -0.3573458 0.3606997 0.1551133 0.9124869 -0.3785598 -0.1579743 0.912487 -0.377375 -0.378519 0.9125065 -0.1550977 0.3773518 0.9124929 -0.1579947 0.1551402 0.9124814 -0.3785622 -0.1579481 0.9124804 -0.3774014 -0.3785312 0.9124819 -0.1552126 -0.3773679 0.9124956 0.1579407 0.3541073 -0.3573459 -0.8642408 -0.3606094 -0.3573605 -0.8615419 -0.8641787 -0.3573621 -0.3542423 -0.8615142 -0.3573519 0.3606841 -0.3541237 -0.3573517 0.8642315 0.3606299 -0.3573612 0.861533 0.8641962 -0.3573613 0.3542004 0.8615007 -0.3573968 -0.3606717 0.1551703 -0.9125126 -0.3784746 -0.1579625 -0.912491 -0.3773701 -0.3785035 -0.9125043 -0.1551489 0.3773716 -0.912487 -0.1579824 0.1551095 -0.9124611 -0.3786238 -0.1579806 -0.9124869 -0.3773723 -0.3785456 -0.9124869 -0.1551482 -0.3773585 -0.912487 0.1580137 0.01632606 0.9998667 -6.45387e-5 -0.01159 0.9998667 -0.01151108 0 -1 2.60005e-5 -0.00370413 -0.1167141 -0.9931587 0.1812546 -0.9663216 -0.1826729 -0.1812537 -0.9663211 0.1826765 0.2334899 0.9531773 -0.1921865 0 -1 -2.00872e-4 0 -1 -2.68398e-4 -0.8102582 -0.586073 -3.2738e-4 0 -1 -5.10826e-5 -0.9334594 0.07065194 -0.3516561 -0.6460143 -0.6763997 -0.3537642 -0.01197117 -0.9319175 -0.362473 0.6027099 -0.7079769 -0.3681162 0.9450943 -0.207602 0.2523854 0.7563576 0.601867 0.2562801 0.0828967 0.9577439 0.2754175 -0.1606608 0.9093081 -0.383858 -0.3814458 0.9103564 0.1604698 -0.4076184 0.9079319 0.09750443 -0.4073861 0.9081595 0.09634804 -0.3806755 0.9110162 0.1585432 -0.2915002 0.9102023 0.2942099 -0.2924324 0.9097655 0.2946355 -0.2878404 0.7433087 0.6038545 -0.2936202 0.9094107 0.2945498 -0.2922022 0.909762 0.2948746 0.1612755 0.9095339 0.3830643 0.3837482 0.909384 -0.1604933 0 -1 -2.95241e-4 0 -1 -3.36185e-5 0.01796233 0.8716025 -0.4898841 0.7764561 0.1098783 0.620518 0.7453042 -0.1751257 0.643314 -0.4565191 -0.2848917 0.8428683 -0.3657905 0.4937658 0.7889187 -0.8124787 -0.1294752 -0.5684316 -0.5987466 -0.3604429 -0.7152506 -0.7869595 -0.04522675 0.6153451 -0.5287189 0.32321 -0.7848515 -0.458822 -0.5549598 -0.6939036 0.771714 0.01255398 -0.6358458 0.775569 -0.02852863 -0.6306179 0.5851331 -0.3224077 0.7440918 0.5149384 0.5551857 0.6531519 0.5891743 -0.3061591 -0.7477568 0.4975609 0.5190279 -0.6950132 0.7859445 -0.1143143 0.6076377 0.6005822 -0.3116967 0.7363058 -0.6223334 0.3115309 0.7180876 -0.09412992 0.9142975 0.3939539 -0.8329705 0.141496 -0.5349196 -0.789579 -0.237631 -0.5657708 0.6306445 -0.5230259 -0.5733512 0.7941561 0.2946761 0.5314903 0.5110028 0.8594376 0.0155934 -0.4792782 0.1716881 0.8607065 -0.5155807 -0.2749835 0.8115175 -0.8160975 -0.2882199 -0.5009135 -0.7687488 0.4901743 -0.4107975 0.3541354 -0.3573493 -0.8642278 -0.360603 -0.3573628 -0.8615436 -0.8641864 -0.3573613 -0.3542243 -0.8615065 -0.357351 0.3607035 -0.3541422 -0.3573514 0.8642241 0.3606017 -0.3573593 0.8615457 0.8642032 -0.3573591 0.3541857 0.8615102 -0.3573458 -0.3606997 -0.1551127 0.9124869 0.3785601 0.1579743 0.912487 0.377375 0.3785185 0.9125065 0.1550988 -0.3773518 0.9124929 0.1579948 -0.1551406 0.9124814 0.378562 0.1579481 0.9124804 0.3774014 0.3785338 0.9124922 0.1551457 0.3773681 0.9124956 -0.1579402 -0.354107 -0.3573458 0.8642408 0.3606091 -0.3573605 0.8615419 0.8641787 -0.3573621 0.3542422 0.8615142 -0.357352 -0.3606841 0.354124 -0.3573518 -0.8642315 -0.3606299 -0.3573612 -0.861533 -0.8641962 -0.3573613 -0.3542004 -0.8615008 -0.3573968 0.3606716 -0.1551696 -0.9125126 0.3784749 0.1579622 -0.912491 0.3773701 0.3785029 -0.9125043 0.1551502 -0.3773715 -0.9124869 0.1579825 -0.1551099 -0.9124611 0.3786237 0.1579807 -0.912487 0.3773723 0.3785465 -0.912487 0.155146 0.3773587 -0.912487 -0.1580131 -0.01632612 0.9998667 6.91097e-5 0.01159 0.9998666 0.01151567 0 -1 2.76252e-5 0.003771305 -0.1170403 0.9931201 -0.1812558 -0.9663218 0.1826713 0.1812534 -0.9663212 -0.1826763 0.8706067 -0.3276832 -0.366971 -0.3669965 -0.3277943 -0.8705542 -0.870763 -0.327278 0.366962 0.3669776 -0.3277664 0.8705727 0.376541 -0.08898246 -0.9221167 -0.9221086 -0.089087 -0.3765358 -0.3765384 -0.08894211 0.9221217 0.9221216 -0.08896631 0.3765326 0.3426146 -0.4206014 -0.8400653 0.4268898 -0.795588 -0.4298891 -0.8400826 -0.4206054 -0.3425674 -0.4298546 -0.7955706 -0.4269572 -0.3426042 -0.4205076 0.8401166 -0.4269152 -0.7955269 0.4299769 0.8400716 -0.4205763 0.3426304 0.4299362 -0.79558 0.4268577 0.8232629 0.4508017 -0.3449869 -0.3449319 0.4508221 -0.8232748 -0.8231542 0.4510613 0.3449072 0.3449321 0.4509814 0.8231875 0.325949 0.5041278 -0.7997578 0.9104118 0.1651524 -0.3793087 -0.7997111 0.5042051 -0.3259443 -0.3792043 0.1652368 -0.91044 -0.3260738 0.5040393 0.7997626 -0.9103592 0.1651617 0.379431 0.7997503 0.5041487 0.325935 0.3792611 0.1653395 0.9103977 0.8206298 0.4575778 -0.3423294 -0.3422898 0.4575554 -0.8206588 -0.8205552 0.4576175 0.3424553 0.3424123 0.4575777 0.8205953 0.9221292 -0.08901208 0.3765032 -0.3764353 -0.08893036 0.9221647 -0.9221177 -0.08894258 -0.3765476 0.3765399 -0.08901846 -0.9221137 0.4298697 -0.7956051 0.426878 0.8401216 -0.4205157 0.3425819 -0.4268041 -0.7956097 0.4299343 -0.342571 -0.4208213 0.839973 -0.4299449 -0.7955068 -0.4269851 -0.8399969 -0.4207182 -0.342639 0.4268878 -0.7955606 -0.4299421 0.3426042 -0.4206135 -0.8400635 0.3449922 0.4507519 0.8232881 -0.8232316 0.4508954 0.3449391 -0.3449257 0.4510295 -0.8231639 0.8231459 0.4510633 -0.3449243 0.379323 0.1652091 0.9103956 0.7998023 0.5039721 0.3260805 -0.910399 0.1651808 0.3793271 -0.325841 0.504174 0.7997727 -0.3793463 0.1652592 -0.9103768 -0.7997958 0.5039144 -0.3261857 0.9104099 0.1654748 -0.3791727 0.3260794 0.5040691 -0.7997416 0.3423387 0.457612 0.8206068 -0.8206863 0.4573986 0.3424333 -0.3424524 0.4575964 -0.8205681 0.8206251 0.4574713 -0.3424828 0.001133024 0.9714791 0.2371226 0.2375676 0.9713706 -9.09819e-4 -0.2374309 0.9714043 6.57861e-4 -8.41039e-4 0.9713656 -0.2375884</float_array>
          <technique_common>
            <accessor source="#Streetlight_LowRes-mesh-normals-array" count="7138" stride="3">
              <param name="X" type="float"/>
              <param name="Y" type="float"/>
              <param name="Z" type="float"/>
            </accessor>
          </technique_common>
        </source>
        <source id="Streetlight_LowRes-mesh-map-0">
          <float_array id="Streetlight_LowRes-mesh-map-0-array" count="39546">0 0 0 0 0 0 0 0 0 0 0 0 0 0 0 0 0 0 0 0 0 0 0 0 0 0 0 0 0 0 0 0 0 0 0 0 0 0 0 0 0 0 0 0 0 0 0 0 0 0 0 0 0 0 0 0 0 0 0 0 0 0 0 0 0 0 0 0 0 0 0 0 0 0 0 0 0 0 0 0 0 0 0 0 0 0 0 0 0 0 0 0 0 0 0 0 0 0 0 0 0 0 0 0 0 0 0 0 0 0 0 0 0 0 0 0 0 0 0 0 0 0 0 0 0 0 0 0 0 0 0 0 0 0 0 0 0 0 0 0 0 0 0 0 0 0 0 0 0 0 0 0 0 0 0 0 0 0 0 0 0 0 0 0 0 0 0 0 0 0 0 0 0 0 0 0 0 0 0 0 0 0 0 0 0 0 0 0 0 0 0 0 0 0 0 0 0 0 0 0 0 0 0 0 0 0 0 0 0 0 0 0 0 0 0 0 0 0 0 0 0 0 0 0 0 0 0 0 0 0 0 0 0 0 0 0 0 0 0 0 0 0 0 0 0 0 0 0 0 0 0 0 0 0 0 0 0 0 0 0 0 0 0 0 0 0 0 0 0 0 0 0 0 0 0 0 0 0 0 0 0 0 0 0 0 0 0 0 0 0 0 0 0 0 0 0 0 0 0 0 0 0 0 0 0 0 0 0 0 0 0 0 0 0 0 0 0 0 0 0 0 0 0 0 0 0 0 0 0 0 0 0 0 0 0 0 0 0 0 0 0 0 0 0 0 0 0 0 0 0 0 0 0 0 0 0 0 0 0 0 0 0 0 0 0 0 0 0 0 0 0 0 0 0 0 0 0 0 0 0 0 0 0 0 0 0 0 0 0 0 0 0 0 0 0 0 0 0 0 0 0 0 0 0 0 0 0 0 0 0 0 0 0 0 0 0 0 0 0 0 0 0 0 0 0 0 0 0 0 0 0 0 0 0 0 0 0 0 0 0 0 0 0 0 0 0 0 0 0 0 0 0 0 0 0 0 0 0 0 0 0 0 0 0 0 0 0 0 0 0 0 0 0 0 0 0 0 0 0 0 0 0 0 0 0 0 0 0 0 0 0 0 0 0 0 0 0 0 0 0 0 0 0 0 0 0 0 0 0 0 0 0 0 0 0 0 0 0 0 0 0 0 0 0 0 0 0 0 0 0 0 0 0 0 0 0 0 0 0 0 0 0 0 0 0 0 0 0 0 0 0 0 0 0 0 0 0 0 0 0 0 0 0 0 0 0 0 0 0 0 0 0 0 0 0 0 0 0 0 0 0 0 0 0 0 0 0 0 0 0 0 0 0 0 0 0 0 0 0 0 0 0 0 0 0 0 0 0 0 0 0 0 0 0 0 0 0 0 0 0 0 0 0 0 0 0 0 0 0 0 0 0 0 0 0 0 0 0 0 0 0 0 0 0 0 0 0 0 0 0 0 0 0 0 0 0 0 0 0 0 0 0 0 0 0 0 0 0 0 0 0 0 0 0 0 0 0 0 0 0 0 0 0 0 0 0 0 0 0 0 0 0 0 0 0 0 0 0 0 0 0 0 0 0 0 0 0 0 0 0 0 0 0 0 0 0 0 0 0 0 0 0 0 0 0 0 0 0 0 0 0 0 0 0 0 0 0 0 0 0 0 0 0 0 0 0 0 0 0 0 0 0 0 0 0 0 0 0 0 0 0 0 0 0 0 0 0 0 0 0 0 0 0 0 0 0 0 0 0 0 0 0 0 0 0 0 0 0 0 0 0 0 0 0 0 0 0 0 0 0 0 0 0 0 0 0 0 0 0 0 0 0 0 0 0 0 0 0 0 0 0 0 0 0 0 0 0 0 0 0 0 0 0 0 0 0 0 0 0 0 0 0 0 0 0 0 0 0 0 0 0 0 0 0 0 0 0 0 0 0 0 0 0 0 0 0 0 0 0 0 0 0 0 0 0 0 0 0 0 0 0 0 0 0 0 0 0 0 0 0 0 0 0 0 0 0 0 0 0 0 0 0 0 0 0 0 0 0 0 0 0 0 0 0 0 0 0 0 0 0 0 0 0 0 0 0 0 0 0 0 0 0 0 0 0 0 0 0 0 0 0 0 0 0 0 0 0 0 0 0 0 0 0 0 0 0 0 0 0 0 0 0 0 0 0 0 0 0 0 0 0 0 0 0 0 0 0 0 0 0 0 0 0 0 0 0 0 0 0 0 0 0 0 0 0 0 0 0 0 0 0 0 0 0 0 0 0 0 0 0 0 0 0 0 0 0 0 0 0 0 0 0 0 0 0 0 0 0 0 0 0 0 0 0 0 0 0 0 0 0 0 0 0 0 0 0 0 0 0 0 0 0 0 0 0 0 0 0 0 0 0 0 0 0 0 0 0 0 0 0 0 0 0 0 0 0 0 0 0 0 0 0 0 0 0 0 0 0 0 0 0 0 0 0 0 0 0 0 0 0 0 0 0 0 0 0 0 0 0 0 0 0 0 0 0 0 0 0 0 0 0 0 0 0 0 0 0 0 0 0 0 0 0 0 0 0 0 0 0 0 0 0 0 0 0 0 0 0 0 0 0 0 0 0 0 0 0 0 0 0 0 0 0 0 0 0 0 0 0 0 0 0 0 0 0 0 0 0 0 0 0 0 0 0 0 0 0 0 0 0 0 0 0 0 0 0 0 0 0 0 0 0 0 0 0 0 0 0 0 0 0 0 0 0 0 0 0 0 0 0 0 0 0 0 0 0 0 0 0 0 0 0 0 0 0 0 0 0 0 0 0 0 0 0 0 0 0 0 0 0 0 0 0 0 0 0 0 0 0 0 0 0 0 0 0 0 0 0 0 0 0 0 0 0 0 0 0 0 0 0 0 0 0 0 0 0 0 0 0 0 0 0 0 0 0 0 0 0 0 0 0 0 0 0 0 0 0 0 0 0 0 0 0 0 0 0 0 0 0 0 0 0 0 0 0 0 0 0 0 0 0 0 0 0 0 0 0 0 0 0 0 0 0 0 0 0 0 0 0 0 0 0 0 0 0 0 0 0 0 0 0 0 0 0 0 0 0 0 0 0 0 0 0 0 0 0 0 0 0 0 0 0 0 0 0 0 0 0 0 0 0 0 0 0 0 0 0 0 0 0 0 0 0 0 0 0 0 0 0 0 0 0 0 0 0 0 0 0 0 0 0 0 0 0 0 0 0 0 0 0 0 0 0 0 0 0 0 0 0 0 0 0 0 0 0 0 0 0 0 0 0 0 0 0 0 0 0 0 0 0 0 0 0 0 0 0 0 0 0 0 0 0 0 0 0 0 0 0 0 0 0 0 0 0 0 0 0 0 0 0 0 0 0 0 0 0 0 0 0 0 0 0 0 0 0 0 0 0 0 0 0 0 0 0 0 0 0 0 0 0 0 0 0 0 0 0 0 0 0 0 0 0 0 0 0 0 0 0 0 0 0 0 0 0 0 0 0 0 0 0 0 0 0 0 0 0 0 0 0 0 0 0 0 0 0 0 0 0 0 0 0 0 0 0 0 0 0 0 0 0 0 0 0 0 0 0 0 0 0 0 0 0 0 0 0 0 0 0 0 0 0 0 0 0 0 0 0 0 0 0 0 0 0 0 0 0 0 0 0 0 0 0 0 0 0 0 0 0 0 0 0 0 0 0 0 0 0 0 0 0 0 0 0 0 0 0 0 0 0 0 0 0 0 0 0 0 0 0 0 0 0 0 0 0 0 0 0 0 0 0 0 0 0 0 0 0 0 0 0 0 0 0 0 0 0 0 0 0 0 0 0 0 0 0 0 0 0 0 0 0 0 0 0 0 0 0 0 0 0 0 0 0 0 0 0 0 0 0 0 0 0 0 0 0 0 0 0 0 0 0 0 0 0 0 0 0 0 0 0 0 0 0 0 0 0 0 0 0 0 0 0 0 0 0 0 0 0 0 0 0 0 0 0 0 0 0 0 0 0 0 0 0 0 0 0 0 0 0 0 0 0 0 0 0 0 0 0 0 0 0 0 0 0 0 0 0 0 0 0 0 0 0 0 0 0 0 0 0 0 0 0 0 0 0 0 0 0 0 0 0 0 0 0 0 0 0 0 0 0 0 0 0 0 0 0 0 0 0 0 0 0 0 0 0 0 0 0 0 0 0 0 0 0 0 0 0 0 0 0 0 0 0 0 0 0 0 0 0 0 0 0 0 0 0 0 0 0 0 0 0 0 0 0 0 0 0 0 0 0 0 0 0 0 0 0 0 0 0 0 0 0 0 0 0 0 0 0 0 0 0 0 0 0 0 0 0 0 0 0 0 0 0 0 0 0 0 0 0 0 0 0 0 0 0 0 0 0 0 0 0 0 0 0 0 0 0 0 0 0 0 0 0 0 0 0 0 0 0 0 0 0 0 0 0 0 0 0 0 0 0 0 0 0 0 0 0 0 0 0 0 0 0 0 0 0 0 0 0 0 0 0 0 0 0 0 0 0 0 0 0 0 0 0 0 0 0 0 0 0 0 0 0 0 0 0 0 0 0 0 0 0 0 0 0 0 0 0 0 0 0 0 0 0 0 0 0 0 0 0 0 0 0 0 0 0 0 0 0 0 0 0 0 0 0 0 0 0 0 0 0 0 0 0 0 0 0 0 0 0 0 0 0 0 0 0 0 0 0 0 0 0 0 0 0 0 0 0 0 0 0 0 0 0 0 0 0 0 0 0 0 0 0 0 0 0 0 0 0 0 0 0 0 0 0 0 0 0 0 0 0 0 0 0 0 0 0 0 0 0 0 0 0 0 0 0 0 0 0 0 0 0 0 0 0 0 0 0 0 0 0 0 0 0 0 0 0 0 0 0 0 0 0 0 0 0 0 0 0 0 0 0 0 0 0 0 0 0 0 0 0 0 0 0 0 0 0 0 0 0 0 0 0 0 0 0 0 0 0 0 0 0 0 0 0 0 0 0 0 0 0 0 0 0 0 0 0 0 0 0 0 0 0 0 0 0 0 0 0 0 0 0 0 0 0 0 0 0 0 0 0 0 0 0 0 0 0 0 0 0 0 0 0 0 0 0 0 0 0 0 0 0 0 0 0 0 0 0 0 0 0 0 0 0 0 0 0 0 0 0 0 0 0 0 0 0 0 0 0 0 0 0 0 0 0 0 0 0 0 0 0 0 0 0 0 0 0 0 0 0 0 0 0 0 0 0 0 0 0 0 0 0 0 0 0 0 0 0 0 0 0 0 0 0 0 0 0 0 0 0 0 0 0 0 0 0 0 0 0 0 0 0 0 0 0 0 0 0 0 0 0 0 0 0 0 0 0 0 0 0 0 0 0 0 0 0 0 0 0 0 0 0 0 0 0 0 0 0 0 0 0 0 0 0 0 0 0 0 0 0 0 0 0 0 0 0 0 0 0 0 0 0 0 0 0 0 0 0 0 0 0 0 0 0 0 0 0 0 0 0 0 0 0 0 0 0 0 0 0 0 0 0 0 0 0 0 0 0 0 0 0 0 0 0 0 0 0 0 0 0 0 0 0 0 0 0 0 0 0 0 0 0 0 0 0 0 0 0 0 0 0 0 0 0 0 0 0 0 0 0 0 0 0 0 0 0 0 0 0 0 0 0 0 0 0 0 0 0 0 0 0 0 0 0 0 0 0 0 0 0 0 0 0 0 0 0 0 0 0 0 0 0 0 0 0 0 0 0 0 0 0 0 0 0 0 0 0 0 0 0 0 0 0 0 0 0 0 0 0 0 0 0 0 0 0 0 0 0 0 0 0 0 0 0 0 0 0 0 0 0 0 0 0 0 0 0 0 0 0 0 0 0 0 0 0 0 0 0 0 0 0 0 0 0 0 0 0 0 0 0 0 0 0 0 0 0 0 0 0 0 0 0 0 0 0 0 0 0 0 0 0 0 0 0 0 0 0 0 0 0 0 0 0 0 0 0 0 0 0 0 0 0 0 0 0 0 0 0 0 0 0 0 0 0 0 0 0 0 0 0 0 0 0 0 0 0 0 0 0 0 0 0 0 0 0 0 0 0 0 0 0 0 0 0 0 0 0 0 0 0 0 0 0 0 0 0 0 0 0 0 0 0 0 0 0 0 0 0 0 0 0 0 0 0 0 0 0 0 0 0 0 0 0 0 0 0 0 0 0 0 0 0 0 0 0 0 0 0 0 0 0 0 0 0 0 0 0 0 0 0 0 0 0 0 0 0 0 0 0 0 0 0 0 0 0 0 0 0 0 0 0 0 0 0 0 0 0 0 0 0 0 0 0 0 0 0 0 0 0 0 0 0 0 0 0 0 0 0 0 0 0 0 0 0 0 0 0 0 0 0 0 0 0 0 0 0 0 0 0 0 0 0 0 0 0 0 0 0 0 0 0 0 0 0 0 0 0 0 0 0 0 0 0 0 0 0 0 0 0 0 0 0 0 0 0 0 0 0 0 0 0 0 0 0 0 0 0 0 0 0 0 0 0 0 0 0 0 0 0 0 0 0 0 0 0 0 0 0 0 0 0 0 0 0 0 0 0 0 0 0 0 0 0 0 0 0 0 0 0 0 0 0 0 0 0 0 0 0 0 0 0 0 0 0 0 0 0 0 0 0 0 0 0 0 0 0 0 0 0 0 0 0 0 0 0 0 0 0 0 0 0 0 0 0 0 0 0 0 0 0 0 0 0 0 0 0 0 0 0 0 0 0 0 0 0 0 0 0 0 0 0 0 0 0 0 0 0 0 0 0 0 0 0 0 0 0 0 0 0 0 0 0 0 0 0 0 0 0 0 0 0 0 0 0 0 0 0 0 0 0 0 0 0 0 0 0 0 0 0 0 0 0 0 0 0 0 0 0 0 0 0 0 0 0 0 0 0 0 0 0 0 0 0 0 0 0 0 0 0 0 0 0 0 0 0 0 0 0 0 0 0 0 0 0 0 0 0 0 0 0 0 0 0 0 0 0 0 0 0 0 0 0 0 0 0 0 0 0 0 0 0 0 0 0 0 0 0 0 0 0 0 0 0 0 0 0 0 0 0 0 0 0 0 0 0 0 0 0 0 0 0 0 0 0 0 0 0 0 0 0 0 0 0 0 0 0 0 0 0 0 0 0 0 0 0 0 0 0 0 0 0 0 0 0 0 0 0 0 0 0 0 0 0 0 0 0 0 0 0 0 0 0 0 0 0 0 0 0 0 0 0 0 0 0 0 0 0 0 0 0 0 0 0 0 0 0 0 0 0 0 0 0 0 0 0 0 0 0 0 0 0 0 0 0 0 0 0 0 0 0 0 0 0 0 0 0 0 0 0 0 0 0 0 0 0 0 0 0 0 0 0 0 0 0 0 0 0 0 0 0 0 0 0 0 0 0 0 0 0 0 0 0 0 0 0 0 0 0 0 0 0 0 0 0 0 0 0 0 0 0 0 0 0 0 0 0 0 0 0 0 0 0 0 0 0 0 0 0 0 0 0 0 0 0 0 0 0 0 0 0 0 0 0 0 0 0 0 0 0 0 0 0 0 0 0 0 0 0 0 0 0 0 0 0 0 0 0 0 0 0 0 0 0 0 0 0 0 0 0 0 0 0 0 0 0 0 0 0 0 0 0 0 0 0 0 0 0 0 0 0 0 0 0 0 0 0 0 0 0 0 0 0 0 0 0 0 0 0 0 0 0 0 0 0 0 0 0 0 0 0 0 0 0 0 0 0 0 0 0 0 0 0 0 0 0 0 0 0 0 0 0 0 0 0 0 0 0 0 0 0 0 0 0 0 0 0 0 0 0 0 0 0 0 0 0 0 0 0 0 0 0 0 0 0 0 0 0 0 0 0 0 0 0 0 0 0 0 0 0 0 0 0 0 0 0 0 0 0 0 0 0 0 0 0 0 0 0 0 0 0 0 0 0 0 0 0 0 0 0 0 0 0 0 0 0 0 0 0 0 0 0 0 0 0 0 0 0 0 0 0 0 0 0 0 0 0 0 0 0 0 0 0 0 0 0 0 0 0 0 0 0 0 0 0 0 0 0 0 0 0 0 0 0 0 0 0 0 0 0 0 0 0 0 0 0 0 0 0 0 0 0 0 0 0 0 0 0 0 0 0 0 0 0 0 0 0 0 0 0 0 0 0 0 0 0 0 0 0 0 0 0 0 0 0 0 0 0 0 0 0 0 0 0 0 0 0 0 0 0 0 0 0 0 0 0 0 0 0 0 0 0 0 0 0 0 0 0 0 0 0 0 0 0 0 0 0 0 0 0 0 0 0 0 0 0 0 0 0 0 0 0 0 0 0 0 0 0 0 0 0 0 0 0 0 0 0 0 0 0 0 0 0 0 0 0 0 0 0 0 0 0 0 0 0 0 0 0 0 0 0 0 0 0 0 0 0 0 0 0 0 0 0 0 0 0 0 0 0 0 0 0 0 0 0 0 0 0 0 0 0 0 0 0 0 0 0 0 0 0 0 0 0 0 0 0 0 0 0 0 0 0 0 0 0 0 0 0 0 0 0 0 0 0 0 0 0 0 0 0 0 0 0 0 0 0 0 0 0 0 0 0 0 0 0 0 0 0 0 0 0 0 0 0 0 0 0 0 0 0 0 0 0 0 0 0 0 0 0 0 0 0 0 0 0 0 0 0 0 0 0 0 0 0 0 0 0 0 0 0 0 0 0 0 0 0 0 0 0 0 0 0 0 0 0 0 0 0 0 0 0 0 0 0 0 0 0 0 0 0 0 0 0 0 0 0 0 0 0 0 0 0 0 0 0 0 0 0 0 0 0 0 0 0 0 0 0 0 0 0 0 0 0 0 0 0 0 0 0 0 0 0 0 0 0 0 0 0 0 0 0 0 0 0 0 0 0 0 0 0 0 0 0 0 0 0 0 0 0 0 0 0 0 0 0 0 0 0 0 0 0 0 0 0 0 0 0 0 0 0 0 0 0 0 0 0 0 0 0 0 0 0 0 0 0 0 0 0 0 0 0 0 0 0 0 0 0 0 0 0 0 0 0 0 0 0 0 0 0 0 0 0 0 0 0 0 0 0 0 0 0 0 0 0 0 0 0 0 0 0 0 0 0 0 0 0 0 0 0 0 0 0 0 0 0 0 0 0 0 0 0 0 0 0 0 0 0 0 0 0 0 0 0 0 0 0 0 0 0 0 0 0 0 0 0 0 0 0 0 0 0 0 0 0 0 0 0 0 0 0 0 0 0 0 0 0 0 0 0 0 0 0 0 0 0 0 0 0 0 0 0 0 0 0 0 0 0 0 0 0 0 0 0 0 0 0 0 0 0 0 0 0 0 0 0 0 0 0 0 0 0 0 0 0 0 0 0 0 0 0 0 0 0 0 0 0 0 0 0 0 0 0 0 0 0 0 0 0 0 0 0 0 0 0 0 0 0 0 0 0 0 0 0 0 0 0 0 0 0 0 0 0 0 0 0 0 0 0 0 0 0 0 0 0 0 0 0 0 0 0 0 0 0 0 0 0 0 0 0 0 0 0 0 0 0 0 0 0 0 0 0 0 0 0 0 0 0 0 0 0 0 0 0 0 0 0 0 0 0 0 0 0 0 0 0 0 0 0 0 0 0 0 0 0 0 0 0 0 0 0 0 0 0 0 0 0 0 0 0 0 0 0 0 0 0 0 0 0 0 0 0 0 0 0 0 0 0 0 0 0 0 0 0 0 0 0 0 0 0 0 0 0 0 0 0 0 0 0 0 0 0 0 0 0 0 0 0 0 0 0 0 0 0 0 0 0 0 0 0 0 0 0 0 0 0 0 0 0 0 0 0 0 0 0 0 0 0 0 0 0 0 0 0 0 0 0 0 0 0 0 0 0 0 0 0 0 0 0 0 0 0 0 0 0 0 0 0 0 0 0 0 0 0 0 0 0 0 0 0 0 0 0 0 0 0 0 0 0 0 0 0 0 0 0 0 0 0 0 0 0 0 0 0 0 0 0 0 0 0 0 0 0 0 0 0 0 0 0 0 0 0 0 0 0 0 0 0 0 0 0 0 0 0 0 0 0 0 0 0 0 0 0 0 0 0 0 0 0 0 0 0 0 0 0 0 0 0 0 0 0 0 0 0 0 0 0 0 0 0 0 0 0 0 0 0 0 0 0 0 0 0 0 0 0 0 0 0 0 0 0 0 0 0 0 0 0 0 0 0 0 0 0 0 0 0 0 0 0 0 0 0 0 0 0 0 0 0 0 0 0 0 0 0 0 0 0 0 0 0 0 0 0 0 0 0 0 0 0 0 0 0 0 0 0 0 0 0 0 0 0 0 0 0 0 0 0 0 0 0 0 0 0 0 0 0 0 0 0 0 0 0 0 0 0 0 0 0 0 0 0 0 0 0 0 0 0 0 0 0 0 0 0 0 0 0 0 0 0 0 0 0 0 0 0 0 0 0 0 0 0 0 0 0 0 0 0 0 0 0 0 0 0 0 0 0 0 0 0 0 0 0 0 0 0 0 0 0 0 0 0 0 0 0 0 0 0 0 0 0 0 0 0 0 0 0 0 0 0 0 0 0 0 0 0 0 0 0 0 0 0 0 0 0 0 0 0 0 0 0 0 0 0 0 0 0 0 0 0 0 0 0 0 0 0 0 0 0 0 0 0 0 0 0 0 0 0 0 0 0 0 0 0 0 0 0 0 0 0 0 0 0 0 0 0 0 0 0 0 0 0 0 0 0 0 0 0 0 0 0 0 0 0 0 0 0 0 0 0 0 0 0 0 0 0 0 0 0 0 0 0 0 0 0 0 0 0 0 0 0 0 0 0 0 0 0 0 0 0 0 0 0 0 0 0 0 0 0 0 0 0 0 0 0 0 0 0 0 0 0 0 0 0 0 0 0 0 0 0 0 0 0 0 0 0 0 0 0 0 0 0 0 0 0 0 0 0 0 0 0 0 0 0 0 0 0 0 0 0 0 0 0 0 0 0 0 0 0 0 0 0 0 0 0 0 0 0 0 0 0 0 0 0 0 0 0 0 0 0 0 0 0 0 0 0 0 0 0 0 0 0 0 0 0 0 0 0 0 0 0 0 0 0 0 0 0 0 0 0 0 0 0 0 0 0 0 0 0 0 0 0 0 0 0 0 0 0 0 0 0 0 0 0 0 0 0 0 0 0 0 0 0 0 0 0 0 0 0 0 0 0 0 0 0 0 0 0 0 0 0 0 0 0 0 0 0 0 0 0 0 0 0 0 0 0 0 0 0 0 0 0 0 0 0 0 0 0 0 0 0 0 0 0 0 0 0 0 0 0 0 0 0 0 0 0 0 0 0 0 0 0 0 0 0 0 0 0 0 0 0 0 0 0 0 0 0 0 0 0 0 0 0 0 0 0 0 0 0 0 0 0 0 0 0 0 0 0 0 0 0 0 0 0 0 0 0 0 0 0 0 0 0 0 0 0 0 0 0 0 0 0 0 0 0 0 0 0 0 0 0 0 0 0 0 0 0 0 0 0 0 0 0 0 0 0 0 0 0 0 0 0 0 0 0 0 0 0 0 0 0 0 0 0 0 0 0 0 0 0 0 0 0 0 0 0 0 0 0 0 0 0 0 0 0 0 0 0 0 0 0 0 0 0 0 0 0 0 0 0 0 0 0 0 0 0 0 0 0 0 0 0 0 0 0 0 0 0 0 0 0 0 0 0 0 0 0 0 0 0 0 0 0 0 0 0 0 0 0 0 0 0 0 0 0 0 0 0 0 0 0 0 0 0 0 0 0 0 0 0 0 0 0 0 0 0 0 0 0 0 0 0 0 0 0 0 0 0 0 0 0 0 0 0 0 0 0 0 0 0 0 0 0 0 0 0 0 0 0 0 0 0 0 0 0 0 0 0 0 0 0 0 0 0 0 0 0 0 0 0 0 0 0 0 0 0 0 0 0 0 0 0 0 0 0 0 0 0 0 0 0 0 0 0 0 0 0 0 0 0 0 0 0 0 0 0 0 0 0 0 0 0 0 0 0 0 0 0 0 0 0 0 0 0 0 0 0 0 0 0 0 0 0 0 0 0 0 0 0 0 0 0 0 0 0 0 0 0 0 0 0 0 0 0 0 0 0 0 0 0 0 0 0 0 0 0 0 0 0 0 0 0 0 0 0 0 0 0 0 0 0 0 0 0 0 0 0 0 0 0 0 0 0 0 0 0 0 0 0 0 0 0 0 0 0 0 0 0 0 0 0 0 0 0 0 0 0 0 0 0 0 0 0 0 0 0 0 0 0 0 0 0 0 0 0 0 0 0 0 0 0 0 0 0 0 0 0 0 0 0 0 0 0 0 0 0 0 0 0 0 0 0 0 0 0 0 0 0 0 0 0 0 0 0 0 0 0 0 0 0 0 0 0 0 0 0 0 0 0 0 0 0 0 0 0 0 0 0 0 0 0 0 0 0 0 0 0 0 0 0 0 0 0 0 0 0 0 0 0 0 0 0 0 0 0 0 0 0 0 0 0 0 0 0 0 0 0 0 0 0 0 0 0 0 0 0 0 0 0 0 0 0 0 0 0 0 0 0 0 0 0 0 0 0 0 0 0 0 0 0 0 0 0 0 0 0 0 0 0 0 0 0 0 0 0 0 0 0 0 0 0 0 0 0 0 0 0 0 0 0 0 0 0 0 0 0 0 0 0 0 0 0 0 0 0 0 0 0 0 0 0 0 0 0 0 0 0 0 0 0 0 0 0 0 0 0 0 0 0 0 0 0 0 0 0 0 0 0 0 0 0 0 0 0 0 0 0 0 0 0 0 0 0 0 0 0 0 0 0 0 0 0 0 0 0 0 0 0 0 0 0 0 0 0 0 0 0 0 0 0 0 0 0 0 0 0 0 0 0 0 0 0 0 0 0 0 0 0 0 0 0 0 0 0 0 0 0 0 0 0 0 0 0 0 0 0 0 0 0 0 0 0 0 0 0 0 0 0 0 0 0 0 0 0 0 0 0 0 0 0 0 0 0 0 0 0 0 0 0 0 0 0 0 0 0 0 0 0 0 0 0 0 0 0 0 0 0 0 0 0 0 0 0 0 0 0 0 0 0 0 0 0 0 0 0 0 0 0 0 0 0 0 0 0 0 0 0 0 0 0 0 0 0 0 0 0 0 0 0 0 0 0 0 0 0 0 0 0 0 0 0 0 0 0 0 0 0 0 0 0 0 0 0 0 0 0 0 0 0 0 0 0 0 0 0 0 0 0 0 0 0 0 0 0 0 0 0 0 0 0 0 0 0 0 0 0 0 0 0 0 0 0 0 0 0 0 0 0 0 0 0 0 0 0 0 0 0 0 0 0 0 0 0 0 0 0 0 0 0 0 0 0 0 0 0 0 0 0 0 0 0 0 0 0 0 0 0 0 0 0 0 0 0 0 0 0 0 0 0 0 0 0 0 0 0 0 0 0 0 0 0 0 0 0 0 0 0 0 0 0 0 0 0 0 0 0 0 0 0 0 0 0 0 0 0 0 0 0 0 0 0 0 0 0 0 0 0 0 0 0 0 0 0 0 0 0 0 0 0 0 0 0 0 0 0 0 0 0 0 0 0 0 0 0 0 0 0 0 0 0 0 0 0 0 0 0 0 0 0 0 0 0 0 0 0 0 0 0 0 0 0 0 0 0 0 0 0 0 0 0 0 0 0 0 0 0 0 0 0 0 0 0 0 0 0 0 0 0 0 0 0 0 0 0 0 0 0 0 0 0 0 0 0 0 0 0 0 0 0 0 0 0 0 0 0 0 0 0 0 0 0 0 0 0 0 0 0 0 0 0 0 0 0 0 0 0 0 0 0 0 0 0 0 0 0 0 0 0 0 0 0 0 0 0 0 0 0 0 0 0 0 0 0 0 0 0 0 0 0 0 0 0 0 0 0 0 0 0 0 0 0 0 0 0 0 0 0 0 0 0 0 0 0 0 0 0 0 0 0 0 0 0 0 0 0 0 0 0 0 0 0 0 0 0 0 0 0 0 0 0 0 0 0 0 0 0 0 0 0 0 0 0 0 0 0 0 0 0 0 0 0 0 0 0 0 0 0 0 0 0 0 0 0 0 0 0 0 0 0 0 0 0 0 0 0 0 0 0 0 0 0 0 0 0 0 0 0 0 0 0 0 0 0 0 0 0 0 0 0 0 0 0 0 0 0 0 0 0 0 0 0 0 0 0 0 0 0 0 0 0 0 0 0 0 0 0 0 0 0 0 0 0 0 0 0 0 0 0 0 0 0 0 0 0 0 0 0 0 0 0 0 0 0 0 0 0 0 0 0 0 0 0 0 0 0 0 0 0 0 0 0 0 0 0 0 0 0 0 0 0 0 0 0 0 0 0 0 0 0 0 0 0 0 0 0 0 0 0 0 0 0 0 0 0 0 0 0 0 0 0 0 0 0 0 0 0 0 0 0 0 0 0 0 0 0 0 0 0 0 0 0 0 0 0 0 0 0 0 0 0 0 0 0 0 0 0 0 0 0 0 0 0 0 0 0 0 0 0 0 0 0 0 0 0 0 0 0 0 0 0 0 0 0 0 0 0 0 0 0 0 0 0 0 0 0 0 0 0 0 0 0 0 0 0 0 0 0 0 0 0 0 0 0 0 0 0 0 0 0 0 0 0 0 0 0 0 0 0 0 0 0 0 0 0 0 0 0 0 0 0 0 0 0 0 0 0 0 0 0 0 0 0 0 0 0 0 0 0 0 0 0 0 0 0 0 0 0 0 0 0 0 0 0 0 0 0 0 0 0 0 0 0 0 0 0 0 0 0 0 0 0 0 0 0 0 0 0 0 0 0 0 0 0 0 0 0 0 0 0 0 0 0 0 0 0 0 0 0 0 0 0 0 0 0 0 0 0 0 0 0 0 0 0 0 0 0 0 0 0 0 0 0 0 0 0 0 0 0 0 0 0 0 0 0 0 0 0 0 0 0 0 0 0 0 0 0 0 0 0 0 0 0 0 0 0 0 0 0 0 0 0 0 0 0 0 0 0 0 0 0 0 0 0 0 0 0 0 0 0 0 0 0 0 0 0 0 0 0 0 0 0 0 0 0 0 0 0 0 0 0 0 0 0 0 0 0 0 0 0 0 0 0 0 0 0 0 0 0 0 0 0 0 0 0 0 0 0 0 0 0 0 0 0 0 0 0 0 0 0 0 0 0 0 0 0 0 0 0 0 0 0 0 0 0 0 0 0 0 0 0 0 0 0 0 0 0 0 0 0 0 0 0 0 0 0 0 0 0 0 0 0 0 0 0 0 0 0 0 0 0 0 0 0 0 0 0 0 0 0 0 0 0 0 0 0 0 0 0 0 0 0 0 0 0 0 0 0 0 0 0 0 0 0 0 0 0 0 0 0 0 0 0 0 0 0 0 0 0 0 0 0 0 0 0 0 0 0 0 0 0 0 0 0 0 0 0 0 0 0 0 0 0 0 0 0 0 0 0 0 0 0 0 0 0 0 0 0 0 0 0 0 0 0 0 0 0 0 0 0 0 0 0 0 0 0 0 0 0 0 0 0 0 0 0 0 0 0 0 0 0 0 0 0 0 0 0 0 0 0 0 0 0 0 0 0 0 0 0 0 0 0 0 0 0 0 0 0 0 0 0 0 0 0 0 0 0 0 0 0 0 0 0 0 0 0 0 0 0 0 0 0 0 0 0 0 0 0 0 0 0 0 0 0 0 0 0 0 0 0 0 0 0 0 0 0 0 0 0 0 0 0 0 0 0 0 0 0 0 0 0 0 0 0 0 0 0 0 0 0 0 0 0 0 0 0 0 0 0 0 0 0 0 0 0 0 0 0 0 0 0 0 0 0 0 0 0 0 0 0 0 0 0 0 0 0 0 0 0 0 0 0 0 0 0 0 0 0 0 0 0 0 0 0 0 0 0 0 0 0 0 0 0 0 0 0 0 0 0 0 0 0 0 0 0 0 0 0 0 0 0 0 0 0 0 0 0 0 0 0 0 0 0 0 0 0 0 0 0 0 0 0 0 0 0 0 0 0 0 0 0 0 0 0 0 0 0 0 0 0 0 0 0 0 0 0 0 0 0 0 0 0 0 0 0 0 0 0 0 0 0 0 0 0 0 0 0 0 0 0 0 0 0 0 0 0 0 0 0 0 0 0 0 0 0 0 0 0 0 0 0 0 0 0 0 0 0 0 0 0 0 0 0 0 0 0 0 0 0 0 0 0 0 0 0 0 0 0 0 0 0 0 0 0 0 0 0 0 0 0 0 0 0 0 0 0 0 0 0 0 0 0 0 0 0 0 0 0 0 0 0 0 0 0 0 0 0 0 0 0 0 0 0 0 0 0 0 0 0 0 0 0 0 0 0 0 0 0 0 0 0 0 0 0 0 0 0 0 0 0 0 0 0 0 0 0 0 0 0 0 0 0 0 0 0 0 0 0 0 0 0 0 0 0 0 0 0 0 0 0 0 0 0 0 0 0 0 0 0 0 0 0 0 0 0 0 0 0 0 0 0 0 0 0 0 0 0 0 0 0 0 0 0 0 0 0 0 0 0 0 0 0 0 0 0 0 0 0 0 0 0 0 0 0 0 0 0 0 0 0 0 0 0 0 0 0 0 0 0 0 0 0 0 0 0 0 0 0 0 0 0 0 0 0 0 0 0 0 0 0 0 0 0 0 0 0 0 0 0 0 0 0 0 0 0 0 0 0 0 0 0 0 0 0 0 0 0 0 0 0 0 0 0 0 0 0 0 0 0 0 0 0 0 0 0 0 0 0 0 0 0 0 0 0 0 0 0 0 0 0 0 0 0 0 0 0 0 0 0 0 0 0 0 0 0 0 0 0 0 0 0 0 0 0 0 0 0 0 0 0 0 0 0 0 0 0 0 0 0 0 0 0 0 0 0 0 0 0 0 0 0 0 0 0 0 0 0 0 0 0 0 0 0 0 0 0 0 0 0 0 0 0 0 0 0 0 0 0 0 0 0 0 0 0 0 0 0 0 0 0 0 0 0 0 0 0 0 0 0 0 0 0 0 0 0 0 0 0 0 0 0 0 0 0 0 0 0 0 0 0 0 0 0 0 0 0 0 0 0 0 0 0 0 0 0 0 0 0 0 0 0 0 0 0 0 0 0 0 0 0 0 0 0 0 0 0 0 0 0 0 0 0 0 0 0 0 0 0 0 0 0 0 0 0 0 0 0 0 0 0 0 0 0 0 0 0 0 0 0 0 0 0 0 0 0 0 0 0 0 0 0 0 0 0 0 0 0 0 0 0 0 0 0 0 0 0 0 0 0 0 0 0 0 0 0 0 0 0 0 0 0 0 0 0 0 0 0 0 0 0 0 0 0 0 0 0 0 0 0 0 0 0 0 0 0 0 0 0 0 0 0 0 0 0 0 0 0 0 0 0 0 0 0 0 0 0 0 0 0 0 0 0 0 0 0 0 0 0 0 0 0 0 0 0 0 0 0 0 0 0 0 0 0 0 0 0 0 0 0 0 0 0 0 0 0 0 0 0 0 0 0 0 0 0 0 0 0 0 0 0 0 0 0 0 0 0 0 0 0 0 0 0 0 0 0 0 0 0 0 0 0 0 0 0 0 0 0 0 0 0 0 0 0 0 0 0 0 0 0 0 0 0 0 0 0 0 0 0 0 0 0 0 0 0 0 0 0 0 0 0 0 0 0 0 0 0 0 0 0 0 0 0 0 0 0 0 0 0 0 0 0 0 0 0 0 0 0 0 0 0 0 0 0 0 0 0 0 0 0 0 0 0 0 0 0 0 0 0 0 0 0 0 0 0 0 0 0 0 0 0 0 0 0 0 0 0 0 0 0 0 0 0 0 0 0 0 0 0 0 0 0 0 0 0 0 0 0 0 0 0 0 0 0 0 0 0 0 0 0 0 0 0 0 0 0 0 0 0 0 0 0 0 0 0 0 0 0 0 0 0 0 0 0 0 0 0 0 0 0 0 0 0 0 0 0 0 0 0 0 0 0 0 0 0 0 0 0 0 0 0 0 0 0 0 0 0 0 0 0 0 0 0 0 0 0 0 0 0 0 0 0 0 0 0 0 0 0 0 0 0 0 0 0 0 0 0 0 0 0 0 0 0 0 0 0 0 0 0 0 0 0 0 0 0 0 0 0 0 0 0 0 0 0 0 0 0 0 0 0 0 0 0 0 0 0 0 0 0 0 0 0 0 0 0 0 0 0 0 0 0 0 0 0 0 0 0 0 0 0 0 0 0 0 0 0 0 0 0 0 0 0 0 0 0 0 0 0 0 0 0 0 0 0 0 0 0 0 0 0 0 0 0 0 0 0 0 0 0 0 0 0 0 0 0 0 0 0 0 0 0 0 0 0 0 0 0 0 0 0 0 0 0 0 0 0 0 0 0 0 0 0 0 0 0 0 0 0 0 0 0 0 0 0 0 0 0 0 0 0 0 0 0 0 0 0 0 0 0 0 0 0 0 0 0 0 0 0 0 0 0 0 0 0 0 0 0 0 0 0 0 0 0 0 0 0 0 0 0 0 0 0 0 0 0 0 0 0 0 0 0 0 0 0 0 0 0 0 0 0 0 0 0 0 0 0 0 0 0 0 0 0 0 0 0 0 0 0 0 0 0 0 0 0 0 0 0 0 0 0 0 0 0 0 0 0 0 0 0 0 0 0 0 0 0 0 0 0 0 0 0 0 0 0 0 0 0 0 0 0 0 0 0 0 0 0 0 0 0 0 0 0 0 0 0 0 0 0 0 0 0 0 0 0 0 0 0 0 0 0 0 0 0 0 0 0 0 0 0 0 0 0 0 0 0 0 0 0 0 0 0 0 0 0 0 0 0 0 0 0 0 0 0 0 0 0 0 0 0 0 0 0 0 0 0 0 0 0 0 0 0 0 0 0 0 0 0 0 0 0 0 0 0 0 0 0 0 0 0 0 0 0 0 0 0 0 0 0 0 0 0 0 0 0 0 0 0 0 0 0 0 0 0 0 0 0 0 0 0 0 0 0 0 0 0 0 0 0 0 0 0 0 0 0 0 0 0 0 0 0 0 0 0 0 0 0 0 0 0 0 0 0 0 0 0 0 0 0 0 0 0 0 0 0 0 0 0 0 0 0 0 0 0 0 0 0 0 0 0 0 0 0 0 0 0 0 0 0 0 0 0 0 0 0 0 0 0 0 0 0 0 0 0 0 0 0 0 0 0 0 0 0 0 0 0 0 0 0 0 0 0 0 0 0 0 0 0 0 0 0 0 0 0 0 0 0 0 0 0 0 0 0 0 0 0 0 0 0 0 0 0 0 0 0 0 0 0 0 0 0 0 0 0 0 0 0 0 0 0 0 0 0 0 0 0 0 0 0 0 0 0 0 0 0 0 0 0 0 0 0 0 0 0 0 0 0 0 0 0 0 0 0 0 0 0 0 0 0 0 0 0 0 0 0 0 0 0 0 0 0 0 0 0 0 0 0 0 0 0 0 0 0 0 0 0 0 0 0 0 0 0 0 0 0 0 0 0 0 0 0 0 0 0 0 0 0 0 0 0 0 0 0 0 0 0 0 0 0 0 0 0 0 0 0 0 0 0 0 0 0 0 0 0 0 0 0 0 0 0 0 0 0 0 0 0 0 0 0 0 0 0 0 0 0 0 0 0 0 0 0 0 0 0 0 0 0 0 0 0 0 0 0 0 0 0 0 0 0 0 0 0 0 0 0 0 0 0 0 0 0 0 0 0 0 0 0 0 0 0 0 0 0 0 0 0 0 0 0 0 0 0 0 0 0 0 0 0 0 0 0 0 0 0 0 0 0 0 0 0 0 0 0 0 0 0 0 0 0 0 0 0 0 0 0 0 0 0 0 0 0 0 0 0 0 0 0 0 0 0 0 0 0 0 0 0 0 0 0 0 0 0 0 0 0 0 0 0 0 0 0 0 0 0 0 0 0 0 0 0 0 0 0 0 0 0 0 0 0 0 0 0 0 0 0 0 0 0 0 0 0 0 0 0 0 0 0 0 0 0 0 0 0 0 0 0 0 0 0 0 0 0 0 0 0 0 0 0 0 0 0 0 0 0 0 0 0 0 0 0 0 0 0 0 0 0 0 0 0 0 0 0 0 0 0 0 0 0 0 0 0 0 0 0 0 0 0 0 0 0 0 0 0 0 0 0 0 0 0 0 0 0 0 0 0 0 0 0 0 0 0 0 0 0 0 0 0 0 0 0 0 0 0 0 0 0 0 0 0 0 0 0 0 0 0 0 0 0 0 0 0 0 0 0 0 0 0 0 0 0 0 0 0 0 0 0 0 0 0 0 0 0 0 0 0 0 0 0 0 0 0 0 0 0 0 0 0 0 0 0 0 0 0 0 0 0 0 0 0 0 0 0 0 0 0 0 0 0 0 0 0 0 0 0 0 0 0 0 0 0 0 0 0 0 0 0 0 0 0 0 0 0 0 0 0 0 0 0 0 0 0 0 0 0 0 0 0 0 0 0 0 0 0 0 0 0 0 0 0 0 0 0 0 0 0 0 0 0 0 0 0 0 0 0 0 0 0 0 0 0 0 0 0 0 0 0 0 0 0 0 0 0 0 0 0 0 0 0 0 0 0 0 0 0 0 0 0 0 0 0 0 0 0 0 0 0 0 0 0 0 0 0 0 0 0 0 0 0 0 0 0 0 0 0 0 0 0 0 0 0 0 0 0 0 0 0 0 0 0 0 0 0 0 0 0 0 0 0 0 0 0 0 0 0 0 0 0 0 0 0 0 0 0 0 0 0 0 0 0 0 0 0 0 0 0 0 0 0 0 0 0 0 0 0 0 0 0 0 0 0 0 0 0 0 0 0 0 0 0 0 0 0 0 0 0 0 0 0 0 0 0 0 0 0 0 0 0 0 0 0 0 0 0 0 0 0 0 0 0 0 0 0 0 0 0 0 0 0 0 0 0 0 0 0 0 0 0 0 0 0 0 0 0 0 0 0 0 0 0 0 0 0 0 0 0 0 0 0 0 0 0 0 0 0 0 0 0 0 0 0 0 0 0 0 0 0 0 0 0 0 0 0 0 0 0 0 0 0 0 0 0 0 0 0 0 0 0 0 0 0 0 0 0 0 0 0 0 0 0 0 0 0 0 0 0 0 0 0 0 0 0 0 0 0 0 0 0 0 0 0 0 0 0 0 0 0 0 0 0 0 0 0 0 0 0 0 0 0 0 0 0 0 0 0 0 0 0 0 0 0 0 0 0 0 0 0 0 0 0 0 0 0 0 0 0 0 0 0 0 0 0 0 0 0 0 0 0 0 0 0 0 0 0 0 0 0 0 0 0 0 0 0 0 0 0 0 0 0 0 0 0 0 0 0 0 0 0 0 0 0 0 0 0 0 0 0 0 0 0 0 0 0 0 0 0 0 0 0 0 0 0 0 0 0 0 0 0 0 0 0 0 0 0 0 0 0 0 0 0 0 0 0 0 0 0 0 0 0 0 0 0 0 0 0 0 0 0 0 0 0 0 0 0 0 0 0 0 0 0 0 0 0 0 0 0 0 0 0 0 0 0 0 0 0 0 0 0 0 0 0 0 0 0 0 0 0 0 0 0 0 0 0 0 0 0 0 0 0 0 0 0 0 0 0 0 0 0 0 0 0 0 0 0 0 0 0 0 0 0 0 0 0 0 0 0 0 0 0 0 0 0 0 0 0 0 0 0 0 0 0 0 0 0 0 0 0 0 0 0 0 0 0 0 0 0 0 0 0 0 0 0 0 0 0 0 0 0 0 0 0 0 0 0 0 0 0 0 0 0 0 0 0 0 0 0 0 0 0 0 0 0 0 0 0 0 0 0 0 0 0 0 0 0 0 0 0 0 0 0 0 0 0 0 0 0 0 0 0 0 0 0 0 0 0 0 0 0 0 0 0 0 0 0 0 0 0 0 0 0 0 0 0 0 0 0 0 0 0 0 0 0 0 0 0 0 0 0 0 0 0 0 0 0 0 0 0 0 0 0 0 0 0 0 0 0 0 0 0 0 0 0 0 0 0 0 0 0 0 0 0 0 0 0 0 0 0 0 0 0 0 0 0 0 0 0 0 0 0 0 0 0 0 0 0 0 0 0 0 0 0 0 0 0 0 0 0 0 0 0 0 0 0 0 0 0 0 0 0 0 0 0 0 0 0 0 0 0 0 0 0 0 0 0 0 0 0 0 0 0 0 0 0 0 0 0 0 0 0 0 0 0 0 0 0 0 0 0 0 0 0 0 0 0 0 0 0 0 0 0 0 0 0 0 0 0 0 0 0 0 0 0 0 0 0 0 0 0 0 0 0 0 0 0 0 0 0 0 0 0 0 0 0 0 0 0 0 0 0 0 0 0 0 0 0 0 0 0 0 0 0 0 0 0 0 0 0 0 0 0 0 0 0 0 0 0 0 0 0 0 0 0 0 0 0 0 0 0 0 0 0 0 0 0 0 0 0 0 0 0 0 0 0 0 0 0 0 0 0 0 0 0 0 0 0 0 0 0 0 0 0 0 0 0 0 0 0 0 0 0 0 0 0 0 0 0 0 0 0 0 0 0 0 0 0 0 0 0 0 0 0 0 0 0 0 0 0 0 0 0 0 0 0 0 0 0 0 0 0 0 0 0 0 0 0 0 0 0 0 0 0 0 0 0 0 0 0 0 0 0 0 0 0 0 0 0 0 0 0 0 0 0 0 0 0 0 0 0 0 0 0 0 0 0 0 0 0 0 0 0 0 0 0 0 0 0 0 0 0 0 0 0 0 0 0 0 0 0 0 0 0 0 0 0 0 0 0 0 0 0 0 0 0 0 0 0 0 0 0 0 0 0 0 0 0 0 0 0 0 0 0 0 0 0 0 0 0 0 0 0 0 0 0 0 0 0 0 0 0 0 0 0 0 0 0 0 0 0 0 0 0 0 0 0 0 0 0 0 0 0 0 0 0 0 0 0 0 0 0 0 0 0 0 0 0 0 0 0 0 0 0 0 0 0 0 0 0 0 0 0 0 0 0 0 0 0 0 0 0 0 0 0 0 0 0 0 0 0 0 0 0 0 0 0 0 0 0 0 0 0 0 0 0 0 0 0 0 0 0 0 0 0 0 0 0 0 0 0 0 0 0 0 0 0 0 0 0 0 0 0 0 0 0 0 0 0 0 0 0 0 0 0 0 0 0 0 0 0 0 0 0 0 0 0 0 0 0 0 0 0 0 0 0 0 0 0 0 0 0 0 0 0 0 0 0 0 0 0 0 0 0 0 0 0 0 0 0 0 0 0 0 0 0 0 0 0 0 0 0 0 0 0 0 0 0 0 0 0 0 0 0 0 0 0 0 0 0 0 0 0 0 0 0 0 0 0 0 0 0 0 0 0 0 0 0 0 0 0 0 0 0 0 0 0 0 0 0 0 0 0 0 0 0 0 0 0 0 0 0 0 0 0 0 0 0 0 0 0 0 0 0 0 0 0 0 0 0 0 0 0 0 0 0 0 0 0 0 0 0 0 0 0 0 0 0 0 0 0 0 0 0 0 0 0 0 0 0 0 0 0 0 0 0 0 0 0 0 0 0 0 0 0 0 0 0 0 0 0 0 0 0 0 0 0 0 0 0 0 0 0 0 0 0 0 0 0 0 0 0 0 0 0 0 0 0 0 0 0 0 0 0 0 0 0 0 0 0 0 0 0 0 0 0 0 0 0 0 0 0 0 0 0 0 0 0 0 0 0 0 0 0 0 0 0 0 0 0 0 0 0 0 0 0 0 0 0 0 0 0 0 0 0 0 0 0 0 0 0 0 0 0 0 0 0 0 0 0 0 0 0 0 0 0 0 0 0 0 0 0 0 0 0 0 0 0 0 0 0 0 0 0 0 0 0 0 0 0 0 0 0 0 0 0 0 0 0 0 0 0 0 0 0 0 0 0 0 0 0 0 0 0 0 0 0 0 0 0 0 0 0 0 0 0 0 0 0 0 0 0 0 0 0 0 0 0 0 0 0 0 0 0 0 0 0 0 0 0 0 0 0 0 0 0 0 0 0 0 0 0 0 0 0 0 0 0 0 0 0 0 0 0 0 0 0 0 0 0 0 0 0 0 0 0 0 0 0 0 0 0 0 0 0 0 0 0 0 0 0 0 0 0 0 0 0 0 0 0 0 0 0 0 0 0 0 0 0 0 0 0 0 0 0 0 0 0 0 0 0 0 0 0 0 0 0 0 0 0 0 0 0 0 0 0 0 0 0 0 0 0 0 0 0 0 0 0 0 0 0 0 0 0 0 0 0 0 0 0 0 0 0 0 0 0 0 0 0 0 0 0 0 0 0 0 0 0 0 0 0 0 0 0 0 0 0 0 0 0 0 0 0 0 0 0 0 0 0 0 0 0 0 0 0 0 0 0 0 0 0 0 0 0 0 0 0 0 0 0 0 0 0 0 0 0 0 0 0 0 0 0 0 0 0 0 0 0 0 0 0 0 0 0 0 0 0 0 0 0 0 0 0 0 0 0 0 0 0 0 0 0 0 0 0 0 0 0 0 0 0 0 0 0 0 0 0 0 0 0 0 0 0 0 0 0 0 0 0 0 0 0 0 0 0 0 0 0 0 0 0 0 0 0 0 0 0 0 0 0 0 0 0 0 0 0 0 0 0 0 0 0 0 0 0 0 0 0 0 0 0 0 0 0 0 0 0 0 0 0 0 0 0 0 0 0 0 0 0 0 0 0 0 0 0 0 0 0 0 0 0 0 0 0 0 0 0 0 0 0 0 0 0 0 0 0 0 0 0 0 0 0 0 0 0 0 0 0 0 0 0 0 0 0 0 0 0 0 0 0 0 0 0 0 0 0 0 0 0 0 0 0 0 0 0 0 0 0 0 0 0 0 0 0 0 0 0 0 0 0 0 0 0 0 0 0 0 0 0 0 0 0 0 0 0 0 0 0 0 0 0 0 0 0 0 0 0 0 0 0 0 0 0 0 0 0 0 0 0 0 0 0 0 0 0 0 0 0 0 0 0 0 0 0 0 0 0 0 0 0 0 0 0 0 0 0 0 0 0 0 0 0 0 0 0 0 0 0 0 0 0 0 0 0 0 0 0 0 0 0 0 0 0 0 0 0 0 0 0 0 0 0 0 0 0 0 0 0 0 0 0 0 0 0 0 0 0 0 0 0 0 0 0 0 0 0 0 0 0 0 0 0 0 0 0 0 0 0 0 0 0 0 0 0 0 0 0 0 0 0 0 0 0 0 0 0 0 0 0 0 0 0 0 0 0 0 0 0 0 0 0 0 0 0 0 0 0 0 0 0 0 0 0 0 0 0 0 0 0 0 0 0 0 0 0 0 0 0 0 0 0 0 0 0 0 0 0 0 0 0 0 0 0 0 0 0 0 0 0 0 0 0 0 0 0 0 0 0 0 0 0 0 0 0 0 0 0 0 0 0 0 0 0 0 0 0 0 0 0 0 0 0 0 0 0 0 0 0 0 0 0 0 0 0 0 0 0 0 0 0 0 0 0 0 0 0 0 0 0 0 0 0 0 0 0 0 0 0 0 0 0 0 0 0 0 0 0 0 0 0 0 0 0 0 0 0 0 0 0 0 0 0 0 0 0 0 0 0 0 0 0 0 0 0 0 0 0 0 0 0 0 0 0 0 0 0 0 0 0 0 0 0 0 0 0 0 0 0 0 0 0 0 0 0 0 0 0 0 0 0 0 0 0 0 0 0 0 0 0 0 0 0 0 0 0 0 0 0 0 0 0 0 0 0 0 0 0 0 0 0 0 0 0 0 0 0 0 0 0 0 0 0 0 0 0 0 0 0 0 0 0 0 0 0 0 0 0 0 0 0 0 0 0 0 0 0 0 0 0 0 0 0 0 0 0 0 0 0 0 0 0 0 0 0 0 0 0 0 0 0 0 0 0 0 0 0 0 0 0 0 0 0 0 0 0 0 0 0 0 0 0 0 0 0 0 0 0 0 0 0 0 0 0 0 0 0 0 0 0 0 0 0 0 0 0 0 0 0 0 0 0 0 0 0 0 0 0 0 0 0 0 0 0 0 0 0 0 0 0 0 0 0 0 0 0 0 0 0 0 0 0 0 0 0 0 0 0 0 0 0 0 0 0 0 0 0 0 0 0 0 0 0 0 0 0 0 0 0 0 0 0 0 0 0 0 0 0 0 0 0 0 0 0 0 0 0 0 0 0 0 0 0 0 0 0 0 0 0 0 0 0 0 0 0 0 0 0 0 0 0 0 0 0 0 0 0 0 0 0 0 0 0 0 0 0 0 0 0 0 0 0 0 0 0 0 0 0 0 0 0 0 0 0 0 0 0 0 0 0 0 0 0 0 0 0 0 0 0 0 0 0 0 0 0 0 0 0 0 0 0 0 0 0 0 0 0 0 0 0 0 0 0 0 0 0 0 0 0 0 0 0 0 0 0 0 0 0 0 0 0 0 0 0 0 0 0 0 0 0 0 0 0 0 0 0 0 0 0 0 0 0 0 0 0 0 0 0 0 0 0 0 0 0 0 0 0 0 0 0 0 0 0 0 0 0 0 0 0 0 0 0 0 0 0 0 0 0 0 0 0 0 0 0 0 0 0 0 0 0 0 0 0 0 0 0 0 0 0 0 0 0 0 0 0 0 0 0 0 0 0 0 0 0 0 0 0 0 0 0 0 0 0 0 0 0 0 0 0 0 0 0 0 0 0 0 0 0 0 0 0 0 0 0 0 0 0 0 0 0 0 0 0 0 0 0 0 0 0 0 0 0 0 0 0 0 0 0 0 0 0 0 0 0 0 0 0 0 0 0 0 0 0 0 0 0 0 0 0 0 0 0 0 0 0 0 0 0 0 0 0 0 0 0 0 0 0 0 0 0 0 0 0 0 0 0 0 0 0 0 0 0 0 0 0 0 0 0 0 0 0 0 0 0 0 0 0 0 0 0 0 0 0 0 0 0 0 0 0 0 0 0 0 0 0 0 0 0 0 0 0 0 0 0 0 0 0 0 0 0 0 0 0 0 0 0 0 0 0 0 0 0 0 0 0 0 0 0 0 0 0 0 0 0 0 0 0 0 0 0 0 0 0 0 0 0 0 0 0 0 0 0 0 0 0 0 0 0 0 0 0 0 0 0 0 0 0 0 0 0 0 0 0 0 0 0 0 0 0 0 0 0 0 0 0 0 0 0 0 0 0 0 0 0 0 0 0 0 0 0 0 0 0 0 0 0 0 0 0 0 0 0 0 0 0 0 0 0 0 0 0 0 0 0 0 0 0 0 0 0 0 0 0 0 0 0 0 0 0 0 0 0 0 0 0 0 0 0 0 0 0 0 0 0 0 0 0 0 0 0 0 0 0 0 0 0 0 0 0 0 0 0 0 0 0 0 0 0 0 0 0 0 0 0 0 0 0 0 0 0 0 0 0 0 0 0 0 0 0 0 0 0 0 0 0 0 0 0 0 0 0 0 0 0 0 0 0 0 0 0 0 0 0 0 0 0 0 0 0 0 0 0 0 0 0 0 0 0 0 0 0 0 0 0 0 0 0 0 0 0 0 0 0 0 0 0 0 0 0 0 0 0 0 0 0 0 0 0 0 0 0 0 0 0 0 0 0 0 0 0 0 0 0 0 0 0 0 0 0 0 0 0 0 0 0 0 0 0 0 0 0 0 0 0 0 0 0 0 0 0 0 0 0 0 0 0 0 0 0 0 0 0 0 0 0 0 0 0 0 0 0 0 0 0 0 0 0 0 0 0 0 0 0 0 0 0 0 0 0 0 0 0 0 0 0 0 0 0 0 0 0 0 0 0 0 0 0 0 0 0 0 0 0 0 0 0 0 0 0 0 0 0 0 0 0 0 0 0 0 0 0 0 0 0 0 0 0 0 0 0 0 0 0 0 0 0 0 0 0 0 0 0 0 0 0 0 0 0 0 0 0 0 0 0 0 0 0 0 0 0 0 0 0 0 0 0 0 0 0 0 0 0 0 0 0 0 0 0 0 0 0 0 0 0 0 0 0 0 0 0 0 0 0 0 0 0 0 0 0 0 0 0 0 0 0 0 0 0 0 0 0 0 0 0 0 0 0 0 0 0 0 0 0 0 0 0 0 0 0 0 0 0 0 0 0 0 0 0 0 0 0 0 0 0 0 0 0 0 0 0 0 0 0 0 0 0 0 0 0 0 0 0 0 0 0 0 0 0 0 0 0 0 0 0 0 0 0 0 0 0 0 0 0 0 0 0 0 0 0 0 0 0 0 0 0 0 0 0 0 0 0 0 0 0 0 0 0 0 0 0 0 0 0 0 0 0 0 0 0 0 0 0 0 0 0 0 0 0 0 0 0 0 0 0 0 0 0 0 0 0 0 0 0 0 0 0 0 0 0 0 0 0 0 0 0 0 0 0 0 0 0 0 0 0 0 0 0 0 0 0 0 0 0 0 0 0 0 0 0 0 0 0 0 0 0 0 0 0 0 0 0 0 0 0 0 0 0 0 0 0 0 0 0 0 0 0 0 0 0 0 0 0 0 0 0 0 0 0 0 0 0 0 0 0 0 0 0 0 0 0 0.25 0.25 0 0.25 0.25 0 0.5 0.25 0.25 0.25 0.75 0 0.5 0.25 0.5 0 1 0 0.75 0.25 0.75 0 0 0.25 0.25 0.5 0 0.5 0.25 0.25 0.5 0.5 0.25 0.5 0.75 0.25 0.5 0.5 0.5 0.25 1 0.25 0.75 0.5 0.75 0.25 0.25 0.5 0 0.75 0 0.5 0.5 0.5 0.25 0.75 0.25 0.5 0.75 0.5 0.5 0.75 0.5 0.5 0.75 0.5 1 0.75 0.75 0.75 0.25 0.75 0 1 0 0.75 0.5 0.75 0.25 1 0.25 0.75 0.5 0.75 0.75 1 0.5 1 0.75 0.75 1 1 0.75 1 0 0 0 0 0 0 0 0 0 0 0 0 0 0 0 0 0 0 0 0 0 0 0 0 0 0 0 0 0 0 0 0 0 0 0 0 0 0 0 0 0 0 0 0 0 0 0 0 0 0 0 0 0 0 0 0 0 0 0 0 0 0 0 0 0 0 0 0 0 0 0 0 0 0 0 0 0 0 0 0 0 0 0 0 0 0 0 0 0 0 0 0 0 0 0 0 0 0 0 0 0 0 0 0 0 0 0 0 0 0 0 0 0 0 0 0 0 0 0 0 0 0 0 0 0 0 0 0 0 0 0 0 0 0 0 0 0 0 0 0 0 0 0 0 0 0 0 0 0 0 0 0 0 0 0 0 0 0 0 0 0 0 0 0 0 0 0 0 0 0 0 0 0 0 0 0 0 0 0 0 0 0 0 0 0 0 0 0 0 0 0 0 0 0 0 0 0 0 0 0 0 0 0 0 0 0 0 0 0 0 0 0 0 0 0 0 0 0 0 0 0 0 0 0 0 0 0 0 0 0 0 0 0 0 0 0 0 0 0 0 0 0 0 0 0 0 0 0 0 0 0 0 0 0 0 0 0 0 0 0 0 0 0 0 0 0 0 0 0 0 0 0 0 0 0 0 0 0 0 0 0 0 0 0 0 0 0 0 0 0 0 0 0 0 0 0 0 0 0 0 0 0 0 0 0 0 0 0 0 0 0 0 0 0 0 0 0 0 0 0 0 0 0 0 0 0 0 0 0 0 0 0 0 0 0 0 0 0 0 0 0 0 0 0 0 0 0 0 0 0 0 0 0 0 0 0 0 0 0 0 0 0 0 0 0 0 0 0 0 0 0 0 0 0 0 0 0 0 0 0 0 0 0 0 0 0 0 0 0 0 0 0 0 0 0 0 0 0 0 0 0 0 0 0 0 0 0 0 0 0 0 0 0 0 0 0 0 0 0 0 0 0 0 0 0 0 0 0 0 0 0 0 0 0 0 0 0 0 0 0 0 0 0 0 0 0 0 0 0 0 0 0 0 0 0 0 0 0 0 0 0 0 0 0 0 0 0 0 0 0 0 0 0 0 0 0 0 0 0 0 0 0 0 0 0 0 0 0 0 0 0 0 0 0 0 0 0 0 0 0 0 0 0 0 0 0 0 0 0 0 0 0 0 0 0 0 0 0 0 0 0 0 0 0 0 0 0 0 0 0 0 0 0 0 0 0 0 0 0 0 0 0 0 0 0 0 0 0 0 0 0 0 0 0 0 0 0 0 0 0 0 0 0 0 0 0 0 0 0 0 0 0 0 0 0 0 0 0 0 0 0 0 0 0 0 0 0 0 0 0 0 0 0 0 0 0 0 0 0 0 0 0 0 0 0 0 0 0 0 0 0 0 0 0 0 0 0 0 0 0 0 0 0 0 0 0 0 0 0 0 0 0 0 0 0 0 0 0 0 0 0 0 0 0 0 0 0 0 0 0 0 0 0 0 0 0 0 0 0 0 0 0 0 0 0 0 0 0 0 0 0 0 0 0 0 0 0 0 0 0 0 0 0 0 0 0 0 0 0 0 0 0 0 0 0 0 0 0 0 0 0 0 0 0 0 0 0 0 0 0 0 0 0 0 0 0 0 0 0 0 0 0 0 0 0 0 0 0 0 0 0 0 0 0 0 0 0 0 0 0 0 0 0 0 0 0 0 0 0 0 0 0 0 0 0 0 0 0 0 0 0 0 0 0 0 0 0 0 0 0 0 0 0 0 0 0 0 0 0 0 0 0 0 0 0 0 0 0 0 0 0 0 0 0 0 0 0 0 0 0 0 0 0 0 0 0 0 0 0 0 0 0 0 0 0 0 0 0 0 0 0 0 0 0 0 0 0 0 0 0 0 0 0 0 0 0 0 0 0 0 0 0 0 0 0 0 0 0 0 0 0 0 0 0 0 0 0 0 0 0 0 0 0 0 0 0 0 0 0 0 0 0 0 0 0 0 0 0 0 0 0 0 0 0 0 0 0 0 0 0 0 0 0 0 0 0 0 0 0 0 0 0 0 0 0 0 0 0 0 0 0 0 0 0 0 0 0 0 0 0 0 0 0 0 0 0 0 0 0 0 0 0 0 0 0 0 0 0 0 0 0 0 0 0 0 0 0 0 0 0 0 0 0 0 0 0 0 0 0 0 0 0 0 0 0 0 0 0 0 0 0 0 0 0 0 0 0 0 0 0 0 0 0 0 0 0 0 0 0 0 0 0 0 0 0 0 0 0 0 0 0 0 0 0 0 0 0 0 0 0 0 0 0 0 0 0 0 0 0 0 0 0 0 0 0 0 0 0 0 0 0 0 0 0 0 0 0 0 0 0 0 0 0 0 0 0 0 0 0 0 0 0 0 0 0 0 0 0 0 0 0 0 0 0 0 0 0 0 0 0 0 0 0 0 0 0 0 0 0 0 0 0 0 0 0 0 0 0 0 0 0 0 0 0 0 0 0 0 0 0 0 0 0 0 0 0 0 0 0 0 0 0 0 0 0 0 0 0 0 0 0 0 0 0 0 0 0 0 0 0 0 0 0 0 0 0 0 0 0 0 0 0 0 0 0 0 0 0 0 0 0 0 0 0 0 0 0 0 0 0 0 0 0 0 0 0 0 0 0 0 0 0 0 0 0 0 0 0 0 0 0 0 0 0 0 0 0 0 0 0 0 0 0 0 0 0 0 0 0 0 0 0 0 0 0 0 0 0 0 0 0 0 0 0 0 0 0 0 0 0 0 0 0 0 0 0 0 0 0 0 0 0 0 0 0 0 0 0 0 0 0 0 0 0 0 0 0 0 0 0 0 0 0 0 0 0 0 0 0 0 0 0 0 0 0 0 0 0 0 0 0 0 0 0 0 0 0 0 0 0 0 0 0 0 0 0 0 0 0 0 0 0 0 0 0 0 0 0 0 0 0 0 0 0 0 0 0 0 0 0 0 0 0 0 0 0 0 0 0 0 0 0 0 0 0 0 0 0 0 0 0 0 0 0 0 0 0 0 0 0 0 0 0 0 0 0 0 0 0 0 0 0 0 0 0 0 0 0 0 0 0 0 0 0 0 0 0 0 0 0 0 0 0 0 0 0 0 0 0 0 0 0 0 0 0 0 0 0 0 0 0 0 0 0 0 0 0 0 0 0 0 0 0 0 0 0 0 0 0 0 0 0 0 0 0 0 0 0 0 0 0 0 0 0 0 0 0 0 0 0 0 0 0 0 0 0 0 0 0 0 0 0 0 0 0 0 0 0 0 0 0 0 0 0 0 0 0 0 0 0 0 0 0 0 0 0 0 0 0 0 0 0 0 0 0 0 0 0 0 0 0 0 0 0 0 0 0 0 0 0 0 0 0 0 0 0 0 0 0 0 0 0 0 0 0 0 0 0 0 0 0 0 0 0 0 0 0 0 0 0 0 0 0 0 0 0 0 0 0 0 0 0 0 0 0 0 0 0 0 0 0 0 0 0 0 0 0 0 0 0 0 0 0 0 0 0 0 0 0 0 0 0 0 0 0 0 0 0 0 0 0 0 0 0 0 0 0 0 0 0 0 0 0 0 0 0 0 0 0 0 0 0 0 0 0 0 0 0 0 0 0 0 0 0 0 0 0 0 0 0 0 0 0 0 0 0 0 0 0 0 0 0 0 0 0 0 0 0 0 0 0 0 0 0 0 0 0 0 0 0 0 0 0 0 0 0 0 0 0 0 0 0 0 0 0 0 0 0 0 0 0 0 0 0 0 0 0 0 0 0 0 0 0 0 0 0 0 0 0 0 0 0 0 0 0 0 0 0 0 0 0 0 0 0 0 0 0 0 0 0 0 0 0 0 0 0 0 0 0 0 0 0 0 0 0 0 0 0 0 0 0 0 0 0 0 0 0 0 0 0 0 0 0 0 0 0 0 0 0 0 0 0 0 0 0 0 0 0 0 0 0 0 0 0 0 0 0 0 0 0 0 0 0 0 0 0 0 0 0 0 0 0 0 0 0 0 0 0 0 0 0 0 0 0 0 0 0 0 0 0 0 0 0 0 0 0 0 0 0 0 0 0 0 0 0 0 0 0 0 0 0 0 0 0 0 0 0 0 0 0 0 0 0 0 0 0 0 0 0 0 0 0 0 0 0 0 0 0 0 0 0 0 0 0 0 0 0 0 0 0 0 0 0 0 0 0 0 0 0 0 0 0 0 0 0 0 0 0 0 0 0 0 0 0 0 0 0 0 0 0 0 0 0 0 0 0 0 0 0 0 0 0 0 0 0 0 0 0 0 0 0 0 0 0 0 0 0 0 0 0 0 0 0 0 0 0 0 0 0 0 0 0 0 0 0 0 0 0 0 0 0 0 0 0 0 0 0 0 0 0 0 0 0 0 0 0 0 0 0 0 0 0 0 0 0 0 0 0 0 0 0 0 0 0 0 0 0 0 0 0 0 0 0 0 0 0 0 0 0 0 0 0 0 0 0 0 0 0 0 0 0 0 0 0 0 0 0 0 0 0 0 0 0 0 0 0 0 0 0 0 0 0 0 0 0 0 0 0 0 0 0 0 0 0 0 0 0 0 0 0 0 0 0 0 0 0 0 0 0 0 0 0 0 0 0 0 0 0 0 0 0 0 0 0 0 0 0 0 0 0 0 0 0 0 0 0 0 0 0 0 0 0 0 0 0 0 0 0 0 0 0 0 0 0 0 0 0 0 0 0 0 0 0 0 0 0 0 0 0 0 0 0 0 0 0 0 0 0 0 0 0 0 0 0 0 0 0 0 0 0 0 0 0 0 0 0 0 0 0 0 0 0 0 0 0 0 0 0 0 0 0 0 0 0 0 0 0 0 0 0 0 0 0 0 0 0 0 0 0 0 0 0 0 0 0 0 0 0 0 0 0 0 0 0 0 0 0 0 0 0 0 0 0 0 0 0 0 0 0 0 0 0 0 0 0 0 0 0 0 0 0 0 0 0 0 0 0 0 0 0 0 0 0 0 0 0 0 0 0 0 0 0 0 0 0 0 0 0 0 0 0 0 0 0 0 0 0 0 0 0 0 0 0 0 0 0 0 0 0 0 0 0 0 0 0 0 0 0 0 0 0 0 0 0 0 0 0 0 0 0 0 0 0 0 0 0 0 0 0 0 0 0 0 0 0 0 0 0 0 0 0 0 0 0 0 0 0 0 0 0 0 0 0 0 0 0 0 0 0 0 0 0 0 0 0 0 0 0 0 0 0 0 0 0 0 0 0 0 0 0 0 0 0 0 0 0 0 0 0 0 0 0 0 0 0 0 0 0 0 0 0 0 0 0 0 0 0 0 0 0 0 0 0 0 0 0 0 0 0 0 0 0 0 0 0 0 0 0 0 0 0 0 0 0 0 0 0 0 0 0 0 0 0 0 0 0 0 0 0 0 0 0 0 0 0 0 0 0 0 0 0 0 0 0 0 0 0 0 0 0 0 0 0 0 0 0 0 0 0 0 0 0 0 0 0 0 0 0 0 0 0 0 0 0 0 0 0 0 0 0 0 0 0 0 0 0 0 0 0 0 0 0 0 0 0 0 0 0 0 0 0 0 0 0 0 0 0 0 0 0 0 0 0 0 0 0 0 0 0 0 0 0 0 0 0 0 0 0 0 0 0 0 0 0 0 0 0 0 0 0 0 0 0 0 0 0 0 0 0 0 0 0 0 0 0 0 0 0 0 0 0 0 0 0 0 0 0 0 0 0 0 0 0 0 0 0 0 0 0 0 0 0 0 0 0 0 0 0 0 0 0 0 0 0 0 0 0 0 0 0 0 0 0 0 0 0 0 0 0 0 0 0 0 0 0 0 0 0 0 0 0 0 0 0 0 0 0 0 0 0 0 0 0 0 0 0 0 0 0 0 0 0 0 0 0 0 0 0 0 0 0 0 0 0 0 0 0 0 0 0 0 0 0 0 0 0 0 0 0 0 0 0 0 0 0 0 0 0 0 0 0 0 0 0 0 0 0 0 0 0 0 0 0 0 0 0 0 0 0 0 0 0 0 0 0 0 0 0 0 0 0 0 0 0 0 0 0 0 0 0 0 0 0 0 0 0 0 0 0 0 0 0 0 0 0 0 0 0 0 0 0 0 0 0 0 0 0 0 0 0 0 0 0 0 0 0 0 0 0 0 0 0 0 0 0 0 0 0 0 0 0 0 0 0 0 0 0 0 0 0 0 0 0 0 0 0 0 0 0 0 0 0 0 0 0 0 0 0 0 0 0 0 0 0 0 0 0 0 0 0 0 0 0 0 0 0 0 0 0 0 0 0 0 0 0 0 0 0 0 0 0 0 0 0 0 0 0 0 0 0 0 0 0 0 0 0 0 0 0 0 0 0 0 0 0 0 0 0 0 0 0 0 0 0 0 0 0 0 0 0 0 0 0 0 0 0 0 0 0 0 0 0 0 0 0 0 0 0 0 0 0 0 0 0 0 0 0 0 0 0 0 0 0 0 0 0 0.25 0.25 0 0.25 0.25 0 0.5 0.25 0.25 0.25 0.75 0 0.5 0.25 0.5 0 1 0 0.75 0.25 0.75 0 0 0.25 0.25 0.5 0 0.5 0.25 0.25 0.5 0.5 0.25 0.5 0.75 0.25 0.5 0.5 0.5 0.25 1 0.25 0.75 0.5 0.75 0.25 0.25 0.5 0 0.75 0 0.5 0.5 0.5 0.25 0.75 0.25 0.5 0.75 0.5 0.5 0.75 0.5 0.5 0.75 0.5 1 0.75 0.75 0.75 0.25 0.75 0 1 0 0.75 0.5 0.75 0.25 1 0.25 0.75 0.5 0.75 0.75 1 0.5 1 0.75 0.75 1 1 0.75 1 0 0 0 0 0 0 0 0 0 0 0 0 0 0 0 0 0 0 0 0 0 0 0 0 0 0 0 0 0 0 0 0 0 0 0 0 0 0 0 0 0 0 0 0 0 0 0 0 0 0 0 0 0 0 0 0 0 0 0 0 0 0 0 0 0 0 0 0 0 0 0 0 0 0 0 0 0 0 0 0 0 0 0 0 0 0 0 0 0 0 0 0 0 0 0 0 0 0 0 0 0 0 0 0 0 0 0 0 0 0 0 0 0 0 0 0 0 0 0 0 0 0 0 0 0 0 0 0 0 0 0 0 0 0 0 0 0 0 0 0 0 0 0 0 0 0 0 0 0 0 0 0 0 0 0 0 0 0 0 0 0 0 0 0 0 0 0 0 0 0 0 0 0 0 0 0 0 0 0 0 0 0 0 0 0 0 0 0 0 0 0 0 0 0 0 0 0 0 0 0 0 0 0 0 0 0 0 0 0 0 0 0 0 0 0 0 0 0 0 0 0 0 0 0 0 0 0 0 0 0 0 0 0 0 0 0 0 0 0 0 0 0 0 0 0 0 0 0 0 0 0 0 0 0 0 0 0 0 0 0 0 0 0 0 0 0 0 0 0 0 0 0 0 0 0 0 0 0 0 0 0 0 0 0 0 0 0 0 0 0 0 0 0 0 0 0 0 0 0 0 0 0 0 0 0 0 0 0 0 0 0 0 0 0 0 0 0 0 0 0 0 0 0 0 0 0 0 0 0 0 0 0 0 0 0 0 0 0 0 0 0 0 0 0 0 0 0 0 0 0 0 0 0 0 0 0 0 0 0 0 0 0 0 0 0 0 0 0 0 0 0 0 0 0 0 0 0 0 0 0 0 0 0 0 0 0 0 0 0 0 0 0 0 0 0 0 0 0 0 0 0 0 0 0 0 0 0 0 0 0 0 0 0 0 0 0 0 0 0 0 0 0 0 0 0 0 0 0 0 0 0 0 0 0 0 0 0 0 0 0 0 0 0 0 0 0 0 0 0 0 0 0 0 0 0 0 0 0 0 0 0 0 0 0 0 0 0 0 0 0 0 0 0 0 0 0 0 0 0 0 0 0 0 0 0 0 0 0 0 0 0 0 0 0 0 0 0 0 0 0 0 0 0 0 0 0 0 0 0 0 0 0 0 0 0 0 0 0 0 0 0 0 0 0 0 0 0 0 0 0 0 0 0 0 0 0 0 0 0 0 0 0 0 0 0 0 0 0 0 0 0 0 0 0 0 0 0 0 0 0 0 0 0 0 0 0 0 0 0 0 0 0 0 0 0 0 0 0 0 0 0 0 0 0 0 0 0 0 0 0 0 0 0 0 0 0 0 0 0 0 0 0 0 0 0 0 0 0 0 0 0 0 0 0 0 0 0 0 0 0 0 0 0 0 0 0 0 0 0 0 0 0 0 0 0 0 0 0 0 0 0 0 0 0 0 0 0 0 0 0 0 0 0 0 0 0 0 0 0 0 0 0 0 0 0 0 0 0 0 0 0 0 0 0 0 0 0 0 0 0 0 0 0 0 0 0 0 0 0 0 0 0 0 0 0 0 0 0 0 0 0 0 0 0 0 0 0 0 0 0 0 0 0 0 0 0 0 0 0 0 0 0 0 0 0 0 0 0 0 0 0 0 0 0 0 0 0 0 0 0 0 0 0 0 0 0 0 0 0 0 0 0 0 0 0 0 0 0 0 0 0 0 0 0 0 0 0 0 0 0 0 0 0 0 0 0 0 0 0 0 0 0 0 0 0 0 0 0 0 0 0 0 0 0 0 0 0 0 0 0 0 0 0 0 0 0 0 0 0 0 0 0 0 0 0 0 0 0 0 0 0 0 0 0 0 0 0 0 0 0 0 0 0 0 0 0 0 0 0 0 0 0 0 0 0 0 0 0 0 0 0 0 0 0 0 0 0 0 0 0 0 0 0 0 0 0 0 0 0 0 0 0 0 0 0 0 0 0 0 0 0 0 0 0 0 0 0 0 0 0 0 0 0 0 0 0 0 0 0 0 0 0 0 0 0 0 0 0 0 0 0 0 0 0 0 0 0 0 0 0 0 0 0 0 0 0 0 0 0 0 0 0 0 0 0 0 0 0 0 0 0 0 0 0 0 0 0 0 0 0 0 0 0 0 0 0 0 0 0 0 0 0 0 0 0 0 0 0 0 0 0 0 0 0 0 0 0 0 0 0 0 0 0 0 0 0 0 0 0 0 0 0 0 0 0 0 0 0 0 0 0 0 0 0 0 0 0 0 0 0 0 0 0 0 0 0 0 0 0 0 0 0 0 0 0 0 0 0 0 0 0 0 0 0 0 0 0 0 0 0 0 0 0 0 0 0 0 0 0 0 0 0 0 0 0 0 0 0 0 0 0 0 0 0 0 0 0 0 0 0 0 0 0 0 0 0 0 0 0 0 0 0 0 0 0 0 0 0 0 0 0 0 0 0 0 0 0 0 0 0 0 0 0 0 0 0 0 0 0 0 0 0 0 0 0 0 0 0 0 0 0 0 0 0 0 0 0 0 0 0 0 0 0 0 0 0 0 0 0 0 0 0 0 0 0 0 0 0 0 0 0 0 0 0 0 0 0 0 0 0 0 0 0 0 0 0 0 0 0 0 0 0 0 0 0 0 0 0 0 0 0 0 0 0 0 0 0 0 0 0 0 0 0 0 0 0 0 0 0 0 0 0 0 0 0 0 0 0 0 0 0 0 0 0 0 0 0 0 0 0 0 0 0 0 0 0 0 0 0 0 0 0 0 0 0 0 0 0 0 0 0 0 0 0 0 0 0 0 0 0 0 0 0 0 0 0 0 0 0 0 0 0 0 0 0 0 0 0 0 0 0 0 0 0 0 0 0 0 0 0 0 0 0 0 0 0 0 0 0 0 0 0 0 0 0 0 0 0 0 0 0 0 0 0 0 0 0 0 0 0 0 0 0 0 0 0 0 0 0 0 0 0 0 0 0 0 0 0 0 0 0 0 0 0 0 0 0 0 0 0 0 0 0 0 0 0 0 0 0 0 0 0 0 0 0 0 0 0 0 0 0 0 0 0 0 0 0 0 0 0 0 0 0 0 0 0 0 0 0 0 0 0 0 0 0 0 0 0 0 0 0 0 0 0 0 0 0 0 0 0 0 0 0 0 0 0 0 0 0 0 0 0 0 0 0 0 0 0 0 0 0 0 0 0 0 0 0 0 0 0 0 0 0 0 0 0 0 0 0 0 0 0 0 0 0 0 0 0 0 0 0 0 0 0 0 0 0 0 0 0 0 0 0 0 0 0 0 0 0 0 0 0 0 0 0 0 0 0 0 0 0 0 0 0 0 0 0 0 0 0 0 0 0 0 0 0 0 0 0 0 0 0 0 0 0 0 0 0 0 0 0 0 0 0 0 0 0 0 0 0 0 0 0 0 0 0 0 0 0 0 0 0 0 0 0 0 0 0 0 0 0 0 0 0 0 0 0 0 0 0 0 0 0 0 0 0 0 0 0 0 0 0 0 0 0 0 0 0 0 0 0 0 0 0 0 0 0 0 0 0 0 0 0 0 0 0 0 0 0 0 0 0 0 0 0 0 0 0 0 0 0 0 0 0 0 0 0 0 0 0 0 0 0 0 0 0 0 0 0 0 0 0 0 0 0 0 0 0 0 0 0 0 0 0 0 0 0 0 0 0 0 0 0 0 0 0 0 0 0 0 0 0 0 0 0 0 0 0 0 0 0 0 0 0 0 0 0 0 0 0 0 0 0 0 0 0 0 0 0 0 0 0 0 0 0 0 0 0 0 0 0 0 0 0 0 0 0 0 0 0 0 0 0 0 0 0 0 0 0 0 0 0 0 0 0 0 0 0 0 0 0 0 0 0 0 0 0 0 0 0 0 0 0 0 0 0 0 0 0 0 0 0 0 0 0 0 0 0 0 0 0 0 0 0 0 0 0 0 0 0 0 0 0 0 0 0 0 0 0 0 0 0 0 0 0 0 0 0 0 0 0 0 0 0 0 0 0 0 0 0 0 0 0 0 0 0 0 0 0 0 0 0 0 0 0 0 0 0 0 0 0 0 0 0 0 0 0 0 0 0 0 0 0 0 0 0 0 0 0 0 0 0 0 0 0 0 0 0 0 0 0 0 0 0 0 0 0 0 0 0 0 0 0 0 0 0 0 0 0 0 0 0 0 0 0 0 0 0 0 0 0 0 0 0 0 0 0 0 0 0 0 0 0 0 0 0 0 0 0 0 0 0 0 0 0 0 0 0 0 0 0 0 0 0 0 0 0 0 0 0 0 0 0 0 0 0 0 0 0 0 0 0 0 0 0 0 0 0 0 0 0 0 0 0 0 0 0 0 0 0 0 0 0 0 0 0 0 0 0 0 0 0 0 0 0 0 0 0 0 0 0 0 0 0 0 0 0 0 0 0 0 0 0 0 0 0 0 0 0 0 0 0 0 0 0 0 0 0 0 0 0 0 0 0 0 0 0 0 0 0 0 0 0 0 0 0 0 0 0 0 0 0 0 0 0 0 0 0 0 0 0 0 0 0 0 0 0 0 0 0 0 0 0 0 0 0 0 0 0 0 0 0 0 0 0 0 0 0 0 0 0 0 0 0 0 0 0 0 0 0 0 0 0 0 0 0 0 0 0 0 0 0 0 0 0 0 0 0 0 0 0 0 0 0 0 0 0 0 0 0 0 0 0 0 0 0 0 0 0 0 0 0 0 0 0 0 0 0 0 0 0 0 0 0 0 0 0 0 0 0 0 0 0 0 0 0 0 0 0 0 0 0 0 0 0 0 0 0 0 0 0 0 0 0 0 0 0 0 0 0 0 0 0 0 0 0 0 0 0 0 0 0 0 0 0 0 0 0 0 0 0 0 0 0 0 0 0 0 0 0 0 0 0 0 0 0 0 0 0 0 0 0 0 0 0 0 0 0 0 0 0 0 0 0 0 0 0 0 0 0 0 0 0 0 0 0 0 0 0 0 0 0 0 0 0 0 0 0 0 0 0 0 0 0 0 0 0 0 0 0 0 0 0 0 0 0 0 0 0 0 0 0 0 0 0 0 0 0 0 0 0 0 0 0 0 0 0 0 0 0 0 0 0 0 0 0 0 0 0 0 0 0 0 0 0 0 0 0 0 0 0 0 0 0 0 0 0 0 0 0 0 0 0 0 0 0 0 0 0 0 0 0 0 0 0 0 0 0 0 0 0 0 0 0 0 0 0 0 0 0 0 0 0 0 0 0 0 0 0 0 0 0 0 0 0 0 0 0 0 0 0 0 0 0 0 0 0 0 0 0 0 0 0 0 0 0 0 0 0 0 0 0 0 0 0 0 0 0 0 0 0 0 0 0 0 0 0 0 0 0 0 0 0 0 0 0 0 0 0 0 0 0 0 0 0 0 0 0 0 0 0 0 0 0 0 0 0 0 0 0 0 0 0 0 0 0 0 0 0 0 0 0 0 0 0 0 0 0 0 0 0 0 0 0 0 0 0 0 0 0 0 0 0 0 0 0 0 0 0 0 0 0 0 0 0 0 0 0 0 0 0 0 0 0 0 0 0 0 0 0 0 0 0 0 0 0 0 0 0 0 0 0 0 0 0 0 0 0 0 0 0 0 0 0 0 0 0 0 0 0 0 0 0 0 0 0 0 0 0 0 0 0 0 0 0 0 0 0 0 0 0 0 0 0 0 0 0 0 0 0 0 0 0 0 0 0 0 0 0 0 0 0 0 0 0 0 0 0 0 0 0 0 0 0 0 0 0 0 0 0 0 0 0 0 0 0 0 0 0 0 0 0 0 0 0 0 0 0 0 0 0 0 0 0 0 0 0 0 0 0 0 0 0 0 0 0 0 0 0 0 0 0 0 0 0 0 0 0 0 0 0 0 0 0 0 0 0 0 0 0 0 0 0 0 0 0 0 0 0 0 0 0 0 0 0 0 0 0 0 0 0 0 0 0 0 0 0 0 0 0 0 0 0 0 0 0 0 0 0 0 0 0 0 0 0 0 0 0 0 0 0 0 0 0 0 0 0 0 0 0 0 0 0 0 0 0 0 0 0 0 0 0 0 0 0 0 0 0 0 0 0 0 0 0 0 0 0 0 0 0 0 0 0 0 0 0 0 0 0 0 0 0 0 0 0 0 0 0 0 0 0 0 0 0 0 0 0 0 0 0 0 0 0 0 0 0 0 0 0 0 0 0 0 0 0 0 0 0 0 0 0 0 0 0 0 0 0 0 0 0 0 0 0 0 0 0 0 0 0 0 0 0 0 0 0 0 0 0 0 0 0 0 0 0 0 0 0 0 0 0 0 0 0 0 0 0 0 0 0 0 0 0 0 0 0 0 0 0 0 0 0 0 0 0 0 0 0 0 0 0 0 0 0 0 0 0 0 0 0 0 0 0 0 0 0 0 0 0 0 0 0 0 0 0 0 0 0 0 0 0 0 0 0 0 0 0 0 0 0 0 0 0 0 0 0 0 0 0 0 0 0 0 0 0 0 0 0 0 0 0 0 0 0 0 0 0 0 0 0 0 0 0 0 0 0 0 0 0 0 0 0 0 0 0 0 0 0 0 0 0 0 0 0 0 0 0 0 0 0 0 0 0 0 0 0 0 0 0 0 0 0 0 0 0 0 0 0 0 0 0 0 0 0 0 0 0 0 0 0 0 0 0 0 0 0 0 0 0 0 0 0 0 0 0 0 0 0 0 0 0 0 0 0 0 0 0 0 0 0 0 0 0 0 0 0 0 0 0 0 0 0 0 0 0 0 0 0 0 0 0 0 0 0 0 0 0 0 0 0 0 0 0 0 0 0 0 0 0 0 0 0 0 0 0 0 0 0 0 0 0 0 0 0 0 0 0 0 0 0 0 0 0 0 0 0 0 0 0 0 0 0 0 0 0 0 0 0 0 0 0 0 0 0 0 0 0 0 0 0 0 0 0 0 0 0 0 0 0 0 0 0 0 0 0 0 0 0 0 0 0 0 0 0 0 0 0 0 0 0 0 0 0 0 0 0 0 0 0 0 0 0 0 0 0 0 0 0 0 0 0 0 0 0 0 0 0 0 0 0 0 0 0 0 0 0 0 0 0 0 0 0 0 0 0 0 0 0 0 0 0 0 0 0 0 0 0 0 0 0 0 0 0 0 0 0 0 0 0 0 0 0 0 0 0 0 0 0 0 0 0 0 0 0 0 0 0 0 0 0 0 0 0 0 0 0 0 0 0 0 0 0 0 0 0 0 0 0 0 0 0 0 0 0 0 0 0 0 0 0 0 0 0 0 0 0 0 0 0 0 0 0 0 0 0 0 0 0 0 0 0 0 0 0 0 0 0 0 0 0 0 0 0 0 0 0 0 0 0 0 0 0 0 0 0 0 0 0 0 0 0 0 0 0 0 0 0 0 0 0 0 0 0 0 0 0 0 0 0 0 0 0 0 0 0 0 0 0 0 0 0 0 0 0 0 0 0 0 0 0 0 0 0 0 0 0 0 0 0 0 0 0 0 0 0 0 0 0 0 0 0 0 0 0 0 0 0 0 0 0 0 0 0 0 0 0 0 0 0 0 0 0 0 0 0 0 0 0 0 0 0 0 0 0 0 0 0 0 0 0 0 0 0 0 0 0 0 0 0 0 0 0 0 0 0 0 0 0 0 0 0 0 0 0 0 0 0 0 0 0 0 0 0 0 0 0 0 0 0 0 0 0 0 0 0 0 0 0 0 0 0 0 0 0 0 0 0 0 0 0 0 0 0 0 0 0 0 0 0 0 0 0 0 0 0 0 0 0 0 0 0 0 0 0 0 0 0 0 0 0 0 0 0 0 0 0 0 0 0 0 0 0 0 0 0 0 0 0 0 0 0 0 0 0 0 0 0 0 0 0 0 0 0 0 0 0 0 0 0 0 0 0 0 0 0 0 0 0 0 0 0 0 0 0 0 0 0 0 0 0 0 0 0 0 0 0 0 0 0 0 0 0 0 0 0 0 0 0 0 0 0 0 0 0 0 0 0 0 0 0 0 0 0 0 0 0 0 0 0 0 0 0 0 0 0 0 0 0 0 0 0 0 0 0 0 0 0 0 0 0 0 0 0 0 0 0 0 0 0 0 0 0 0 0 0 0 0 0 0 0 0 0 0 0 0 0 0 0 0 0 0 0 0 0 0 0 0 0 0 0 0 0 0 0 0 0 0 0 0 0 0 0 0 0 0 0 0 0 0 0 0 0 0 0 0 0 0 0 0 0 0 0 0 0 0 0 0 0 0 0 0 0 0 0 0 0 0 0 0 0 0 0 0 0 0 0 0 0 0 0 0 0 0 0 0 0 0 0 0 0 0 0 0 0 0 0 0 0 0 0 0 0 0 0 0 0 0 0 0 0 0 0 0 0 0 0 0 0 0 0 0 0 0 0 0 0 0 0 0 0 0 0 0 0 0 0 0 0 0 0 0 0 0 0 0 0 0 0 0 0 0 0 0 0 0 0 0 0 0 0 0 0 0 0 0 0 0 0 0 0 0 0 0 0 0 0 0 0 0 0 0 0 0 0 0 0 0 0 0 0 0 0 0 0 0 0 0 0 0 0 0 0 0 0 0 0 0 0 0 0 0 0 0 0 0 0 0 0 0 0 0 0 0 0 0 0 0 0 0 0 0 0 0 0 0 0 0 0 0 0 0 0 0 0 0 0 0 0 0 0 0 0 0 0 0 0 0 0 0 0 0 0 0 0 0 0 0 0 0 0 0 0 0 0 0 0 0 0 0 0 0 0 0 0 0 0 0 0 0 0 0 0 0 0 0 0 0 0 0 0 0 0 0 0 0 0 0 0 0 0 0 0 0 0 0 0 0 0 0 0 0 0 0 0 0 0 0 0 0 0 0 0 0 0 0 0 0 0 0 0 0 0 0 0 0 0 0 0 0 0 0 0 0 0 0 0 0 0 0 0 0 0 0 0 0 0 0 0 0 0 0 0 0 0 0 0 0 0 0 0 0 0 0 0 0 0 0 0 0 0 0 0 0 0 0 0 0 0 0 0 0 0 0 0 0 0 0 0 0 0 0 0 0 0 0 0 0 0 0 0 0 0 0 0 0 0 0 0 0 0 0 0 0 0 0 0 0 0 0 0 0 0 0 0 0 0 0 0 0 0 0 0 0 0 0 0 0 0 0 0 0 0 0 0 0 0 0 0 0 0 0 0 0 0 0 0 0 0 0 0 0 0 0 0 0 0 0 0 0 0 0 0 0 0 0 0 0 0 0 0 0 0 0 0 0 0 0 0 0 0 0 0 0 0 0 0 0 0 0 0 0 0 0 0 0 0 0 0 0 0 0 0 0 0 0 0 0 0 0 0 0 0 0 0 0 0 0 0 0 0 0 0 0 0 0 0 0 0 0 0 0 0 0 0 0 0 0 0 0 0 0 0 0 0 0 0 0 0 0 0 0 0 0 0 0 0 0 0 0 0 0 0 0 0 0 0 0 0 0 0 0 0 0 0 0 0 0 0 0 0 0 0 0 0 0 0 0 0 0 0 0 0 0 0 0 0 0 0 0 0 0 0 0 0 0 0 0 0 0 0 0 0 0 0 0 0 0 0 0 0 0 0 0 0 0 0 0 0 0 0 0 0 0 0 0 0 0 0 0 0 0 0 0 0 0 0 0 0 0 0 0 0 0 0 0 0 0 0 0 0 0 0 0 0 0 0 0 0 0 0 0 0 0 0 0 0 0 0 0 0 0 0 0 0 0 0 0 0 0 0 0 0 0 0 0 0 0 0 0 0 0 0 0 0 0 0 0 0 0 0 0 0 0 0 0 0 0 0 0 0 0 0 0 0 0 0 0 0 0 0 0 0 0 0 0 0 0 0 0 0 0 0 0 0 0 0 0 0 0 0 0 0 0 0 0 0 0 0 0 0 0 0 0 0 0 0 0 0 0 0 0 0 0 0 0 0 0 0 0 0 0 0 0 0 0 0 0 0 0 0 0 0 0 0 0 0 0 0 0 0 0 0 0 0 0 0 0 0 0 0 0 0 0 0 0 0 0 0 0 0 0 0 0 0 0 0 0 0 0 0 0 0 0 0 0 0 0 0 0 0 0 0 0 0 0 0 0 0 0 0 0 0 0 0 0 0 0 0 0 0 0 0 0 0 0 0 0 0 0 0 0 0 0 0 0 0 0 0 0 0 0 0 0 0 0 0 0 0 0 0 0 0 0 0 0 0 0 0 0 0 0 0 0 0 0 0 0 0 0 0 0 0 0 0 0 0 0 0 0 0 0 0 0 0 0 0 0 0 0 0 0 0 0 0 0 0 0 0 0 0 0 0 0 0 0 0 0 0 0 0 0 0 0 0 0 0 0 0 0 0 0 0 0 0 0 0 0 0 0 0 0 0 0 0 0 0 0 0 0 0 0 0 0 0 0 0 0 0 0 0 0 0 0 0 0 0 0 0 0 0 0 0 0 0 0 0 0 0 0 0 0 0 0 0 0 0 0 0 0 0 0 0 0 0 0 0 0 0 0 0 0 0 0 0 0 0 0 0 0 0 0 0 0 0 0 0 0 0 0 0 0 0 0 0 0 0 0 0 0 0 0 0 0 0 0 0 0 0 0 0 0 0 0 0 0 0 0 0 0 0 0 0 0 0 0 0 0 0 0 0 0 0 0 0 0 0 0 0 0 0 0 0 0 0 0 0 0 0 0 0 0 0 0 0 0 0 0 0 0 0 0 0 0 0 0 0 0 0 0 0 0 0 0 0 0 0 0 0 0 0 0 0 0 0 0 0 0 0 0 0 0 0 0 0 0 0 0 0 0 0 0 0 0 0 0 0 0 0 0 0 0 0 0 0 0 0 0 0 0 0 0 0 0 0 0 0 0 0 0 0 0 0 0 0 0 0 0 0 0 0 0 0 0 0 0 0 0 0 0 0 0 0 0 0 0 0 0 0 0 0 0 0 0 0 0 0 0 0 0 0 0 0 0 0 0 0 0 0 0 0 0 0 0 0 0 0 0 0 0 0 0 0 0 0 0 0 0 0 0 0 0 0 0 0 0 0 0 0 0 0 0 0 0 0 0 0 0 0 0 0 0 0 0 0 0 0 0 0 0 0 0 0 0 0 0 0 0 0 0 0 0 0 0 0 0 0 0 0 0 0 0 0 0 0 0 0 0 0 0 0 0 0 0 0 0 0 0 0 0 0 0 0 0 0 0 0 0 0 0 0 0 0 0 0 0 0 0 0 0 0 0 0 0 0 0 0 0 0 0 0 0 0 0 0 0 0 0 0 0 0 0 0 0 0 0 0 0 0 0 0 0 0 0 0 0 0 0 0 0 0 0 0 0 0 0 0 0 0 0 0 0 0 0 0 0 0 0 0 0 0 0 0 0 0 0 0 0 0 0 0 0 0 0 0 0 0 0 0 0 0 0 0 0 0 0 0 0 0 0 0 0 0 0 0 0 0 0 0 0 0 0 0 0 0 0 0 0 0 0 0 0 0 0 0 0 0 0 0 0 0 0 0 0 0 0 0 0 0 0 0 0 0 0 0 0 0 0 0 0 0 0 0 0 0 0 0 0 0 0 0 0 0 0 0 0 0 0 0 0 0 0 0 0 0 0 0 0 0 0 0 0 0 0 0 0 0 0 0 0 0 0 0 0 0 0 0 0 0 0 0 0 0 0 0 0 0 0 0 0 0 0 0 0 0 0 0 0 0 0 0 0 0 0 0 0 0 0 0 0 0 0 0 0 0 0 0 0 0 0 0 0 0 0 0 0 0 0 0 0 0 0 0 0 0 0 0 0 0 0 0 0 0 0 0 0 0 0 0 0 0 0 0 0 0 0 0 0 0 0 0 0 0 0 0 0 0 0 0 0 0 0 0 0 0 0 0 0 0 0 0 0 0 0 0 0 0 0 0 0 0 0 0 0 0 0 0 0 0 0 0 0 0 0 0 0 0 0 0 0 0 0 0 0 0 0 0 0 0 0 0 0 0 0 0 0 0 0 0 0 0 0 0 0 0 0 0 0 0 0 0 0 0 0 0 0 0 0 0 0 0 0 0 0 0 0 0 0 0 0 0 0 0 0 0 0 0 0 0 0 0 0 0 0 0 0 0 0 0 0 0 0 0 0 0 0 0 0 0 0 0 0 0 0 0 0 0 0 0 0 0 0 0 0 0 0 0 0 0 0 0 0 0 0 0 0 0 0 0 0 0 0 0 0 0 0 0 0 0 0 0 0 0 0 0 0 0 0 0 0 0 0 0 0 0 0 0 0 0 0 0 0 0 0 0 0 0 0 0 0 0 0 0 0 0 0 0 0 0 0 0 0 0 0 0 0 0 0 0 0 0 0 0 0 0 0 0 0 0 0 0 0 0 0 0 0 0 0 0 0 0 0 0 0 0 0 0 0 0 0 0 0 0 0 0 0 0 0 0 0 0 0 0 0 0 0 0 0 0 0 0 0 0 0 0 0 0 0 0 0 0 0 0 0 0 0 0 0 0 0 0 0 0 0 0 0 0 0 0 0 0 0 0 0 0 0 0 0 0 0 0 0 0 0 0 0 0 0 0 0 0 0 0 0 0 0 0 0 0 0 0 0 0 0 0 0 0 0 0 0 0 0 0 0 0 0 0 0 0 0 0 0 0 0 0 0 0 0 0 0 0 0 0 0 0 0 0 0 0 0 0 0 0 0 0 0 0 0 0 0 0 0 0 0 0 0 0 0 0 0 0 0 0 0 0 0 0 0 0 0 0 0 0 0 0 0 0 0 0 0 0 0 0 0 0 0 0 0 0 0 0 0 0 0 0 0 0 0 0 0 0 0 0 0 0 0 0 0 0 0 0 0 0 0 0 0 0 0 0 0 0 0 0 0 0 0 0 0 0 0 0 0 0 0 0 0 0 0 0 0 0 0 0 0 0 0 0 0 0 0 0 0 0 0 0 0 0 0 0 0 0 0 0 0 0 0 0 0 0 0 0 0 0 0 0 0 0 0 0 0 0 0 0 0 0 0 0 0 0 0 0 0 0 0 0 0 0 0 0 0 0 0 0 0 0 0 0 0 0 0 0 0 0 0 0 0 0 0 0 0 0 0 0 0 0 0 0 0 0 0 0 0 0 0 0 0 0 0 0 0 0 0 0 0 0 0 0 0 0 0 0 0 0 0 0 0 0 0 0 0 0 0 0 0 0 0 0 0 0 0 0 0 0 0 0 0 0 0 0 0 0 0 0 0 0 0 0 0 0 0 0 0 0 0 0 0 0 0 0 0 0 0 0 0 0 0 0 0 0 0 0 0 0 0 0 0 0 0 0 0 0 0 0 0 0 0 0 0 0 0 0 0 0 0 0 0 0 0 0 0 0 0 0 0 0 0 0 0 0 0 0 0 0 0 0 0 0 0 0 0 0 0 0 0 0 0 0 0 0 0 0 0 0 0 0 0 0 0 0 0 0 0 0 0 0 0 0 0 0 0 0 0 0 0 0 0 0 0 0 0 0 0 0 0 0 0 0 0 0 0 0 0 0 0 0 0 0 0 0 0 0 0 0 0 0 0 0 0 0 0 0 0 0 0 0 0 0 0 0 0 0 0 0 0 0 0 0 0 0 0 0 0 0 0 0 0 0 0 0 0 0 0 0 0 0 0 0 0 0 0 0 0 0 0 0 0 0 0 0 0 0 0 0 0 0 0 0 0 0 0 0 0 0 0 0 0 0 0 0 0 0 0 0 0 0 0 0 0 0 0 0 0 0 0 0 0 0 0 0 0 0 0 0 0 0 0 0 0 0 0 0 0 0 0 0 0 0 0 0 0 0 0 0 0 0 0 0 0 0 0 0 0 0 0 0 0 0 0 0 0 0 0 0 0 0 0 0 0 0 0 0 0 0 0 0 0 0 0 0 0 0 0 0 0 0 0 0 0 0 0 0 0 0 0 0 0 0 0 0 0 0 0 0 0 0 0 0 0 0 0 0 0 0 0 0 0 0 0 0 0 0 0 0 0 0 0 0 0 0 0 0 0 0 0 0 0 0 0 0 0 0 0 0 0 0 0 0 0 0 0 0 0 0 0 0 0 0 0 0 0 0 0 0 0 0 0 0 0 0 0 0 0 0 0 0 0 0 0 0 0 0 0 0 0 0 0 0 0 0 0 0 0 0 0 0 0 0 0 0 0 0 0 0 0 0 0 0 0 0 0 0 0 0 0 0 0 0 0 0 0 0 0 0 0 0 0 0 0 0 0 0 0 0 0 0 0 0 0 0 0 0 0 0 0 0 0 0 0 0 0 0 0 0 0 0 0 0 0 0 0 0 0 0 0 0 0 0 0 0 0 0 0 0 0 0 0 0 0 0 0 0 0 0 0 0 0 0 0 0 0 0 0 0 0 0 0 0 0 0 0 0 0 0 0 0 0 0 0 0 0 0 0 0 0 0 0 0 0 0 0 0 0 0 0 0 0 0 0 0 0 0 0 0 0 0 0 0 0 0 0 0 0 0 0 0 0 0 0 0 0 0 0 0 0 0 0 0 0 0 0 0 0 0 0 0 0 0 0 0 0 0 0 0 0 0 0 0 0 0 0 0 0 0 0 0 0 0 0 0 0 0 0 0 0 0 0 0 0 0 0 0 0 0 0 0 0 0 0 0 0 0 0 0 0 0 0 0 0 0 0 0 0 0 0 0 0 0 0 0 0 0 0 0 0 0 0 0 0 0 0 0 0 0 0 0 0 0 0 0 0 0 0 0 0 0 0 0 0 0 0 0 0 0 0 0 0 0 0 0 0 0 0 0 0 0 0 0 0 0 0 0 0 0 0 0 0 0 0 0 0 0 0 0 0 0 0 0 0 0 0 0 0 0 0 0 0 0 0 0 0 0 0 0 0 0 0 0 0 0 0 0 0 0 0 0 0 0 0 0 0 0 0 0 0 0 0 0 0 0 0 0 0 0 0 0 0 0 0 0 0 0 0 0 0 0 0 0 0 0 0 0 0 0 0 0 0 0 0 0 0 0 0 0 0 0 0 0 0 0 0 0 0 0 0 0 0 0 0 0 0 0 0 0 0 0 0 0 0 0 0 0 0 0 0 0 0 0 0 0 0 0 0 0 0 0 0 0 0 0 0 0 0 0 0 0 0 0 0 0 0 0 0 0 0 0 0 0 0 0 0 0 0 0 0 0 0 0 0 0 0 0 0 0 0 0 0 0 0 0 0 0 0 0 0 0 0 0 0 0 0 0 0 0 0 0 0 0 0 0 0 0 0 0 0 0 0 0 0 0 0 0 0 0 0 0 0 0 0 0 0 0 0 0 0 0 0 0 0 0 0 0 0 0 0 0 0 0 0 0 0 0 0 0 0 0 0 0 0 0 0 0 0 0 0 0 0 0 0 0 0 0 0 0 0 0 0 0 0 0 0 0 0 0 0 0 0 0 0 0 0 0 0 0 0 0 0 0 0 0 0 0 0 0 0 0 0 0 0 0 0 0 0 0 0 0 0 0 0 0 0 0 0 0 0 0 0 0 0 0 0 0 0 0 0 0 0 0 0 0 0 0 0 0 0 0 0 0 0 0 0 0 0 0 0 0 0 0 0 0 0 0 0 0 0 0 0 0 0 0 0 0 0 0 0 0 0 0 0 0 0 0 0 0 0 0 0 0 0 0 0 0 0 0 0 0 0 0 0 0 0 0 0 0 0 0 0 0 0 0 0 0 0 0 0 0 0 0 0 0 0 0 0 0 0 0 0 0 0 0 0 0 0 0 0 0 0 0 0 0 0 0 0 0 0 0 0 0 0 0 0 0 0 0 0 0 0 0 0 0 0 0 0 0 0 0 0 0 0 0 0 0 0 0 0 0 0 0 0 0 0 0 0 0 0 0 0 0 0 0 0 0 0 0 0 0 0 0 0 0 0 0 0 0 0 0 0 0 0 0 0 0 0 0 0 0 0 0 0 0 0 0 0 0 0 0 0 0 0 0 0 0 0 0 0 0 0 0 0 0 0 0 0 0 0 0 0 0 0 0 0 0 0 0 0 0 0 0 0 0 0 0 0 0 0 0 0 0 0 0 0 0 0 0 0 0 0 0 0 0 0 0 0 0 0 0 0 0 0 0 0 0 0 0 0 0 0 0 0 0 0 0 0 0 0 0 0 0 0 0 0 0 0 0 0 0 0 0 0 0 0 0 0 0 0 0 0 0 0 0 0 0 0 0 0 0 0 0 0 0 0 0 0 0 0 0 0 0 0 0 0 0 0 0 0 0 0 0 0 0 0 0 0 0 0 0 0 0 0 0 0 0 0 0 0 0 0 0 0 0 0 0 0 0 0 0 0 0 0 0 0 0 0 0 0 0 0 0 0 0 0 0 0 0 0 0 0 0 0 0 0 0 0 0 0 0 0 0 0 0 0 0 0 0 0 0 0 0 0 0 0 0 0 0 0 0 0 0 0 0 0 0 0 0 0 0 0 0 0 0 0 0 0 0 0 0 0 0 0 0 0 0 0 0 0 0 0 0 0 0 0 0 0 0 0 0 0 0 0 0 0 0 0 0 0 0 0 0 0 0 0 0 0 0 0 0 0 0 0 0 0 0 0 0 0 0 0 0 0 0 0 0 0 0 0 0 0 0 0 0 0 0 0 0 0 0 0 0 0 0 0 0 0 0 0 0 0 0 0 0 0 0 0 0 0 0 0 0 0 0 0 0 0 0 0 0 0 0 0 0 0 0 0 0 0 0 0 0 0 0 0 0 0 0 0 0 0 0 0 0 0 0 0 0 0 0 0 0 0 0 0 0 0 0 0 0 0 0 0 0 0 0 0 0 0 0 0 0 0 0 0 0 0 0 0 0 0 0 0 0 0 0 0 0 0 0 0 0 0 0 0 0 0 0 0 0 0 0 0 0 0 0 0 0 0 0 0 0 0 0 0 0 0 0 0 0 0 0 0 0 0 0 0 0 0 0 0 0 0 0 0 0 0 0 0 0 0 0 0 0 0 0 0 0 0 0 0 0 0 0 0 0 0 0 0 0 0 0 0 0 0 0 0 0 0 0 0 0 0 0 0 0 0 0 0 0 0 0 0 0 0 0 0 0 0 0 0 0 0 0 0 0 0 0 0 0 0 0 0 0 0 0 0 0 0 0 0 0 0 0 0 0 0 0 0 0 0 0 0 0 0 0 0 0 0 0 0 0 0 0 0 0 0 0 0 0 0 0 0 0 0 0 0 0 0 0 0 0 0 0 0 0 0 0 0 0 0 0 0 0 0 0 0 0 0 0 0 0 0 0 0 0 0 0 0 0 0 0 0 0 0 0 0 0 0 0 0 0 0 0 0 0 0 0 0 0 0 0 0 0 0 0 0 0 0 0 0 0 0 0 0 0 0 0 0 0 0 0 0 0 0 0 0 0 0 0 0 0 0 0 0 0 0 0 0 0 0 0 0 0 0 0 0 0 0 0 0 0 0 0 0 0 0 0 0 0 0 0 0 0 0 0 0 0 0 0 0 0 0 0 0 0 0 0 0 0 0 0 0 0 0 0 0 0 0 0 0 0 0 0 0 0 0 0 0 0 0 0 0 0 0 0 0 0 0 0 0 0 0 0 0 0 0 0 0 0 0 0 0 0 0 0 0 0 0 0 0 0 0 0 0 0 0 0 0 0 0 0 0 0 0 0 0 0 0 0 0 0 0 0 0 0 0 0 0 0 0 0 0 0 0 0 0 0 0 0 0 0 0 0 0 0 0 0 0 0 0 0 0 0 0 0 0 0 0 0 0 0 0 0 0 0 0 0 0 0 0 0 0 0 0 0 0 0 0 0 0 0 0 0 0 0 0 0 0 0 0 0 0 0 0 0 0 0 0 0 0 0 0 0 0 0 0 0 0 0 0 0 0 0 0 0 0 0 0 0 0 0 0 0 0 0 0 0 0 0 0 0 0 0 0 0 0 0 0 0 0 0 0 0 0 0 0 0 0 0 0 0 0 0 0 0 0 0 0 0 0 0 0 0 0 0 0 0 0 0 0 0 0 0 0 0 0 0 0 0 0 0 0 0 0 0 0 0 0 0 0 0 0 0 0 0 0 0 0 0 0 0 0 0 0 0 0 0 0 0 0 0 0 0 0 0 0 0 0 0 0 0 0 0 0 0 0 0 0 0 0 0 0 0 0 0 0 0 0 0 0 0 0 0 0 0 0 0 0 0 0 0 0 0 0 0 0 0 0 0 0 0 0 0 0 0 0 0 0 0 0 0 0 0 0 0 0 0 0 0 0 0 0 0 0 0 0 0 0 0 0 0 0 0 0 0 0 0 0 0 0 0 0 0 0 0 0 0 0 0 0 0 0 0 0 0 0 0 0 0 0 0 0 0 0 0 0 0 0 0 0 0 0 0 0 0 0 0 0 0 0 0 0 0 0 0 0 0 0 0 0 0 0 0 0 0 0 0 0 0 0 0 0 0 0 0 0 0 0 0 0 0 0 0 0 0 0 0 0 0 0 0 0 0 0 0 0 0 0 0 0 0 0 0 0 0 0 0 0 0 0 0 0 0 0 0 0 0 0 0 0 0 0 0 0 0 0 0 0 0 0 0 0 0 0 0 0 0 0 0 0 0 0 0 0 0 0 0 0 0 0 0 0 0 0 0 0 0 0 0 0 0 0 0 0 0 0 0 0 0 0 0 0 0 0 0 0 0 0 0 0 0 0 0 0 0 0 0 0 0 0 0 0 0 0 0 0 0 0 0 0 0 0 0 0 0 0 0 0 0 0 0 0 0 0 0 0 0 0 0 0 0 0 0 0 0 0 0 0 0 0 0 0 0 0 0 0 0 0 0 0 0 0 0 0 0 0 0 0 0 0 0 0 0 0 0 0 0 0 0 0 0 0 0 0 0 0 0 0 0 0 0 0 0 0 0 0 0 0 0 0 0 0 0 0 0 0 0 0 0 0 0 0 0 0 0 0 0 0 0 0 0 0 0 0 0 0 0 0 0 0 0 0 0 0 0 0 0 0 0 0 0 0 0 0 0 0 0 0 0 0 0 0 0 0 0 0 0 0 0 0 0 0 0 0 0 0 0 0 0 0 0 0 0 0 0 0 0 0 0 0 0 0 0 0 0 0 0 0 0 0 0 0 0 0 0 0 0 0 0 0 0 0 0 0 0 0 0 0 0 0 0 0 0 0 0 0 0 0 0 0 0 0 0 0 0 0 0 0 0 0 0 0 0 0 0 0 0 0 0 0 0 0 0 0 0 0 0 0 0 0 0 0 0 0 0 0 0 0 0 0 0 0 0 0 0 0 0 0 0 0 0 0 0 0 0 0 0 0 0 0 0 0 0 0 0 0 0 0 0 0 0 0 0 0 0 0 0 0 0 0 0 0 0 0 0 0 0 0 0 0 0 0 0 0 0 0 0 0 0 0 0 0 0 0 0 0 0 0 0 0 0 0 0 0 0 0 0 0 0 0 0 0 0 0 0 0 0 0 0 0 0 0 0 0 0 0 0 0 0 0 0 0 0 0 0 0 0 0 0 0 0 0 0 0 0 0 0 0 0 0 0 0 0 0 0 0 0 0 0 0 0 0 0 0 0 0 0 0 0 0 0 0 0 0 0 0 0 0 0 0 0 0 0 0 0 0 0 0 0 0 0 0 0 0 0 0 0 0 0 0 0 0 0 0 0 0 0 0 0 0 0 0 0 0 0 0 0 0 0 0 0 0 0 0 0 0 0 0 0 0 0 0 0 0 0 0 0 0 0 0 0 0 0 0 0 0 0 0 0 0 0 0 0 0 0 0 0 0 0 0 0 0 0 0 0 0 0 0 0 0 0 0 0 0 0 0 0 0 0 0 0 0 0 0 0 0 0 0 0 0 0 0 0 0 0 0 0 0 0 0 0 0 0 0 0 0 0 0 0 0 0 0 0 0 0 0 0 0 0 0 0 0 0 0 0 0 0 0 0 0 0 0 0 0 0 0 0 0 0 0 0 0 0 0 0 0 0 0 0 0 0 0 0 0 0 0 0 0 0 0 0 0 0 0 0 0 0 0 0 0 0 0 0 0 0 0 0 0 0 0 0 0 0 0 0 0 0 0 0 0 0 0 0 0 0 0 0 0 0 0 0 0 0 0 0 0 0 0 0 0 0 0 0 0 0 0 0 0 0 0 0 0 0 0 0 0 0 0 0 0 0 0 0 0 0 0 0 0 0 0 0 0 0 0 0 0 0 0 0 0 0 0 0 0 0 0 0 0 0 0 0 0 0 0 0 0 0 0 0 0 0 0 0 0 0 0 0 0 0 0 0 0 0 0 0 0 0 0 0 0 0 0 0 0 0 0 0 0 0 0 0 0 0 0 0 0 0 0 0 0 0 0 0 0 0 0 0 0 0 0 0 0 0 0 0 0 0 0 0 0 0 0 0 0 0 0 0 0 0 0 0 0 0 0 0 0 0 0 0 0 0 0 0 0 0 0 0 0 0 0 0 0 0 0 0 0 0 0 0 0 0 0 0 0 0 0 0 0 0 0 0 0 0 0 0 0 0 0 0 0 0 0 0 0 0 0 0 0 0 0 0 0 0 0 0 0 0 0 0 0 0 0 0 0 0 0 0 0 0 0 0 0 0 0 0 0 0 0 0 0 0 0 0 0 0 0 0 0 0 0 0 0 0 0 0 0 0 0 0 0 0 0 0 0 0 0 0 0 0 0 0 0 0 0 0 0 0 0 0 0 0 0 0 0 0 0 0 0 0 0 0 0 0 0 0 0 0 0 0 0 0 0 0 0 0 0 0 0 0 0 0 0 0 0 0 0 0 0 0 0 0 0 0 0 0 0 0 0 0 0 0 0 0 0 0 0 0 0 0 0 0 0 0 0 0 0 0 0 0 0 0 0 0 0 0 0 0 0 0 0 0 0 0 0 0 0 0 0 0 0 0 0 0 0 0 0 0 0 0 0 0 0 0 0 0 0 0 0 0 0 0 0 0 0 0 0 0 0 0 0 0 0 0 0 0 0 0 0 0 0 0 0 0 0 0 0 0 0 0 0 0 0 0 0 0 0 0 0 0 0 0 0 0 0 0 0 0 0 0 0 0 0 0 0 0 0 0 0 0 0 0 0 0 0 0 0 0 0 0 0 0 0 0 0 0 0 0 0 0 0 0 0 0 0 0 0 0 0 0 0 0 0 0 0 0 0 0 0 0 0 0 0 0 0 0 0 0 0 0 0 0 0 0 0 0 0 0 0 0 0 0 0 0 0 0 0 0 0 0 0 0 0 0 0 0 0 0 0 0 0 0 0 0 0 0 0 0 0 0 0 0 0 0 0 0 0 0 0 0 0 0 0 0 0 0 0 0 0 0 0 0 0 0 0 0 0 0 0 0 0 0 0 0 0 0 0 0 0 0 0 0 0 0 0 0 0 0 0 0 0 0 0 0 0 0 0 0 0 0 0 0 0 0 0 0 0 0 0 0 0 0 0 0 0 0 0 0 0 0 0 0 0 0 0 0 0 0 0 0 0 0 0 0 0 0 0 0 0 0 0 0 0 0 0 0 0 0 0 0 0 0 0 0 0 0 0 0 0 0 0 0 0 0 0 0 0 0 0 0 0 0 0 0 0 0 0 0 0 0 0 0 0 0 0 0 0 0 0 0 0 0 0 0 0 0 0 0 0 0 0 0 0 0 0 0 0 0 0 0 0 0 0 0 0 0 0 0 0 0 0 0 0 0 0 0 0 0 0 0 0 0 0 0 0 0 0 0 0 0 0 0 0 0 0 0 0 0 0 0 0 0 0 0 0 0 0 0 0 0 0 0 0 0 0 0 0 0 0 0 0 0 0 0 0 0 0 0 0 0 0 0 0 0 0 0 0 0 0 0 0 0 0 0 0 0 0 0 0 0 0 0 0 0 0 0 0 0 0 0 0 0 0 0 0 0 0 0 0 0 0 0 0 0 0 0 0 0 0 0 0 0 0 0 0 0 0 0 0 0 0 0 0 0 0 0 0 0 0 0 0 0 0 0 0 0 0 0 0 0 0 0 0 0 0 0 0 0 0 0 0 0 0 0 0 0 0 0 0 0 0 0 0 0 0 0 0 0 0 0 0 0 0 0 0 0 0 0 0 0 0 0 0 0 0 0 0 0 0 0 0 0 0 0 0 0 0 0 0 0 0 0 0 0 0 0 0 0 0 0 0 0 0 0 0 0 0 0 0 0 0 0 0 0 0 0 0 0 0 0 0 0 0 0 0 0 0 0 0 0 0 0 0 0 0 0 0 0 0 0 0 0 0 0 0 0 0 0 0 0 0 0 0 0 0 0 0 0 0 0 0 0 0 0 0 0 0 0 0 0 0 0 0 0 0 0 0 0 0 0 0 0 0 0 0 0 0 0 0 0 0 0 0 0 0 0 0 0 0 0 0 0 0 0 0 0 0 0 0 0 0 0 0 0 0 0 0 0 0 0 0 0 0 0 0 0 0 0 0 0 0 0 0 0 0 0 0 0 0 0 0 0 0 0 0 0 0 0 0 0 0 0 0 0 0 0 0 0 0 0 0 0 0 0 0 0 0 0 0 0 0 0 0 0 0 0 0 0 0 0 0 0 0 0 0 0 0 0 0 0 0 0 0 0 0 0 0 0 0 0 0 0 0 0 0 0 0 0 0 0 0 0 0 0 0 0 0 0 0 0 0 0 0 0 0 0 0 0 0 0 0 0 0 0 0 0 0 0 0 0 0 0 0 0 0 0 0 0 0 0 0 0 0 0 0 0 0 0 0 0 0 0 0 0 0 0 0 0 0 0 0 0 0 0 0 0 0 0 0 0 0 0 0 0 0 0 0 0 0 0 0 0 0 0 0 0 0 0 0 0 0 0 0 0 0 0 0 0 0 0 0 0 0 0 0 0 0 0 0 0 0 0 0 0 0 0 0 0 0 0 0 0 0 0 0 0 0 0 0 0 0 0 0 0 0 0 0 0 0 0 0 0 0 0 0 0 0 0 0 0 0 0 0 0 0 0 0 0 0 0 0 0 0 0 0 0 0 0 0 0 0 0 0 0 0 0 0 0 0 0 0 0 0 0 0 0 0 0 0 0 0 0 0 0 0 0 0 0 0 0 0 0 0 0 0 0 0 0 0 0 0 0 0 0 0 0 0 0 0 0 0 0 0 0 0 0 0 0 0 0 0 0 0 0 0 0 0 0 0 0 0 0 0 0 0 0 0 0 0 0 0 0 0 0 0 0 0 0 0 0 0 0 0 0 0 0 0 0 0 0 0 0 0 0 0 0 0 0 0 0 0 0 0 0 0 0 0 0 0 0 0 0 0 0 0 0 0 0 0 0 0 0 0 0 0 0 0 0 0 0 0 0 0 0 0 0 0 0 0 0 0 0 0 0 0 0 0 0 0 0 0 0 0 0 0 0 0 0 0 0 0 0 0 0 0 0 0 0 0 0 0 0 0 0 0 0 0 0 0 0 0 0 0 0 0 0 0 0 0 0 0 0 0 0 0 0 0 0 0 0 0 0 0 0 0 0 0 0 0 0 0 0 0 0 0 0 0 0 0 0 0 0 0 0 0 0 0 0 0 0 0 0 0 0 0 0 0 0 0 0 0 0 0 0 0 0 0 0 0 0 0 0 0 0 0 0 0 0 0 0 0 0 0 0 0 0 0 0 0 0 0 0 0 0 0 0 0 0 0 0 0 0 0 0 0 0 0 0 0 0 0 0 0 0 0 0 0 0 0 0 0 0 0 0 0 0 0 0 0 0 0 0 0 0 0 0 0 0 0 0 0 0 0 0 0 0 0 0 0 0 0 0 0 0 0 0 0 0 0 0 0 0 0 0 0 0 0 0 0 0 0 0 0 0 0 0 0 0 0 0 0 0 0 0 0 0 0 0 0 0 0 0 0 0 0 0 0 0 0 0 0 0 0 0 0 0 0 0 0 0 0 0 0 0 0 0 0 0 0 0 0 0 0 0 0 0 0 0 0 0 0 0 0 0 0 0 0 0 0 0 0 0 0 0 0 0 0 0 0 0 0 0 0 0 0 0 0 0 0 0 0 0 0 0 0 0 0 0 0 0 0 0 0 0 0 0 0 0 0 0 0 0 0 0 0 0 0 0 0 0 0 0 0 0 0 0 0 0 0 0 0 0 0 0 0 0 0 0 0 0 0 0 0 0 0 0 0 0 0 0 0 0 0 0 0 0 0 0 0 0 0 0 0 0 0 0 0 0 0 0 0 0 0 0 0 0 0 0 0 0 0 0 0 0 0 0 0 0 0 0 0 0 0 0 0 0 0 0 0 0 0 0 0 0 0 0 0 0 0 0 0 0 0 0 0 0 0 0 0 0 0 0 0 0 0 0 0 0 0 0 0 0 0 0 0 0 0 0 0 0 0 0 0 0 0 0 0 0 0 0 0 0 0 0 0 0 0 0 0 0 0 0 0 0 0 0 0 0 0 0 0 0 0 0 0 0 0 0 0 0 0 0 0 0 0 0 0 0 0 0 0 0 0 0 0 0 0 0 0 0 0 0 0 0 0 0 0 0 0 0 0 0 0 0 0 0 0 0 0 0 0 0 0 0 0 0 0 0 0 0 0 0 0 0 0 0 0 0 0 0 0 0 0 0 0 0 0 0 0 0 0 0 0 0 0 0 0 0 0 0 0 0 0 0 0 0 0 0 0 0 0 0 0 0 0 0 0 0 0 0 0 0 0 0 0 0 0 0 0 0 0 0 0 0 0 0 0 0 0 0 0 0 0 0 0 0 0 0 0 0 0 0 0 0 0 0 0 0 0 0 0 0 0 0 0 0 0 0 0 0 0 0 0 0 0 0 0 0 0 0 0 0 0 0 0 0 0 0 0 0 0 0 0 0 0 0 0 0 0 0 0 0 0 0 0 0 0 0 0 0 0 0 0 0 0 0 0 0 0 0 0 0 0 0 0 0 0 0 0 0 0 0 0 0 0 0 0 0 0 0 0 0 0 0 0 0 0 0 0 0 0 0 0 0 0 0 0 0 0 0 0 0 0 0 0 0 0 0 0 0 0 0 0 0 0 0 0 0 0 0 0 0 0 0 0 0 0 0 0 0 0 0 0 0 0 0 0 0 0 0 0 0 0 0 0 0 0 0 0 0 0 0 0 0 0 0 0 0 0 0 0 0 0 0 0 0 0 0 0 0 0 0 0 0 0 0 0 0 0 0 0 0 0 0 0 0 0 0 0 0 0 0 0 0 0 0 0 0 0 0 0 0 0 0 0 0 0 0 0 0 0 0 0 0 0 0 0 0 0 0 0 0 0 0 0 0 0 0 0 0 0 0 0 0 0 0 0 0 0 0 0 0 0 0 0 0 0 0 0 0 0 0 0 0 0 0 0 0 0 0 0 0 0 0 0 0 0 0 0 0 0 0 0 0 0 0 0 0 0 0 0 0 0 0 0 0 0 0 0 0 0 0 0 0 0 0 0 0 0 0 0 0 0 0 0 0 0 0 0 0 0 0 0 0 0 0 0 0 0 0 0 0 0 0 0 0 0 0 0 0 0 0 0 0 0 0 0 0 0 0 0 0 0 0 0 0 0 0 0 0 0 0 0 0 0 0 0 0 0 0 0 0 0 0 0 0 0 0 0 0 0 0 0 0 0 0 0 0 0 0 0 0 0 0 0 0 0 0 0 0 0 0 0 0 0 0 0 0 0 0 0 0 0 0 0 0 0 0 0 0 0 0 0 0 0 0 0 0 0 0 0 0 0 0 0 0 0 0 0 0 0 0 0 0 0 0 0 0 0 0 0 0 0 0 0 0 0 0 0 0 0 0 0 0 0 0 0 0 0 0 0 0 0 0 0 0 0 0 0 0 0 0 0 0 0 0 0 0 0 0 0 0 0 0 0 0 0 0 0 0 0 0 0 0 0 0 0 0 0 0 0 0 0 0 0 0 0 0 0 0 0 0 0 0 0 0 0 0 0 0 0 0 0 0 0 0 0 0 0 0 0 0 0 0 0 0 0 0 0 0 0 0 0 0 0 0 0 0 0 0 0 0 0 0 0 0 0 0 0 0 0 0 0 0 0 0 0 0 0 0 0 0 0 0 0 0 0 0 0 0 0 0 0 0 0 0 0 0 0 0 0 0 0 0 0 0 0 0 0 0 0 0 0 0 0 0 0 0 0 0 0 0 0 0 0 0 0 0 0 0 0 0 0 0 0 0 0 0 0 0 0 0 0 0 0 0 0 0 0 0 0 0 0 0 0 0 0 0 0 0 0 0 0 0 0 0 0 0 0 0 0 0 0 0 0 0 0 0 0 0 0 0 0 0 0 0 0 0 0 0 0 0 0 0 0 0 0 0 0 0 0 0 0 0 0 0 0 0 0 0 0 0 0 0 0 0 0 0 0 0 0 0 0 0 0 0 0 0 0 0 0 0 0 0 0 0 0 0 0 0 0 0 0 0 0 0 0 0 0 0 0 0 0 0 0 0 0 0 0 0 0 0 0 0 0 0 0 0 0 0 0 0 0 0 0 0 0 0 0 0 0 0 0 0 0 0 0 0 0 0 0 0 0 0 0 0 0 0 0 0 0 0 0 0 0 0 0 0 0 0 0 0 0 0 0 0 0 0 0 0 0 0 0 0 0 0 0 0 0 0 0 0 0 0 0 0 0 0 0 0 0 0 0 0 0 0 0 0 0 0 0 0 0 0 0 0 0 0 0 0 0 0 0 0 0 0 0 0 0 0 0 0 0 0 0 0 0 0 0 0 0 0 0 0 0 0 0 0 0 0 0 0 0 0 0 0 0 0 0 0 0 0 0 0 0 0 0 0 0 0 0 0 0 0 0 0 0 0 0 0 0 0 0 0 0 0 0 0 0 0 0 0 0 0 0 0 0 0 0 0 0 0 0 0 0 0 0 0 0 0 0 0 0 0 0 0 0 0 0 0 0 0 0 0 0 0 0 0 0 0 0 0 0 0 0 0 0 0 0 0 0 0 0 0 0 0 0 0 0 0 0 0 0 0 0 0 0 0 0 0 0 0 0 0 0 0 0 0 0 0 0 0 0 0 0 0 0 0 0 0 0 0 0 0 0 0 0 0 0 0 0 0 0 0 0 0 0 0 0 0 0 0 0 0 0 0 0 0 0 0 0 0 0 0 0 0 0 0 0 0 0 0 0 0 0 0 0 0 0 0 0 0 0 0 0 0 0 0 0 0 0 0 0 0 0 0 0 0 0 0 0 0 0 0 0 0 0 0 0 0 0 0 0 0 0 0 0 0 0 0 0 0 0 0 0 0 0 0 0 0 0 0 0 0 0 0 0 0 0 0 0 0 0 0 0 0 0 0 0 0 0 0 0 0 0 0 0 0 0 0 0 0 0 0 0 0 0 0 0 0 0 0 0 0 0 0 0 0 0 0 0 0 0 0 0 0 0 0 0 0 0 0 0 0 0 0 0 0 0 0 0 0 0 0 0 0 0 0 0 0 0 0 0 0 0 0 0 0 0 0 0 0 0 0 0 0 0 0 0 0 0 0 0 0 0 0 0 0 0 0 0 0 0 0 0 0 0 0 0 0 0 0 0 0 0 0 0 0 0 0 0 0 0 0 0 0 0 0 0 0 0 0 0 0 0 0 0 0 0 0 0 0 0 0 0 0 0 0 0 0 0 0 0 0 0 0 0 0 0 0 0 0 0 0 0 0 0 0 0 0 0 0 0 0 0 0 0 0 0 0 0 0 0 0 0 0 0 0 0 0 0 0 0 0 0 0 0 0 0 0 0 0 0 0 0 0 0 0 0 0 0 0 0 0 0 0 0 0 0 0 0 0 0 0 0 0 0 0 0 0 0 0 0 0 0 0 0 0 0 0 0 0 0 0 0 0 0 0 0 0 0 0 0 0 0 0 0 0 0 0 0 0 0 0 0 0 0 0 0 0 0 0 0 0 0 0 0 0 0 0 0 0 0 0 0 0 0 0 0 0 0 0 0 0 0 0 0 0 0 0 0 0 0 0 0 0 0 0 0 0 0 0 0 0 0 0 0 0 0 0 0 0 0 0 0 0 0 0 0 0 0 0 0 0 0 0 0 0 0 0 0 0 0 0 0 0 0 0 0 0 0 0 0 0 0 0 0 0 0 0 0 0 0 0 0 0 0 0 0 0 0 0 0 0 0 0 0 0 0 0 0 0 0 0 0 0 0 0 0 0 0 0 0 0 0 0 0 0 0 0 0 0 0 0 0 0 0 0 0 0 0 0 0 0 0 0 0 0 0 0 0 0 0 0 0 0 0 0 0 0 0 0 0 0 0 0 0 0 0 0 0 0 0 0 0 0 0 0 0 0 0 0 0 0 0 0 0 0 0 0 0 0 0 0 0 0 0 0 0 0 0 0 0 0 0 0 0 0 0 0 0 0 0 0 0 0 0 0 0 0 0 0 0 0 0 0 0 0 0 0 0 0 0 0 0 0 0 0 0 0 0 0 0 0 0 0 0 0 0 0 0 0 0 0 0 0 0 0 0 0 0 0 0 0 0 0 0 0 0 0 0 0 0 0 0 0 0 0 0 0 0 0 0 0 0 0 0 0 0 0 0 0 0 0 0 0 0 0 0 0 0 0 0 0 0 0 0 0 0 0 0 0 0 0 0 0 0 0 0 0 0 0 0 0 0 0 0 0 0 0 0 0 0 0 0 0 0 0 0 0 0 0 0 0 0 0 0 0 0 0 0 0 0 0 0 0 0 0 0 0 0 0 0 0 0 0 0 0 0 0 0 0 0 0 0 0 0 0 0 0 0 0 0 0 0 0 0 0 0 0 0 0 0 0 0 0 0 0 0 0 0 0 0 0 0 0 0 0 0 0 0 0 0 0 0 0 0 0 0 0 0 0 0 0 0 0 0 0 0 0 0 0 0 0 0 0 0 0 0 0 0 0 0 0 0 0 0 0 0 0 0 0 0 0 0 0 0 0 0 0 0 0 0 0 0 0 0 0 0 0 0 0 0 0 0 0 0 0 0 0 0 0 0 0 0 0 0 0 0 0 0 0 0 0 0 0 0 0 0 0 0 0 0 0 0 0 0 0 0 0 0 0 0 0 0 0 0 0 0 0 0 0 0 0 0 0 0 0 0 0 0 0 0 0 0 0 0 0 0 0 0 0 0 0 0 0 0 0 0 0 0 0 0 0 0 0 0 0 0 0 0 0 0 0 0 0 0 0 0 0 0 0 0 0 0 0 0 0 0 0 0 0 0 0 0 0 0 0 0 0 0 0 0 0 0 0 0 0 0 0 0 0 0 0 0 0 0 0 0 0 0 0 0 0 0 0 0 0 0 0 0 0 0 0 0 0 0 0 0 0 0 0 0 0 0 0 0 0 0 0 0 0 0 0 0 0 0 0 0 0 0 0 0 0 0 0 0 0 0 0 0 0 0 0 0 0 0 0 0 0 0 0 0 0 0 0 0 0 0 0 0 0 0 0 0 0 0 0 0 0 0 0 0 0 0 0 0 0 0 0 0 0 0 0 0 0 0 0 0 0 0 0 0 0 0 0 0 0 0 0 0 0 0 0 0 0 0 0 0 0 0 0 0 0 0 0 0 0 0 0 0 0 0 0 0 0 0 0 0 0 0 0 0 0 0 0 0 0 0 0 0 0 0 0 0 0 0 0 0 0 0 0 0 0 0 0 0 0 0 0 0 0 0 0 0 0 0 0 0 0 0 0 0 0 0 0 0 0 0 0 0 0 0 0 0 0 0 0 0 0 0 0 0 0 0 0 0 0 0 0 0 0 0 0 0 0 0 0 0 0 0 0 0 0 0 0 0 0 0 0 0 0 0 0 0 0 0 0 0 0 0 0 0 0 0 0 0 0 0 0 0 0 0 0 0 0 0 0 0 0 0 0 0 0 0 0 0 0 0 0 0 0 0 0 0 0 0 0 0 0 0 0 0 0 0 0 0 0 0 0 0 0 0 0 0 0 0 0 0 0 0 0 0 0 0 0 0 0 0 0 0 0 0 0 0 0 0 0 0 0 0 0 0 0 0 0 0 0 0 0 0 0 0 0 0 0 0 0 0 0 0 0 0 0 0 0 0 0 0 0 0 0 0 0 0 0 0 0 0 0 0 0 0 0 0 0 0 0 0 0 0 0 0 0 0 0 0 0 0 0 0 0 0 0 0 0 0 0 0 0 0 0 0 0 0 0 0 0 0 0 0 0 0 0 0 0 0 0 0 0 0 0 0 0 0 0 0 0 0 0 0 0 0 0 0 0 0 0 0 0 0 0 0 0 0 0 0 0 0 0 0 0 0 0 0 0 0 0 0 0 0 0 0 0 0 0 0 0 0 0 0 0 0 0 0 0 0 0 0 0 0 0 0 0 0 0 0 0 0 0 0 0 0 0 0 0 0 0 0 0 0 0 0 0 0 0 0 0 0 0 0 0 0 0 0 0 0 0 0 0 0 0 0 0 0 0 0 0 0 0 0 0 0 0 0 0 0 0 0 0 0 0 0 0 0 0 0 0 0 0 0 0 0 0 0 0 0 0 0 0 0 0 0 0 0 0 0 0 0 0 0 0 0 0 0 0 0 0 0 0 0 0 0 0 0 0 0 0 0 0 0 0 0 0 0 0 0 0 0 0 0 0 0 0 0 0 0 0 0 0 0 0 0 0 0 0 0 0 0 0 0 0 0 0 0 0 0 0 0 0 0 0 0 0 0 0 0 0 0 0 0 0 0 0 0 0 0 0 0 0 0 0 0 0 0 0 0 0 0 0 0 0 0 0 0 0 0 0 0 0 0 0 0 0 0 0 0 0 0 0 0 0 0 0 0 0 0 0 0 0 0 0 0 0 0 0 0 0 0 0 0 0 0 0 0 0 0 0 0 0 0 0 0 0 0 0 0 0 0 0 0 0 0 0 0 0 0 0 0 0 0 0 0 0 0 0 0 0 0 0 0 0 0 0 0 0 0 0 0 0 0 0 0 0 0 0 0 0 0 0 0 0 0 0 0 0 0 0 0 0 0 0 0 0 0 0 0 0 0 0 0 0 0 0 0 0 0 0 0 0 0 0 0 0 0 0 0 0 0 0 0 0 0 0 0 0 0 0 0 0 0 0 0 0 0 0 0 0 0 0 0 0 0 0 0 0 0 0 0 0 0 0 0 0 0 0 0 0 0 0 0 0 0 0 0 0 0 0 0 0 0 0 0 0 0 0 0 0 0 0 0 0 0 0 0 0 0 0 0 0 0 0 0 0 0 0 0 0 0 0 0 0 0 0 0 0 0 0 0 0 0 0 0 0 0 0 0 0 0 0 0 0 0 0 0 0 0 0 0 0 0 0 0 0 0 0 0 0 0 0 0 0 0 0 0 0 0 0 0 0 0 0 0 0 0 0 0 0 0 0 0 0 0 0 0 0 0 0 0 0 0 0 0 0 0 0 0 0 0 0 0 0 0 0 0 0 0 0 0 0 0 0 0 0 0 0 0 0 0 0 0 0 0 0 0 0 0 0 0 0 0 0 0 0 0 0 0 0 0 0 0 0 0 0 0 0 0 0 0 0 0 0 0 0 0 0 0 0 0 0 0 0 0 0 0 0 0 0 0 0 0 0 0 0 0 0 0 0 0 0 0 0 0 0 0 0 0 0 0 0 0 0 0 0 0 0 0 0 0 0 0 0 0 0 0 0 0 0 0 0 0 0 0 0 0 0 0 0 0 0 0 0 0 0 0 0 0 0 0 0 0 0 0 0 0 0 0 0 0 0 0 0 0 0 0 0 0 0 0 0 0 0 0 0 0 0 0 0 0 0 0 0 0 0 0 0 0 0 0 0 0 0 0 0 0 0 0 0 0 0 0 0 0 0 0 0 0 0 0 0 0 0 0 0 0 0 0 0 0 0 0 0 0 0 0 0 0 0 0 0 0 0 0 0 0 0 0 0 0 0 0 0 0 0 0 0 0 0 0 0 0 0 0 0 0 0 0 0 0 0 0 0 0 0 0 0 0 0 0 0 0 0 0 0 0 0 0 0 0 0 0 0 0 0 0 0 0 0 0 0 0 0 0 0 0 0 0 0 0 0 0 0 0 0 0 0 0 0 0 0 0 0 0 0 0 0 0 0 0 0 0 0 0 0 0 0 0 0 0 0 0 0 0 0 0 0 0 0 0 0 0 0 0 0 0 0 0 0 0 0 0 0 0 0 0 0 0 0 0 0 0 0 0 0 0 0 0 0 0 0 0 0 0 0 0 0 0 0 0 0 0 0 0 0 0 0 0 0 0 0 0 0 0 0 0 0 0 0 0 0 0 0 0 0 0 0 0 0 0 0 0 0 0 0 0 0 0 0 0 0 0 0 0 0 0 0 0 0 0 0 0 0 0 0 0 0 0 0 0 0 0 0 0 0 0 0 0 0 0 0 0 0 0 0 0 0 0 0 0 0 0 0 0 0 0 0 0 0 0 0 0 0 0 0 0 0 0 0 0 0 0 0 0 0 0 0 0 0 0 0 0 0 0 0 0 0 0 0 0 0 0 0 0 0 0 0 0 0 0 0 0 0 0 0 0 0 0 0 0 0 0 0 0 0 0 0 0 0 0 0 0 0 0 0 0 0 0 0 0 0 0 0 0 0 0 0 0 0 0 0 0 0 0 0 0 0 0 0 0 0 0 0 0 0 0 0 0 0 0 0 0 0 0 0 0 0 0 0 0 0 0 0 0 0 0 0 0 0 0 0 0 0 0 0 0 0 0 0 0 0 0 0 0 0 0 0 0 0 0 0 0 0 0 0 0 0 0 0 0 0 0 0 0 0 0 0 0 0 0 0 0 0 0 0 0 0 0 0 0 0 0 0 0 0 0 0 0 0 0 0 0 0 0 0 0 0 0 0 0 0 0 0 0 0 0 0 0 0 0 0 0 0 0 0 0 0 0 0 0 0 0 0 0 0 0 0 0 0 0 0 0 0 0 0 0 0 0 0 0 0 0 0 0 0 0 0 0 0 0 0 0 0 0 0 0 0 0 0 0 0 0 0 0 0 0 0 0 0 0 0 0 0 0 0 0 0 0 0 0 0 0 0 0 0 0 0 0 0 0 0 0 0 0 0 0 0 0 0 0 0 0 0 0 0 0 0 0 0 0 0 0 0 0 0 0 0 0 0 0 0 0 0 0 0 0 0 0 0 0 0 0 0 0 0 0 0 0 0 0 0 0 0 0 0 0 0 0 0 0 0 0 0 0 0 0 0 0 0 0 0 0 0 0 0 0 0 0 0 0 0 0 0 0 0 0 0 0 0 0 0 0 0 0 0 0 0 0 0 0 0 0 0 0 0 0 0 0 0 0 0 0 0 0 0 0 0 0 0 0 0 0 0 0 0 0 0 0 0 0 0 0 0 0 0 0 0 0 0 0 0 0 0 0 0 0 0 0 0 0 0 0 0 0 0 0 0 0 0 0 0 0 0 0 0 0 0 0 0 0 0 0 0 0 0 0 0 0 0 0 0 0 0 0 0 0 0 0 0 0 0 0 0 0 0 0 0 0 0 0 0 0 0 0 0 0 0 0 0 0 0 0 0 0 0 0 0 0 0 0 0 0 0 0 0 0 0 0 0 0 0 0 0 0 0 0 0 0 0 0 0 0 0 0 0 0 0 0 0 0 0 0 0 0 0 0 0 0 0 0 0 0 0 0 0 0 0 0 0 0 0 0 0 0 0 0 0 0 0 0 0 0 0 0 0 0 0 0 0 0 0 0 0 0 0 0 0 0 0 0 0 0 0 0 0 0 0 0 0 0 0 0 0 0 0 0 0 0 0 0 0 0 0 0 0 0 0 0 0 0 0 0 0 0 0 0 0 0 0 0 0 0 0 0 0 0 0 0 0 0 0 0 0 0 0 0 0 0 0 0 0 0 0 0 0 0 0 0 0 0 0 0 0 0 0 0 0 0 0 0 0 0 0 0 0 0 0 0 0 0 0 0 0 0 0 0 0 0 0 0 0 0 0 0 0 0 0 0 0 0 0 0 0 0 0 0 0 0 0 0 0 0 0 0 0 0 0 0 0 0 0 0 0 0 0 0 0 0 0 0 0 0 0 0 0 0 0 0 0 0 0 0 0 0 0 0 0 0 0 0 0 0 0 0 0 0 0 0 0 0 0 0 0 0 0 0 0 0 0 0 0 0 0 0 0 0 0 0 0 0 0 0 0 0 0 0 0 0 0 0 0 0 0 0 0 0 0 0 0 0 0 0 0 0 0 0 0 0 0 0 0 0 0 0 0 0 0 0 0 0 0 0 0 0 0 0 0 0 0 0 0 0 0 0 0 0 0 0 0 0 0 0 0 0 0 0 0 0 0 0 0 0 0 0 0 0 0 0 0 0 0 0 0 0 0 0 0 0 0 0 0 0 0 0 0 0 0 0 0 0 0 0 0 0 0 0 0 0 0 0 0 0 0 0 0 0 0 0 0 0 0 0 0 0 0 0 0 0 0 0 0 0 0 0 0 0 0 0 0 0 0 0 0 0 0 0 0 0 0 0 0 0 0 0 0 0 0 0 0 0 0 0 0 0 0 0 0 0 0 0 0 0 0 0 0 0 0 0 0 0 0 0 0 0 0 0 0 0 0 0 0 0 0 0 0 0 0 0 0 0 0 0 0 0 0 0 0 0 0 0 0 0 0 0 0 0 0 0 0 0 0 0 0 0 0 0 0 0 0 0 0 0 0 0 0 0 0 0 0 0 0 0 0 0 0 0 0 0 0 0 0 0 0 0 0 0 0 0 0 0 0 0 0 0 0 0 0 0 0 0 0 0 0 0 0 0 0 0 0 0 0 0 0 0 0 0 0 0 0 0 0 0 0 0 0 0 0 0 0 0 0 0 0 0 0 0 0 0 0 0 0 0 0 0 0 0 0 0 0 0 0 0 0 0 0 0 0 0 0 0 0 0 0 0 0 0 0 0 0 0 0 0 0 0 0 0 0 0 0 0 0 0 0 0 0 0 0 0 0 0 0 0 0 0 0 0 0 0 0 0 0 0 0 0 0 0 0 0 0 0 0 0 0 0 0 0 0 0 0 0 0 0 0 0 0 0 0 0 0 0 0 0 0 0 0 0 0 0 0 0 0 0 0 0 0 0 0 0 0 0 0 0 0 0 0 0 0 0 0 0 0 0 0 0 0 0 0 0 0 0 0 0 0 0 0 0 0 0 0 0 0 0 0 0 0 0 0 0 0 0 0 0 0 0 0 0 0 0 0 0 0 0 0 0 0 0 0 0 0 0 0 0 0 0 0 0 0 0 0 0 0 0 0 0 0 0 0 0 0 0 0 0 0 0 0 0 0 0 0 0 0 0 0 0 0 0 0 0 0 0 0 0 0 0 0 0 0 0 0 0 0 0 0 0 0 0 0 0 0 0 0 0 0 0 0 0 0 0 0 0 0 0 0 0 0 0 0 0 0 0 0 0 0 0 0 0 0 0 0 0 0 0 0 0 0 0 0 0 0 0 0 0 0 0 0 0 0 0 0 0 0 0 0 0 0 0 0 0 0 0 0 0 0 0 0 0 0 0 0 0 0 0 0 0 0 0 0 0 0 0 0 0 0 0 0 0 0 0 0 0 0 0 0 0 0 0 0 0 0 0 0 0 0 0 0 0 0 0 0 0 0 0 0 0 0 0 0 0 0 0 0 0 0 0 0 0 0 0 0 0 0 0 0 0 0 0 0 0 0 0 0 0 0 0 0 0 0 0 0 0 0 0 0 0 0 0 0 0 0 0 0 0 0 0 0 0 0 0 0 0 0 0 0 0 0 0 0 0 0 0 0 0 0 0 0 0 0 0 0 0 0 0 0 0 0 0 0 0 0 0 0 0 0 0 0 0 0 0 0 0 0 0 0 0 0 0 0 0 0 0 0 0 0 0 0 0 0 0 0 0 0 0 0 0 0 0 0 0 0 0 0 0 0 0 0 0 0 0 0 0 0 0 0 0 0 0 0 0 0 0 0 0 0 0 0 0 0 0 0 0 0 0 0 0 0 0 0 0 0 0 0 0 0 0 0 0 0 0 0 0 0 0 0 0 0 0 0 0 0 0 0 0 0 0 0 0 0 0 0 0 0 0 0 0 0 0 0 0 0 0 0 0 0 0 0 0 0 0 0 0 0 0 0 0 0 0 0 0 0 0 0 0 0 0 0 0 0 0 0 0 0 0 0 0 0 0 0 0 0 0 0 0 0 0 0 0 0 0 0 0 0 0 0 0 0 0 0 0 0 0 0 0 0 0 0 0 0 0 0 0 0 0 0 0 0 0 0 0 0 0 0 0 0 0 0 0 0 0 0 0 0 0 0 0 0 0 0 0 0 0 0 0 0 0 0 0 0 0 0 0 0 0 0 0 0 0 0 0 0 0 0 0 0 0 0 0 0 0 0 0 0 0 0 0 0 0 0 0 0 0 0 0 0 0 0 0 0 0 0 0 0 0 0 0 0 0 0 0 0 0 0 0 0 0 0 0 0 0 0 0 0 0 0 0 0 0 0 0 0 0 0 0 0 0 0 0 0 0 0 0 0 0 0 0 0 0 0 0 0 0 0 0 0 0 0 0 0 0 0 0 0 0 0 0 0 0 0 0 0 0 0 0 0 0 0 0 0 0 0 0 0 0 0 0 0 0 0 0 0 0 0 0 0 0 0 0 0 0 0 0 0 0 0 0 0 0 0 0 0 0 0 0 0 0 0 0 0 0 0 0 0 0 0 0 0 0 0 0 0 0 0 0 0 0 0 0 0 0 0 0 0 0 0 0 0 0 0 0 0 0 0 0 0 0 0 0 0 0 0 0 0 0 0 0 0 0 0 0 0 0 0 0 0 0 0 0 0 0 0 0 0 0 0 0 0 0 0 0 0 0 0 0 0 0 0 0 0 0 0 0 0 0 0 0 0 0 0 0 0 0 0 0 0 0 0 0 0 0 0 0 0 0 0 0 0 0 0 0 0 0 0 0 0 0 0 0 0 0 0 0 0 0 0 0 0 0 0 0 0 0 0 0 0 0 0 0 0 0 0 0 0 0 0 0 0 0 0 0 0 0 0 0 0 0 0 0 0 0 0 0 0 0 0 0 0 0 0 0 0 0 0 0 0 0 0 0 0 0 0 0 0 0 0 0 0 0 0 0 0 0 0 0 0 0 0 0 0 0 0 0 0 0 0 0 0 0 0 0 0 0 0 0 0 0 0 0 0 0 0 0 0 0 0 0 0 0 0 0 0 0 0 0 0 0 0 0 0 0 0 0 0 0 0 0 0 0 0 0 0 0 0 0 0 0 0 0 0 0 0 0 0 0 0 0 0 0 0 0 0 0 0 0 0 0 0 0 0 0 0 0 0 0 0 0 0 0 0 0 0 0 0 0 0 0 0 0 0 0 0 0 0 0 0 0 0 0 0 0 0 0 0 0 0 0 0 0 0 0 0 0 0 0 0 0 0 0 0 0 0 0 0 0 0 0 0 0 0 0 0 0 0 0 0 0 0 0 0 0 0 0 0 0 0 0 0 0 0 0 0 0 0 0 0 0 0 0 0 0 0 0 0 0 0 0 0 0 0 0 0 0 0 0 0 0 0 0 0 0 0 0 0 0 0 0 0 0 0 0 0 0 0.25 0 0.25 0.25 0.25 0 0.5 0 0.5 0.25 0.75 0 0.75 0.25 0.5 0.25 1 0 1 0.25 0.75 0.25 0 0.25 0.25 0.25 0.25 0.5 0.25 0.25 0.5 0.25 0.5 0.5 0.75 0.25 0.75 0.5 0.5 0.5 1 0.25 1 0.5 0.75 0.5 0.25 0.5 0.25 0.75 0 0.75 0.5 0.5 0.5 0.75 0.25 0.75 0.75 0.5 0.75 0.75 0.5 0.75 0.75 0.5 1 0.5 1 0.75 0.25 0.75 0.25 1 0 1 0.5 0.75 0.5 1 0.25 1 0.5 0.75 0.75 0.75 0.75 1 0.75 0.75 1 0.75 1 1 0 0 0 0 0 0 0 0 0 0 0 0 0 0 0 0 0 0 0 0 0 0 0 0 0 0 0 0 0 0 0 0 0 0 0 0 0 0 0 0 0 0 0 0 0 0 0 0 0 0 0 0 0 0 0 0 0 0 0 0 0 0 0 0 0 0 0 0 0 0 0 0 0 0 0 0 0 0 0 0 0 0 0 0 0 0 0 0 0 0 0 0 0 0 0 0 0 0 0 0 0 0 0 0 0 0 0 0 0 0 0 0 0 0 0 0 0 0 0 0 0 0 0 0 0 0 0 0 0 0 0 0 0 0 0 0 0 0 0 0 0 0 0 0 0 0 0 0 0 0 0 0 0 0 0 0 0 0 0 0 0 0 0 0 0 0 0 0 0 0 0 0 0 0 0 0 0 0 0 0 0 0 0 0 0 0 0 0 0 0 0 0 0 0 0 0 0 0 0 0 0 0 0 0 0 0 0 0 0 0 0 0 0 0 0 0 0 0 0 0 0 0 0 0 0 0 0 0 0 0 0 0 0 0 0 0 0 0 0 0 0 0 0 0 0 0 0 0 0 0 0 0 0 0 0 0 0 0 0 0 0 0 0 0 0 0 0 0 0 0 0 0 0 0 0 0 0 0 0 0 0 0 0 0 0 0 0 0 0 0 0 0 0 0 0 0 0 0 0 0 0 0 0 0 0 0 0 0 0 0 0 0 0 0 0 0 0 0 0 0 0 0 0 0 0 0 0 0 0 0 0 0 0 0 0 0 0 0 0 0 0 0 0 0 0 0 0 0 0 0 0 0 0 0 0 0 0 0 0 0 0 0 0 0 0 0 0 0 0 0 0 0 0 0 0 0 0 0 0 0 0 0 0 0 0 0 0 0 0 0 0 0 0 0 0 0 0 0 0 0 0 0 0 0 0 0 0 0 0 0 0 0 0 0 0 0 0 0 0 0 0 0 0 0 0 0 0 0 0 0 0 0 0 0 0 0 0 0 0 0 0 0 0 0 0 0 0 0 0 0 0 0 0 0 0 0 0 0 0 0 0 0 0 0 0 0 0 0 0 0 0 0 0 0 0 0 0 0 0 0 0 0 0 0 0 0 0 0 0 0 0 0 0 0 0 0 0 0 0 0 0 0 0 0 0 0 0 0 0 0 0 0 0 0 0 0 0 0 0 0 0 0 0 0 0 0 0 0 0 0 0 0 0 0 0 0 0 0 0 0 0 0 0 0 0 0 0 0 0 0 0 0 0 0 0 0 0 0 0 0 0 0 0 0 0 0 0 0 0 0 0 0 0 0 0 0 0 0 0 0 0 0 0 0 0 0 0 0 0 0 0 0 0 0 0 0 0 0 0 0 0 0 0 0 0 0 0 0 0 0 0 0 0 0 0 0 0 0 0 0 0 0 0 0 0 0 0 0 0 0 0 0 0 0 0 0 0 0 0 0 0 0 0 0 0 0 0 0 0 0 0 0 0 0 0 0 0 0 0 0 0 0 0 0 0 0 0 0 0 0 0 0 0 0 0 0 0 0 0 0 0 0 0 0 0 0 0 0 0 0 0 0 0 0 0 0 0 0 0 0 0 0 0 0 0 0 0 0 0 0 0 0 0 0 0 0 0 0 0 0 0 0 0 0 0 0 0 0 0 0 0 0 0 0 0 0 0 0 0 0 0 0 0 0 0 0 0 0 0 0 0 0 0 0 0 0 0 0 0 0 0 0 0 0 0 0 0 0 0 0 0 0 0 0 0 0 0 0 0 0 0 0 0 0 0 0 0 0 0 0 0 0 0 0 0 0 0 0 0 0 0 0 0 0 0 0 0 0 0 0 0 0 0 0 0 0 0 0 0 0 0 0 0 0 0 0 0 0 0 0 0 0 0 0 0 0 0 0 0 0 0 0 0 0 0 0 0 0 0 0 0 0 0 0 0 0 0 0 0 0 0 0 0 0 0 0 0 0 0 0 0 0 0 0 0 0 0 0 0 0 0 0 0 0 0 0 0 0 0 0 0 0 0 0 0 0 0 0 0 0 0 0 0 0 0 0 0 0 0 0 0 0 0 0 0 0 0 0 0 0 0 0 0 0 0 0 0 0 0 0 0 0 0 0 0 0 0 0 0 0 0 0 0 0 0 0 0 0 0 0 0 0 0 0 0 0 0 0 0 0 0 0 0 0 0 0 0 0 0 0 0 0 0 0 0 0 0 0 0 0 0 0 0 0 0 0 0 0 0 0 0 0 0 0 0 0 0 0 0 0 0 0 0 0 0 0 0 0 0 0 0 0 0 0 0 0 0 0 0 0 0 0 0 0 0 0 0 0 0 0 0 0 0 0 0 0 0 0 0 0 0 0 0 0 0 0 0 0 0 0 0 0 0 0 0 0 0 0 0 0 0 0 0 0 0 0 0 0 0 0 0 0 0 0 0 0 0 0 0 0 0 0 0 0 0 0 0 0 0 0 0 0 0 0 0 0 0 0 0 0 0 0 0 0 0 0 0 0 0 0 0 0 0 0 0 0 0 0 0 0 0 0 0 0 0 0 0 0 0 0 0 0 0 0 0 0 0 0 0 0 0 0 0 0 0 0 0 0 0 0 0 0 0 0 0 0 0 0 0 0 0 0 0 0 0 0 0 0 0 0 0 0 0 0 0 0 0 0 0 0 0 0 0 0 0 0 0 0 0 0 0 0 0 0 0 0 0 0 0 0 0 0 0 0 0 0 0 0 0 0 0 0 0 0 0 0 0 0 0 0 0 0 0 0 0 0 0 0 0 0 0 0 0 0 0 0 0 0 0 0 0 0 0 0 0 0 0 0 0 0 0 0 0 0 0 0 0 0 0 0 0 0 0 0 0 0 0 0 0 0 0 0 0 0 0 0 0 0 0 0 0 0 0 0 0 0 0 0 0 0 0 0 0 0 0 0 0 0 0 0 0 0 0 0 0 0 0 0 0 0 0 0 0 0 0 0 0 0 0 0 0 0 0 0 0 0 0 0 0 0 0 0 0 0 0 0 0 0 0 0 0 0 0 0 0 0 0 0 0 0 0 0 0 0 0 0 0 0 0 0 0 0 0 0 0 0 0 0 0 0 0 0 0 0 0 0 0 0 0 0 0 0 0 0 0 0 0 0 0 0 0 0 0 0 0 0 0 0 0 0 0 0 0 0 0 0 0 0 0 0 0 0 0 0 0 0 0 0 0 0 0 0 0 0 0 0 0 0 0 0 0 0 0 0 0 0 0 0 0 0 0 0 0 0 0 0 0 0 0 0 0 0 0 0 0 0 0 0 0 0 0 0 0 0 0 0 0 0 0 0 0 0 0 0 0 0 0 0 0 0 0 0 0 0 0 0 0 0 0 0 0 0 0 0 0 0 0 0 0 0 0 0 0 0 0 0 0 0 0 0 0 0 0 0 0 0 0 0 0 0 0 0 0 0 0 0 0 0 0 0 0 0 0 0 0 0 0 0 0 0 0 0 0 0 0 0 0 0 0 0 0 0 0 0 0 0 0 0 0 0 0 0 0 0 0 0 0 0 0 0 0 0 0 0 0 0 0 0 0 0 0 0 0 0 0 0 0 0 0 0 0 0 0 0 0 0 0 0 0 0 0 0 0 0 0 0 0 0 0 0 0 0 0 0 0 0 0 0 0 0 0 0 0 0 0 0 0 0 0 0 0 0 0 0 0 0 0 0 0 0 0 0 0 0 0 0 0 0 0 0 0 0 0 0 0 0 0 0 0 0 0 0 0 0 0 0 0 0 0 0 0 0 0 0 0 0 0 0 0 0 0 0 0 0 0 0 0 0 0 0 0 0 0 0 0 0 0 0 0 0 0 0 0 0 0 0 0 0 0 0 0 0 0 0 0 0 0 0 0 0 0 0 0 0 0 0 0 0 0 0 0 0 0 0 0 0 0 0 0 0 0 0 0 0 0 0 0 0 0 0 0 0 0 0 0 0 0 0 0 0 0 0 0 0 0 0 0 0 0 0 0 0 0 0 0 0 0 0 0 0 0 0 0 0 0 0 0 0 0 0 0 0 0 0 0 0 0 0 0 0 0 0 0 0 0 0 0 0 0 0 0 0 0 0 0 0 0 0 0 0 0 0 0 0 0 0 0 0 0 0 0 0 0 0 0 0 0 0 0 0 0 0 0 0 0 0 0 0 0 0 0 0 0 0 0 0 0 0 0 0 0 0 0 0 0 0 0 0 0 0 0 0 0 0 0 0 0 0 0 0 0 0 0 0 0 0 0 0 0 0 0 0 0 0 0 0 0 0 0 0 0 0 0 0 0 0 0 0 0 0 0 0 0 0 0 0 0 0 0 0 0 0 0 0 0 0 0 0 0 0 0 0 0 0 0 0 0 0 0 0 0 0 0 0 0 0 0 0 0 0 0 0 0 0 0 0 0 0 0 0 0 0 0 0 0 0 0 0 0 0 0 0 0 0 0 0 0 0 0 0 0 0 0 0 0 0 0 0 0 0 0 0 0 0 0 0 0 0 0 0 0 0 0 0 0 0 0 0 0 0 0 0 0 0 0 0 0 0 0 0 0 0 0 0 0 0 0 0 0 0 0 0 0 0 0 0 0 0 0 0 0 0 0 0 0 0 0 0 0 0 0 0 0 0 0 0 0 0 0 0 0 0 0 0 0 0 0 0 0 0 0 0 0 0 0 0 0 0 0 0 0 0 0 0 0 0 0 0 0 0 0 0 0 0 0 0 0 0 0 0 0 0 0 0 0 0 0 0 0 0 0 0 0 0 0 0 0 0 0 0 0 0 0 0 0 0 0 0 0 0 0 0 0 0 0 0 0 0 0 0 0 0 0 0 0 0 0 0 0 0 0 0 0 0 0 0 0 0 0 0 0 0 0 0 0 0 0 0 0 0 0 0 0 0 0 0 0 0 0 0 0 0 0 0 0 0 0 0 0 0 0 0 0 0 0 0 0 0 0 0 0 0 0 0 0 0 0 0 0 0 0 0 0 0 0 0 0 0 0 0 0 0 0 0 0 0 0 0 0 0 0 0 0 0 0 0 0 0 0 0 0 0 0 0 0 0 0 0 0 0 0 0 0 0 0 0 0 0 0 0 0 0 0 0 0 0 0 0 0 0 0 0 0 0 0 0 0 0 0 0 0 0 0 0 0 0 0 0 0 0 0 0 0 0 0 0 0 0 0 0 0 0 0 0 0 0 0 0 0 0 0 0 0 0 0 0 0 0 0 0 0 0 0 0 0 0 0 0 0 0 0 0 0 0 0 0 0 0 0 0 0 0 0 0 0 0 0 0 0 0 0 0 0 0 0 0 0 0 0 0 0 0 0 0 0 0 0 0 0 0 0 0 0 0 0 0 0 0 0 0 0 0 0 0 0 0 0 0 0 0 0 0 0 0 0 0 0 0 0 0 0 0 0 0 0 0 0 0 0 0 0 0 0 0 0 0 0 0 0 0 0 0 0 0 0 0 0 0 0 0 0 0 0 0 0 0 0 0 0 0 0 0 0 0 0 0 0 0 0 0 0 0 0 0 0 0 0 0 0 0 0 0 0 0 0 0 0 0 0 0 0 0 0 0 0 0 0 0 0 0 0 0 0 0 0 0 0 0 0 0 0 0 0 0 0 0 0 0 0 0 0 0 0 0 0 0 0 0 0 0 0 0 0 0 0 0 0 0 0 0 0 0 0 0 0 0 0 0 0 0 0 0 0 0 0 0 0 0 0 0 0 0 0 0 0 0 0 0 0 0 0 0 0 0 0 0 0 0 0 0 0 0 0 0 0 0 0 0 0 0 0 0 0 0 0 0 0 0 0 0 0 0 0 0 0 0 0 0 0 0 0 0 0 0 0 0 0 0 0 0 0 0 0 0 0 0 0 0 0 0 0 0 0 0 0 0 0 0 0 0 0 0 0 0 0 0 0 0 0 0 0 0 0 0 0 0 0 0 0 0 0 0 0 0 0 0 0 0 0 0 0 0 0 0 0 0 0 0 0 0 0 0 0 0 0 0 0 0 0 0 0 0 0 0 0 0 0 0 0 0 0 0 0 0 0 0 0 0 0 0 0 0 0 0 0 0 0 0 0 0 0 0 0 0 0 0 0 0 0 0 0 0 0 0 0 0 0 0 0 0 0 0 0 0 0 0 0 0 0 0 0 0 0 0 0 0 0 0 0 0 0 0 0 0 0 0 0 0 0 0 0 0 0 0 0 0 0 0 0 0 0 0 0 0 0 0 0 0 0 0 0 0 0 0 0 0 0 0 0 0 0 0 0 0 0 0 0 0 0 0 0 0 0 0 0 0 0 0 0 0 0 0 0 0 0 0 0 0 0 0 0 0 0 0 0 0 0 0 0 0 0 0 0 0 0 0 0 0 0 0 0 0 0 0 0 0 0 0 0 0 0 0 0 0 0 0 0 0 0 0 0 0 0.25 0 0.25 0.25 0.25 0 0.5 0 0.5 0.25 0.75 0 0.75 0.25 0.5 0.25 1 0 1 0.25 0.75 0.25 0 0.25 0.25 0.25 0.25 0.5 0.25 0.25 0.5 0.25 0.5 0.5 0.75 0.25 0.75 0.5 0.5 0.5 1 0.25 1 0.5 0.75 0.5 0.25 0.5 0.25 0.75 0 0.75 0.5 0.5 0.5 0.75 0.25 0.75 0.75 0.5 0.75 0.75 0.5 0.75 0.75 0.5 1 0.5 1 0.75 0.25 0.75 0.25 1 0 1 0.5 0.75 0.5 1 0.25 1 0.5 0.75 0.75 0.75 0.75 1 0.75 0.75 1 0.75 1 1 0 0 0 0 0 0 0 0 0 0 0 0 0 0 0 0 0 0 0 0 0 0 0 0 0 0 0 0 0 0 0 0 0 0 0 0 0 0 0 0 0 0 0 0 0 0 0 0 0 0 0 0 0 0 0 0 0 0 0 0 0 0 0 0 0 0 0 0 0 0 0 0 0 0 0 0 0 0 0 0 0 0 0 0 0 0 0 0 0 0 0 0 0 0 0 0 0 0 0 0 0 0 0 0 0 0 0 0 0 0 0 0 0 0 0 0 0 0 0 0 0 0 0 0 0 0 0 0 0 0 0 0 0 0 0 0 0 0 0 0 0 0 0 0 0 0 0 0 0 0 0 0 0 0 0 0 0 0 0 0 0 0 0 0 0 0 0 0 0 0 0 0 0 0 0 0 0 0 0 0 0 0 0 0 0 0 0 0 0 0 0 0 0 0 0 0 0 0 0 0 0 0 0 0 0 0 0 0 0 0 0 0 0 0 0 0 0 0 0 0 0 0 0 0 0 0 0 0 0 0 0 0 0 0 0 0 0 0 0 0 0 0 0 0 0 0 0 0 0 0 0 0 0 0 0 0 0 0 0 0 0 0 0 0 0 0 0 0 0 0 0 0 0 0 0 0 0 0 0 0 0 0 0 0 0 0 0 0 0 0 0 0 0 0 0 0 0 0 0 0 0 0 0 0 0 0 0 0 0 0 0 0 0 0 0 0 0 0 0 0 0 0 0 0 0 0 0 0 0 0 0 0 0 0 0 0 0 0 0 0 0 0 0 0 0 0 0 0 0 0 0 0 0 0 0 0 0 0 0 0 0 0 0 0 0 0 0 0 0 0 0 0 0 0 0 0 0 0 0 0 0 0 0 0 0 0 0 0 0 0 0 0 0 0 0 0 0 0 0 0 0 0 0 0 0 0 0 0 0 0 0 0 0 0 0 0 0 0 0 0 0 0 0 0 0 0 0 0 0 0 0 0 0 0 0 0 0 0 0 0 0 0 0 0 0 0 0 0 0 0 0 0 0 0 0 0 0 0 0 0 0 0 0 0 0 0 0 0 0 0 0 0 0 0 0 0 0 0 0 0 0 0 0 0 0 0 0 0 0 0 0 0 0 0 0 0 0 0 0 0 0 0 0 0 0 0 0 0 0 0 0 0 0 0 0 0 0 0 0 0 0 0 0 0 0 0 0 0 0 0 0 0 0 0 0 0 0 0 0 0 0 0 0 0 0 0 0 0 0 0 0 0 0 0 0 0 0 0 0 0 0 0 0 0 0 0 0 0 0 0 0 0 0 0 0 0 0 0 0 0 0 0 0 0 0 0 0 0 0 0 0 0 0 0 0 0 0 0 0 0 0 0 0 0 0 0 0 0 0 0 0 0 0 0 0 0 0 0 0 0 0 0 0 0 0 0 0 0 0 0 0 0 0 0 0 0 0 0 0 0 0 0 0 0 0 0 0 0 0 0 0 0 0 0 0 0 0 0 0 0 0 0 0 0 0 0 0 0 0 0 0 0 0 0 0 0 0 0 0 0 0 0 0 0 0 0 0 0 0 0 0 0 0 0 0 0 0 0 0 0 0 0 0 0 0 0 0 0 0 0 0 0 0 0 0 0 0 0 0 0 0 0 0 0 0 0 0 0 0 0 0 0 0 0 0 0 0 0 0 0 0 0 0 0 0 0 0 0 0 0 0 0 0 0 0 0 0 0 0 0 0 0 0 0 0 0 0 0 0 0 0 0 0 0 0 0 0 0 0 0 0 0 0 0 0 0 0 0 0 0 0 0 0 0 0 0 0 0 0 0 0 0 0 0 0 0 0 0 0 0 0 0 0 0 0 0 0 0 0 0 0 0 0 0 0 0 0 0 0 0 0 0 0 0 0 0 0 0 0 0 0 0 0 0 0 0 0 0 0 0 0 0 0 0 0 0 0 0 0 0 0 0 0 0 0 0 0 0 0 0 0 0 0 0 0 0 0 0 0 0 0 0 0 0 0 0 0 0 0 0 0 0 0 0 0 0 0 0 0 0 0 0 0 0 0 0 0 0 0 0 0 0 0 0 0 0 0 0 0 0 0 0 0 0 0 0 0 0 0 0 0 0 0 0 0 0 0 0 0 0 0 0 0 0 0 0 0 0 0 0 0 0 0 0 0 0 0 0 0 0 0 0 0 0 0 0 0 0 0 0 0 0 0 0 0 0 0 0 0 0 0 0 0 0 0 0 0 0 0 0 0 0 0 0 0 0 0 0 0 0 0 0 0 0 0 0 0 0 0 0 0 0 0 0 0 0 0 0 0 0 0 0 0 0 0 0 0 0 0 0 0 0 0 0 0 0 0 0 0 0 0 0 0 0 0 0 0 0 0 0 0 0 0 0 0 0 0 0 0 0 0 0 0 0 0 0 0 0 0 0 0 0 0 0 0 0 0 0 0 0 0 0 0 0 0 0 0 0 0 0 0 0 0 0 0 0 0 0 0 0 0 0 0 0 0 0 0 0 0 0 0 0 0 0 0 0 0 0 0 0 0 0 0 0 0 0 0 0 0 0 0 0 0 0 0 0 0 0 0 0 0 0 0 0 0 0 0 0 0 0 0 0 0 0 0 0 0 0 0 0 0 0 0 0 0 0 0 0 0 0 0 0 0 0 0 0 0 0 0 0 0 0 0 0 0 0 0 0 0 0 0 0 0 0 0 0 0 0 0 0 0 0 0 0 0 0 0 0 0 0 0 0 0 0 0 0 0 0 0 0 0 0 0 0 0 0 0 0 0 0 0 0 0 0 0 0 0 0 0 0 0 0 0 0 0 0 0 0 0 0 0 0 0 0 0 0 0 0 0 0 0 0 0 0 0 0 0 0 0 0 0 0 0 0 0 0 0 0 0 0 0 0 0 0 0 0 0 0 0 0 0 0 0 0 0 0 0 0 0 0 0 0 0 0 0 0 0 0 0 0 0 0 0 0 0 0 0 0 0 0 0 0 0 0 0 0 0 0 0 0 0 0 0 0 0 0 0 0 0 0 0 0 0 0 0 0 0 0 0 0 0 0 0 0 0 0 0 0 0 0 0 0 0 0 0 0 0 0 0 0 0 0 0 0 0 0 0 0 0 0 0 0 0 0 0 0 0 0 0 0 0 0 0 0 0 0 0 0 0 0 0 0 0 0 0 0 0 0 0 0 0 0 0 0 0 0 0 0 0 0 0 0 0 0 0 0 0 0 0 0 0 0 0 0 0 0 0 0 0 0 0 0 0 0 0 0 0 0 0 0 0 0 0 0 0 0 0 0 0 0 0 0 0 0 0 0 0 0 0 0 0 0 0 0 0 0 0 0 0 0 0 0 0 0 0 0 0 0 0 0 0 0 0 0 0 0 0 0 0 0 0 0 0 0 0 0 0 0 0 0 0 0 0 0 0 0 0 0 0 0 0 0 0 0 0 0 0 0 0 0 0 0 0 0 0 0 0 0 0 0 0 0 0 0 0 0 0 0 0 0 0 0 0 0 0 0 0 0 0 0 0 0 0 0 0 0 0 0 0 0 0 0 0 0 0 0 0 0 0 0 0 0 0 0 0 0 0 0 0 0 0 0 0 0 0 0 0 0 0 0 0 0 0 0 0 0 0 0 0 0 0 0 0 0 0 0 0 0 0 0 0 0 0 0 0 0 0 0 0 0 0 0 0 0 0 0 0 0 0 0 0 0 0 0 0 0 0 0 0 0 0 0 0 0 0 0 0 0 0 0 0 0 0 0 0 0 0 0 0 0 0 0 0 0 0 0 0 0 0 0 0 0 0 0 0 0 0 0 0 0 0 0 0 0 0 0 0 0 0 0 0 0 0 0 0 0 0 0 0 0 0 0 0 0 0 0 0 0 0 0 0 0 0 0 0 0 0 0 0 0 0 0 0 0 0 0 0 0 0 0 0 0 0 0 0 0 0 0 0 0 0 0 0 0 0 0 0 0 0 0 0 0 0 0 0 0 0 0 0 0 0 0 0 0 0 0 0 0 0 0 0 0 0 0 0 0 0 0 0 0 0 0 0 0 0 0 0 0 0 0 0 0 0 0 0 0 0 0 0 0 0 0 0 0 0 0 0 0 0 0 0 0 0 0 0 0 0 0 0 0 0 0 0 0 0 0 0 0 0 0 0 0 0 0 0 0 0 0 0 0 0 0 0 0 0 0 0 0 0 0 0 0 0 0 0 0 0 0 0 0 0 0 0 0 0 0 0 0 0 0 0 0 0 0 0 0 0 0 0 0 0 0 0 0 0 0 0 0 0 0 0 0 0 0 0 0 0 0 0 0 0 0 0 0 0 0 0 0 0 0 0 0 0 0 0 0 0 0 0 0 0 0 0 0 0 0 0 0 0 0 0 0 0 0 0 0 0 0 0 0 0 0 0 0 0 0 0 0 0 0 0 0 0 0 0 0 0 0 0 0 0 0 0 0 0 0 0 0 0 0 0 0 0 0 0 0 0 0 0 0 0 0 0 0 0 0 0 0 0 0 0 0 0 0 0 0 0 0 0 0 0 0 0 0 0 0 0 0 0 0 0 0 0 0 0 0 0 0 0 0 0 0 0 0 0 0 0 0 0 0 0 0 0 0 0 0 0 0 0 0 0 0 0 0 0 0 0 0 0 0 0 0 0 0 0 0 0 0 0 0 0 0 0 0 0 0 0 0 0 0 0 0 0 0 0 0 0 0 0 0 0 0 0 0 0 0 0 0 0 0 0 0 0 0 0 0 0 0 0 0 0 0 0 0 0 0 0 0 0 0 0 0 0 0 0 0 0 0 0 0 0 0 0 0 0 0 0 0 0 0 0 0 0 0 0 0 0 0 0 0 0 0 0 0 0 0 0 0 0 0 0 0 0 0 0 0 0 0 0 0 0 0 0 0 0 0 0 0 0 0 0 0 0 0 0 0 0 0 0 0 0 0 0 0 0 0 0 0 0 0 0 0 0 0 0 0 0 0 0 0 0 0 0 0 0 0 0 0 0 0 0 0 0 0 0 0 0 0 0 0 0 0 0 0 0 0 0 0 0 0 0 0 0 0 0 0 0 0 0 0 0 0 0 0 0 0 0 0 0 0 0 0 0 0 0 0 0 0 0 0 0 0 0 0 0 0 0 0 0 0 0 0 0 0 0 0 0 0 0 0 0 0 0 0 0 0 0 0 0 0 0 0 0 0 0 0 0 0 0 0 0 0 0 0 0 0 0 0 0 0 0 0 0 0 0 0 0 0 0 0 0 0 0 0 0 0 0 0 0 0 0 0 0 0 0 0 0 0 0 0 0 0 0 0 0 0 0 0 0 0 0 0 0 0 0 0 0 0 0 0 0 0 0 0 0 0 0 0 0 0 0 0 0 0 0 0 0 0 0 0 0 0 0 0 0 0 0 0 0 0 0 0 0 0 0 0 0 0 0 0 0 0 0 0 0 0 0 0 0 0 0 0 0 0 0 0 0 0 0 0 0 0 0 0 0 0 0 0 0 0 0 0 0 0 0 0 0 0 0 0 0 0 0 0 0 0 0 0 0 0 0 0 0 0 0 0 0 0 0 0 0 0 0 0 0 0 0 0 0 0 0 0 0 0 0 0 0 0 0 0 0 0 0 0 0 0 0 0 0 0 0 0 0 0 0 0 0 0 0 0 0 0 0 0 0 0 0 0 0 0 0 0 0 0 0 0 0 0 0 0 0 0 0 0 0 0 0 0 0 0 0 0 0 0 0 0 0 0 0 0 0 0 0 0 0 0 0 0 0 0 0 0 0 0 0 0 0 0 0 0 0 0 0 0 0 0 0 0 0 0 0 0 0 0 0 0 0 0 0 0 0 0 0 0 0 0 0 0 0 0 0 0 0 0 0 0 0 0 0 0 0 0 0 0 0 0 0 0 0 0 0 0 0 0 0 0 0 0 0 0 0 0 0 0 0 0 0 0 0 0 0 0 0 0 0 0 0 0 0 0 0 0 0 0 0 0 0 0 0 0 0 0 0 0 0 0 0 0 0 0 0 0 0 0 0 0 0 0 0 0 0 0 0 0 0 0 0 0 0 0 0 0 0 0 0 0 0 0 0 0 0 0 0 0 0 0 0 0 0 0 0 0 0 0 0 0 0 0 0 0 0 0 0 0 0 0 0 0 0 0 0 0 0 0 0 0 0 0 0 0 0 0 0 0 0 0 0 0 0 0 0 0 0 0 0 0 0 0 0 0 0 0 0 0 0 0 0 0 0 0 0 0 0 0 0 0 0 0 0 0 0 0 0 0 0 0 0 0 0 0 0 0 0 0 0 0 0 0 0 0 0 0 0 0 0 0 0 0 0 0 0 0 0 0 0 0 0 0 0 0 0 0 0 0 0 0 0 0 0 0 0 0 0 0 0 0 0 0 0 0 0 0 0 0 0 0 0 0 0 0 0 0 0 0 0 0 0 0 0 0 0 0 0 0 0 0 0 0 0 0 0 0 0 0 0 0 0 0 0 0 0 0 0 0 0 0 0 0 0 0 0 0 0 0 0 0 0 0 0 0 0 0 0 0 0 0 0 0 0 0 0 0 0 0 0 0 0 0 0 0 0 0 0 0 0 0 0 0 0 0 0 0 0 0 0 0 0 0 0 0 0 0 0 0 0 0 0 0 0 0 0 0 0 0 0 0 0 0 0 0 0 0 0 0 0 0 0 0 0 0 0 0 0 0 0 0 0 0 0 0 0 0 0 0 0 0 0 0 0 0 0 0 0 0 0 0 0 0 0 0 0 0 0 0 0 0 0 0 0 0 0 0 0 0 0 0 0 0 0 0 0 0 0 0 0 0 0 0 0 0 0 0 0 0 0 0 0 0 0 0 0 0 0 0 0 0 0 0 0 0 0 0 0 0 0 0 0 0 0 0 0 0 0 0 0 0 0 0 0 0 0 0 0 0 0 0 0 0 0 0 0 0 0 0 0 0 0 0 0 0 0 0 0 0 0 0 0 0 0 0 0 0 0 0 0 0 0 0 0 0 0 0 0 0 0 0 0 0 0 0 0 0 0 0 0 0 0 0 0 0 0 0 0 0 0 0 0 0 0 0 0 0 0 0 0 0 0 0 0 0 0 0 0 0 0 0 0 0 0 0 0 0 0 0 0 0 0 0 0 0 0 0 0 0 0 0 0 0 0 0 0 0 0 0 0 0 0 0 0 0 0 0 0 0 0 0 0 0 0 0 0 0 0 0 0 0 0 0 0 0 0 0 0 0 0 0 0 0 0 0 0 0 0 0 0 0 0 0 0 0 0 0 0 0 0 0 0 0 0 0 0 0 0 0 0 0 0 0 0 0 0 0 0 0 0 0 0 0 0 0 0 0 0 0 0 0 0 0 0 0 0 0 0 0 0 0 0 0 0 0 0 0 0 0 0 0 0 0 0 0 0 0 0 0 0 0 0 0 0 0 0 0 0 0 0 0 0 0 0 0 0 0 0 0 0 0 0 0 0 0 0 0 0 0 0 0 0 0 0 0 0 0 0 0 0 0 0 0 0 0 0 0 0 0 0 0 0 0 0 0 0 0 0 0 0 0 0 0 0 0 0 0 0 0 0 0 0 0 0 0 0 0 0 0 0 0 0 0 0 0 0 0 0 0 0 0 0 0 0 0 0 0 0 0 0 0 0 0 0 0 0 0 0 0 0 0 0 0 0 0 0 0 0 0 0 0 0 0 0 0 0 0 0 0 0 0 0 0 0 0 0 0 0 0 0 0 0 0 0 0 0 0 0 0 0 0 0 0 0 0 0 0 0 0 0 0 0 0 0 0 0 0 0 0 0 0 0 0 0 0 0 0 0 0 0 0 0 0 0 0 0 0 0 0 0 0 0 0 0 0 0 0 0 0 0 0 0 0 0 0 0 0 0 0 0 0 0 0 0 0 0 0 0 0 0 0 0 0 0 0 0 0 0 0 0 0 0 0 0 0 0 0 0 0 0 0 0 0 0 0 0 0 0 0 0 0 0 0 0 0 0 0 0 0 0 0 0 0 0 0 0 0 0 0 0 0 0 0 0 0 0 0 0 0 0 0 0 0 0 0 0 0 0 0 0 0 0 0 0 0 0 0 0 0 0 0 0 0 0 0 0 0 0 0 0 0 0 0 0 0 0 0 0 0 0 0 0 0 0 0 0 0 0 0 0 0 0 0 0 0 0 0 0 0 0 0 0 0 0 0 0 0 0 0 0 0 0 0 0 0 0 0 0 0 0 0 0 0 0 0 0 0 0 0 0 0 0 0 0 0 0 0 0 0 0 0 0 0 0 0 0 0 0 0 0 0 0 0 0 0 0 0 0 0 0 0 0 0 0 0 0 0 0 0 0 0 0 0 0 0 0 0 0 0 0 0 0 0 0 0 0 0 0 0 0 0 0 0 0 0 0 0 0 0 0 0 0 0 0 0 0 0 0 0 0 0 0 0 0 0 0 0 0 0 0 0 0 0 0 0 0 0 0 0 0 0 0 0 0 0 0 0 0 0 0 0 0 0 0 0 0 0 0 0 0 0 0 0 0 0 0 0 0 0 0 0 0 0 0 0 0 0 0 0 0 0 0 0 0 0 0 0 0 0 0 0 0 0 0 0 0 0 0 0 0 0 0 0 0 0 0 0 0 0 0 0 0 0 0 0 0 0 0 0 0 0 0 0 0 0 0 0 0 0 0 0 0 0 0 0 0 0 0 0 0 0 0 0 0 0 0 0 0 0 0 0 0 0 0 0 0 0 0 0 0 0 0 0 0 0 0 0 0 0 0 0 0 0 0 0 0 0 0 0 0 0 0 0 0 0 0 0 0 0 0 0 0 0 0 0 0 0 0 0 0 0 0 0 0 0 0 0 0 0 0 0 0 0 0 0 0 0 0 0 0 0 0 0 0 0 0 0 0 0 0 0 0 0 0 0 0 0 0 0 0 0 0 0 0 0 0 0 0 0 0 0 0 0 0 0 0 0 0 0 0 0 0 0 0 0 0 0 0 0 0 0 0 0 0 0 0 0 0 0 0 0 0 0 0 0 0 0 0 0 0 0 0 0 0 0 0 0 0 0 0 0 0 0 0 0 0 0 0 0 0 0 0 0 0 0 0 0 0 0 0 0 0 0 0 0 0 0 0 0 0 0 0 0 0 0 0 0</float_array>
          <technique_common>
            <accessor source="#Streetlight_LowRes-mesh-map-0-array" count="19773" stride="2">
              <param name="S" type="float"/>
              <param name="T" type="float"/>
            </accessor>
          </technique_common>
        </source>
        <vertices id="Streetlight_LowRes-mesh-vertices">
          <input semantic="POSITION" source="#Streetlight_LowRes-mesh-positions"/>
        </vertices>
        <triangles material="Streetlight_HighResSG3-material" count="6591">
          <input semantic="VERTEX" source="#Streetlight_LowRes-mesh-vertices" offset="0"/>
          <input semantic="NORMAL" source="#Streetlight_LowRes-mesh-normals" offset="1"/>
          <input semantic="TEXCOORD" source="#Streetlight_LowRes-mesh-map-0" offset="2" set="0"/>
          <p>313 0 0 314 1 1 315 2 2 313 0 3 317 3 4 312 4 5 313 0 6 319 5 7 316 6 8 313 0 9 320 7 10 318 8 11 2 9 12 8 9 13 0 10 14 3 11 15 9 11 16 2 11 17 7 12 18 11 12 19 6 13 20 0 14 21 12 14 22 7 15 23 5 16 24 13 17 25 1 18 26 6 19 27 14 19 28 5 19 29 4 20 30 10 21 31 3 22 32 1 23 33 15 23 34 4 24 35 8 25 36 17 26 37 16 27 38 10 28 39 17 26 40 9 29 41 11 30 42 20 31 43 19 27 44 8 25 45 20 31 46 12 32 47 13 33 48 22 34 49 21 27 50 11 30 51 22 34 52 14 35 53 10 28 54 23 36 55 18 37 56 13 33 57 23 36 58 15 38 59 17 39 60 24 39 61 16 39 62 18 39 63 25 39 64 17 39 65 20 39 66 27 39 67 19 39 68 16 39 69 28 39 70 20 39 71 22 39 72 29 39 73 21 39 74 19 39 75 30 39 76 22 39 77 23 39 78 26 39 79 18 39 80 21 39 81 31 39 82 23 39 83 25 40 84 32 41 85 24 42 86 25 43 87 34 44 88 33 45 89 28 46 90 35 47 91 27 48 92 28 49 93 32 50 94 36 51 95 30 52 96 37 53 97 29 54 98 30 55 99 35 56 100 38 57 101 31 58 102 34 59 103 26 60 104 31 61 105 37 62 106 39 63 107 32 64 108 131 65 109 132 66 110 34 67 111 131 68 112 33 69 113 35 70 114 133 71 115 134 72 116 32 64 117 133 73 118 36 74 119 37 75 120 135 76 121 128 77 122 35 70 123 135 78 124 38 79 125 34 67 126 129 80 127 130 81 128 37 75 129 129 82 130 39 83 131 84 84 132 132 66 133 131 65 134 84 85 135 130 81 136 83 86 137 86 87 138 134 72 139 133 71 140 86 88 141 132 66 142 85 89 143 80 90 144 128 77 145 135 76 146 80 91 147 134 72 148 87 92 149 82 93 150 130 81 151 129 80 152 82 94 153 128 77 154 81 95 155 40 96 156 84 84 157 41 97 158 42 98 159 84 85 160 83 86 161 43 99 162 86 87 163 44 100 164 40 101 165 86 88 166 85 89 167 45 102 168 80 90 169 46 103 170 43 104 171 80 91 172 87 92 173 42 105 174 82 93 175 47 106 176 45 107 177 82 94 178 81 95 179 40 108 180 49 109 181 48 110 182 42 111 183 49 112 184 41 113 185 43 114 186 52 115 187 51 116 188 40 108 189 52 117 190 44 118 191 45 119 192 54 120 193 53 121 194 43 114 195 54 122 196 46 123 197 42 111 198 55 124 199 50 125 200 45 119 201 55 126 202 47 127 203 49 128 204 56 129 205 48 130 206 49 131 207 58 132 208 57 133 209 52 134 210 59 135 211 51 136 212 52 137 213 56 138 214 60 139 215 54 140 216 61 141 217 53 142 218 54 143 219 59 144 220 62 145 221 55 146 222 58 147 223 50 148 224 55 149 225 61 150 226 63 151 227 57 152 228 64 153 229 56 154 230 57 155 231 66 156 232 65 157 233 60 158 234 67 159 235 59 160 236 60 161 237 64 153 238 68 162 239 62 163 240 69 164 241 61 165 242 62 166 243 67 159 244 70 167 245 63 168 246 66 156 247 58 169 248 63 170 249 69 164 250 71 171 251 65 172 252 72 173 253 64 153 254 65 157 255 74 174 256 73 175 257 68 176 258 75 177 259 67 159 260 68 162 261 72 173 262 76 178 263 70 179 264 77 180 265 69 164 266 70 167 267 75 177 268 78 181 269 71 182 270 74 174 271 66 156 272 71 171 273 77 180 274 79 183 275 88 184 276 73 185 277 89 186 278 90 187 279 73 188 280 74 189 281 91 190 282 76 191 283 92 192 284 88 184 285 76 193 286 72 194 287 93 195 288 78 196 289 94 197 290 91 190 291 78 198 292 75 199 293 90 187 294 79 200 295 95 201 296 93 195 297 79 202 298 77 203 299 88 204 300 97 205 301 96 206 302 90 207 303 97 208 304 89 209 305 91 210 306 100 211 307 99 212 308 88 213 309 100 214 310 92 215 311 93 216 312 102 217 313 101 218 314 91 219 315 102 220 316 94 221 317 90 222 318 103 223 319 98 224 320 93 225 321 103 226 322 95 227 323 410 228 324 411 229 325 412 230 326 458 231 327 460 232 328 457 233 329 415 234 330 417 235 331 418 236 332 463 237 333 466 238 334 464 239 335 422 240 336 423 241 337 424 242 338 470 243 339 472 244 340 469 245 341 427 246 342 429 247 343 430 248 344 475 249 345 478 250 346 476 251 347 412 230 348 413 252 349 414 253 350 459 254 351 462 255 352 460 232 353 418 236 354 419 256 355 420 257 356 465 258 357 468 259 358 466 238 359 424 242 360 425 260 361 426 261 362 471 262 363 474 263 364 472 244 365 430 248 366 431 264 367 432 265 368 477 266 369 480 267 370 478 250 371 113 268 372 120 269 373 112 270 374 114 271 375 121 272 376 113 273 377 116 274 378 123 275 379 115 276 380 112 277 381 124 278 382 116 279 383 118 280 384 125 281 385 117 282 386 115 283 387 126 284 388 118 285 389 119 286 390 122 287 391 114 288 392 117 289 393 127 290 394 119 291 395 136 292 396 121 293 397 137 294 398 138 295 399 121 296 400 122 297 401 139 298 402 124 299 403 140 300 404 136 301 405 124 302 406 120 303 407 141 304 408 126 305 409 142 306 410 139 307 411 126 308 412 123 309 413 138 310 414 127 311 415 143 312 416 141 313 417 127 314 418 125 315 419 137 316 420 144 317 421 136 318 422 137 319 423 146 320 424 145 321 425 140 322 426 147 323 427 139 324 428 140 325 429 144 326 430 148 327 431 142 328 432 149 329 433 141 330 434 142 331 435 147 332 436 150 333 437 143 334 438 146 335 439 138 336 440 143 337 441 149 338 442 151 339 443 144 340 444 153 341 445 152 342 446 146 343 447 153 341 448 145 344 449 147 345 450 156 346 451 155 347 452 144 340 453 156 346 454 148 348 455 149 349 456 158 350 457 157 351 458 147 345 459 158 350 460 150 352 461 146 343 462 159 353 463 154 354 464 149 349 465 159 353 466 151 355 467 152 342 468 161 356 469 160 357 470 154 354 471 161 356 472 153 341 473 155 347 474 164 358 475 163 359 476 152 342 477 164 358 478 156 346 479 157 351 480 166 360 481 165 361 482 155 347 483 166 360 484 158 350 485 154 354 486 167 362 487 162 363 488 157 351 489 167 362 490 159 353 491 161 364 492 168 364 493 160 365 494 161 366 495 170 367 496 169 368 497 164 369 498 171 370 499 163 371 500 160 372 501 172 372 502 164 372 503 166 373 504 173 374 505 165 375 506 163 376 507 174 377 508 166 378 509 167 379 510 170 380 511 162 381 512 165 382 513 175 382 514 167 382 515 168 383 516 177 384 517 176 385 518 170 386 519 177 384 520 169 387 521 171 388 522 180 389 523 179 390 524 168 383 525 180 389 526 172 391 527 173 392 528 182 393 529 181 394 530 171 388 531 182 393 532 174 395 533 170 386 534 183 396 535 178 397 536 173 392 537 183 396 538 175 398 539 177 399 540 184 400 541 176 401 542 177 402 543 186 403 544 185 404 545 180 405 546 187 406 547 179 407 548 176 408 549 188 409 550 180 410 551 182 411 552 189 412 553 181 413 554 179 414 555 190 415 556 182 416 557 183 417 558 186 418 559 178 419 560 181 420 561 191 421 562 183 422 563 378 423 564 567 424 565 568 425 566 522 426 567 379 427 568 380 428 569 362 429 570 565 430 571 361 431 572 519 432 573 363 433 574 364 434 575 381 435 576 573 436 577 574 437 578 384 438 579 527 439 580 383 440 581 369 441 582 571 442 583 370 443 584 372 444 585 524 445 586 371 446 587 358 447 588 555 448 589 556 449 590 510 450 591 359 451 592 360 452 593 354 453 594 553 454 595 353 455 596 507 456 597 355 457 598 356 458 599 373 459 600 561 460 601 562 461 602 376 462 603 515 463 604 375 464 605 365 465 606 559 466 607 366 467 608 368 468 609 512 469 610 367 470 611 350 471 612 342 472 613 341 473 614 350 474 615 340 475 616 349 476 617 352 477 618 344 478 619 343 479 620 352 480 621 342 481 622 351 482 623 346 483 624 338 484 625 337 485 626 346 486 627 344 487 628 345 488 629 348 489 630 340 490 631 339 491 632 348 492 633 338 493 634 347 494 635 193 495 636 200 496 637 192 497 638 193 498 639 202 499 640 201 500 641 196 501 642 203 502 643 195 503 644 196 504 645 200 505 646 204 506 647 198 507 648 205 508 649 197 509 650 198 510 651 203 511 652 206 512 653 199 513 654 202 514 655 194 515 656 199 516 657 205 517 658 207 518 659 200 519 660 209 520 661 208 521 662 202 522 663 209 523 664 201 524 665 203 525 666 212 526 667 211 527 668 200 528 669 212 529 670 204 530 671 205 531 672 214 532 673 213 533 674 203 534 675 214 535 676 206 536 677 202 537 678 215 538 679 210 539 680 205 540 681 215 541 682 207 542 683 208 543 684 325 544 685 326 545 686 210 546 687 325 544 688 209 547 689 211 548 690 327 549 691 328 550 692 208 543 693 327 549 694 212 551 695 213 552 696 321 553 697 322 554 698 211 548 699 321 553 700 214 555 701 210 546 702 323 556 703 324 557 704 213 552 705 323 556 706 215 558 707 216 559 708 325 544 709 217 560 710 217 561 711 324 557 712 218 562 713 328 550 714 220 563 715 219 564 716 220 565 717 326 545 718 216 566 719 322 554 720 222 567 721 221 568 722 222 569 723 328 550 724 219 570 725 324 557 726 223 571 727 218 572 728 223 573 729 322 554 730 221 574 731 225 575 732 232 576 733 224 577 734 226 578 735 233 578 736 225 578 737 228 579 738 235 580 739 227 581 740 228 582 741 232 583 742 236 584 743 230 585 744 237 586 745 229 587 746 227 588 747 238 589 748 230 590 749 231 591 750 234 592 751 226 593 752 231 594 753 237 595 754 239 596 755 232 597 756 241 598 757 240 599 758 234 600 759 241 598 760 233 601 761 235 602 762 244 603 763 243 604 764 232 605 765 244 603 766 236 606 767 237 607 768 246 608 769 245 609 770 235 610 771 246 608 772 238 611 773 234 612 774 247 613 775 242 614 776 237 615 777 247 613 778 239 616 779 240 599 780 249 617 781 248 618 782 242 614 783 249 617 784 241 598 785 243 604 786 252 619 787 251 620 788 240 599 789 252 619 790 244 603 791 245 609 792 254 621 793 253 622 794 243 604 795 254 621 796 246 608 797 242 614 798 255 623 799 250 624 800 245 609 801 255 623 802 247 613 803 249 625 804 256 626 805 248 627 806 249 628 807 258 629 808 257 630 809 252 631 810 259 632 811 251 633 812 252 634 813 256 635 814 260 636 815 253 637 816 262 638 817 261 639 818 254 640 819 259 640 820 262 641 821 255 642 822 258 643 823 250 644 824 253 645 825 263 646 826 255 647 827 257 648 828 264 649 829 256 650 830 257 651 831 266 652 832 265 653 833 260 654 834 267 655 835 259 656 836 260 657 837 264 649 838 268 658 839 262 659 840 269 660 841 261 661 842 262 662 843 267 655 844 270 663 845 263 664 846 266 652 847 258 665 848 263 666 849 269 660 850 271 667 851 265 668 852 272 669 853 264 649 854 265 653 855 274 670 856 273 671 857 268 672 858 275 673 859 267 655 860 268 658 861 272 669 862 276 674 863 270 675 864 277 676 865 269 660 866 270 663 867 275 673 868 278 677 869 271 678 870 274 670 871 266 652 872 271 667 873 277 676 874 279 679 875 273 680 876 280 681 877 272 669 878 273 671 879 282 682 880 281 683 881 276 684 882 283 685 883 275 673 884 276 674 885 280 686 886 284 687 887 278 688 888 285 689 889 277 676 890 278 677 891 283 690 892 286 691 893 279 692 894 282 693 895 274 670 896 279 679 897 285 694 898 287 695 899 281 696 900 288 697 901 280 681 902 281 683 903 290 698 904 289 699 905 284 700 906 291 701 907 283 685 908 284 687 909 288 702 910 292 703 911 286 704 912 293 705 913 285 689 914 286 691 915 291 706 916 294 707 917 287 708 918 290 709 919 282 693 920 287 695 921 293 710 922 295 711 923 288 697 924 297 712 925 296 713 926 290 698 927 297 714 928 289 699 929 291 701 930 300 715 931 299 716 932 288 702 933 300 717 934 292 703 935 293 705 936 302 718 937 301 719 938 291 706 939 302 720 940 294 707 941 290 709 942 303 721 943 298 722 944 293 710 945 303 723 946 295 711 947 296 713 948 305 724 949 304 725 950 298 722 951 305 724 952 297 714 953 299 716 954 308 726 955 307 727 956 296 713 957 308 726 958 300 717 959 301 719 960 310 728 961 309 729 962 299 716 963 310 728 964 302 720 965 298 722 966 311 730 967 306 731 968 301 719 969 311 730 970 303 723 971 304 725 972 314 1 973 312 4 974 306 731 975 314 1 976 305 724 977 307 727 978 317 3 979 316 6 980 304 725 981 317 3 982 308 726 983 309 729 984 319 5 985 318 8 986 307 727 987 319 5 988 310 728 989 306 731 990 320 7 991 315 2 992 309 729 993 320 7 994 311 730 995 230 732 996 221 733 997 222 734 998 231 735 999 221 733 1000 229 736 1001 231 735 1002 218 737 1003 223 738 1004 225 739 1005 218 737 1006 226 740 1007 225 739 1008 216 741 1009 217 742 1010 228 743 1011 216 741 1012 224 744 1013 228 743 1014 219 745 1015 220 746 1016 230 732 1017 219 745 1018 227 747 1019 345 488 1020 198 748 1021 346 486 1022 347 494 1023 198 749 1024 197 750 1025 347 494 1026 199 751 1027 348 492 1028 349 476 1029 199 752 1030 194 753 1031 349 476 1032 193 754 1033 350 474 1034 351 482 1035 193 755 1036 192 756 1037 351 482 1038 196 757 1039 352 480 1040 345 488 1041 196 758 1042 195 759 1043 187 760 1044 353 455 1045 190 415 1046 354 453 1047 551 761 1048 552 762 1049 353 455 1050 554 763 1051 190 415 1052 355 457 1053 505 764 1054 336 765 1055 336 765 1056 356 458 1057 355 457 1058 508 766 1059 356 458 1060 329 767 1061 189 412 1062 357 768 1063 358 447 1064 357 768 1065 554 769 1066 555 448 1067 358 447 1068 557 770 1069 189 412 1070 359 451 1071 508 771 1072 329 772 1073 330 773 1074 359 451 1075 329 772 1076 511 774 1077 360 452 1078 330 773 1079 186 403 1080 361 431 1081 185 404 1082 362 429 1083 563 775 1084 564 776 1085 361 431 1086 566 777 1087 185 404 1088 363 433 1089 517 778 1090 332 779 1091 332 779 1092 364 434 1093 363 433 1094 520 780 1095 364 434 1096 333 781 1097 189 782 1098 366 467 1099 191 421 1100 365 465 1101 557 783 1102 558 784 1103 366 467 1104 560 785 1105 191 421 1106 367 470 1107 511 786 1108 330 787 1109 330 787 1110 368 468 1111 367 470 1112 514 788 1113 368 468 1114 331 789 1115 184 790 1116 370 443 1117 188 409 1118 369 441 1119 569 791 1120 570 792 1121 370 443 1122 572 793 1123 188 409 1124 371 446 1125 523 794 1126 334 795 1127 334 795 1128 372 444 1129 371 446 1130 526 796 1131 372 444 1132 335 797 1133 186 418 1134 374 798 1135 373 459 1136 374 798 1137 560 799 1138 561 460 1139 373 459 1140 563 800 1141 186 418 1142 375 464 1143 514 801 1144 331 802 1145 332 803 1146 375 464 1147 331 802 1148 517 804 1149 376 462 1150 332 803 1151 184 400 1152 377 805 1153 378 423 1154 377 805 1155 566 806 1156 567 424 1157 378 423 1158 569 807 1159 184 400 1160 379 427 1161 520 808 1162 333 809 1163 334 810 1164 379 427 1165 333 809 1166 523 811 1167 380 428 1168 334 810 1169 187 406 1170 382 812 1171 381 435 1172 382 812 1173 572 813 1174 573 436 1175 381 435 1176 551 814 1177 187 406 1178 383 440 1179 526 815 1180 335 816 1181 336 817 1182 383 440 1183 335 816 1184 505 818 1185 384 438 1186 336 817 1187 96 819 1188 385 820 1189 386 821 1190 385 820 1191 105 822 1192 387 823 1193 386 821 1194 104 824 1195 96 819 1196 105 822 1197 389 825 1198 387 823 1199 104 824 1200 390 826 1201 112 270 1202 112 270 1203 389 825 1204 113 268 1205 99 827 1206 392 828 1207 391 829 1208 392 828 1209 108 830 1210 393 831 1211 391 829 1212 107 832 1213 99 827 1214 108 830 1215 395 833 1216 393 831 1217 107 832 1218 396 834 1219 115 276 1220 115 276 1221 395 833 1222 116 274 1223 101 835 1224 397 836 1225 398 837 1226 397 836 1227 110 838 1228 399 839 1229 398 837 1230 109 840 1231 101 835 1232 110 838 1233 401 841 1234 399 839 1235 109 840 1236 402 842 1237 117 282 1238 118 280 1239 402 842 1240 401 841 1241 98 843 1242 404 844 1243 403 845 1244 404 844 1245 111 846 1246 405 847 1247 403 845 1248 106 848 1249 98 843 1250 111 846 1251 407 849 1252 405 847 1253 106 848 1254 408 850 1255 114 288 1256 119 286 1257 408 850 1258 407 849 1259 385 851 1260 410 852 1261 386 853 1262 385 854 1263 411 855 1264 409 856 1265 386 857 1266 412 858 1267 388 859 1268 387 860 1269 413 861 1270 411 855 1271 388 859 1272 414 862 1273 390 863 1274 390 864 1275 413 865 1276 389 866 1277 392 867 1278 415 868 1279 391 869 1280 392 870 1281 417 871 1282 416 872 1283 391 873 1284 418 874 1285 394 875 1286 393 876 1287 419 877 1288 417 871 1289 394 875 1290 420 878 1291 396 879 1292 396 880 1293 419 881 1294 395 882 1295 397 883 1296 422 884 1297 398 885 1298 397 886 1299 423 887 1300 421 888 1301 398 889 1302 424 890 1303 400 891 1304 399 892 1305 425 893 1306 423 887 1307 400 891 1308 426 894 1309 402 895 1310 402 896 1311 425 897 1312 401 898 1313 404 899 1314 427 900 1315 403 901 1316 404 902 1317 429 903 1318 428 904 1319 403 905 1320 430 906 1321 406 907 1322 405 908 1323 431 909 1324 429 903 1325 406 907 1326 432 910 1327 408 911 1328 408 912 1329 431 913 1330 407 914 1331 98 915 1332 433 916 1333 97 917 1334 434 918 1335 106 919 1336 435 920 1337 105 921 1338 433 916 1339 436 922 1340 106 919 1341 437 923 1342 435 920 1343 105 921 1344 438 924 1345 113 273 1346 114 271 1347 438 924 1348 437 923 1349 96 925 1350 440 926 1351 100 927 1352 439 928 1353 104 929 1354 441 930 1355 108 931 1356 440 926 1357 442 932 1358 104 929 1359 443 933 1360 441 930 1361 108 931 1362 444 934 1363 116 279 1364 116 279 1365 443 933 1366 112 277 1367 99 935 1368 445 936 1369 102 937 1370 446 938 1371 107 939 1372 447 940 1373 110 941 1374 445 936 1375 448 942 1376 107 939 1377 449 943 1378 447 940 1379 110 941 1380 450 944 1381 118 285 1382 118 285 1383 449 943 1384 115 283 1385 101 945 1386 452 946 1387 103 947 1388 451 948 1389 109 949 1390 453 950 1391 111 951 1392 452 946 1393 454 952 1394 109 949 1395 455 953 1396 453 950 1397 111 951 1398 456 954 1399 119 291 1400 119 291 1401 455 953 1402 117 289 1403 433 955 1404 458 956 1405 457 957 1406 434 958 1407 459 959 1408 458 960 1409 433 961 1410 460 962 1411 436 963 1412 435 964 1413 461 965 1414 459 959 1415 436 963 1416 462 966 1417 438 967 1418 437 968 1419 462 969 1420 461 970 1421 440 971 1422 463 972 1423 464 973 1424 439 974 1425 465 975 1426 463 976 1427 440 977 1428 466 978 1429 442 979 1430 441 980 1431 467 981 1432 465 975 1433 442 979 1434 468 982 1435 444 983 1436 443 984 1437 468 985 1438 467 986 1439 445 987 1440 470 988 1441 469 989 1442 446 990 1443 471 991 1444 470 992 1445 445 993 1446 472 994 1447 448 995 1448 447 996 1449 473 997 1450 471 991 1451 448 995 1452 474 998 1453 450 999 1454 449 1000 1455 474 1001 1456 473 1002 1457 452 1003 1458 475 1004 1459 476 1005 1460 451 1006 1461 477 1007 1462 475 1008 1463 452 1009 1464 478 1010 1465 454 1011 1466 453 1012 1467 479 1013 1468 477 1007 1469 454 1011 1470 480 1014 1471 456 1015 1472 455 1016 1473 480 1017 1474 479 1018 1475 330 773 1476 481 1019 1477 482 1020 1478 337 485 1479 481 1019 1480 329 772 1481 338 484 1482 483 1021 1483 337 485 1484 330 787 1485 485 1022 1486 331 789 1487 338 493 1488 486 1023 1489 484 1024 1490 339 1025 1491 485 1022 1492 486 1023 1493 334 810 1494 487 1026 1495 488 1027 1496 341 473 1497 487 1026 1498 333 809 1499 342 472 1500 489 1028 1501 341 473 1502 334 795 1503 491 1029 1504 335 797 1505 342 481 1506 492 1030 1507 490 1031 1508 343 1032 1509 491 1029 1510 492 1030 1511 332 803 1512 493 1033 1513 494 1034 1514 339 491 1515 493 1033 1516 331 802 1517 340 490 1518 495 1035 1519 339 491 1520 332 779 1521 497 1036 1522 333 781 1523 340 475 1524 498 1037 1525 496 1038 1526 341 1039 1527 497 1036 1528 498 1037 1529 336 817 1530 499 1040 1531 500 1041 1532 343 479 1533 499 1040 1534 335 816 1535 344 478 1536 501 1042 1537 343 479 1538 336 765 1539 503 1043 1540 329 767 1541 344 487 1542 504 1044 1543 502 1045 1544 337 1046 1545 503 1043 1546 504 1044 1547 529 1047 1548 507 456 1549 530 1048 1550 530 1048 1551 508 766 1552 531 1049 1553 532 1050 1554 508 771 1555 509 1051 1556 533 1052 1557 509 1051 1558 510 450 1559 533 1052 1560 511 774 1561 534 1053 1562 535 1054 1563 511 786 1564 512 469 1565 535 1054 1566 513 1055 1567 536 1056 1568 536 1056 1569 514 788 1570 537 1057 1571 538 1058 1572 514 801 1573 515 463 1574 539 1059 1575 515 463 1576 516 1060 1577 540 1061 1578 519 432 1579 541 1062 1580 541 1062 1581 520 780 1582 542 1063 1583 543 1064 1584 520 808 1585 521 1065 1586 544 1066 1587 521 1065 1588 522 426 1589 544 1066 1590 523 811 1591 545 1067 1592 546 1068 1593 523 794 1594 524 445 1595 546 1068 1596 525 1069 1597 547 1070 1598 547 1070 1599 526 796 1600 548 1071 1601 549 1072 1602 526 815 1603 527 439 1604 550 1073 1605 527 439 1606 528 1074 1607 553 454 1608 529 1047 1609 530 1048 1610 553 454 1611 531 1049 1612 554 763 1613 555 448 1614 531 1075 1615 532 1050 1616 556 449 1617 532 1050 1618 533 1052 1619 556 449 1620 534 1053 1621 557 770 1622 558 784 1623 534 1076 1624 535 1054 1625 558 784 1626 536 1056 1627 559 466 1628 559 466 1629 537 1057 1630 560 785 1631 561 460 1632 537 1077 1633 538 1058 1634 561 460 1635 539 1059 1636 562 461 1637 565 430 1638 540 1061 1639 541 1062 1640 565 430 1641 542 1063 1642 566 777 1643 567 424 1644 542 1078 1645 543 1064 1646 568 425 1647 543 1064 1648 544 1066 1649 568 425 1650 545 1067 1651 569 807 1652 570 792 1653 545 1079 1654 546 1068 1655 570 792 1656 547 1070 1657 571 442 1658 571 442 1659 548 1071 1660 572 793 1661 573 436 1662 548 1080 1663 549 1072 1664 573 436 1665 550 1073 1666 574 437 1667 575 1081 1668 578 1082 1669 576 1083 1670 575 1084 1671 580 1085 1672 577 1086 1673 582 1087 1674 575 1081 1675 576 1083 1676 583 1088 1677 575 1084 1678 581 1089 1679 827 1090 1680 585 1091 1681 586 1092 1682 829 1093 1683 585 1094 1684 828 1095 1685 825 1096 1686 587 1097 1687 588 1098 1688 827 1099 1689 587 1100 1690 826 1101 1691 831 1102 1692 591 1103 1693 830 1104 1694 830 1105 1695 584 1106 1696 829 1107 1697 831 1108 1698 589 1109 1699 590 1110 1700 832 1111 1701 588 1112 1702 589 1113 1703 584 1114 1704 596 1115 1705 585 1094 1706 586 1092 1707 596 1116 1708 597 1117 1709 586 1118 1710 598 1119 1711 587 1100 1712 588 1098 1713 598 1120 1714 599 1121 1715 588 1112 1716 592 1122 1717 589 1113 1718 590 1110 1719 592 1123 1720 593 1124 1721 590 1125 1722 594 1126 1723 591 1103 1724 584 1106 1725 594 1127 1726 595 1128 1727 814 1129 1728 631 1130 1729 632 1131 1730 814 1132 1731 633 1133 1732 813 1134 1733 812 1135 1734 633 1136 1735 626 1137 1736 812 1138 1737 627 1139 1738 811 1140 1739 810 1141 1740 627 1142 1741 628 1143 1742 810 1144 1743 629 1145 1744 809 1146 1745 816 1147 1746 631 1148 1747 815 1149 1748 601 1150 1749 650 1151 1750 651 1152 1751 602 1153 1752 651 1154 1753 652 1155 1754 602 1156 1755 653 1157 1756 603 1158 1757 603 1159 1758 654 1160 1759 604 1161 1760 605 1162 1761 654 1163 1762 655 1164 1763 609 1165 1764 658 1166 1765 659 1167 1766 609 1168 1767 660 1169 1768 612 1170 1769 607 1171 1770 650 1172 1771 600 1173 1772 606 1174 1773 622 1175 1774 623 1176 1775 655 1177 1776 622 1178 1777 605 1179 1778 581 1180 1779 621 1181 1780 583 1182 1781 606 1183 1782 624 1184 1783 607 1185 1784 581 1186 1785 625 1187 1786 620 1188 1787 649 1189 1788 624 1190 1789 648 1191 1790 614 1192 1791 610 1193 1792 615 1194 1793 657 1195 1794 608 1196 1795 616 1197 1796 617 1198 1797 608 1199 1798 609 1200 1799 617 1198 1800 612 1201 1801 618 1202 1802 661 1203 1803 612 1204 1804 660 1205 1805 614 1206 1806 613 1207 1807 611 1208 1808 656 1209 1809 616 1197 1810 622 1178 1811 648 1191 1812 618 1210 1813 661 1203 1814 626 1211 1815 601 1150 1816 627 1139 1817 628 1143 1818 601 1212 1819 602 1153 1820 628 1213 1821 603 1158 1822 629 1145 1823 630 1214 1824 603 1159 1825 604 1161 1826 631 1148 1827 604 1215 1828 605 1162 1829 632 1131 1830 605 1216 1831 606 1217 1832 632 1218 1833 607 1219 1834 633 1133 1835 633 1136 1836 600 1173 1837 626 1137 1838 637 1220 1839 650 1151 1840 636 1221 1841 637 1222 1842 652 1155 1843 651 1154 1844 639 1223 1845 652 1224 1846 638 1225 1847 639 1226 1848 654 1160 1849 653 1227 1850 640 1228 1851 655 1164 1852 654 1163 1853 641 1229 1854 656 1209 1855 655 1177 1856 642 1230 1857 657 1195 1858 656 1209 1859 643 1231 1860 658 1232 1861 657 1195 1862 644 1233 1863 659 1167 1864 658 1166 1865 646 1234 1866 659 1235 1867 645 1236 1868 647 1237 1869 660 1205 1870 646 1238 1871 634 1239 1872 661 1203 1873 647 1237 1874 635 1240 1875 648 1191 1876 634 1239 1877 636 1241 1878 649 1242 1879 635 1243 1880 635 1240 1881 625 1244 1882 582 1245 1883 635 1243 1884 576 1246 1885 636 1241 1886 636 1221 1887 578 1247 1888 637 1220 1889 638 1248 1890 578 1249 1891 577 1250 1892 638 1225 1893 580 1251 1894 639 1223 1895 640 1252 1896 580 1253 1897 579 1254 1898 641 1255 1899 579 1256 1900 583 1257 1901 641 1229 1902 621 1258 1903 642 1230 1904 642 1230 1905 615 1259 1906 643 1231 1907 643 1231 1908 610 1260 1909 644 1261 1910 645 1262 1911 610 1263 1912 611 1264 1913 645 1236 1914 613 1265 1915 646 1234 1916 647 1237 1917 613 1266 1918 619 1267 1919 634 1239 1920 619 1267 1921 625 1268 1922 620 39 1923 663 39 1924 621 39 1925 615 39 1926 664 39 1927 614 39 1928 621 39 1929 665 39 1930 615 39 1931 625 39 1932 662 39 1933 620 39 1934 619 39 1935 666 39 1936 625 39 1937 614 39 1938 667 39 1939 619 39 1940 662 1269 1941 669 1270 1942 663 1271 1943 665 1272 1944 670 1273 1945 664 1274 1946 665 1272 1947 669 1270 1948 671 1275 1949 662 1269 1950 672 1276 1951 668 1277 1952 667 1278 1953 672 1276 1954 666 1279 1955 667 1278 1956 670 1273 1957 673 1280 1958 623 1176 1959 674 1281 1960 675 1282 1961 616 1283 1962 674 1281 1963 622 1175 1964 616 1283 1965 677 1284 1966 676 1285 1967 623 1176 1968 678 1286 1969 624 1184 1970 618 1202 1971 677 1284 1972 617 1198 1973 618 1202 1974 678 1286 1975 679 1287 1976 668 1277 1977 681 1288 1978 669 1270 1979 670 1273 1980 683 1289 1981 682 1290 1982 669 1270 1983 683 1289 1984 671 1275 1985 668 1277 1986 684 1291 1987 680 1292 1988 672 1276 1989 685 1293 1990 684 1291 1991 670 1273 1992 685 1293 1993 673 1280 1994 675 1282 1995 686 1294 1996 687 1295 1997 674 1281 1998 688 1296 1999 686 1294 2000 677 1284 2001 688 1296 2002 676 1285 2003 675 1282 2004 690 1297 2005 678 1286 2006 677 1284 2007 691 1298 2008 689 1299 2009 678 1286 2010 691 1298 2011 679 1287 2012 687 1300 2013 681 1301 2014 680 1302 2015 688 1303 2016 681 1304 2017 686 1305 2018 689 1306 2019 683 1307 2020 688 27 2021 687 1300 2022 684 1308 2023 690 1309 2024 689 1306 2025 685 1310 2026 682 1311 2027 691 1312 2028 684 1313 2029 685 1314 2030 695 1315 2031 692 1316 2032 693 1317 2033 692 1318 2034 697 1319 2035 696 1320 2036 699 1321 2037 692 1316 2038 698 1322 2039 692 1318 2040 700 1323 2041 698 1324 2042 517 1325 2043 836 1326 2044 516 1327 2045 539 1328 2046 836 1329 2047 837 1330 2048 540 1331 2049 834 1332 2050 518 1333 2051 517 1334 2052 834 1335 2053 835 1336 2054 563 1337 2055 838 1338 2056 839 1339 2057 562 1340 2058 837 1341 2059 838 1342 2060 563 1343 2061 840 1344 2062 564 1345 2063 564 1346 2064 833 1347 2065 540 1348 2066 713 1349 2067 701 1350 2068 702 1351 2069 703 1352 2070 713 1353 2071 702 1354 2072 715 1355 2073 703 1356 2074 704 1357 2075 705 1358 2076 715 1359 2077 704 1360 2078 709 1361 2079 705 1362 2080 706 1363 2081 707 1364 2082 709 1365 2083 706 1366 2084 711 1367 2085 707 1368 2086 708 1369 2087 701 1370 2088 711 1371 2089 708 1372 2090 709 1365 2091 822 1373 2092 823 1374 2093 711 1367 2094 822 1375 2095 710 1376 2096 712 1377 2097 821 1378 2098 711 1371 2099 713 1349 2100 820 1379 2101 712 1380 2102 713 1353 2103 818 1381 2104 819 1382 2105 715 1355 2106 818 1383 2107 714 1384 2108 715 1359 2109 824 1385 2110 817 1386 2111 716 1387 2112 823 1388 2113 824 1389 2114 768 1390 2115 717 1391 2116 718 1392 2117 719 1393 2118 768 1394 2119 718 1395 2120 770 1396 2121 719 1397 2122 720 1398 2123 721 1399 2124 770 1400 2125 720 1401 2126 722 1402 2127 771 1403 2128 721 1404 2129 726 1405 2130 775 1406 2131 725 1407 2132 777 1408 2133 726 1409 2134 729 1410 2135 767 1411 2136 724 1412 2137 717 1413 2138 723 1414 2139 739 1415 2140 722 1416 2141 739 1417 2142 772 1418 2143 722 1419 2144 738 1420 2145 698 1421 2146 700 1422 2147 741 1423 2148 723 1424 2149 724 1425 2150 698 1426 2151 742 1427 2152 699 1428 2153 766 1429 2154 741 1430 2155 724 1431 2156 727 1432 2157 731 1433 2158 732 1434 2159 725 1435 2160 774 1436 2161 733 1437 2162 734 1438 2163 725 1439 2164 733 1440 2165 729 1441 2166 734 1438 2167 735 1442 2168 778 1443 2169 729 1444 2170 735 1445 2171 731 1446 2172 730 1447 2173 736 1448 2174 733 1437 2175 773 1449 2176 739 1417 2177 735 1445 2178 765 1450 2179 778 1443 2180 718 1392 2181 743 1451 2182 744 1452 2183 745 1453 2184 718 1395 2185 744 1454 2186 720 1398 2187 745 1455 2188 746 1456 2189 747 1457 2190 720 1401 2191 746 1458 2192 748 1459 2193 721 1404 2194 747 1460 2195 749 1461 2196 722 1462 2197 748 1463 2198 724 1464 2199 749 1465 2200 750 1466 2201 717 1413 2202 750 1467 2203 743 1468 2204 754 1469 2205 767 1470 2206 768 1390 2207 754 1471 2208 769 1472 2209 755 1473 2210 756 1474 2211 769 1475 2212 770 1396 2213 756 1476 2214 771 1477 2215 757 1478 2216 757 1479 2217 772 1480 2218 758 1481 2219 758 1482 2220 773 1449 2221 759 1483 2222 759 1483 2223 774 1436 2224 760 1484 2225 760 1484 2226 775 1485 2227 761 1486 2228 761 1487 2229 776 1488 2230 762 1489 2231 763 1490 2232 776 1491 2233 777 1408 2234 764 1492 2235 777 1493 2236 778 1443 2237 751 1494 2238 778 1443 2239 765 1450 2240 752 1495 2241 765 1450 2242 766 1429 2243 753 1496 2244 766 1497 2245 767 1411 2246 742 1498 2247 752 1495 2248 699 1499 2249 693 1500 2250 752 1501 2251 753 1496 2252 754 1469 2253 693 1502 2254 753 1503 2255 755 1473 2256 695 1504 2257 754 1471 2258 697 1505 2259 755 1506 2260 756 1474 2261 757 1478 2262 697 1507 2263 756 1476 2264 758 1481 2265 696 1508 2266 757 1479 2267 738 1509 2268 758 1482 2269 759 1483 2270 732 1510 2271 759 1483 2272 760 1484 2273 727 1511 2274 760 1484 2275 761 1486 2276 762 1489 2277 727 1512 2278 761 1487 2279 730 1513 2280 762 1514 2281 763 1490 2282 730 1515 2283 764 1492 2284 736 1516 2285 736 1517 2286 751 1494 2287 742 1498 2288 780 39 2289 737 39 2290 738 39 2291 781 39 2292 732 39 2293 731 39 2294 782 39 2295 738 39 2296 732 39 2297 779 39 2298 742 39 2299 737 39 2300 783 39 2301 736 39 2302 742 39 2303 784 39 2304 731 39 2305 736 39 2306 786 1518 2307 779 1519 2308 780 1520 2309 787 1521 2310 782 1522 2311 781 1523 2312 782 1522 2313 786 1518 2314 780 1520 2315 779 1519 2316 789 1524 2317 783 1525 2318 789 1524 2319 784 1526 2320 783 1525 2321 784 1526 2322 787 1521 2323 781 1523 2324 740 1527 2325 791 1528 2326 739 1415 2327 791 1528 2328 733 1440 2329 739 1415 2330 733 1440 2331 794 1529 2332 734 1438 2333 795 1530 2334 740 1527 2335 741 1423 2336 794 1529 2337 735 1442 2338 734 1438 2339 735 1442 2340 795 1530 2341 741 1423 2342 798 1531 2343 785 1532 2344 786 1518 2345 787 1521 2346 800 1533 2347 788 1534 2348 800 1533 2349 786 1518 2350 788 1534 2351 785 1532 2352 801 1535 2353 789 1524 2354 789 1524 2355 802 1536 2356 790 1537 2357 802 1536 2358 787 1521 2359 790 1537 2360 792 1538 2361 803 1539 2362 791 1528 2363 791 1528 2364 805 1540 2365 793 1541 2366 805 1540 2367 794 1529 2368 793 1541 2369 807 1542 2370 792 1538 2371 795 1530 2372 794 1529 2373 808 1543 2374 796 1544 2375 808 1543 2376 795 1530 2377 796 1544 2378 798 1545 2379 804 1546 2380 797 1547 2381 800 1548 2382 806 1549 2383 805 1550 2384 798 1551 2385 805 1552 2386 803 1553 2387 801 1554 2388 804 1546 2389 807 1555 2390 801 1556 2391 808 1557 2392 802 1558 2393 802 1559 2394 806 1549 2395 799 1560 2396 598 1119 2397 810 1144 2398 809 1146 2399 596 1116 2400 810 1141 2401 597 1117 2402 596 1115 2403 812 1138 2404 811 1140 2405 595 1128 2406 813 1561 2407 812 1135 2408 594 1126 2409 814 1132 2410 813 1134 2411 592 1123 2412 814 1129 2413 593 1124 2414 816 1147 2415 815 1149 2416 592 1562 2417 816 1147 2418 629 1563 2419 630 1564 2420 818 1383 2421 746 1456 2422 745 1455 2423 818 1381 2424 744 1454 2425 819 1382 2426 820 1379 2427 744 1452 2428 743 1451 2429 821 1378 2430 743 1468 2431 750 1467 2432 822 1375 2433 750 1466 2434 749 1465 2435 822 1373 2436 748 1463 2437 823 1374 2438 823 1388 2439 747 1460 2440 824 1389 2441 817 1386 2442 747 1457 2443 746 1458 2444 550 1565 2445 826 1566 2446 825 1096 2447 505 1567 2448 826 1101 2449 528 1568 2450 505 1569 2451 828 1570 2452 827 1090 2453 529 1571 2454 828 1095 2455 506 1572 2456 552 1573 2457 829 1107 2458 529 1574 2459 551 1575 2460 830 1104 2461 552 1576 2462 551 1577 2463 832 1578 2464 831 1108 2465 574 1579 2466 825 1580 2467 832 1111 2468 833 1581 2469 704 1360 2470 834 1332 2471 835 1336 2472 704 1357 2473 703 1356 2474 835 1582 2475 702 1354 2476 836 1326 2477 837 1330 2478 702 1351 2479 701 1350 2480 838 1342 2481 701 1370 2482 708 1372 2483 839 1339 2484 708 1369 2485 707 1368 2486 839 1583 2487 706 1366 2488 840 1344 2489 840 1584 2490 705 1362 2491 833 1347 2492 900 1585 2493 886 1586 2494 899 1587 2495 860 1588 2496 911 1589 2497 912 1590 2498 904 1591 2499 866 1592 2500 903 1593 2501 882 1594 2502 866 1595 2503 848 1596 2504 893 1597 2505 865 1598 2506 849 1599 2507 847 1600 2508 915 1601 2509 916 1602 2510 850 1603 2511 906 1604 2512 870 1605 2513 892 1606 2514 868 1607 2515 891 1608 2516 902 1609 2517 853 1610 2518 901 1611 2519 884 1612 2520 853 1610 2521 841 1613 2522 895 1614 2523 855 1615 2524 843 1616 2525 842 1617 2526 913 1618 2527 914 1619 2528 844 1620 2529 908 1621 2530 856 1622 2531 890 1623 2532 857 1624 2533 889 1625 2534 901 1626 2535 859 1627 2536 900 1628 2537 853 1629 2538 886 1630 2539 859 1631 2540 855 1632 2541 897 1633 2542 861 1634 2543 913 1635 2544 860 1636 2545 912 1637 2546 908 1638 2547 862 1639 2548 856 1640 2549 889 1641 2550 863 1642 2551 888 1643 2552 883 1644 2553 841 1645 2554 866 1595 2555 903 1593 2556 841 1646 2557 902 1647 2558 867 1648 2559 914 1649 2560 915 1601 2561 891 1608 2562 845 1650 2563 890 1651 2564 870 1605 2565 907 1652 2566 844 1653 2567 894 1654 2568 843 1655 2569 865 1598 2570 871 1656 2571 865 1657 2572 872 1658 2573 872 1658 2574 843 1659 2575 873 1660 2576 873 1661 2577 855 1615 2578 874 1662 2579 874 1663 2580 861 1664 2581 875 1665 2582 898 1666 2583 861 1667 2584 897 1668 2585 876 1669 2586 909 1670 2587 910 1671 2588 878 1672 2589 864 1673 2590 858 1674 2591 879 1675 2592 858 1676 2593 846 1677 2594 880 1678 2595 846 1679 2596 869 1680 2597 881 1681 2598 869 1680 2599 852 1682 2600 883 1644 2601 871 1656 2602 872 1658 2603 884 1683 2604 872 1658 2605 873 1660 2606 885 1684 2607 873 1661 2608 874 1662 2609 875 1665 2610 885 1685 2611 874 1663 2612 899 1587 2613 875 1686 2614 898 1666 2615 889 1641 2616 877 1687 2617 878 1672 2618 879 1675 2619 889 1625 2620 878 1688 2621 880 1678 2622 890 1651 2623 879 1689 2624 881 1681 2625 891 1608 2626 880 1678 2627 850 1603 2628 894 1654 2629 893 1597 2630 895 1690 2631 870 1605 2632 844 1653 2633 896 1691 2634 844 1620 2635 856 1622 2636 896 1692 2637 862 1639 2638 897 1633 2639 876 1669 2640 897 1668 2641 862 1693 2642 860 1694 2643 899 1587 2644 887 1695 2645 901 1626 2646 860 1636 2647 854 1696 2648 842 1617 2649 901 1611 2650 854 1697 2651 867 1648 2652 902 1647 2653 842 1698 2654 847 1600 2655 903 1593 2656 867 1648 2657 905 1699 2658 869 1700 2659 906 1604 2660 906 1604 2661 846 1701 2662 907 1652 2663 907 1702 2664 858 1676 2665 908 1621 2666 908 1638 2667 864 1703 2668 909 1704 2669 910 1671 2670 864 1705 2671 877 1706 2672 877 1706 2673 911 1589 2674 910 1671 2675 912 1590 2676 888 1707 2677 863 1708 2678 857 1709 2679 912 1637 2680 863 1710 2681 914 1619 2682 857 1624 2683 845 1711 2684 915 1601 2685 845 1712 2686 868 1713 2687 916 1602 2688 868 1713 2689 851 1714 2690 887 1695 2691 1130 1715 2692 911 1589 2693 876 1669 2694 1131 1716 2695 1132 1717 2696 911 1589 2697 1131 1716 2698 910 1671 2699 887 1695 2700 1128 1718 2701 1129 1719 2702 899 1587 2703 1133 1720 2704 1128 1718 2705 876 1669 2706 1133 1720 2707 898 1666 2708 918 1721 2709 1123 1722 2710 1124 1723 2711 920 1724 2712 1126 1725 2713 919 1726 2714 1125 1727 2715 918 1728 2716 1124 1729 2717 921 1730 2718 1123 1722 2719 917 1731 2720 922 1732 2721 1126 1725 2722 1127 1733 2723 929 1734 2724 931 1735 2725 932 1736 2726 929 1734 2727 934 1737 2728 930 1738 2729 929 1734 2730 936 1739 2731 933 1740 2732 929 1734 2733 937 1741 2734 935 1742 2735 938 1743 2736 1018 1744 2737 939 1745 2738 939 1746 2739 1020 1747 2740 940 1748 2741 941 1749 2742 1022 1750 2743 942 1751 2744 938 1752 2745 1022 1753 2746 1019 1754 2747 943 1755 2748 1023 1756 2749 944 1755 2750 944 1757 2751 1021 1758 2752 941 1759 2753 940 1760 2754 1025 1761 2755 945 1762 2756 943 1763 2757 1025 1764 2758 1024 1765 2759 947 1766 2760 949 1767 2761 946 1768 2762 950 1769 2763 948 1770 2764 947 1771 2765 953 1772 2766 955 1773 2767 952 1774 2768 953 1775 2769 949 1776 2770 954 1777 2771 957 1778 2772 959 1779 2773 956 1780 2774 952 1781 2775 958 1782 2776 957 1783 2777 960 1784 2778 951 1785 2779 950 1786 2780 960 1787 2781 959 1788 2782 961 1789 2783 949 1790 2784 962 1791 2785 963 1792 2786 951 1793 2787 962 1791 2788 948 1794 2789 955 1795 2790 965 1796 2791 966 1797 2792 949 1798 2793 965 1796 2794 954 1799 2795 959 1800 2796 967 1801 2797 968 1802 2798 955 1803 2799 967 1801 2800 958 1804 2801 951 1805 2802 969 1806 2803 964 1807 2804 959 1808 2805 969 1806 2806 961 1809 2807 963 1792 2808 970 1810 2809 971 1811 2810 964 1807 2811 970 1810 2812 962 1791 2813 966 1797 2814 973 1812 2815 974 1813 2816 963 1792 2817 973 1812 2818 965 1796 2819 968 1802 2820 975 1814 2821 976 1815 2822 966 1797 2823 975 1814 2824 967 1801 2825 964 1807 2826 977 1816 2827 972 1817 2828 968 1802 2829 977 1816 2830 969 1806 2831 970 1818 2832 979 1819 2833 971 1820 2834 970 1821 2835 980 1822 2836 978 1823 2837 973 1824 2838 982 1825 2839 974 1826 2840 973 1827 2841 979 1828 2842 981 1829 2843 976 1830 2844 983 1831 2845 984 1832 2846 975 1833 2847 982 1834 2848 983 1835 2849 977 1836 2850 980 1837 2851 972 1838 2852 976 1839 2853 985 1840 2854 977 1841 2855 978 1842 2856 987 1843 2857 979 1844 2858 978 1845 2859 988 1846 2860 986 1847 2861 981 1848 2862 990 1849 2863 982 1850 2864 981 1851 2865 987 1843 2866 989 1852 2867 983 1853 2868 992 1854 2869 984 1855 2870 983 1856 2871 990 1849 2872 991 1857 2873 985 1858 2874 988 1846 2875 980 1859 2876 985 1860 2877 992 1854 2878 993 1861 2879 986 1862 2880 995 1863 2881 987 1843 2882 986 1847 2883 996 1864 2884 994 1865 2885 989 1866 2886 998 1867 2887 990 1849 2888 989 1852 2889 995 1868 2890 997 1869 2891 991 1870 2892 1000 1871 2893 992 1854 2894 991 1857 2895 998 1872 2896 999 1873 2897 993 1874 2898 996 1875 2899 988 1846 2900 993 1861 2901 1000 1876 2902 1001 1877 2903 995 1863 2904 1002 1878 2905 1003 1879 2906 996 1864 2907 1002 1880 2908 994 1865 2909 998 1867 2910 1005 1881 2911 1006 1882 2912 995 1868 2913 1005 1883 2914 997 1869 2915 1000 1871 2916 1007 1884 2917 1008 1885 2918 998 1872 2919 1007 1886 2920 999 1873 2921 996 1875 2922 1009 1887 2923 1004 1888 2924 1000 1876 2925 1009 1889 2926 1001 1877 2927 1003 1879 2928 1010 1890 2929 1011 1891 2930 1004 1892 2931 1010 1890 2932 1002 1880 2933 1006 1882 2934 1013 1893 2935 1014 1894 2936 1003 1895 2937 1013 1893 2938 1005 1883 2939 1008 1885 2940 1015 1896 2941 1016 1897 2942 1006 1898 2943 1015 1896 2944 1007 1886 2945 1004 1888 2946 1017 1899 2947 1012 1900 2948 1008 1901 2949 1017 1899 2950 1009 1889 2951 1011 1891 2952 931 1735 2953 930 1738 2954 1012 1900 2955 931 1735 2956 1010 1890 2957 1014 1894 2958 934 1737 2959 933 1740 2960 1011 1891 2961 934 1737 2962 1013 1893 2963 1016 1897 2964 936 1739 2965 935 1742 2966 1014 1894 2967 936 1739 2968 1015 1896 2969 1012 1900 2970 937 1741 2971 932 1736 2972 1016 1897 2973 937 1741 2974 1017 1899 2975 956 1902 2976 944 1903 2977 957 1904 2978 956 1902 2979 945 1905 2980 943 1906 2981 950 1907 2982 945 1905 2983 960 1908 2984 950 1907 2985 939 1909 2986 940 1910 2987 946 1911 2988 939 1909 2989 947 1912 2990 946 1911 2991 942 1913 2992 938 1914 2993 952 1915 2994 942 1913 2995 953 1916 2996 952 1915 2997 944 1903 2998 941 1917 2999 1026 1918 3000 1019 1919 3001 1027 1920 3002 1028 1921 3003 1018 1922 3004 1026 1923 3005 1030 1924 3006 1021 1925 3007 1029 1926 3008 1027 1927 3009 1022 1753 3010 1030 1928 3011 1021 1758 3012 1031 1929 3013 1029 1930 3014 1025 1761 3015 1028 1931 3016 1033 1932 3017 1024 1933 3018 927 1934 3019 1023 1756 3020 1032 1935 3021 928 1936 3022 925 1937 3023 1023 1756 3024 928 1936 3025 1031 1938 3026 1024 1765 3027 924 1939 3028 923 1940 3029 926 1941 3030 1025 1764 3031 1033 1942 3032 1032 1943 3033 926 1941 3034 1033 1942 3035 1027 1944 3036 1034 1945 3037 1026 1946 3038 1028 1947 3039 1034 1945 3040 1036 1948 3041 1029 1949 3042 1038 1950 3043 1030 1951 3044 1027 1944 3045 1038 1950 3046 1035 1952 3047 1032 1953 3048 1039 1954 3049 1031 1955 3050 1029 1949 3051 1039 1954 3052 1037 1956 3053 1028 1947 3054 1041 1957 3055 1033 1958 3056 1032 1953 3057 1041 1957 3058 1040 1959 3059 1034 1960 3060 1043 1961 3061 1042 1962 3062 1036 1963 3063 1042 1964 3064 1044 1965 3065 1037 1966 3066 1046 1967 3067 1038 1968 3068 1038 1969 3069 1043 1970 3070 1035 1971 3071 1039 1972 3072 1048 1973 3073 1047 1974 3074 1039 1975 3075 1045 1976 3076 1037 1977 3077 1036 1978 3078 1049 1979 3079 1041 1980 3080 1040 1981 3081 1049 1982 3082 1048 1983 3083 1043 1961 3084 1050 1984 3085 1042 1962 3086 1044 1965 3087 1050 1985 3088 1052 1986 3089 1045 1987 3090 1054 1988 3091 1046 1967 3092 1043 1970 3093 1054 1989 3094 1051 1990 3095 1048 1973 3096 1055 1991 3097 1047 1974 3098 1045 1976 3099 1055 1992 3100 1053 1993 3101 1044 1994 3102 1057 1995 3103 1049 1979 3104 1048 1983 3105 1057 1996 3106 1056 1997 3107 1051 1998 3108 1058 1999 3109 1050 1984 3110 1052 1986 3111 1058 2000 3112 1060 2001 3113 1053 2002 3114 1062 2003 3115 1054 1988 3116 1051 1990 3117 1062 2004 3118 1059 2005 3119 1056 2006 3120 1063 2007 3121 1055 1991 3122 1053 1993 3123 1063 2008 3124 1061 2009 3125 1052 2010 3126 1065 2011 3127 1057 1995 3128 1056 1997 3129 1065 2012 3130 1064 2013 3131 1059 2014 3132 1066 2015 3133 1058 1999 3134 1060 2001 3135 1066 2016 3136 1068 2017 3137 1061 2018 3138 1070 2019 3139 1062 2003 3140 1059 2005 3141 1070 2020 3142 1067 2021 3143 1064 2022 3144 1071 2023 3145 1063 2007 3146 1061 2009 3147 1071 2024 3148 1069 2025 3149 1060 2026 3150 1073 2027 3151 1065 2011 3152 1064 2013 3153 1073 2028 3154 1072 2029 3155 1067 2030 3156 1074 2031 3157 1066 2032 3158 1068 2033 3159 1074 2031 3160 1076 2034 3161 1069 2035 3162 1078 2036 3163 1070 2037 3164 1070 2037 3165 1075 2038 3166 1067 2030 3167 1072 2039 3168 1079 2040 3169 1071 2041 3170 1069 2035 3171 1079 2040 3172 1077 2042 3173 1068 2033 3174 1081 2043 3175 1073 2044 3176 1073 2044 3177 1080 2045 3178 1072 2039 3179 1075 2046 3180 1082 2047 3181 1074 2048 3182 1076 2049 3183 1082 2047 3184 1084 2050 3185 1077 2051 3186 1086 2052 3187 1078 2053 3188 1075 2046 3189 1086 2052 3190 1083 2054 3191 1080 2055 3192 1087 2056 3193 1079 2057 3194 1077 2051 3195 1087 2056 3196 1085 2058 3197 1076 2049 3198 1089 2059 3199 1081 2060 3200 1080 2055 3201 1089 2059 3202 1088 2061 3203 1082 2062 3204 1091 2063 3205 1090 2064 3206 1082 2065 3207 1092 2066 3208 1084 2067 3209 1086 2068 3210 1093 2069 3211 1094 2070 3212 1086 2071 3213 1091 2072 3214 1083 2073 3215 1087 2074 3216 1096 2075 3217 1095 2076 3218 1087 2077 3219 1093 2078 3220 1085 2079 3221 1089 2080 3222 1092 2081 3223 1097 2082 3224 1089 2083 3225 1096 2084 3226 1088 2085 3227 1091 2086 3228 1098 2087 3229 1090 2088 3230 1092 2089 3231 1098 2090 3232 1100 2091 3233 1093 2092 3234 1102 2093 3235 1094 2094 3236 1091 2095 3237 1102 2096 3238 1099 2097 3239 1096 2098 3240 1103 2099 3241 1095 2100 3242 1093 2101 3243 1103 2102 3244 1101 2103 3245 1092 2104 3246 1105 2105 3247 1097 2106 3248 1096 2107 3249 1105 2108 3250 1104 2109 3251 1098 2110 3252 1107 2111 3253 1106 2112 3254 1098 2110 3255 1108 2113 3256 1100 2114 3257 1102 2115 3258 1109 2116 3259 1110 2117 3260 1102 2115 3261 1107 2111 3262 1099 2118 3263 1103 2119 3264 1112 2120 3265 1111 2121 3266 1103 2119 3267 1109 2116 3268 1101 2122 3269 1105 2123 3270 1108 2113 3271 1113 2124 3272 1105 2123 3273 1112 2120 3274 1104 2125 3275 1107 2126 3276 1114 2127 3277 1106 2128 3278 1108 2129 3279 1114 2130 3280 1116 2131 3281 1109 2132 3282 1118 2133 3283 1110 2134 3284 1107 2135 3285 1118 2136 3286 1115 2137 3287 1112 2138 3288 1119 2139 3289 1111 2140 3290 1109 2141 3291 1119 2142 3292 1117 2143 3293 1113 2144 3294 1116 2145 3295 1121 2146 3296 1113 2147 3297 1120 2148 3298 1112 2149 3299 928 2150 3300 1122 2151 3301 1127 2152 3302 1122 2153 3303 923 2154 3304 1123 1722 3305 1124 1723 3306 923 2154 3307 924 2155 3308 1124 1729 3309 926 2156 3310 1125 1727 3311 1125 2157 3312 925 2158 3313 1126 1725 3314 1127 1733 3315 925 2158 3316 928 2159 3317 1127 2152 3318 921 2160 3319 922 2161 3320 922 2162 3321 1128 1718 3322 1133 1720 3323 1129 1719 3324 921 2163 3325 917 2164 3326 1129 1719 3327 918 2165 3328 1130 1715 3329 1130 1715 3330 920 2166 3331 1131 1716 3332 1132 1717 3333 920 2166 3334 919 2167 3335 1132 1717 3336 922 2162 3337 1133 1720 3338 1193 2168 3339 1179 2169 3340 1152 2170 3341 1204 2171 3342 1153 2172 3343 1205 2173 3344 1197 2174 3345 1159 2175 3346 1141 2176 3347 1159 2177 3348 1175 2178 3349 1141 2179 3350 1158 2180 3351 1186 2181 3352 1142 2182 3353 1208 2183 3354 1140 2184 3355 1209 2185 3356 1143 2186 3357 1199 2187 3358 1198 2188 3359 1185 2189 3360 1161 2190 3361 1144 2191 3362 1195 2192 3363 1146 2193 3364 1134 2194 3365 1146 2193 3366 1177 2195 3367 1134 2194 3368 1148 2196 3369 1188 2197 3370 1136 2198 3371 1206 2199 3372 1135 2200 3373 1207 2201 3374 1137 2202 3375 1201 2203 3376 1200 2204 3377 1183 2205 3378 1150 2206 3379 1138 2207 3380 1194 2208 3381 1152 2209 3382 1146 2210 3383 1146 2211 3384 1179 2212 3385 1178 2213 3386 1148 2214 3387 1190 2215 3388 1189 2216 3389 1206 2217 3390 1153 2218 3391 1147 2219 3392 1155 2220 3393 1201 2221 3394 1149 2222 3395 1182 2223 3396 1156 2224 3397 1150 2225 3398 1134 2226 3399 1176 2227 3400 1159 2177 3401 1196 2228 3402 1134 2229 3403 1159 2175 3404 1207 2230 3405 1160 2231 3406 1208 2183 3407 1184 2232 3408 1138 2233 3409 1161 2190 3410 1163 2234 3411 1200 2235 3412 1199 2187 3413 1136 2236 3414 1187 2237 3415 1158 2180 3416 1164 2238 3417 1158 2239 3418 1142 2240 3419 1136 2241 3420 1165 2242 3421 1166 2243 3422 1148 2196 3423 1166 2244 3424 1167 2245 3425 1168 2246 3426 1148 2247 3427 1167 2248 3428 1191 2249 3429 1154 2250 3430 1168 2251 3431 1202 2252 3432 1169 2253 3433 1203 2254 3434 1157 2255 3435 1171 2256 3436 1151 2257 3437 1151 2258 3438 1172 2259 3439 1139 2260 3440 1139 2261 3441 1173 2262 3442 1162 2263 3443 1162 2263 3444 1174 2264 3445 1145 2265 3446 1164 2238 3447 1176 2227 3448 1165 2242 3449 1165 2242 3450 1177 2266 3451 1166 2243 3452 1166 2244 3453 1178 2267 3454 1167 2245 3455 1168 2246 3456 1178 2213 3457 1179 2212 3458 1192 2268 3459 1168 2251 3460 1179 2169 3461 1170 2269 3462 1182 2223 3463 1171 2256 3464 1172 2259 3465 1182 2270 3466 1183 2205 3467 1173 2262 3468 1183 2271 3469 1184 2232 3470 1174 2264 3471 1184 2232 3472 1185 2189 3473 1187 2237 3474 1143 2186 3475 1186 2181 3476 1188 2272 3477 1163 2234 3478 1187 2237 3479 1189 2273 3480 1137 2202 3481 1188 2197 3482 1155 2220 3483 1189 2216 3484 1190 2215 3485 1169 2253 3486 1190 2274 3487 1191 2249 3488 1153 2275 3489 1192 2268 3490 1193 2168 3491 1153 2218 3492 1194 2208 3493 1147 2219 3494 1135 2200 3495 1194 2276 3496 1195 2192 3497 1160 2231 3498 1195 2277 3499 1196 2228 3500 1140 2184 3501 1196 2228 3502 1197 2174 3503 1198 2188 3504 1162 2278 3505 1145 2279 3506 1139 2280 3507 1199 2187 3508 1200 2235 3509 1151 2258 3510 1200 2204 3511 1201 2203 3512 1157 2281 3513 1201 2221 3514 1202 2282 3515 1157 2283 3516 1203 2254 3517 1170 2284 3518 1170 2284 3519 1204 2171 3520 1181 2285 3521 1181 2285 3522 1205 2173 3523 1156 2286 3524 1150 2287 3525 1205 2288 3526 1206 2217 3527 1150 2206 3528 1207 2201 3529 1138 2207 3530 1138 2289 3531 1208 2183 3532 1161 2290 3533 1161 2290 3534 1209 2185 3535 1144 2291 3536 1416 2292 3537 1180 2293 3538 1204 2171 3539 1169 2253 3540 1415 2294 3541 1203 2254 3542 1415 2294 3543 1204 2171 3544 1203 2254 3545 1180 2293 3546 1418 2295 3547 1192 2268 3548 1192 2268 3549 1413 2296 3550 1191 2249 3551 1413 2296 3552 1169 2253 3553 1191 2249 3554 1211 2297 3555 1408 2298 3556 1210 2299 3557 1213 2300 3558 1411 2301 3559 1410 2302 3560 1214 2303 3561 1408 2298 3562 1407 2304 3563 1412 2305 3564 1214 2306 3565 1407 2307 3566 1215 2308 3567 1411 2301 3568 1212 2309 3569 1222 2310 3570 1224 2311 3571 1223 2312 3572 1222 2310 3573 1227 2313 3574 1226 2314 3575 1222 2310 3576 1229 2315 3577 1228 2316 3578 1222 2310 3579 1230 2317 3580 1225 2318 3581 1232 2319 3582 1304 2320 3583 1231 2319 3584 1233 2321 3585 1303 2322 3586 1232 2323 3587 1234 2324 3588 1307 2325 3589 1306 2326 3590 1231 2327 3591 1307 2328 3592 1235 2329 3593 1237 2330 3594 1309 2331 3595 1236 2332 3596 1234 2333 3597 1308 2334 3598 1237 2335 3599 1233 2336 3600 1310 2337 3601 1305 2338 3602 1236 2339 3603 1310 2340 3604 1238 2341 3605 1232 2342 3606 1421 2343 3607 1422 2344 3608 1232 2345 3609 1423 2346 3610 1233 2347 3611 1235 2348 3612 1419 2349 3613 1420 2350 3614 1235 2351 3615 1421 2352 3616 1231 2353 3617 1237 2354 3618 1425 2355 3619 1426 2356 3620 1237 2357 3621 1419 2358 3622 1234 2359 3623 1238 2360 3624 1423 2361 3625 1424 2362 3626 1238 2363 3627 1425 2364 3628 1236 2365 3629 1239 2366 3630 1421 2343 3631 1240 2367 3632 1239 2368 3633 1423 2346 3634 1422 2369 3635 1242 2370 3636 1419 2349 3637 1243 2371 3638 1242 2372 3639 1421 2352 3640 1420 2373 3641 1244 2374 3642 1425 2355 3643 1245 2375 3644 1244 2376 3645 1419 2358 3646 1426 2377 3647 1246 2378 3648 1423 2361 3649 1241 2379 3650 1246 2380 3651 1425 2364 3652 1424 2381 3653 1240 2382 3654 1247 2383 3655 1239 2384 3656 1241 2385 3657 1247 2383 3658 1249 2386 3659 1243 2387 3660 1250 2388 3661 1242 2389 3662 1240 2390 3663 1250 2388 3664 1248 2391 3665 1245 2392 3666 1252 2393 3667 1244 2394 3668 1243 2395 3669 1252 2393 3670 1251 2396 3671 1241 2397 3672 1254 2398 3673 1246 2399 3674 1245 2400 3675 1254 2398 3676 1253 2401 3677 1248 2391 3678 1255 2402 3679 1247 2383 3680 1249 2386 3681 1255 2402 3682 1257 2403 3683 1251 2396 3684 1258 2404 3685 1250 2388 3686 1248 2391 3687 1258 2404 3688 1256 2405 3689 1253 2401 3690 1260 2406 3691 1252 2393 3692 1251 2396 3693 1260 2406 3694 1259 2407 3695 1249 2386 3696 1262 2408 3697 1254 2398 3698 1253 2401 3699 1262 2408 3700 1261 2409 3701 1264 2410 3702 1255 2411 3703 1256 2412 3704 1255 2413 3705 1265 2414 3706 1257 2415 3707 1267 2416 3708 1258 2417 3709 1259 2418 3710 1258 2419 3711 1264 2420 3712 1256 2421 3713 1261 2422 3714 1268 2423 3715 1260 2424 3716 1260 2425 3717 1267 2426 3718 1259 2427 3719 1265 2428 3720 1262 2429 3721 1257 2430 3722 1270 2431 3723 1261 2432 3724 1262 2433 3725 1263 2434 3726 1272 2435 3727 1271 2436 3728 1263 2437 3729 1273 2438 3730 1265 2439 3731 1266 2440 3732 1275 2441 3733 1274 2442 3734 1266 2443 3735 1272 2435 3736 1264 2444 3737 1268 2445 3738 1277 2446 3739 1276 2447 3740 1268 2448 3741 1275 2441 3742 1267 2449 3743 1270 2450 3744 1273 2438 3745 1278 2451 3746 1270 2452 3747 1277 2446 3748 1269 2453 3749 1271 2436 3750 1280 2454 3751 1279 2455 3752 1271 2456 3753 1281 2457 3754 1273 2438 3755 1274 2442 3756 1283 2458 3757 1282 2459 3758 1274 2460 3759 1280 2461 3760 1272 2435 3761 1276 2447 3762 1285 2462 3763 1284 2463 3764 1276 2464 3765 1283 2465 3766 1275 2441 3767 1278 2451 3768 1281 2466 3769 1286 2467 3770 1278 2468 3771 1285 2469 3772 1277 2446 3773 1280 2454 3774 1287 2470 3775 1279 2455 3776 1281 2457 3777 1287 2471 3778 1289 2472 3779 1283 2458 3780 1290 2473 3781 1282 2459 3782 1280 2461 3783 1290 2474 3784 1288 2475 3785 1285 2462 3786 1292 2476 3787 1284 2463 3788 1283 2465 3789 1292 2477 3790 1291 2478 3791 1281 2466 3792 1294 2479 3793 1286 2467 3794 1285 2469 3795 1294 2480 3796 1293 2481 3797 1288 2482 3798 1295 2483 3799 1287 2470 3800 1289 2472 3801 1295 2483 3802 1297 2484 3803 1291 2485 3804 1298 2486 3805 1290 2473 3806 1288 2475 3807 1298 2486 3808 1296 2487 3809 1293 2488 3810 1300 2489 3811 1292 2476 3812 1291 2478 3813 1300 2489 3814 1299 2490 3815 1289 2491 3816 1302 2492 3817 1294 2479 3818 1293 2481 3819 1302 2492 3820 1301 2493 3821 1296 2487 3822 1224 2311 3823 1295 2483 3824 1297 2484 3825 1224 2311 3826 1225 2318 3827 1299 2490 3828 1227 2313 3829 1298 2486 3830 1296 2487 3831 1227 2313 3832 1223 2312 3833 1301 2493 3834 1229 2315 3835 1300 2489 3836 1299 2490 3837 1229 2315 3838 1226 2314 3839 1297 2484 3840 1230 2317 3841 1302 2492 3842 1301 2493 3843 1230 2317 3844 1228 2316 3845 1311 2494 3846 1304 2320 3847 1303 2495 3848 1313 2496 3849 1303 2322 3850 1305 2497 3851 1315 2498 3852 1306 2326 3853 1307 2325 3854 1312 2499 3855 1307 2328 3856 1304 2500 3857 1316 2501 3858 1306 2502 3859 1314 2503 3860 1310 2337 3861 1313 2504 3862 1305 2338 3863 1220 2505 3864 1309 2331 3865 1308 2506 3866 1317 2507 3867 1221 2508 3868 1316 2509 3869 1221 2508 3870 1308 2506 3871 1316 2509 3872 1309 2510 3873 1217 2511 3874 1310 2340 3875 1310 2340 3876 1219 2512 3877 1318 2513 3878 1219 2512 3879 1317 2514 3880 1318 2513 3881 1312 2515 3882 1319 2516 3883 1320 2517 3884 1313 2518 3885 1319 2516 3886 1311 2519 3887 1314 2520 3888 1323 2521 3889 1322 2522 3890 1312 2515 3891 1323 2521 3892 1315 2523 3893 1317 2524 3894 1324 2525 3895 1325 2526 3896 1314 2520 3897 1324 2525 3898 1316 2527 3899 1313 2518 3900 1326 2528 3901 1321 2529 3902 1317 2524 3903 1326 2528 3904 1318 2530 3905 1319 2531 3906 1328 2532 3907 1320 2533 3908 1321 2534 3909 1327 2535 3910 1319 2536 3911 1322 2537 3912 1331 2538 3913 1330 2539 3914 1320 2540 3915 1331 2541 3916 1323 2542 3917 1325 2543 3918 1332 2544 3919 1333 2545 3920 1322 2546 3921 1332 2547 3922 1324 2548 3923 1326 2549 3924 1329 2550 3925 1321 2551 3926 1325 2552 3927 1334 2553 3928 1326 2554 3929 1328 2532 3930 1335 2555 3931 1336 2556 3932 1329 2557 3933 1335 2558 3934 1327 2535 3935 1330 2539 3936 1339 2559 3937 1338 2560 3938 1328 2561 3939 1339 2562 3940 1331 2541 3941 1333 2545 3942 1340 2563 3943 1341 2564 3944 1330 2565 3945 1340 2566 3946 1332 2547 3947 1329 2550 3948 1342 2567 3949 1337 2568 3950 1333 2569 3951 1342 2570 3952 1334 2553 3953 1336 2556 3954 1343 2571 3955 1344 2572 3956 1337 2573 3957 1343 2574 3958 1335 2558 3959 1338 2560 3960 1347 2575 3961 1346 2576 3962 1336 2577 3963 1347 2578 3964 1339 2562 3965 1341 2564 3966 1348 2579 3967 1349 2580 3968 1338 2581 3969 1348 2582 3970 1340 2566 3971 1337 2568 3972 1350 2583 3973 1345 2584 3974 1341 2585 3975 1350 2586 3976 1342 2570 3977 1344 2572 3978 1351 2587 3979 1352 2588 3980 1345 2589 3981 1351 2590 3982 1343 2574 3983 1346 2576 3984 1355 2591 3985 1354 2592 3986 1344 2593 3987 1355 2594 3988 1347 2578 3989 1349 2580 3990 1356 2595 3991 1357 2596 3992 1346 2597 3993 1356 2598 3994 1348 2582 3995 1345 2584 3996 1358 2599 3997 1353 2600 3998 1349 2601 3999 1358 2602 4000 1350 2586 4001 1351 2603 4002 1360 2604 4003 1352 2605 4004 1353 2606 4005 1359 2607 4006 1351 2603 4007 1363 2608 4008 1354 2609 4009 1355 2610 4010 1352 2605 4011 1363 2608 4012 1355 2610 4013 1364 2611 4014 1357 2612 4015 1356 2613 4016 1354 2609 4017 1364 2611 4018 1356 2613 4019 1366 2614 4020 1353 2606 4021 1358 2615 4022 1357 2612 4023 1366 2614 4024 1358 2615 4025 1360 2616 4026 1367 2617 4027 1368 2618 4028 1361 2619 4029 1367 2617 4030 1359 2620 4031 1362 2621 4032 1371 2622 4033 1370 2623 4034 1360 2616 4035 1371 2622 4036 1363 2624 4037 1365 2625 4038 1372 2626 4039 1373 2627 4040 1362 2621 4041 1372 2626 4042 1364 2628 4043 1361 2619 4044 1374 2629 4045 1369 2630 4046 1365 2625 4047 1374 2629 4048 1366 2631 4049 1367 2632 4050 1376 2633 4051 1368 2634 4052 1367 2635 4053 1377 2636 4054 1375 2637 4055 1371 2638 4056 1378 2639 4057 1370 2640 4058 1371 2641 4059 1376 2642 4060 1379 2643 4061 1372 2644 4062 1381 2645 4063 1373 2646 4064 1372 2647 4065 1378 2648 4066 1380 2649 4067 1374 2650 4068 1377 2651 4069 1369 2652 4070 1374 2653 4071 1381 2654 4072 1382 2655 4073 1383 2656 4074 1376 2657 4075 1375 2658 4076 1377 2659 4077 1383 2660 4078 1375 2661 4079 1387 2662 4080 1378 2663 4081 1379 2664 4082 1376 2665 4083 1387 2666 4084 1379 2667 4085 1388 2668 4086 1381 2669 4087 1380 2670 4088 1378 2671 4089 1388 2672 4090 1380 2673 4091 1390 2674 4092 1377 2675 4093 1382 2676 4094 1381 2677 4095 1390 2678 4096 1382 2679 4097 1383 2680 4098 1392 2681 4099 1384 2682 4100 1383 2680 4101 1393 2683 4102 1391 2684 4103 1387 2685 4104 1394 2686 4105 1386 2687 4106 1387 2685 4107 1392 2681 4108 1395 2688 4109 1388 2689 4110 1397 2690 4111 1389 2691 4112 1388 2689 4113 1394 2686 4114 1396 2692 4115 1390 2693 4116 1393 2683 4117 1385 2694 4118 1390 2693 4119 1397 2690 4120 1398 2695 4121 1399 2696 4122 1392 2697 4123 1391 2698 4124 1393 2699 4125 1399 2700 4126 1391 2701 4127 1403 2702 4128 1394 2703 4129 1395 2704 4130 1392 2705 4131 1403 2706 4132 1395 2707 4133 1404 2708 4134 1397 2709 4135 1396 2710 4136 1394 2711 4137 1404 2712 4138 1396 2713 4139 1406 2714 4140 1393 2715 4141 1398 2716 4142 1397 2717 4143 1406 2718 4144 1398 2719 4145 1407 2307 4146 1221 2720 4147 1412 2305 4148 1216 2721 4149 1407 2304 4150 1408 2298 4151 1409 2722 4152 1216 2721 4153 1408 2298 4154 1219 2723 4155 1409 2724 4156 1410 2725 4157 1218 2726 4158 1410 2302 4159 1411 2301 4160 1412 2727 4161 1218 2726 4162 1411 2301 4163 1410 2725 4164 1211 2728 4165 1213 2729 4166 1414 2730 4167 1215 2731 4168 1212 2732 4169 1414 2730 4170 1213 2733 4171 1415 2294 4172 1416 2292 4173 1213 2733 4174 1211 2734 4175 1417 2735 4176 1211 2734 4177 1210 2736 4178 1417 2735 4179 1214 2737 4180 1418 2295 4181 1418 2295 4182 1215 2731 4183 1413 2296 4184 1427 2738 4185 1430 2739 4186 1428 2740 4187 1594 2741 4188 1514 2742 4189 1474 2743 4190 1431 2744 4191 1434 2745 4192 1432 2746 4193 1427 2747 4194 1434 2748 4195 1433 2749 4196 1428 2750 4197 1432 2751 4198 1434 2752 4199 1431 2753 4200 1427 2754 4201 1433 2755 4202 1429 2756 4203 1475 2757 4204 1430 2758 4205 1436 2759 4206 1475 2760 4207 1435 2761 4208 1437 2762 4209 1476 2763 4210 1436 2764 4211 1437 2765 4212 1478 2766 4213 1477 2767 4214 1438 2768 4215 1479 2769 4216 1478 2770 4217 1439 2771 4218 1480 2772 4219 1479 2773 4220 1440 2774 4221 1481 2775 4222 1480 2772 4223 1441 2776 4224 1482 2777 4225 1481 2775 4226 1482 2777 4227 1443 2778 4228 1483 2779 4229 1443 2778 4230 1484 2780 4231 1483 2779 4232 1484 2780 4233 1445 2781 4234 1485 2782 4235 1445 2781 4236 1486 2783 4237 1485 2782 4238 1446 2784 4239 1487 2785 4240 1486 2783 4241 1447 2786 4242 1488 2787 4243 1487 2785 4244 1449 2788 4245 1488 2787 4246 1448 2789 4247 1449 2788 4248 1490 2790 4249 1489 2791 4250 1450 2792 4251 1491 2793 4252 1490 2790 4253 1491 2793 4254 1452 2794 4255 1492 2795 4256 1452 2794 4257 1493 2796 4258 1492 2795 4259 1493 2796 4260 1454 2797 4261 1494 2798 4262 1454 2797 4263 1495 2799 4264 1494 2798 4265 1495 2799 4266 1456 2800 4267 1496 2801 4268 1456 2800 4269 1497 2802 4270 1496 2801 4271 1457 2803 4272 1498 2804 4273 1497 2802 4274 1498 2804 4275 1459 2805 4276 1499 2806 4277 1459 2805 4278 1500 2807 4279 1499 2806 4280 1460 2808 4281 1501 2809 4282 1500 2807 4283 1461 2810 4284 1502 2811 4285 1501 2809 4286 1462 2812 4287 1503 2813 4288 1502 2811 4289 1503 2813 4290 1464 2814 4291 1504 2815 4292 1464 2814 4293 1505 2816 4294 1504 2815 4295 1465 2817 4296 1506 2818 4297 1505 2816 4298 1506 2818 4299 1467 2819 4300 1507 2820 4301 1507 2820 4302 1468 2821 4303 1508 2822 4304 1508 2822 4305 1469 2823 4306 1509 2824 4307 1469 2823 4308 1510 2825 4309 1509 2824 4310 1470 2826 4311 1511 2827 4312 1510 2825 4313 1471 2828 4314 1512 2829 4315 1511 2827 4316 1512 2829 4317 1473 2830 4318 1513 2831 4319 1473 2830 4320 1514 2832 4321 1513 2831 4322 1475 2833 4323 1432 2751 4324 1430 2834 4325 1476 2835 4326 1515 2836 4327 1475 2833 4328 1477 2837 4329 1516 2838 4330 1476 2835 4331 1478 2839 4332 1517 2840 4333 1477 2837 4334 1479 2841 4335 1518 2842 4336 1478 2839 4337 1519 2843 4338 1480 2844 4339 1520 2845 4340 1520 2845 4341 1481 2846 4342 1521 2847 4343 1521 2847 4344 1482 2848 4345 1522 2849 4346 1522 2849 4347 1483 2850 4348 1523 2851 4349 1523 2851 4350 1484 2852 4351 1524 2853 4352 1524 2853 4353 1485 2854 4354 1525 2855 4355 1486 2856 4356 1525 2855 4357 1485 2854 4358 1487 2857 4359 1526 2858 4360 1486 2856 4361 1488 2859 4362 1527 2860 4363 1487 2857 4364 1489 2861 4365 1528 2862 4366 1488 2859 4367 1529 2863 4368 1490 2864 4369 1530 2865 4370 1490 2864 4371 1531 2866 4372 1530 2865 4373 1491 2867 4374 1532 2868 4375 1531 2866 4376 1492 2869 4377 1533 2870 4378 1532 2868 4379 1493 2871 4380 1534 2872 4381 1533 2870 4382 1494 2873 4383 1535 2874 4384 1534 2872 4385 1495 2875 4386 1536 2876 4387 1535 2874 4388 1496 2877 4389 1537 2878 4390 1536 2876 4391 1497 2879 4392 1538 2880 4393 1537 2878 4394 1498 2881 4395 1539 2882 4396 1538 2880 4397 1499 2883 4398 1540 2884 4399 1539 2882 4400 1500 2885 4401 1541 2886 4402 1540 2884 4403 1501 2887 4404 1542 2888 4405 1541 2886 4406 1502 2889 4407 1543 2890 4408 1542 2888 4409 1503 2891 4410 1544 2892 4411 1543 2890 4412 1504 2893 4413 1545 2894 4414 1544 2892 4415 1505 2895 4416 1546 2896 4417 1545 2894 4418 1506 2897 4419 1547 2898 4420 1546 2896 4421 1507 2899 4422 1548 2900 4423 1547 2898 4424 1508 2901 4425 1549 2902 4426 1548 2900 4427 1509 2903 4428 1550 2904 4429 1549 2902 4430 1510 2905 4431 1551 2906 4432 1550 2904 4433 1511 2907 4434 1552 2908 4435 1551 2906 4436 1512 2909 4437 1553 2910 4438 1552 2908 4439 1513 2911 4440 1554 2912 4441 1553 2910 4442 1432 2913 4443 1555 2914 4444 1431 2915 4445 1515 2916 4446 1556 2917 4447 1555 2918 4448 1517 2919 4449 1556 2920 4450 1516 2921 4451 1517 2922 4452 1558 2923 4453 1557 2924 4454 1518 2925 4455 1559 2926 4456 1558 2927 4457 1559 2928 4458 1520 2929 4459 1560 2930 4460 1520 2929 4461 1561 2931 4462 1560 2930 4463 1561 2931 4464 1522 2932 4465 1562 2933 4466 1522 2932 4467 1563 2934 4468 1562 2933 4469 1523 2935 4470 1564 2936 4471 1563 2934 4472 1564 2936 4473 1525 2937 4474 1565 2938 4475 1525 2937 4476 1566 2939 4477 1565 2938 4478 1526 2940 4479 1567 2941 4480 1566 2939 4481 1528 2942 4482 1567 2941 4483 1527 2943 4484 1528 2942 4485 1569 2944 4486 1568 2945 4487 1569 2944 4488 1530 2946 4489 1570 2947 4490 1570 2947 4491 1531 2948 4492 1571 2949 4493 1571 2949 4494 1532 2950 4495 1572 2951 4496 1532 2950 4497 1573 2952 4498 1572 2951 4499 1573 2952 4500 1534 2953 4501 1574 2954 4502 1574 2954 4503 1535 2955 4504 1575 2956 4505 1535 2955 4506 1576 2957 4507 1575 2956 4508 1536 2958 4509 1577 2959 4510 1576 2957 4511 1577 2959 4512 1538 2960 4513 1578 2961 4514 1538 2960 4515 1579 2962 4516 1578 2961 4517 1579 2962 4518 1540 2963 4519 1580 2964 4520 1580 2964 4521 1541 2965 4522 1581 2966 4523 1541 2965 4524 1582 2967 4525 1581 2966 4526 1542 2968 4527 1583 2969 4528 1582 2967 4529 1583 2969 4530 1544 2970 4531 1584 2971 4532 1544 2970 4533 1585 2972 4534 1584 2971 4535 1585 2972 4536 1546 2973 4537 1586 2974 4538 1546 2973 4539 1587 2975 4540 1586 2974 4541 1587 2975 4542 1548 2976 4543 1588 2977 4544 1548 2976 4545 1589 2978 4546 1588 2977 4547 1589 2978 4548 1550 2979 4549 1590 2980 4550 1550 2979 4551 1591 2981 4552 1590 2980 4553 1591 2981 4554 1552 2982 4555 1592 2983 4556 1592 2983 4557 1553 2984 4558 1593 2985 4559 1553 2984 4560 1594 2986 4561 1593 2985 4562 1431 2753 4563 1435 2987 4564 1429 2988 4565 1555 2989 4566 1436 2990 4567 1435 2987 4568 1556 2991 4569 1437 2992 4570 1436 2990 4571 1557 2993 4572 1438 2994 4573 1437 2992 4574 1558 2995 4575 1439 2996 4576 1438 2994 4577 1440 2997 4578 1559 2998 4579 1560 2999 4580 1441 3000 4581 1560 2999 4582 1561 3001 4583 1442 3002 4584 1561 3001 4585 1562 3003 4586 1443 3004 4587 1562 3003 4588 1563 3005 4589 1444 3006 4590 1563 3005 4591 1564 3007 4592 1445 3008 4593 1564 3007 4594 1565 3009 4595 1565 3009 4596 1446 3010 4597 1445 3008 4598 1566 3011 4599 1447 3012 4600 1446 3010 4601 1567 3013 4602 1448 3014 4603 1447 3012 4604 1568 3015 4605 1449 3016 4606 1448 3014 4607 1450 3017 4608 1569 3018 4609 1570 3019 4610 1450 3017 4611 1571 3020 4612 1451 3021 4613 1451 3021 4614 1572 3022 4615 1452 3023 4616 1452 3023 4617 1573 3024 4618 1453 3025 4619 1453 3025 4620 1574 3026 4621 1454 3027 4622 1454 3027 4623 1575 3028 4624 1455 3029 4625 1455 3029 4626 1576 3030 4627 1456 3031 4628 1456 3031 4629 1577 3032 4630 1457 3033 4631 1457 3033 4632 1578 3034 4633 1458 3035 4634 1458 3035 4635 1579 3036 4636 1459 3037 4637 1459 3037 4638 1580 3038 4639 1460 3039 4640 1460 3039 4641 1581 3040 4642 1461 3041 4643 1461 3041 4644 1582 3042 4645 1462 3043 4646 1462 3043 4647 1583 3044 4648 1463 3045 4649 1463 3045 4650 1584 3046 4651 1464 3047 4652 1464 3047 4653 1585 3048 4654 1465 3049 4655 1465 3049 4656 1586 3050 4657 1466 3051 4658 1466 3051 4659 1587 3052 4660 1467 3053 4661 1467 3053 4662 1588 3054 4663 1468 3055 4664 1468 3055 4665 1589 3056 4666 1469 3057 4667 1469 3057 4668 1590 3058 4669 1470 3059 4670 1470 3059 4671 1591 3060 4672 1471 3061 4673 1471 3061 4674 1592 3062 4675 1472 3063 4676 1472 3063 4677 1593 3064 4678 1473 3065 4679 1594 3066 4680 1473 3065 4681 1593 3064 4682 1596 3067 4683 1597 3068 4684 1595 3069 4685 1642 3070 4686 1722 3071 4687 1762 3072 4688 1600 3073 4689 1601 3074 4690 1599 3075 4691 1601 3076 4692 1596 3077 4693 1595 3078 4694 1602 3079 4695 1598 3080 4696 1596 3081 4697 1595 3082 4698 1599 3083 4699 1601 3084 4700 1597 3085 4701 1643 3086 4702 1603 3087 4703 1603 3088 4704 1644 3089 4705 1604 3090 4706 1644 3091 4707 1605 3092 4708 1604 3093 4709 1645 3094 4710 1606 3095 4711 1605 3096 4712 1606 3097 4713 1647 3098 4714 1607 3099 4715 1607 3100 4716 1648 3101 4717 1608 3102 4718 1648 3101 4719 1609 3103 4720 1608 3102 4721 1649 3104 4722 1610 3105 4723 1609 3103 4724 1610 3105 4725 1651 3106 4726 1611 3107 4727 1651 3106 4728 1612 3108 4729 1611 3107 4730 1612 3108 4731 1653 3109 4732 1613 3110 4733 1653 3109 4734 1614 3111 4735 1613 3110 4736 1654 3112 4737 1615 3113 4738 1614 3111 4739 1655 3114 4740 1616 3115 4741 1615 3113 4742 1616 3115 4743 1657 3116 4744 1617 3117 4745 1617 3117 4746 1658 3118 4747 1618 3119 4748 1618 3119 4749 1659 3120 4750 1619 3121 4751 1619 3121 4752 1660 3122 4753 1620 3123 4754 1620 3123 4755 1661 3124 4756 1621 3125 4757 1621 3125 4758 1662 3126 4759 1622 3127 4760 1662 3126 4761 1623 3128 4762 1622 3127 4763 1623 3128 4764 1664 3129 4765 1624 3130 4766 1624 3130 4767 1665 3131 4768 1625 3132 4769 1665 3131 4770 1626 3133 4771 1625 3132 4772 1666 3134 4773 1627 3135 4774 1626 3133 4775 1627 3135 4776 1668 3136 4777 1628 3137 4778 1628 3137 4779 1669 3138 4780 1629 3139 4781 1669 3138 4782 1630 3140 4783 1629 3139 4784 1630 3140 4785 1671 3141 4786 1631 3142 4787 1631 3142 4788 1672 3143 4789 1632 3144 4790 1672 3143 4791 1633 3145 4792 1632 3144 4793 1633 3145 4794 1674 3146 4795 1634 3147 4796 1634 3147 4797 1675 3148 4798 1635 3149 4799 1635 3149 4800 1676 3150 4801 1636 3151 4802 1676 3150 4803 1637 3152 4804 1636 3151 4805 1637 3152 4806 1678 3153 4807 1638 3154 4808 1638 3154 4809 1679 3155 4810 1639 3156 4811 1679 3155 4812 1640 3157 4813 1639 3156 4814 1640 3157 4815 1681 3158 4816 1641 3159 4817 1681 3158 4818 1642 3160 4819 1641 3159 4820 1600 3161 4821 1643 3162 4822 1598 3080 4823 1683 3163 4824 1644 3164 4825 1643 3162 4826 1684 3165 4827 1645 3166 4828 1644 3164 4829 1685 3167 4830 1646 3168 4831 1645 3166 4832 1686 3169 4833 1647 3170 4834 1646 3168 4835 1648 3171 4836 1687 3172 4837 1688 3173 4838 1649 3174 4839 1688 3173 4840 1689 3175 4841 1650 3176 4842 1689 3175 4843 1690 3177 4844 1651 3178 4845 1690 3177 4846 1691 3179 4847 1652 3180 4848 1691 3179 4849 1692 3181 4850 1653 3182 4851 1692 3181 4852 1693 3183 4853 1693 3183 4854 1654 3184 4855 1653 3182 4856 1694 3185 4857 1655 3186 4858 1654 3184 4859 1695 3187 4860 1656 3188 4861 1655 3186 4862 1696 3189 4863 1657 3190 4864 1656 3188 4865 1658 3191 4866 1697 3192 4867 1698 3193 4868 1658 3191 4869 1699 3194 4870 1659 3195 4871 1659 3195 4872 1700 3196 4873 1660 3197 4874 1660 3197 4875 1701 3198 4876 1661 3199 4877 1661 3199 4878 1702 3200 4879 1662 3201 4880 1662 3201 4881 1703 3202 4882 1663 3203 4883 1663 3203 4884 1704 3204 4885 1664 3205 4886 1664 3205 4887 1705 3206 4888 1665 3207 4889 1665 3207 4890 1706 3208 4891 1666 3209 4892 1666 3209 4893 1707 3210 4894 1667 3211 4895 1667 3211 4896 1708 3212 4897 1668 3213 4898 1668 3213 4899 1709 3214 4900 1669 3215 4901 1669 3215 4902 1710 3216 4903 1670 3217 4904 1670 3217 4905 1711 3218 4906 1671 3219 4907 1671 3219 4908 1712 3220 4909 1672 3221 4910 1672 3221 4911 1713 3222 4912 1673 3223 4913 1673 3223 4914 1714 3224 4915 1674 3225 4916 1674 3225 4917 1715 3226 4918 1675 3227 4919 1675 3227 4920 1716 3228 4921 1676 3229 4922 1676 3229 4923 1717 3230 4924 1677 3231 4925 1677 3231 4926 1718 3232 4927 1678 3233 4928 1678 3233 4929 1719 3234 4930 1679 3235 4931 1679 3235 4932 1720 3236 4933 1680 3237 4934 1680 3237 4935 1721 3238 4936 1681 3239 4937 1681 3239 4938 1722 3240 4939 1682 3241 4940 1600 3242 4941 1723 3243 4942 1683 3244 4943 1723 3245 4944 1684 3246 4945 1683 3247 4946 1724 3248 4947 1685 3249 4948 1684 3250 4949 1685 3251 4950 1726 3252 4951 1686 3253 4952 1686 3254 4953 1727 3255 4954 1687 3256 4955 1688 3257 4956 1727 3258 4957 1728 3259 4958 1688 3257 4959 1729 3260 4960 1689 3261 4961 1690 3262 4962 1729 3260 4963 1730 3263 4964 1690 3262 4965 1731 3264 4966 1691 3265 4967 1692 3266 4968 1731 3264 4969 1732 3267 4970 1693 3268 4971 1732 3267 4972 1733 3269 4973 1733 3269 4974 1694 3270 4975 1693 3268 4976 1734 3271 4977 1695 3272 4978 1694 3270 4979 1695 3272 4980 1736 3273 4981 1696 3274 4982 1736 3273 4983 1697 3275 4984 1696 3274 4985 1698 3276 4986 1737 3277 4987 1738 3278 4988 1699 3279 4989 1738 3278 4990 1739 3280 4991 1699 3279 4992 1740 3281 4993 1700 3282 4994 1701 3283 4995 1740 3281 4996 1741 3284 4997 1702 3285 4998 1741 3284 4999 1742 3286 5000 1702 3285 5001 1743 3287 5002 1703 3288 5003 1704 3289 5004 1743 3287 5005 1744 3290 5006 1704 3289 5007 1745 3291 5008 1705 3292 5009 1705 3292 5010 1746 3293 5011 1706 3294 5012 1706 3294 5013 1747 3295 5014 1707 3296 5015 1708 3297 5016 1747 3295 5017 1748 3298 5018 1709 3299 5019 1748 3298 5020 1749 3300 5021 1710 3301 5022 1749 3300 5023 1750 3302 5024 1710 3301 5025 1751 3303 5026 1711 3304 5027 1712 3305 5028 1751 3303 5029 1752 3306 5030 1712 3305 5031 1753 3307 5032 1713 3308 5033 1713 3308 5034 1754 3309 5035 1714 3310 5036 1715 3311 5037 1754 3309 5038 1755 3312 5039 1715 3311 5040 1756 3313 5041 1716 3314 5042 1716 3314 5043 1757 3315 5044 1717 3316 5045 1718 3317 5046 1757 3315 5047 1758 3318 5048 1718 3317 5049 1759 3319 5050 1719 3320 5051 1720 3321 5052 1759 3319 5053 1760 3322 5054 1720 3321 5055 1761 3323 5056 1721 3324 5057 1721 3324 5058 1762 3325 5059 1722 3326 5060 1599 3083 5061 1603 3327 5062 1723 3328 5063 1723 3328 5064 1604 3329 5065 1724 3330 5066 1724 3330 5067 1605 3331 5068 1725 3332 5069 1725 3332 5070 1606 3333 5071 1726 3334 5072 1726 3334 5073 1607 3335 5074 1727 3336 5075 1727 3336 5076 1608 3337 5077 1728 3338 5078 1728 3338 5079 1609 3339 5080 1729 3340 5081 1729 3340 5082 1610 3341 5083 1730 3342 5084 1730 3342 5085 1611 3343 5086 1731 3344 5087 1731 3344 5088 1612 3345 5089 1732 3346 5090 1732 3346 5091 1613 3347 5092 1733 3348 5093 1733 3348 5094 1614 3349 5095 1734 3350 5096 1734 3350 5097 1615 3351 5098 1735 3352 5099 1735 3352 5100 1616 3353 5101 1736 3354 5102 1736 3354 5103 1617 3355 5104 1737 3356 5105 1737 3356 5106 1618 3357 5107 1738 3358 5108 1739 3359 5109 1618 3357 5110 1619 3360 5111 1740 3361 5112 1619 3360 5113 1620 3362 5114 1741 3363 5115 1620 3362 5116 1621 3364 5117 1742 3365 5118 1621 3364 5119 1622 3366 5120 1743 3367 5121 1622 3366 5122 1623 3368 5123 1744 3369 5124 1623 3368 5125 1624 3370 5126 1745 3371 5127 1624 3370 5128 1625 3372 5129 1746 3373 5130 1625 3372 5131 1626 3374 5132 1747 3375 5133 1626 3374 5134 1627 3376 5135 1748 3377 5136 1627 3376 5137 1628 3378 5138 1749 3379 5139 1628 3378 5140 1629 3380 5141 1750 3381 5142 1629 3380 5143 1630 3382 5144 1751 3383 5145 1630 3382 5146 1631 3384 5147 1752 3385 5148 1631 3384 5149 1632 3386 5150 1753 3387 5151 1632 3386 5152 1633 3388 5153 1754 3389 5154 1633 3388 5155 1634 3390 5156 1755 3391 5157 1634 3390 5158 1635 3392 5159 1756 3393 5160 1635 3392 5161 1636 3394 5162 1757 3395 5163 1636 3394 5164 1637 3396 5165 1758 3397 5166 1637 3396 5167 1638 3398 5168 1759 3399 5169 1638 3398 5170 1639 3400 5171 1760 3401 5172 1639 3400 5173 1640 3402 5174 1761 3403 5175 1640 3402 5176 1641 3404 5177 1641 3404 5178 1762 3405 5179 1761 3403 5180 1861 3406 5181 1818 3407 5182 1787 3408 5183 1845 3409 5184 1788 3410 5185 1846 3411 5186 1866 3412 5187 1831 3413 5188 1770 3414 5189 1831 3415 5190 1814 3416 5191 1770 3417 5192 1827 3418 5193 1852 3419 5194 1771 3420 5195 1850 3421 5196 1769 3422 5197 1851 3423 5198 1772 3424 5199 1838 3425 5200 1837 3426 5201 1824 3427 5202 1833 3428 5203 1773 3429 5204 1864 3430 5205 1775 3431 5206 1763 3432 5207 1775 3431 5208 1815 3433 5209 1763 3432 5210 1777 3434 5211 1854 3435 5212 1765 3436 5213 1848 3437 5214 1764 3438 5215 1849 3439 5216 1766 3440 5217 1840 3441 5218 1839 3442 5219 1823 3443 5220 1779 3444 5221 1767 3445 5222 1863 3446 5223 1781 3447 5224 1775 3448 5225 1775 3449 5226 1817 3450 5227 1816 3451 5228 1783 3452 5229 1855 3453 5230 1777 3454 5231 1847 3455 5232 1776 3456 5233 1848 3457 5234 1778 3458 5235 1841 3459 5236 1840 3460 5237 1821 3461 5238 1779 3462 5239 1822 3463 5240 1861 39 5241 1781 39 5242 1862 39 5243 1787 39 5244 1817 39 5245 1781 39 5246 1789 39 5247 1856 39 5248 1783 39 5249 1846 39 5250 1782 39 5251 1847 39 5252 1790 39 5253 1841 39 5254 1784 39 5255 1820 39 5256 1785 39 5257 1821 39 5258 1793 3464 5259 1828 3465 5260 1803 3466 5261 1805 3467 5262 1794 3468 5263 1795 3469 5264 1796 3470 5265 1805 3471 5266 1795 3472 5267 1807 39 5268 1796 39 5269 1797 39 5270 1859 3473 5271 1807 3474 5272 1797 3475 5273 1809 39 5274 1799 39 5275 1810 39 5276 1811 3476 5277 1799 3477 5278 1800 3478 5279 1811 3479 5280 1801 3480 5281 1812 3481 5282 1836 3482 5283 1802 3483 5284 1813 3484 5285 1803 3466 5286 1827 3485 5287 1771 3486 5288 1777 3434 5289 1804 3487 5290 1805 3467 5291 1783 3488 5292 1805 3471 5293 1806 3489 5294 1789 39 5295 1806 39 5296 1807 39 5297 1858 3490 5298 1789 3491 5299 1807 3474 5300 1842 3492 5301 1808 3493 5302 1843 3494 5303 1792 39 5304 1810 39 5305 1786 39 5306 1786 3495 5307 1811 3476 5308 1780 3496 5309 1780 3497 5310 1812 3481 5311 1768 3498 5312 1825 3499 5313 1813 3484 5314 1774 3500 5315 1830 3501 5316 1793 3464 5317 1814 3416 5318 1816 3502 5319 1794 3468 5320 1815 3433 5321 1796 3470 5322 1816 3451 5323 1817 3450 5324 1797 39 5325 1817 39 5326 1818 39 5327 1860 3503 5328 1797 3475 5329 1818 3407 5330 1798 39 5331 1821 39 5332 1799 39 5333 1800 3478 5334 1821 3461 5335 1822 3463 5336 1801 3480 5337 1822 3504 5338 1823 3443 5339 1802 3483 5340 1834 3505 5341 1824 3427 5342 1826 3506 5343 1839 3507 5344 1838 3425 5345 1765 3508 5346 1853 3509 5347 1827 3418 5348 1828 3465 5349 1765 3510 5350 1827 3485 5351 1829 3511 5352 1804 3512 5353 1828 3465 5354 1815 3513 5355 1829 3511 5356 1830 3501 5357 1763 3514 5358 1830 3501 5359 1831 3415 5360 1865 3515 5361 1763 3516 5362 1831 3413 5363 1849 3517 5364 1832 3518 5365 1850 3421 5366 1834 3505 5367 1767 3519 5368 1833 3428 5369 1835 3520 5370 1823 3521 5371 1834 3505 5372 1812 3522 5373 1835 3520 5374 1836 3482 5375 1768 3523 5376 1836 3482 5377 1825 3499 5378 1837 3426 5379 1825 3524 5380 1774 3525 5381 1768 3526 5382 1838 3425 5383 1839 3507 5384 1780 3497 5385 1839 3442 5386 1840 3441 5387 1786 3527 5388 1840 3460 5389 1841 3459 5390 1792 39 5391 1841 39 5392 1842 39 5393 1792 3528 5394 1843 3494 5395 1809 3529 5396 1809 3529 5397 1844 3530 5398 1798 3531 5399 1798 3531 5400 1845 3409 5401 1820 3532 5402 1820 3532 5403 1846 3411 5404 1791 3533 5405 1791 39 5406 1847 39 5407 1785 39 5408 1785 3534 5409 1848 3457 5410 1779 3535 5411 1779 3444 5412 1849 3439 5413 1767 3445 5414 1767 3536 5415 1850 3421 5416 1833 3537 5417 1833 3537 5418 1851 3423 5419 1773 3538 5420 1853 3509 5421 1772 3424 5422 1852 3419 5423 1854 3539 5424 1826 3506 5425 1853 3509 5426 1855 3540 5427 1766 3440 5428 1854 3435 5429 1856 3541 5430 1778 3458 5431 1855 3453 5432 1790 39 5433 1856 39 5434 1857 39 5435 1808 3493 5436 1857 3542 5437 1858 3490 5438 1788 3543 5439 1860 3503 5440 1861 3406 5441 1788 39 5442 1862 39 5443 1782 39 5444 1776 3456 5445 1862 3544 5446 1863 3446 5447 1764 3438 5448 1863 3545 5449 1864 3430 5450 1832 3518 5451 1864 3546 5452 1865 3515 5453 1769 3422 5454 1865 3515 5455 1866 3412 5456 1868 3547 5457 1843 3494 5458 1808 3493 5459 1869 3548 5460 1844 3530 5461 1843 3494 5462 1871 3549 5463 1819 3550 5464 1845 3409 5465 1844 3530 5466 1871 3549 5467 1845 3409 5468 1859 3473 5469 1873 3551 5470 1858 3490 5471 1858 3490 5472 1868 3547 5473 1808 3493 5474 1819 3550 5475 1874 3552 5476 1860 3503 5477 1874 3552 5478 1859 3473 5479 1860 3503 5480 1868 3553 5481 1899 3554 5482 1869 3555 5483 1869 3556 5484 1906 3557 5485 1867 3558 5486 1871 3559 5487 1904 3560 5488 1870 3561 5489 1867 3562 5490 1905 3563 5491 1871 3564 5492 1902 3565 5493 1873 3566 5494 1872 3567 5495 1901 3568 5496 1868 3569 5497 1873 3570 5498 1904 3571 5499 1874 3572 5500 1870 3573 5501 1903 3574 5502 1872 3575 5503 1874 3576 5504 1884 3577 5505 1877 3578 5506 1876 3579 5507 1885 3580 5508 1875 3581 5509 1877 3578 5510 1879 3582 5511 1886 3583 5512 1878 3584 5513 1875 3581 5514 1887 3585 5515 1879 3582 5516 1880 3586 5517 1889 3587 5518 1881 3588 5519 1881 3588 5520 1884 3577 5521 1876 3579 5522 1886 3583 5523 1882 3589 5524 1878 3584 5525 1890 3590 5526 1880 3586 5527 1882 3589 5528 1892 3591 5529 1885 3592 5530 1884 3593 5531 1885 3594 5532 1891 3595 5533 1883 3596 5534 1887 3597 5535 1894 3598 5536 1886 3599 5537 1891 3600 5538 1887 3601 5539 1883 3602 5540 1896 3603 5541 1889 3604 5542 1888 3605 5543 1889 3606 5544 1892 3607 5545 1884 3608 5546 1894 3609 5547 1890 3610 5548 1886 3611 5549 1890 3612 5550 1896 3613 5551 1888 3614 5552 1900 3615 5553 1907 3616 5554 1899 3554 5555 1909 3617 5556 1900 3618 5557 1901 3568 5558 1910 3619 5559 1901 3620 5560 1902 3565 5561 1911 3621 5562 1902 3622 5563 1903 3574 5564 1912 3623 5565 1903 3624 5566 1904 3571 5567 1905 3625 5568 1912 3626 5569 1904 3560 5570 1906 3627 5571 1913 3628 5572 1905 3563 5573 1899 3629 5574 1914 3630 5575 1906 3557 5576 1908 3631 5577 1877 3632 5578 1907 3616 5579 1881 3633 5580 1908 3634 5581 1909 3617 5582 1910 3619 5583 1881 3635 5584 1909 3636 5585 1882 3637 5586 1910 3638 5587 1911 3621 5588 1878 3639 5589 1911 3640 5590 1912 3623 5591 1913 3641 5592 1878 3642 5593 1912 3626 5594 1914 3643 5595 1879 3644 5596 1913 3628 5597 1877 3645 5598 1914 3630 5599 1907 3646 5600 2013 3647 5601 1970 3648 5602 2012 3649 5603 1940 3650 5604 1997 3651 5605 1998 3652 5606 2018 3653 5607 1983 3654 5608 2017 3655 5609 1966 3656 5610 1983 3657 5611 1922 3658 5612 2004 3659 5613 1979 3660 5614 1923 3661 5615 1921 3662 5616 2002 3663 5617 2003 3664 5618 1924 3665 5619 1990 3666 5620 1978 3667 5621 1976 3668 5622 1985 3669 5623 1986 3670 5624 2016 3671 5625 1927 3672 5626 2015 3673 5627 1967 3674 5628 1927 3672 5629 1915 3675 5630 2006 3676 5631 1929 3677 5632 1917 3678 5633 1916 3679 5634 2000 3680 5635 2001 3681 5636 1918 3682 5637 1992 3683 5638 1930 3684 5639 1975 3685 5640 1931 3686 5641 1974 3687 5642 2015 3688 5643 1933 3689 5644 2014 3690 5645 1927 3691 5646 1969 3692 5647 1933 3693 5648 2007 3694 5649 1935 3695 5650 1929 3696 5651 1928 3697 5652 1999 3698 5653 2000 3699 5654 1930 3700 5655 1993 3701 5656 1936 3702 5657 1931 3703 5658 1973 3704 5659 1974 3705 5660 1933 39 5661 2013 39 5662 2014 39 5663 1969 39 5664 1939 39 5665 1933 39 5666 2008 39 5667 1941 39 5668 1935 39 5669 1934 39 5670 1998 39 5671 1999 39 5672 1993 39 5673 1942 39 5674 1936 39 5675 1937 39 5676 1972 39 5677 1973 39 5678 1945 3706 5679 1980 3707 5680 1981 3708 5681 1946 3709 5682 1957 3710 5683 1947 3711 5684 1948 3712 5685 1957 3713 5686 1958 3714 5687 1948 39 5688 1959 39 5689 1949 39 5690 2011 3715 5691 1959 3716 5692 2010 3717 5693 1951 39 5694 1961 39 5695 1962 39 5696 1963 3718 5697 1951 3719 5698 1962 3720 5699 1953 3721 5700 1963 3722 5701 1964 3723 5702 1954 3724 5703 1988 3725 5704 1965 3726 5705 1955 3727 5706 1979 3728 5707 1980 3707 5708 1956 3729 5709 1929 3677 5710 1957 3710 5711 1957 3713 5712 1935 3730 5713 1958 3714 5714 1958 39 5715 1941 39 5716 1959 39 5717 2010 3717 5718 1941 3731 5719 2009 3732 5720 1960 3733 5721 1994 3734 5722 1995 3735 5723 1962 39 5724 1944 39 5725 1938 39 5726 1932 3736 5727 1962 3720 5728 1938 3737 5729 1964 3723 5730 1932 3738 5731 1920 3739 5732 1965 3726 5733 1977 3740 5734 1926 3741 5735 1945 3706 5736 1982 3742 5737 1966 3656 5738 1968 3743 5739 1946 3709 5740 1947 3711 5741 1968 3744 5742 1948 3712 5743 1969 3692 5744 1969 39 5745 1949 39 5746 1970 39 5747 2012 3649 5748 1949 3745 5749 2011 3715 5750 1973 39 5751 1950 39 5752 1951 39 5753 1952 3746 5754 1973 3704 5755 1951 3719 5756 1953 3721 5757 1974 3687 5758 1952 3747 5759 1954 3724 5760 1986 3670 5761 1987 3748 5762 1978 3667 5763 1991 3749 5764 1918 3750 5765 2005 3751 5766 1917 3752 5767 1979 3660 5768 1980 3707 5769 1917 3753 5770 1956 3754 5771 1981 3708 5772 1956 3754 5773 1946 3755 5774 1981 3708 5775 1967 3756 5776 1982 3742 5777 1982 3742 5778 1915 3757 5779 1983 3657 5780 2017 3655 5781 1915 3758 5782 2016 3759 5783 1984 3760 5784 2001 3761 5785 2002 3663 5786 1986 3670 5787 1919 3762 5788 1975 3763 5789 1987 3748 5790 1975 3763 5791 1953 3764 5792 1987 3748 5793 1964 3765 5794 1988 3725 5795 1988 3725 5796 1920 3766 5797 1977 3740 5798 1989 3767 5799 1977 3768 5800 1990 3666 5801 1990 3666 5802 1920 3769 5803 1991 3749 5804 1991 3770 5805 1932 3738 5806 1992 3683 5807 1992 3771 5808 1938 3772 5809 1993 3701 5810 1993 39 5811 1944 39 5812 1994 39 5813 1995 3735 5814 1944 3773 5815 1961 3774 5816 1996 3775 5817 1961 3774 5818 1950 3776 5819 1997 3651 5820 1950 3776 5821 1972 3777 5822 1998 3652 5823 1972 3777 5824 1943 3778 5825 1999 39 5826 1943 39 5827 1937 39 5828 2000 3699 5829 1937 3779 5830 1931 3780 5831 2001 3681 5832 1931 3686 5833 1919 3781 5834 2002 3663 5835 1919 3782 5836 1985 3783 5837 2003 3664 5838 1985 3783 5839 1925 3784 5840 1924 3665 5841 2005 3751 5842 2004 3659 5843 2006 3785 5844 1978 3667 5845 1918 3750 5846 2007 3786 5847 1918 3682 5848 1930 3684 5849 2008 3787 5850 1930 3700 5851 1936 3702 5852 2008 39 5853 1942 39 5854 2009 39 5855 1960 3733 5856 2009 3732 5857 1942 3788 5858 1940 3789 5859 2012 3649 5860 1971 3790 5861 2014 39 5862 1940 39 5863 1934 39 5864 1928 3697 5865 2014 3690 5866 1934 3791 5867 1916 3679 5868 2015 3673 5869 1928 3792 5870 1984 3760 5871 2016 3759 5872 1916 3793 5873 1921 3662 5874 2017 3655 5875 1984 3760 5876 1995 3735 5877 2020 3794 5878 1960 3733 5879 1996 3775 5880 2021 3795 5881 1995 3735 5882 1971 3790 5883 2023 3796 5884 1997 3651 5885 1996 3775 5886 2023 3796 5887 2019 3797 5888 2011 3715 5889 2025 3798 5890 2024 3799 5891 2010 3717 5892 2020 3794 5893 2025 3798 5894 1971 3790 5895 2026 3800 5896 2022 3801 5897 2011 3715 5898 2026 3800 5899 2012 3649 5900 2020 3802 5901 2051 3803 5902 2052 3804 5903 2021 3805 5904 2058 3806 5905 2051 3807 5906 2023 3808 5907 2056 3809 5908 2057 3810 5909 2019 3811 5910 2057 3812 5911 2058 3813 5912 2025 3814 5913 2054 3815 5914 2024 3816 5915 2020 3817 5916 2053 3818 5917 2025 3819 5918 2026 3820 5919 2056 3821 5920 2022 3822 5921 2024 3823 5922 2055 3824 5923 2026 3825 5924 2029 3826 5925 2036 3827 5926 2028 3828 5927 2027 3829 5928 2037 3830 5929 2029 3826 5930 2031 3831 5931 2038 3832 5932 2039 3833 5933 2027 3829 5934 2039 3833 5935 2035 3834 5936 2032 3835 5937 2041 3836 5938 2040 3837 5939 2033 3838 5940 2036 3827 5941 2041 3836 5942 2034 3839 5943 2038 3832 5944 2030 3840 5945 2032 3835 5946 2042 3841 5947 2034 3839 5948 2037 3842 5949 2044 3843 5950 2036 3844 5951 2037 3845 5952 2043 3846 5953 2045 3847 5954 2039 3848 5955 2046 3849 5956 2047 3850 5957 2039 3851 5958 2043 3852 5959 2035 3853 5960 2041 3854 5961 2048 3855 5962 2040 3856 5963 2041 3857 5964 2044 3858 5965 2049 3859 5966 2042 3860 5967 2046 3861 5968 2038 3862 5969 2042 3863 5970 2048 3864 5971 2050 3865 5972 2052 3804 5973 2059 3866 5974 2060 3867 5975 2052 3868 5976 2061 3869 5977 2053 3818 5978 2053 3870 5979 2062 3871 5980 2054 3815 5981 2054 3872 5982 2063 3873 5983 2055 3824 5984 2055 3874 5985 2064 3875 5986 2056 3821 5987 2057 3810 5988 2064 3876 5989 2065 3877 5990 2058 3813 5991 2065 3878 5992 2066 3879 5993 2051 3807 5994 2066 3880 5995 2059 3881 5996 2060 3867 5997 2029 3882 5998 2028 3883 5999 2060 3884 6000 2033 3885 6001 2061 3869 6002 2062 3871 6003 2033 3886 6004 2032 3887 6005 2062 3888 6006 2034 3889 6007 2063 3873 6008 2063 3890 6009 2030 3891 6010 2064 3875 6011 2065 3877 6012 2030 3892 6013 2031 3893 6014 2066 3879 6015 2031 3894 6016 2027 3895 6017 2066 3880 6018 2029 3896 6019 2059 3881 6020 2075 3897 6021 2067 3898 6022 2068 3899 6023 2069 3900 6024 2075 3901 6025 2068 3902 6026 2079 3903 6027 2070 3904 6028 2071 3905 6029 2067 3906 6030 2079 3907 6031 2071 3908 6032 2080 3909 6033 2072 3910 6034 2073 3911 6035 2070 3912 6036 2080 3913 6037 2073 3914 6038 2082 3915 6039 2069 3916 6040 2074 3917 6041 2072 3918 6042 2082 3919 6043 2074 3920 6044 2076 3921 6045 2083 3922 6046 2084 3923 6047 2077 3924 6048 2083 3925 6049 2075 3901 6050 2078 3926 6051 2087 3927 6052 2086 3928 6053 2076 3929 6054 2087 3930 6055 2079 3907 6056 2081 3931 6057 2088 3932 6058 2089 3933 6059 2078 3934 6060 2088 3935 6061 2080 3913 6062 2077 3936 6063 2090 3937 6064 2085 3938 6065 2081 3939 6066 2090 3940 6067 2082 3919 6068 2083 3922 6069 2092 3941 6070 2084 3923 6071 2083 3925 6072 2093 3942 6073 2091 3943 6074 2087 3927 6075 2094 3944 6076 2086 3928 6077 2087 3930 6078 2092 3945 6079 2095 3946 6080 2088 3932 6081 2097 3947 6082 2089 3933 6083 2088 3935 6084 2094 3948 6085 2096 3949 6086 2090 3937 6087 2093 3950 6088 2085 3938 6089 2090 3940 6090 2097 3951 6091 2098 3952 6092 2092 3953 6093 2099 3954 6094 2100 3955 6095 2093 3956 6096 2099 3954 6097 2091 3957 6098 2094 3958 6099 2103 3959 6100 2102 3960 6101 2092 3953 6102 2103 3959 6103 2095 3961 6104 2097 3962 6105 2104 3963 6106 2105 3964 6107 2094 3958 6108 2104 3963 6109 2096 3965 6110 2093 3956 6111 2106 3966 6112 2101 3967 6113 2097 3962 6114 2106 3966 6115 2098 3968 6116 2099 3969 6117 2108 3970 6118 2100 3971 6119 2099 3969 6120 2109 3972 6121 2107 3973 6122 2103 3974 6123 2110 3975 6124 2102 3976 6125 2103 3974 6126 2108 3970 6127 2111 3977 6128 2104 3978 6129 2113 3979 6130 2105 3980 6131 2104 3978 6132 2110 3975 6133 2112 3981 6134 2106 3982 6135 2109 3972 6136 2101 3983 6137 2106 3982 6138 2113 3979 6139 2114 3984 6140 2107 3985 6141 2116 3986 6142 2108 3987 6143 2107 3988 6144 2117 3989 6145 2115 3990 6146 2111 3991 6147 2118 3992 6148 2110 3993 6149 2111 3994 6150 2116 3995 6151 2119 3996 6152 2112 3997 6153 2121 3998 6154 2113 3999 6155 2112 4000 6156 2118 4001 6157 2120 4002 6158 2114 4003 6159 2117 4004 6160 2109 4005 6161 2114 4006 6162 2121 4007 6163 2122 4008 6164 2123 4009 6165 2122 4010 6166 2121 4011 6167 2115 4012 6168 2123 4013 6169 2116 4014 6170 2119 4015 6171 2123 4013 6172 2118 4016 6173 2123 4009 6174 2120 4017 6175 2118 4018 6176 2124 4019 6177 2132 4020 6178 2125 4021 6179 2126 4022 6180 2132 4023 6181 2134 4024 6182 2127 4025 6183 2136 4026 6184 2128 4027 6185 2124 4028 6186 2136 4029 6187 2133 4030 6188 2129 4031 6189 2137 4032 6190 2130 4033 6191 2127 4034 6192 2137 4035 6193 2135 4036 6194 2126 4037 6195 2139 4038 6196 2131 4039 6197 2129 4040 6198 2139 4041 6199 2138 4042 6200 2133 4043 6201 2140 4044 6202 2132 4020 6203 2134 4024 6204 2140 4045 6205 2142 4046 6206 2135 4047 6207 2144 4048 6208 2136 4026 6209 2133 4030 6210 2144 4049 6211 2141 4050 6212 2138 4051 6213 2145 4052 6214 2137 4032 6215 2135 4036 6216 2145 4053 6217 2143 4054 6218 2134 4055 6219 2147 4056 6220 2139 4038 6221 2138 4042 6222 2147 4057 6223 2146 4058 6224 2140 4044 6225 2149 4059 6226 2148 4060 6227 2140 4045 6228 2150 4061 6229 2142 4046 6230 2144 4048 6231 2151 4062 6232 2152 4063 6233 2144 4049 6234 2149 4064 6235 2141 4050 6236 2145 4052 6237 2154 4065 6238 2153 4066 6239 2145 4053 6240 2151 4067 6241 2143 4054 6242 2147 4056 6243 2150 4068 6244 2155 4069 6245 2147 4057 6246 2154 4070 6247 2146 4058 6248 2149 4071 6249 2156 4072 6250 2148 4073 6251 2150 4074 6252 2156 4072 6253 2158 4075 6254 2151 4076 6255 2160 4077 6256 2152 4078 6257 2149 4071 6258 2160 4077 6259 2157 4079 6260 2154 4080 6261 2161 4081 6262 2153 4082 6263 2151 4076 6264 2161 4081 6265 2159 4083 6266 2150 4074 6267 2163 4084 6268 2155 4085 6269 2154 4080 6270 2163 4084 6271 2162 4086 6272 2156 4087 6273 2165 4088 6274 2164 4089 6275 2156 4087 6276 2166 4090 6277 2158 4091 6278 2160 4092 6279 2167 4093 6280 2168 4094 6281 2160 4092 6282 2165 4088 6283 2157 4095 6284 2161 4096 6285 2170 4097 6286 2169 4098 6287 2161 4096 6288 2167 4093 6289 2159 4099 6290 2163 4100 6291 2166 4090 6292 2171 4101 6293 2163 4100 6294 2170 4097 6295 2162 4102 6296 2164 4103 6297 2173 4104 6298 2172 4105 6299 2164 4106 6300 2174 4107 6301 2166 4108 6302 2168 4109 6303 2175 4110 6304 2176 4111 6305 2168 4112 6306 2173 4113 6307 2165 4114 6308 2169 4115 6309 2178 4116 6310 2177 4117 6311 2169 4118 6312 2175 4119 6313 2167 4120 6314 2171 4121 6315 2174 4122 6316 2179 4123 6317 2171 4124 6318 2178 4125 6319 2170 4126 6320 2180 4127 6321 2179 4128 6322 2174 4129 6323 2180 4130 6324 2172 4131 6325 2173 4132 6326 2176 4133 6327 2180 4130 6328 2173 4132 6329 2177 4134 6330 2180 4127 6331 2175 4135 6332 2181 4136 6333 2187 4137 6334 2186 4138 6335 2182 4139 6336 2188 4140 6337 2187 4137 6338 2184 4141 6339 2188 4140 6340 2183 4142 6341 2185 4143 6342 2189 4144 6343 2184 4141 6344 2186 4138 6345 2192 4145 6346 2191 4146 6347 2187 4137 6348 2193 4147 6349 2192 4145 6350 2189 4144 6351 2193 4147 6352 2188 4140 6353 2190 4148 6354 2194 4149 6355 2189 4144 6356 2192 4145 6357 2196 4150 6358 2191 4146 6359 2193 4147 6360 2197 4151 6361 2192 4145 6362 2194 4149 6363 2198 4152 6364 2193 4147 6365 2194 4149 6366 2200 4153 6367 2199 4154 6368 2197 4151 6369 2201 4155 6370 2196 4150 6371 2198 4152 6372 2202 4156 6373 2197 4151 6374 2198 4152 6375 2204 4157 6376 2203 4158 6377 2199 4154 6378 2205 4159 6379 2204 4157 6380 2207 4160 6381 2218 4161 6382 2206 4162 6383 2208 4163 6384 2219 4164 6385 2207 4160 6386 2208 4163 6387 2221 4165 6388 2220 4166 6389 2210 4167 6390 2221 4165 6391 2209 4168 6392 2211 4169 6393 2222 4170 6394 2210 4167 6395 2211 4169 6396 2224 4171 6397 2223 4172 6398 2213 4173 6399 2224 4171 6400 2212 4174 6401 2214 4175 6402 2225 4176 6403 2213 4173 6404 2214 4175 6405 2227 4177 6406 2226 4178 6407 2216 4179 6408 2227 4177 6409 2215 4180 6410 2217 4181 6411 2228 4182 6412 2216 4179 6413 2217 4181 6414 2218 4161 6415 2229 4183 6416 2323 4184 6417 2324 4184 6418 2322 4184 6419 2310 4185 6420 2306 4186 6421 2314 4184 6422 2326 4187 6423 2328 4188 6424 2329 4184 6425 2237 4189 6426 2244 4190 6427 2231 4191 6428 2244 4190 6429 2256 4192 6430 2243 4193 6431 2263 4194 6432 2243 4193 6433 2262 4195 6434 2330 4184 6435 2333 4184 6436 2332 4184 6437 2334 4196 6438 2337 4197 6439 2336 4184 6440 2230 4198 6441 2275 4199 6442 2231 4191 6443 2231 4191 6444 2281 4200 6445 2237 4189 6446 2263 4194 6447 2293 4201 6448 2287 4202 6449 2230 4198 6450 2287 4202 6451 2299 4203 6452 2230 4198 6453 2305 4204 6454 2269 4205 6455 2231 4191 6456 2263 4194 6457 2230 4198 6458 2226 4178 6459 2245 4206 6460 2232 4207 6461 2232 4207 6462 2246 4208 6463 2233 4209 6464 2234 4210 6465 2246 4208 6466 2247 4211 6467 2235 4212 6468 2247 4211 6469 2248 4213 6470 2236 4214 6471 2248 4213 6472 2249 4215 6473 2237 4216 6474 2249 4215 6475 2250 4217 6476 2227 4177 6477 2251 4218 6478 2245 4206 6479 2245 4206 6480 2252 4219 6481 2246 4208 6482 2252 4220 6483 2247 4211 6484 2246 4208 6485 2253 4221 6486 2248 4213 6487 2247 4211 6488 2254 4222 6489 2249 4215 6490 2248 4213 6491 2255 4223 6492 2250 4217 6493 2249 4215 6494 2228 4182 6495 2238 4224 6496 2251 4218 6497 2251 4218 6498 2239 4225 6499 2252 4219 6500 2239 4226 6501 2253 4227 6502 2252 4220 6503 2240 4228 6504 2254 4222 6505 2253 4221 6506 2241 4229 6507 2255 4223 6508 2254 4222 6509 2242 4230 6510 2256 4231 6511 2255 4223 6512 2218 4232 6513 2238 4224 6514 2229 4233 6515 2257 4234 6516 2239 4225 6517 2238 4224 6518 2259 4235 6519 2239 4226 6520 2258 4236 6521 2260 4237 6522 2240 4228 6523 2259 4238 6524 2261 4239 6525 2241 4229 6526 2260 4240 6527 2262 4241 6528 2242 4230 6529 2261 4242 6530 2223 4243 6531 2270 4244 6532 2264 4245 6533 2265 4246 6534 2270 4244 6535 2271 4247 6536 2266 4248 6537 2271 4249 6538 2272 4250 6539 2267 4251 6540 2272 4252 6541 2273 4253 6542 2268 4254 6543 2273 4255 6544 2274 4256 6545 2275 4257 6546 2268 4258 6547 2274 4259 6548 2224 4260 6549 2276 4261 6550 2270 4244 6551 2270 4244 6552 2277 4262 6553 2271 4247 6554 2277 4262 6555 2272 4250 6556 2271 4249 6557 2278 4263 6558 2273 4253 6559 2272 4252 6560 2279 4264 6561 2274 4256 6562 2273 4255 6563 2280 4265 6564 2275 4257 6565 2274 4259 6566 2225 4176 6567 2232 4207 6568 2276 4261 6569 2276 4261 6570 2233 4209 6571 2277 4262 6572 2233 4209 6573 2278 4266 6574 2277 4262 6575 2234 4210 6576 2279 4264 6577 2278 4263 6578 2235 4212 6579 2280 4265 6580 2279 4264 6581 2236 4214 6582 2281 4267 6583 2280 4265 6584 2219 4164 6585 2257 4234 6586 2218 4232 6587 2288 4268 6588 2258 4269 6589 2257 4234 6590 2258 4236 6591 2290 4270 6592 2259 4235 6593 2259 4238 6594 2291 4271 6595 2260 4237 6596 2260 4240 6597 2292 4272 6598 2261 4239 6599 2261 4242 6600 2293 4273 6601 2262 4241 6602 2220 4166 6603 2288 4268 6604 2219 4164 6605 2282 4274 6606 2289 4275 6607 2288 4268 6608 2289 4276 6609 2284 4277 6610 2290 4270 6611 2290 4278 6612 2285 4279 6613 2291 4271 6614 2291 4271 6615 2286 4280 6616 2292 4272 6617 2292 4272 6618 2287 4281 6619 2293 4273 6620 2282 4274 6621 2221 4165 6622 2294 4282 6623 2283 4283 6624 2294 4282 6625 2295 4284 6626 2283 4283 6627 2296 4285 6628 2284 4277 6629 2284 4277 6630 2297 4286 6631 2285 4279 6632 2285 4279 6633 2298 4287 6634 2286 4280 6635 2299 4288 6636 2286 4280 6637 2298 4287 6638 2222 4170 6639 2294 4282 6640 2221 4165 6641 2300 4289 6642 2295 4284 6643 2294 4282 6644 2295 4284 6645 2302 4290 6646 2296 4285 6647 2296 4285 6648 2303 4291 6649 2297 4286 6650 2297 4286 6651 2304 4292 6652 2298 4287 6653 2298 4287 6654 2305 4293 6655 2299 4288 6656 2223 4243 6657 2300 4289 6658 2222 4170 6659 2264 4245 6660 2301 4294 6661 2300 4289 6662 2301 4294 6663 2266 4248 6664 2302 4290 6665 2302 4295 6666 2267 4251 6667 2303 4291 6668 2303 4291 6669 2268 4254 6670 2304 4292 6671 2304 4292 6672 2269 4296 6673 2305 4293 6674 2317 4297 6675 2215 4298 6676 2214 4299 6677 2315 4300 6678 2215 4301 6679 2316 4302 6680 2309 4303 6681 2216 4304 6682 2315 4300 6683 2311 4305 6684 2208 4306 6685 2207 4307 6686 2307 4308 6687 2208 4306 6688 2312 4309 6689 2321 4310 6690 2209 4311 6691 2307 4312 6692 2321 4310 6693 2211 4313 6694 2210 4314 6695 2320 4315 6696 2212 4316 6697 2211 4313 6698 2319 4317 6699 2213 4318 6700 2212 4319 6701 2317 4297 6702 2213 4318 6703 2318 4320 6704 2307 39 6705 2322 39 6706 2306 39 6707 2323 39 6708 2312 39 6709 2325 39 6710 2306 39 6711 2324 39 6712 2314 39 6713 2314 39 6714 2325 39 6715 2312 39 6716 2310 39 6717 2326 39 6718 2309 39 6719 2327 4321 6720 2314 4321 6721 2328 4321 6722 2309 4321 6723 2329 4321 6724 2313 4321 6725 2313 39 6726 2328 39 6727 2314 39 6728 2308 39 6729 2330 39 6730 2317 39 6731 2331 39 6732 2310 39 6733 2333 39 6734 2317 39 6735 2332 39 6736 2316 39 6737 2316 39 6738 2333 39 6739 2310 39 6740 2308 4321 6741 2336 4321 6742 2306 4321 6743 2319 39 6744 2334 39 6745 2308 39 6746 2335 4321 6747 2320 4321 6748 2337 4321 6749 2306 39 6750 2337 39 6751 2320 39 6752 2318 4322 6753 2339 4323 6754 2317 4324 6755 2318 4322 6756 2340 4325 6757 2338 4326 6758 2319 4327 6759 2341 4328 6760 2340 4325 6761 2317 4184 6762 2341 4328 6763 2308 4329 6764 2320 4330 6765 2342 4331 6766 2306 4184 6767 2321 4184 6768 2343 4184 6769 2320 4184 6770 2321 4184 6771 2345 27 6772 2344 4184 6773 2307 4184 6774 2342 4331 6775 2345 27 6776 2314 4332 6777 2347 4333 6778 2346 4334 6779 2311 4335 6780 2347 4336 6781 2312 4337 6782 2311 4335 6783 2349 4338 6784 2348 27 6785 2313 4339 6786 2346 4334 6787 2349 4338 6788 2315 4340 6789 2351 4184 6790 2309 4184 6791 2315 4340 6792 2352 4341 6793 2350 4342 6794 2316 4343 6795 2353 4344 6796 2352 4341 6797 2310 4345 6798 2351 4346 6799 2353 4344 6800 2338 4347 6801 2366 4348 6802 2339 4349 6803 2354 4350 6804 2367 4351 6805 2366 4348 6806 2355 4352 6807 2368 4353 6808 2367 4351 6809 2356 4354 6810 2369 4355 6811 2368 4353 6812 2357 4356 6813 2370 4357 6814 2369 4355 6815 2370 4357 6816 2359 4358 6817 2371 4359 6818 2371 4359 6819 2360 4360 6820 2372 4361 6821 2372 4361 6822 2361 4362 6823 2373 4363 6824 2373 4363 6825 2362 4364 6826 2374 4365 6827 2374 4365 6828 2363 4366 6829 2375 4367 6830 2375 4367 6831 2364 4368 6832 2376 4369 6833 2376 4369 6834 2365 4370 6835 2377 4371 6836 2338 4372 6837 2378 4373 6838 2354 4374 6839 2354 4374 6840 2379 4375 6841 2355 4376 6842 2355 4376 6843 2380 4377 6844 2356 4378 6845 2356 4378 6846 2381 4379 6847 2357 4380 6848 2357 4380 6849 2382 4381 6850 2358 4382 6851 2382 4381 6852 2359 4383 6853 2358 4382 6854 2383 4384 6855 2360 4385 6856 2359 4383 6857 2384 4386 6858 2361 4387 6859 2360 4385 6860 2385 4388 6861 2362 4389 6862 2361 4387 6863 2386 4390 6864 2363 4391 6865 2362 4389 6866 2387 4392 6867 2364 4393 6868 2363 4391 6869 2388 4394 6870 2365 4395 6871 2364 4393 6872 2340 4396 6873 2390 4397 6874 2378 4398 6875 2378 4398 6876 2391 4399 6877 2379 4400 6878 2379 4400 6879 2392 4401 6880 2380 4402 6881 2380 4402 6882 2393 4403 6883 2381 4404 6884 2381 4404 6885 2394 4405 6886 2382 4406 6887 2394 4405 6888 2383 4407 6889 2382 4406 6890 2395 4408 6891 2384 4409 6892 2383 4407 6893 2396 4410 6894 2385 4411 6895 2384 4409 6896 2397 4412 6897 2386 4413 6898 2385 4411 6899 2398 4414 6900 2387 4415 6901 2386 4413 6902 2399 4416 6903 2388 4417 6904 2387 4415 6905 2400 4418 6906 2389 4419 6907 2388 4417 6908 2390 4420 6909 2339 4421 6910 2366 4422 6911 2366 4422 6912 2391 4423 6913 2390 4420 6914 2392 4424 6915 2367 4425 6916 2368 4426 6917 2368 4426 6918 2393 4427 6919 2392 4424 6920 2369 4428 6921 2394 4429 6922 2393 4427 6923 2394 4429 6924 2371 4430 6925 2395 4431 6926 2395 4431 6927 2372 4432 6928 2396 4433 6929 2396 4433 6930 2373 4434 6931 2397 4435 6932 2397 4435 6933 2374 4436 6934 2398 4437 6935 2398 4437 6936 2375 4438 6937 2399 4439 6938 2399 4439 6939 2376 4440 6940 2400 4441 6941 2400 4441 6942 2377 4442 6943 2401 4443 6944 2350 4444 6945 2414 4445 6946 2351 4446 6947 2402 4447 6948 2415 4448 6949 2414 4445 6950 2403 4449 6951 2416 4450 6952 2415 4448 6953 2404 4451 6954 2417 4452 6955 2416 4450 6956 2405 4453 6957 2418 4454 6958 2417 4452 6959 2418 4454 6960 2407 4455 6961 2419 4456 6962 2419 4456 6963 2408 4457 6964 2420 4458 6965 2420 4458 6966 2409 4459 6967 2421 4460 6968 2421 4460 6969 2410 4461 6970 2422 4462 6971 2422 4462 6972 2411 4463 6973 2423 4464 6974 2423 4464 6975 2412 4465 6976 2424 4466 6977 2424 4466 6978 2413 4467 6979 2425 4468 6980 2350 4469 6981 2426 4470 6982 2402 4471 6983 2402 4471 6984 2427 4472 6985 2403 4473 6986 2403 4473 6987 2428 4474 6988 2404 4475 6989 2404 4475 6990 2429 4476 6991 2405 4477 6992 2405 4477 6993 2430 4478 6994 2406 4479 6995 2430 4478 6996 2407 4480 6997 2406 4479 6998 2431 4481 6999 2408 4482 7000 2407 4480 7001 2432 4483 7002 2409 4484 7003 2408 4482 7004 2433 4485 7005 2410 4486 7006 2409 4484 7007 2434 4487 7008 2411 4488 7009 2410 4486 7010 2435 4489 7011 2412 4490 7012 2411 4488 7013 2436 4491 7014 2413 4492 7015 2412 4490 7016 2352 4493 7017 2438 4494 7018 2426 4495 7019 2426 4495 7020 2439 4496 7021 2427 4497 7022 2427 4497 7023 2440 4498 7024 2428 4499 7025 2428 4499 7026 2441 4500 7027 2429 4501 7028 2429 4501 7029 2442 4502 7030 2430 4503 7031 2442 4502 7032 2431 4504 7033 2430 4503 7034 2443 4505 7035 2432 4506 7036 2431 4504 7037 2444 4507 7038 2433 4508 7039 2432 4506 7040 2445 4509 7041 2434 4510 7042 2433 4508 7043 2446 4511 7044 2435 4512 7045 2434 4510 7046 2447 4513 7047 2436 4514 7048 2435 4512 7049 2448 4515 7050 2437 4516 7051 2436 4514 7052 2353 4517 7053 2414 4518 7054 2438 4519 7055 2438 4519 7056 2415 4520 7057 2439 4521 7058 2439 4521 7059 2416 4522 7060 2440 4523 7061 2440 4523 7062 2417 4524 7063 2441 4525 7064 2441 4525 7065 2418 4526 7066 2442 4527 7067 2418 4526 7068 2443 4528 7069 2442 4527 7070 2419 4529 7071 2444 4530 7072 2443 4528 7073 2420 4531 7074 2445 4532 7075 2444 4530 7076 2421 4533 7077 2446 4534 7078 2445 4532 7079 2422 4535 7080 2447 4536 7081 2446 4534 7082 2423 4537 7083 2448 4538 7084 2447 4536 7085 2424 4539 7086 2449 4540 7087 2448 4538 7088 2346 4541 7089 2462 4542 7090 2450 4543 7091 2450 4543 7092 2463 4544 7093 2451 4545 7094 2451 4545 7095 2464 4546 7096 2452 4547 7097 2452 4547 7098 2465 4548 7099 2453 4549 7100 2453 4549 7101 2466 4550 7102 2454 4551 7103 2466 4550 7104 2455 4552 7105 2454 4551 7106 2467 4553 7107 2456 4554 7108 2455 4552 7109 2468 4555 7110 2457 4556 7111 2456 4554 7112 2469 4557 7113 2458 4558 7114 2457 4556 7115 2470 4559 7116 2459 4560 7117 2458 4558 7118 2471 4561 7119 2460 4562 7120 2459 4560 7121 2472 4563 7122 2461 4564 7123 2460 4562 7124 2462 4565 7125 2348 4566 7126 2474 4567 7127 2474 4567 7128 2463 4568 7129 2462 4565 7130 2464 4569 7131 2475 4570 7132 2476 4571 7133 2476 4571 7134 2465 4572 7135 2464 4569 7136 2477 4573 7137 2466 4574 7138 2465 4572 7139 2466 4574 7140 2479 4575 7141 2467 4576 7142 2467 4576 7143 2480 4577 7144 2468 4578 7145 2468 4578 7146 2481 4579 7147 2469 4580 7148 2469 4580 7149 2482 4581 7150 2470 4582 7151 2470 4582 7152 2483 4583 7153 2471 4584 7154 2471 4584 7155 2484 4585 7156 2472 4586 7157 2472 4586 7158 2485 4587 7159 2473 4588 7160 2474 4589 7161 2349 4590 7162 2486 4591 7163 2486 4591 7164 2475 4592 7165 2474 4589 7166 2476 4593 7167 2487 4594 7168 2488 4595 7169 2488 4595 7170 2477 4596 7171 2476 4593 7172 2489 4597 7173 2478 4598 7174 2477 4596 7175 2478 4598 7176 2491 4599 7177 2479 4600 7178 2479 4600 7179 2492 4601 7180 2480 4602 7181 2480 4602 7182 2493 4603 7183 2481 4604 7184 2481 4604 7185 2494 4605 7186 2482 4606 7187 2482 4606 7188 2495 4607 7189 2483 4608 7190 2483 4608 7191 2496 4609 7192 2484 4610 7193 2484 4610 7194 2497 4611 7195 2485 4612 7196 2349 4613 7197 2450 4614 7198 2486 4615 7199 2486 4615 7200 2451 4616 7201 2487 4617 7202 2487 4617 7203 2452 4618 7204 2488 4619 7205 2488 4619 7206 2453 4620 7207 2489 4621 7208 2489 4621 7209 2454 4622 7210 2490 4623 7211 2454 4622 7212 2491 4624 7213 2490 4623 7214 2455 4625 7215 2492 4626 7216 2491 4624 7217 2456 4627 7218 2493 4628 7219 2492 4626 7220 2457 4629 7221 2494 4630 7222 2493 4628 7223 2458 4631 7224 2495 4632 7225 2494 4630 7226 2459 4633 7227 2496 4634 7228 2495 4632 7229 2460 4635 7230 2497 4636 7231 2496 4634 7232 2343 4637 7233 2498 4638 7234 2342 4639 7235 2510 4640 7236 2499 4641 7237 2498 4638 7238 2511 4642 7239 2500 4643 7240 2499 4641 7241 2512 4644 7242 2501 4645 7243 2500 4643 7244 2513 4646 7245 2502 4647 7246 2501 4645 7247 2502 4647 7248 2515 4648 7249 2503 4649 7250 2503 4649 7251 2516 4650 7252 2504 4651 7253 2504 4651 7254 2517 4652 7255 2505 4653 7256 2505 4653 7257 2518 4654 7258 2506 4655 7259 2506 4655 7260 2519 4656 7261 2507 4657 7262 2507 4657 7263 2520 4658 7264 2508 4659 7265 2508 4659 7266 2521 4660 7267 2509 4661 7268 2510 4662 7269 2344 4663 7270 2522 4664 7271 2522 4664 7272 2511 4665 7273 2510 4662 7274 2512 4666 7275 2523 4667 7276 2524 4668 7277 2524 4668 7278 2513 4669 7279 2512 4666 7280 2525 4670 7281 2514 4671 7282 2513 4669 7283 2514 4671 7284 2527 4672 7285 2515 4673 7286 2515 4673 7287 2528 4674 7288 2516 4675 7289 2516 4675 7290 2529 4676 7291 2517 4677 7292 2517 4677 7293 2530 4678 7294 2518 4679 7295 2518 4679 7296 2531 4680 7297 2519 4681 7298 2519 4681 7299 2532 4682 7300 2520 4683 7301 2520 4683 7302 2533 4684 7303 2521 4685 7304 2344 4686 7305 2534 4687 7306 2522 4688 7307 2522 4688 7308 2535 4689 7309 2523 4690 7310 2523 4690 7311 2536 4691 7312 2524 4692 7313 2524 4692 7314 2537 4693 7315 2525 4694 7316 2525 4694 7317 2538 4695 7318 2526 4696 7319 2538 4695 7320 2527 4697 7321 2526 4696 7322 2539 4698 7323 2528 4699 7324 2527 4697 7325 2540 4700 7326 2529 4701 7327 2528 4699 7328 2541 4702 7329 2530 4703 7330 2529 4701 7331 2542 4704 7332 2531 4705 7333 2530 4703 7334 2543 4706 7335 2532 4707 7336 2531 4705 7337 2544 4708 7338 2533 4709 7339 2532 4707 7340 2345 4710 7341 2498 4711 7342 2534 4712 7343 2534 4712 7344 2499 4713 7345 2535 4714 7346 2535 4714 7347 2500 4715 7348 2536 4716 7349 2536 4716 7350 2501 4717 7351 2537 4718 7352 2537 4718 7353 2502 4719 7354 2538 4720 7355 2502 4719 7356 2539 4721 7357 2538 4720 7358 2503 4722 7359 2540 4723 7360 2539 4721 7361 2504 4724 7362 2541 4725 7363 2540 4723 7364 2505 4726 7365 2542 4727 7366 2541 4725 7367 2506 4728 7368 2543 4729 7369 2542 4727 7370 2507 4730 7371 2544 4731 7372 2543 4729 7373 2508 4732 7374 2545 4733 7375 2544 4731 7376 2206 4734 7377 2309 4303 7378 2313 4735 7379 2206 4736 7380 2311 4305 7381 2207 4307 7382 2547 4737 7383 2570 4738 7384 2546 4739 7385 2548 4740 7386 2571 4741 7387 2547 4742 7388 2549 4743 7389 2572 4744 7390 2548 4745 7391 2550 4746 7392 2573 4747 7393 2549 4748 7394 2551 4749 7395 2574 4750 7396 2550 4751 7397 2552 4752 7398 2575 4753 7399 2551 4754 7400 2553 4755 7401 2576 4756 7402 2552 4757 7403 2546 4758 7404 2577 4759 7405 2553 4760 7406 2546 4761 7407 2555 4762 7408 2547 4763 7409 2547 4764 7410 2556 4765 7411 2548 4766 7412 2548 4767 7413 2557 4768 7414 2549 4769 7415 2550 4770 7416 2557 4771 7417 2558 4772 7418 2551 4773 7419 2558 4774 7420 2559 4775 7421 2552 4776 7422 2559 4777 7423 2560 4778 7424 2553 4779 7425 2560 4780 7426 2561 4781 7427 2546 4782 7428 2561 4783 7429 2554 4784 7430 2554 4785 7431 2563 4786 7432 2555 4787 7433 2555 4788 7434 2564 4789 7435 2556 4790 7436 2556 4791 7437 2565 4792 7438 2557 4793 7439 2557 4794 7440 2566 4795 7441 2558 4796 7442 2558 4797 7443 2567 4798 7444 2559 4799 7445 2559 4800 7446 2568 4801 7447 2560 4802 7448 2560 4803 7449 2569 4804 7450 2561 4805 7451 2561 4806 7452 2562 4807 7453 2554 4808 7454 2563 4809 7455 2570 4810 7456 2571 4811 7457 2564 4812 7458 2571 4813 7459 2572 4814 7460 2565 4815 7461 2572 4816 7462 2573 4817 7463 2565 4818 7464 2574 4819 7465 2566 4820 7466 2566 4821 7467 2575 4822 7468 2567 4823 7469 2567 4824 7470 2576 4825 7471 2568 4826 7472 2568 4827 7473 2577 4828 7474 2569 4829 7475 2569 4830 7476 2570 4831 7477 2562 4832 7478 2578 4833 7479 2587 4834 7480 2579 4835 7481 2587 4834 7482 2580 4836 7483 2579 4835 7484 2580 4836 7485 2589 4837 7486 2581 4838 7487 2589 4837 7488 2582 4839 7489 2581 4838 7490 2590 4840 7491 2583 4841 7492 2582 4839 7493 2591 4842 7494 2584 4843 7495 2583 4841 7496 2592 4844 7497 2585 4845 7498 2584 4843 7499 2593 4846 7500 2578 4833 7501 2585 4845 7502 2662 4847 7503 2665 4848 7504 2664 4849 7505 2664 4849 7506 2667 4850 7507 2666 4851 7508 2667 4850 7509 2668 4852 7510 2666 4851 7511 2668 4852 7512 2671 4853 7513 2670 4854 7514 2670 4854 7515 2673 4855 7516 2672 4856 7517 2673 4855 7518 2674 4857 7519 2672 4856 7520 2675 4858 7521 2676 4859 7522 2674 4857 7523 2677 4860 7524 2662 4847 7525 2676 4859 7526 2594 4861 7527 2603 4862 7528 2595 4863 7529 2595 4863 7530 2604 4864 7531 2596 4865 7532 2596 4865 7533 2605 4866 7534 2597 4867 7535 2598 4868 7536 2605 4866 7537 2606 4869 7538 2599 4870 7539 2606 4869 7540 2607 4871 7541 2599 4870 7542 2608 4872 7543 2600 4873 7544 2600 4873 7545 2609 4874 7546 2601 4875 7547 2601 4875 7548 2602 4876 7549 2594 4861 7550 2635 4877 7551 2636 4878 7552 2634 4879 7553 2637 4880 7554 2638 4881 7555 2636 4878 7556 2639 4882 7557 2640 4883 7558 2638 4881 7559 2640 4883 7560 2643 4884 7561 2642 4885 7562 2643 4884 7563 2644 4886 7564 2642 4885 7565 2644 4886 7566 2647 4887 7567 2646 4888 7568 2647 4887 7569 2648 4184 7570 2646 4888 7571 2649 4889 7572 2634 4879 7573 2648 4184 7574 2603 4890 7575 2610 4891 7576 2611 4892 7577 2603 4890 7578 2612 4893 7579 2604 4894 7580 2604 4894 7581 2613 4895 7582 2605 4896 7583 2605 4896 7584 2614 4897 7585 2606 4898 7586 2607 4899 7587 2614 4897 7588 2615 4900 7589 2608 4901 7590 2615 4900 7591 2616 4902 7592 2609 4903 7593 2616 4902 7594 2617 4904 7595 2602 4905 7596 2617 4904 7597 2610 4891 7598 2610 4906 7599 2619 4907 7600 2611 4908 7601 2611 4908 7602 2620 4909 7603 2612 4910 7604 2612 4910 7605 2621 4911 7606 2613 4912 7607 2613 4912 7608 2622 4913 7609 2614 4914 7610 2614 4914 7611 2623 4915 7612 2615 4916 7613 2616 4917 7614 2623 4915 7615 2624 4918 7616 2616 4917 7617 2625 4919 7618 2617 4920 7619 2610 4906 7620 2625 4919 7621 2618 4921 7622 2626 4922 7623 2619 4923 7624 2618 4924 7625 2627 4925 7626 2620 4926 7627 2619 4923 7628 2628 4927 7629 2621 4928 7630 2620 4926 7631 2629 4929 7632 2622 4930 7633 2621 4928 7634 2622 4930 7635 2631 4931 7636 2623 4932 7637 2623 4932 7638 2632 4933 7639 2624 4934 7640 2624 4934 7641 2633 4935 7642 2625 4936 7643 2625 4936 7644 2626 4922 7645 2618 4924 7646 2626 4937 7647 2659 4938 7648 2627 4939 7649 2627 4939 7650 2660 4940 7651 2628 4941 7652 2629 4942 7653 2660 4940 7654 2661 4943 7655 2630 4944 7656 2661 4943 7657 2654 4945 7658 2631 4946 7659 2654 4945 7660 2655 4947 7661 2631 4946 7662 2656 4948 7663 2632 4949 7664 2633 4950 7665 2656 4948 7666 2657 4951 7667 2626 4937 7668 2657 4951 7669 2658 4952 7670 2643 4884 7671 2652 4953 7672 2651 4954 7673 2635 4877 7674 2650 4955 7675 2653 4956 7676 2651 4954 7677 2653 4956 7678 2650 4955 7679 2649 4889 7680 2647 4887 7681 2650 4955 7682 2651 4954 7683 2647 4887 7684 2645 4957 7685 2643 4884 7686 2651 4954 7687 2645 4957 7688 2641 4958 7689 2639 4882 7690 2652 4953 7691 2652 4953 7692 2637 4880 7693 2653 4956 7694 2635 4877 7695 2653 4956 7696 2637 4880 7697 2642 4959 7698 2661 4943 7699 2640 4960 7700 2654 4945 7701 2644 4961 7702 2655 4947 7703 2655 4947 7704 2646 4962 7705 2656 4948 7706 2656 4948 7707 2648 4963 7708 2657 4951 7709 2657 4951 7710 2634 4964 7711 2658 4952 7712 2658 4952 7713 2636 4965 7714 2659 4938 7715 2636 4965 7716 2660 4940 7717 2659 4938 7718 2660 4940 7719 2640 4960 7720 2661 4943 7721 2587 4834 7722 2662 4966 7723 2664 4967 7724 2678 4968 7725 2681 4969 7726 2679 4970 7727 2587 4834 7728 2666 4971 7729 2588 4972 7730 2681 4969 7731 2682 4973 7732 2683 4974 7733 2588 4972 7734 2668 4975 7735 2589 4837 7736 2683 4974 7737 2684 4976 7738 2685 4977 7739 2589 4837 7740 2670 4978 7741 2590 4840 7742 2685 4977 7743 2686 4979 7744 2687 4980 7745 2590 4840 7746 2672 4981 7747 2591 4842 7748 2686 4979 7749 2689 4982 7750 2687 4980 7751 2592 4844 7752 2672 4981 7753 2674 4983 7754 2689 4982 7755 2690 4984 7756 2691 4985 7757 2593 4846 7758 2674 4983 7759 2676 4986 7760 2691 4985 7761 2692 4987 7762 2693 4988 7763 2586 4989 7764 2676 4986 7765 2662 4966 7766 2693 4988 7767 2678 4968 7768 2679 4970 7769 2680 4990 7770 2594 4991 7771 2595 4992 7772 2665 4993 7773 2679 4994 7774 2681 4995 7775 2682 4996 7776 2595 4992 7777 2596 4997 7778 2665 4993 7779 2683 4998 7780 2667 4999 7781 2684 5000 7782 2596 4997 7783 2597 5001 7784 2667 4999 7785 2685 5002 7786 2669 5003 7787 2684 5000 7788 2598 5004 7789 2686 5005 7790 2671 5006 7791 2685 5002 7792 2687 5007 7793 2686 5005 7794 2599 5008 7795 2688 5009 7796 2673 5010 7797 2687 5007 7798 2689 5011 7799 2688 5009 7800 2600 5012 7801 2690 5013 7802 2673 5010 7803 2691 5014 7804 2675 5015 7805 2690 5013 7806 2601 5016 7807 2692 5017 7808 2675 5015 7809 2693 5018 7810 2677 5019 7811 2692 5017 7812 2594 4991 7813 2678 5020 7814 2677 5019 7815 2679 4994 7816 2663 5021 7817 2694 5022 7818 2700 5023 7819 2699 5024 7820 2695 5025 7821 2701 5026 7822 2700 5023 7823 2697 5027 7824 2701 5026 7825 2696 5028 7826 2698 5029 7827 2702 5030 7828 2697 5027 7829 2699 5024 7830 2705 5031 7831 2704 5032 7832 2700 5023 7833 2706 5033 7834 2705 5031 7835 2702 5030 7836 2706 5033 7837 2701 5026 7838 2703 5034 7839 2707 5035 7840 2702 5030 7841 2705 5031 7842 2709 5036 7843 2704 5032 7844 2706 5033 7845 2710 5037 7846 2705 5031 7847 2707 5035 7848 2711 5038 7849 2706 5033 7850 2707 5035 7851 2713 5039 7852 2712 5040 7853 2710 5037 7854 2714 5041 7855 2709 5036 7856 2711 5038 7857 2715 5042 7858 2710 5037 7859 2711 5038 7860 2717 5043 7861 2716 5044 7862 2712 5040 7863 2718 5045 7864 2717 5043 7865 2720 5046 7866 2731 5047 7867 2719 5048 7868 2721 5049 7869 2732 5050 7870 2720 5046 7871 2721 5049 7872 2734 5051 7873 2733 5052 7874 2723 5053 7875 2734 5051 7876 2722 5054 7877 2724 5055 7878 2735 5056 7879 2723 5053 7880 2724 5055 7881 2737 5057 7882 2736 5058 7883 2726 5059 7884 2737 5057 7885 2725 5060 7886 2727 5061 7887 2738 5062 7888 2726 5059 7889 2727 5061 7890 2740 5063 7891 2739 5064 7892 2729 5065 7893 2740 5063 7894 2728 5066 7895 2730 5067 7896 2741 5068 7897 2729 5065 7898 2730 5067 7899 2731 5047 7900 2742 5069 7901 2840 4184 7902 2841 4184 7903 2839 4184 7904 2823 5070 7905 2819 5071 7906 2827 4184 7907 2843 5072 7908 2845 5073 7909 2846 4184 7910 2750 5074 7911 2757 5075 7912 2744 5076 7913 2757 5075 7914 2769 5077 7915 2756 5078 7916 2776 5079 7917 2756 5078 7918 2775 5080 7919 2847 4184 7920 2850 4184 7921 2849 4184 7922 2851 5081 7923 2854 5082 7924 2853 4184 7925 2743 5083 7926 2788 5084 7927 2744 5076 7928 2744 5076 7929 2794 5085 7930 2750 5074 7931 2776 5079 7932 2806 5086 7933 2800 5087 7934 2743 5083 7935 2800 5087 7936 2812 5088 7937 2743 5083 7938 2818 5089 7939 2782 5090 7940 2744 5076 7941 2776 5079 7942 2743 5083 7943 2739 5064 7944 2758 5091 7945 2745 5092 7946 2745 5092 7947 2759 5093 7948 2746 5094 7949 2747 5095 7950 2759 5093 7951 2760 5096 7952 2748 5097 7953 2760 5096 7954 2761 5098 7955 2749 5099 7956 2761 5098 7957 2762 5100 7958 2750 5101 7959 2762 5100 7960 2763 5102 7961 2740 5063 7962 2764 5103 7963 2758 5091 7964 2758 5091 7965 2765 5104 7966 2759 5093 7967 2765 5105 7968 2760 5096 7969 2759 5093 7970 2766 5106 7971 2761 5098 7972 2760 5096 7973 2767 5107 7974 2762 5100 7975 2761 5098 7976 2768 5108 7977 2763 5102 7978 2762 5100 7979 2741 5068 7980 2751 5109 7981 2764 5103 7982 2764 5103 7983 2752 5110 7984 2765 5104 7985 2752 5111 7986 2766 5112 7987 2765 5105 7988 2753 5113 7989 2767 5107 7990 2766 5106 7991 2754 5114 7992 2768 5108 7993 2767 5107 7994 2755 5115 7995 2769 5116 7996 2768 5108 7997 2731 5117 7998 2751 5109 7999 2742 5118 8000 2770 5119 8001 2752 5110 8002 2751 5109 8003 2772 5120 8004 2752 5111 8005 2771 5121 8006 2773 5122 8007 2753 5113 8008 2772 5123 8009 2774 5124 8010 2754 5114 8011 2773 5125 8012 2775 5126 8013 2755 5115 8014 2774 5127 8015 2736 5128 8016 2783 5129 8017 2777 5130 8018 2778 5131 8019 2783 5129 8020 2784 5132 8021 2779 5133 8022 2784 5134 8023 2785 5135 8024 2780 5136 8025 2785 5137 8026 2786 5138 8027 2781 5139 8028 2786 5140 8029 2787 5141 8030 2788 5142 8031 2781 5143 8032 2787 5144 8033 2737 5145 8034 2789 5146 8035 2783 5129 8036 2783 5129 8037 2790 5147 8038 2784 5132 8039 2790 5147 8040 2785 5135 8041 2784 5134 8042 2791 5148 8043 2786 5138 8044 2785 5137 8045 2792 5149 8046 2787 5141 8047 2786 5140 8048 2793 5150 8049 2788 5142 8050 2787 5144 8051 2738 5062 8052 2745 5092 8053 2789 5146 8054 2789 5146 8055 2746 5094 8056 2790 5147 8057 2746 5094 8058 2791 5151 8059 2790 5147 8060 2747 5095 8061 2792 5149 8062 2791 5148 8063 2748 5097 8064 2793 5150 8065 2792 5149 8066 2749 5099 8067 2794 5152 8068 2793 5150 8069 2732 5050 8070 2770 5119 8071 2731 5117 8072 2801 5153 8073 2771 5154 8074 2770 5119 8075 2771 5121 8076 2803 5155 8077 2772 5120 8078 2772 5123 8079 2804 5156 8080 2773 5122 8081 2773 5125 8082 2805 5157 8083 2774 5124 8084 2774 5127 8085 2806 5158 8086 2775 5126 8087 2733 5052 8088 2801 5153 8089 2732 5050 8090 2795 5159 8091 2802 5160 8092 2801 5153 8093 2802 5161 8094 2797 5162 8095 2803 5155 8096 2803 5163 8097 2798 5164 8098 2804 5156 8099 2804 5156 8100 2799 5165 8101 2805 5157 8102 2805 5157 8103 2800 5166 8104 2806 5158 8105 2795 5159 8106 2734 5051 8107 2807 5167 8108 2796 5168 8109 2807 5167 8110 2808 5169 8111 2796 5168 8112 2809 5170 8113 2797 5162 8114 2797 5162 8115 2810 5171 8116 2798 5164 8117 2798 5164 8118 2811 5172 8119 2799 5165 8120 2812 5173 8121 2799 5165 8122 2811 5172 8123 2735 5056 8124 2807 5167 8125 2734 5051 8126 2813 5174 8127 2808 5169 8128 2807 5167 8129 2808 5169 8130 2815 5175 8131 2809 5170 8132 2809 5170 8133 2816 5176 8134 2810 5171 8135 2810 5171 8136 2817 5177 8137 2811 5172 8138 2811 5172 8139 2818 5178 8140 2812 5173 8141 2736 5128 8142 2813 5174 8143 2735 5056 8144 2777 5130 8145 2814 5179 8146 2813 5174 8147 2814 5179 8148 2779 5133 8149 2815 5175 8150 2815 5180 8151 2780 5136 8152 2816 5176 8153 2816 5176 8154 2781 5139 8155 2817 5177 8156 2817 5177 8157 2782 5181 8158 2818 5178 8159 2830 5182 8160 2728 5183 8161 2727 5184 8162 2828 5185 8163 2728 5186 8164 2829 5187 8165 2822 5188 8166 2729 5189 8167 2828 5185 8168 2837 5190 8169 2719 5191 8170 2730 5192 8171 2838 5193 8172 2836 5194 8173 2825 5195 8174 2820 5196 8175 2721 5197 8176 2825 5195 8177 2834 5198 8178 2722 5199 8179 2820 5200 8180 2834 5198 8181 2724 5201 8182 2723 5202 8183 2833 5203 8184 2725 5204 8185 2724 5201 8186 2832 5205 8187 2726 5206 8188 2725 5207 8189 2830 5182 8190 2726 5206 8191 2831 5208 8192 2820 39 8193 2839 39 8194 2819 39 8195 2840 39 8196 2825 39 8197 2842 39 8198 2819 39 8199 2841 39 8200 2827 39 8201 2827 39 8202 2842 39 8203 2825 39 8204 2823 39 8205 2843 39 8206 2822 39 8207 2844 4321 8208 2827 4321 8209 2845 4321 8210 2822 4321 8211 2846 4321 8212 2826 4321 8213 2826 39 8214 2845 39 8215 2827 39 8216 2821 39 8217 2847 39 8218 2830 39 8219 2848 39 8220 2823 39 8221 2850 39 8222 2830 39 8223 2849 39 8224 2829 39 8225 2829 39 8226 2850 39 8227 2823 39 8228 2821 4321 8229 2853 4321 8230 2819 4321 8231 2832 39 8232 2851 39 8233 2821 39 8234 2852 4321 8235 2833 4321 8236 2854 4321 8237 2819 39 8238 2854 39 8239 2833 39 8240 2837 39 8241 2835 39 8242 2855 39 8243 2836 39 8244 2838 39 8245 2856 39 8246 2831 5209 8247 2858 5210 8248 2830 5211 8249 2831 5209 8250 2859 5212 8251 2857 5213 8252 2832 5214 8253 2860 5215 8254 2859 5212 8255 2830 4184 8256 2860 5215 8257 2821 5216 8258 2833 5217 8259 2861 5218 8260 2819 4184 8261 2834 4184 8262 2862 4184 8263 2833 4184 8264 2834 4184 8265 2864 27 8266 2863 4184 8267 2820 4184 8268 2861 5218 8269 2864 27 8270 2827 5219 8271 2866 5220 8272 2865 5221 8273 2824 5222 8274 2866 5223 8275 2825 5224 8276 2824 5222 8277 2868 5225 8278 2867 27 8279 2826 5226 8280 2865 5221 8281 2868 5225 8282 2828 5227 8283 2870 4184 8284 2822 4184 8285 2828 5227 8286 2871 5228 8287 2869 5229 8288 2829 5230 8289 2872 5231 8290 2871 5228 8291 2823 5232 8292 2870 5233 8293 2872 5231 8294 2857 5234 8295 2885 5235 8296 2858 5236 8297 2873 5237 8298 2886 5238 8299 2885 5235 8300 2874 5239 8301 2887 5240 8302 2886 5238 8303 2875 5241 8304 2888 5242 8305 2887 5240 8306 2876 5243 8307 2889 5244 8308 2888 5242 8309 2889 5244 8310 2878 5245 8311 2890 5246 8312 2890 5246 8313 2879 5247 8314 2891 5248 8315 2891 5248 8316 2880 5249 8317 2892 5250 8318 2892 5250 8319 2881 5251 8320 2893 5252 8321 2893 5252 8322 2882 5253 8323 2894 5254 8324 2894 5254 8325 2883 5255 8326 2895 5256 8327 2895 5256 8328 2884 5257 8329 2896 5258 8330 2857 5259 8331 2897 5260 8332 2873 5261 8333 2873 5261 8334 2898 5262 8335 2874 5263 8336 2874 5263 8337 2899 5264 8338 2875 5265 8339 2875 5265 8340 2900 5266 8341 2876 5267 8342 2876 5267 8343 2901 5268 8344 2877 5269 8345 2901 5268 8346 2878 5270 8347 2877 5269 8348 2902 5271 8349 2879 5272 8350 2878 5270 8351 2903 5273 8352 2880 5274 8353 2879 5272 8354 2904 5275 8355 2881 5276 8356 2880 5274 8357 2905 5277 8358 2882 5278 8359 2881 5276 8360 2906 5279 8361 2883 5280 8362 2882 5278 8363 2907 5281 8364 2884 5282 8365 2883 5280 8366 2859 5283 8367 2909 5284 8368 2897 5285 8369 2897 5285 8370 2910 5286 8371 2898 5287 8372 2898 5287 8373 2911 5288 8374 2899 5289 8375 2899 5289 8376 2912 5290 8377 2900 5291 8378 2900 5291 8379 2913 5292 8380 2901 5293 8381 2913 5292 8382 2902 5294 8383 2901 5293 8384 2914 5295 8385 2903 5296 8386 2902 5294 8387 2915 5297 8388 2904 5298 8389 2903 5296 8390 2916 5299 8391 2905 5300 8392 2904 5298 8393 2917 5301 8394 2906 5302 8395 2905 5300 8396 2918 5303 8397 2907 5304 8398 2906 5302 8399 2919 5305 8400 2908 5306 8401 2907 5304 8402 2909 5307 8403 2858 5308 8404 2885 5309 8405 2885 5309 8406 2910 5310 8407 2909 5307 8408 2911 5311 8409 2886 5312 8410 2887 5313 8411 2887 5313 8412 2912 5314 8413 2911 5311 8414 2888 5315 8415 2913 5316 8416 2912 5314 8417 2913 5316 8418 2890 5317 8419 2914 5318 8420 2914 5318 8421 2891 5319 8422 2915 5320 8423 2915 5320 8424 2892 5321 8425 2916 5322 8426 2916 5322 8427 2893 5323 8428 2917 5324 8429 2917 5324 8430 2894 5325 8431 2918 5326 8432 2918 5326 8433 2895 5327 8434 2919 5328 8435 2919 5328 8436 2896 5329 8437 2920 5330 8438 2869 5331 8439 2933 5332 8440 2870 5333 8441 2921 5334 8442 2934 5335 8443 2933 5332 8444 2922 5336 8445 2935 5337 8446 2934 5335 8447 2923 5338 8448 2936 5339 8449 2935 5337 8450 2924 5340 8451 2937 5341 8452 2936 5339 8453 2937 5341 8454 2926 5342 8455 2938 5343 8456 2938 5343 8457 2927 5344 8458 2939 5345 8459 2939 5345 8460 2928 5346 8461 2940 5347 8462 2940 5347 8463 2929 5348 8464 2941 5349 8465 2941 5349 8466 2930 5350 8467 2942 5351 8468 2942 5351 8469 2931 5352 8470 2943 5353 8471 2943 5353 8472 2932 5354 8473 2944 5355 8474 2869 5356 8475 2945 5357 8476 2921 5358 8477 2921 5358 8478 2946 5359 8479 2922 5360 8480 2922 5360 8481 2947 5361 8482 2923 5362 8483 2923 5362 8484 2948 5363 8485 2924 5364 8486 2924 5364 8487 2949 5365 8488 2925 5366 8489 2949 5365 8490 2926 5367 8491 2925 5366 8492 2950 5368 8493 2927 5369 8494 2926 5367 8495 2951 5370 8496 2928 5371 8497 2927 5369 8498 2952 5372 8499 2929 5373 8500 2928 5371 8501 2953 5374 8502 2930 5375 8503 2929 5373 8504 2954 5376 8505 2931 5377 8506 2930 5375 8507 2955 5378 8508 2932 5379 8509 2931 5377 8510 2871 5380 8511 2957 5381 8512 2945 5382 8513 2945 5382 8514 2958 5383 8515 2946 5384 8516 2946 5384 8517 2959 5385 8518 2947 5386 8519 2947 5386 8520 2960 5387 8521 2948 5388 8522 2948 5388 8523 2961 5389 8524 2949 5390 8525 2961 5389 8526 2950 5391 8527 2949 5390 8528 2962 5392 8529 2951 5393 8530 2950 5391 8531 2963 5394 8532 2952 5395 8533 2951 5393 8534 2964 5396 8535 2953 5397 8536 2952 5395 8537 2965 5398 8538 2954 5399 8539 2953 5397 8540 2966 5400 8541 2955 5401 8542 2954 5399 8543 2967 5402 8544 2956 5403 8545 2955 5401 8546 2872 5404 8547 2933 5405 8548 2957 5406 8549 2957 5406 8550 2934 5407 8551 2958 5408 8552 2958 5408 8553 2935 5409 8554 2959 5410 8555 2959 5410 8556 2936 5411 8557 2960 5412 8558 2960 5412 8559 2937 5413 8560 2961 5414 8561 2937 5413 8562 2962 5415 8563 2961 5414 8564 2938 5416 8565 2963 5417 8566 2962 5415 8567 2939 5418 8568 2964 5419 8569 2963 5417 8570 2940 5420 8571 2965 5421 8572 2964 5419 8573 2941 5422 8574 2966 5423 8575 2965 5421 8576 2942 5424 8577 2967 5425 8578 2966 5423 8579 2943 5426 8580 2968 5427 8581 2967 5425 8582 2865 5428 8583 2981 5429 8584 2969 5430 8585 2969 5430 8586 2982 5431 8587 2970 5432 8588 2970 5432 8589 2983 5433 8590 2971 5434 8591 2971 5434 8592 2984 5435 8593 2972 5436 8594 2972 5436 8595 2985 5437 8596 2973 5438 8597 2985 5437 8598 2974 5439 8599 2973 5438 8600 2986 5440 8601 2975 5441 8602 2974 5439 8603 2987 5442 8604 2976 5443 8605 2975 5441 8606 2988 5444 8607 2977 5445 8608 2976 5443 8609 2989 5446 8610 2978 5447 8611 2977 5445 8612 2990 5448 8613 2979 5449 8614 2978 5447 8615 2991 5450 8616 2980 5451 8617 2979 5449 8618 2981 5452 8619 2867 5453 8620 2993 5454 8621 2993 5454 8622 2982 5455 8623 2981 5452 8624 2983 5456 8625 2994 5457 8626 2995 5458 8627 2995 5458 8628 2984 5459 8629 2983 5456 8630 2996 5460 8631 2985 5461 8632 2984 5459 8633 2985 5461 8634 2998 5462 8635 2986 5463 8636 2986 5463 8637 2999 5464 8638 2987 5465 8639 2987 5465 8640 3000 5466 8641 2988 5467 8642 2988 5467 8643 3001 5468 8644 2989 5469 8645 2989 5469 8646 3002 5470 8647 2990 5471 8648 2990 5471 8649 3003 5472 8650 2991 5473 8651 2991 5473 8652 3004 5474 8653 2992 5475 8654 2993 5476 8655 2868 5477 8656 3005 5478 8657 3005 5478 8658 2994 5479 8659 2993 5476 8660 2995 5480 8661 3006 5481 8662 3007 5482 8663 3007 5482 8664 2996 5483 8665 2995 5480 8666 3008 5484 8667 2997 5485 8668 2996 5483 8669 2997 5485 8670 3010 5486 8671 2998 5487 8672 2998 5487 8673 3011 5488 8674 2999 5489 8675 2999 5489 8676 3012 5490 8677 3000 5491 8678 3000 5491 8679 3013 5492 8680 3001 5493 8681 3001 5493 8682 3014 5494 8683 3002 5495 8684 3002 5495 8685 3015 5496 8686 3003 5497 8687 3003 5497 8688 3016 5498 8689 3004 5499 8690 2868 5500 8691 2969 5501 8692 3005 5502 8693 3005 5502 8694 2970 5503 8695 3006 5504 8696 3006 5504 8697 2971 5505 8698 3007 5506 8699 3007 5506 8700 2972 5507 8701 3008 5508 8702 3008 5508 8703 2973 5509 8704 3009 5510 8705 2973 5509 8706 3010 5511 8707 3009 5510 8708 2974 5512 8709 3011 5513 8710 3010 5511 8711 2975 5514 8712 3012 5515 8713 3011 5513 8714 2976 5516 8715 3013 5517 8716 3012 5515 8717 2977 5518 8718 3014 5519 8719 3013 5517 8720 2978 5520 8721 3015 5521 8722 3014 5519 8723 2979 5522 8724 3016 5523 8725 3015 5521 8726 2862 5524 8727 3017 5525 8728 2861 5526 8729 3029 5527 8730 3018 5528 8731 3017 5525 8732 3030 5529 8733 3019 5530 8734 3018 5528 8735 3031 5531 8736 3020 5532 8737 3019 5530 8738 3032 5533 8739 3021 5534 8740 3020 5532 8741 3021 5534 8742 3034 5535 8743 3022 5536 8744 3022 5536 8745 3035 5537 8746 3023 5538 8747 3023 5538 8748 3036 5539 8749 3024 5540 8750 3024 5540 8751 3037 5541 8752 3025 5542 8753 3025 5542 8754 3038 5543 8755 3026 5544 8756 3026 5544 8757 3039 5545 8758 3027 5546 8759 3027 5546 8760 3040 5547 8761 3028 5548 8762 3029 5549 8763 2863 5550 8764 3041 5551 8765 3041 5551 8766 3030 5552 8767 3029 5549 8768 3031 5553 8769 3042 5554 8770 3043 5555 8771 3043 5555 8772 3032 5556 8773 3031 5553 8774 3044 5557 8775 3033 5558 8776 3032 5556 8777 3033 5558 8778 3046 5559 8779 3034 5560 8780 3034 5560 8781 3047 5561 8782 3035 5562 8783 3035 5562 8784 3048 5563 8785 3036 5564 8786 3036 5564 8787 3049 5565 8788 3037 5566 8789 3037 5566 8790 3050 5567 8791 3038 5568 8792 3038 5568 8793 3051 5569 8794 3039 5570 8795 3039 5570 8796 3052 5571 8797 3040 5572 8798 2863 5573 8799 3053 5574 8800 3041 5575 8801 3041 5575 8802 3054 5576 8803 3042 5577 8804 3042 5577 8805 3055 5578 8806 3043 5579 8807 3043 5579 8808 3056 5580 8809 3044 5581 8810 3044 5581 8811 3057 5582 8812 3045 5583 8813 3057 5582 8814 3046 5584 8815 3045 5583 8816 3058 5585 8817 3047 5586 8818 3046 5584 8819 3059 5587 8820 3048 5588 8821 3047 5586 8822 3060 5589 8823 3049 5590 8824 3048 5588 8825 3061 5591 8826 3050 5592 8827 3049 5590 8828 3062 5593 8829 3051 5594 8830 3050 5592 8831 3063 5595 8832 3052 5596 8833 3051 5594 8834 2864 5597 8835 3017 5598 8836 3053 5599 8837 3053 5599 8838 3018 5600 8839 3054 5601 8840 3054 5601 8841 3019 5602 8842 3055 5603 8843 3055 5603 8844 3020 5604 8845 3056 5605 8846 3056 5605 8847 3021 5606 8848 3057 5607 8849 3021 5606 8850 3058 5608 8851 3057 5607 8852 3022 5609 8853 3059 5610 8854 3058 5608 8855 3023 5611 8856 3060 5612 8857 3059 5610 8858 3024 5613 8859 3061 5614 8860 3060 5612 8861 3025 5615 8862 3062 5616 8863 3061 5614 8864 3026 5617 8865 3063 5618 8866 3062 5616 8867 3027 5619 8868 3064 5620 8869 3063 5618 8870 3066 5621 8871 3089 5622 8872 3065 5623 8873 3067 5624 8874 3090 5625 8875 3066 5626 8876 3068 5627 8877 3091 5628 8878 3067 5629 8879 3069 5630 8880 3092 5631 8881 3068 5632 8882 3070 5633 8883 3093 5634 8884 3069 5635 8885 3071 5636 8886 3094 5637 8887 3070 5638 8888 3072 5639 8889 3095 5640 8890 3071 5641 8891 3065 5642 8892 3096 5643 8893 3072 5644 8894 3065 5645 8895 3074 5646 8896 3066 5647 8897 3066 5648 8898 3075 5649 8899 3067 5650 8900 3067 5651 8901 3076 5652 8902 3068 5653 8903 3069 5654 8904 3076 5655 8905 3077 5656 8906 3070 5657 8907 3077 5658 8908 3078 5659 8909 3071 5660 8910 3078 5661 8911 3079 5662 8912 3072 5663 8913 3079 5664 8914 3080 5665 8915 3065 5666 8916 3080 5667 8917 3073 5668 8918 3073 5669 8919 3082 5670 8920 3074 5671 8921 3074 5672 8922 3083 5673 8923 3075 5674 8924 3075 5675 8925 3084 5676 8926 3076 5677 8927 3076 5678 8928 3085 5679 8929 3077 5680 8930 3077 5681 8931 3086 5682 8932 3078 5683 8933 3078 5684 8934 3087 5685 8935 3079 5686 8936 3079 5687 8937 3088 5688 8938 3080 5689 8939 3080 5690 8940 3081 5691 8941 3073 5692 8942 3082 5693 8943 3089 5694 8944 3090 5695 8945 3083 5696 8946 3090 5697 8947 3091 5698 8948 3084 5699 8949 3091 5700 8950 3092 5701 8951 3084 5702 8952 3093 5703 8953 3085 5704 8954 3085 5705 8955 3094 5706 8956 3086 5707 8957 3086 5708 8958 3095 5709 8959 3087 5710 8960 3087 5711 8961 3096 5712 8962 3088 5713 8963 3088 5714 8964 3089 5715 8965 3081 5716 8966 3097 5717 8967 3106 5718 8968 3098 5719 8969 3106 5718 8970 3099 5720 8971 3098 5719 8972 3099 5720 8973 3108 5721 8974 3100 5722 8975 3108 5721 8976 3101 5723 8977 3100 5722 8978 3109 5724 8979 3102 5725 8980 3101 5723 8981 3110 5726 8982 3103 5727 8983 3102 5725 8984 3111 5728 8985 3104 5729 8986 3103 5727 8987 3112 5730 8988 3097 5717 8989 3104 5729 8990 3181 5731 8991 3184 5732 8992 3183 5733 8993 3183 5733 8994 3186 5734 8995 3185 5735 8996 3186 5734 8997 3187 5736 8998 3185 5735 8999 3187 5736 9000 3190 5737 9001 3189 5738 9002 3189 5738 9003 3192 5739 9004 3191 5740 9005 3192 5739 9006 3193 5741 9007 3191 5740 9008 3194 5742 9009 3195 5743 9010 3193 5741 9011 3196 5744 9012 3181 5731 9013 3195 5743 9014 3113 5745 9015 3122 5746 9016 3114 5747 9017 3114 5747 9018 3123 5748 9019 3115 5749 9020 3115 5749 9021 3124 5750 9022 3116 5751 9023 3117 5752 9024 3124 5750 9025 3125 5753 9026 3118 5754 9027 3125 5753 9028 3126 5755 9029 3118 5754 9030 3127 5756 9031 3119 5757 9032 3119 5757 9033 3128 5758 9034 3120 5759 9035 3120 5759 9036 3121 5760 9037 3113 5745 9038 3154 5761 9039 3155 5762 9040 3153 5763 9041 3156 5764 9042 3157 5765 9043 3155 5762 9044 3158 5766 9045 3159 5767 9046 3157 5765 9047 3159 5767 9048 3162 5768 9049 3161 5769 9050 3162 5768 9051 3163 5770 9052 3161 5769 9053 3163 5770 9054 3166 5771 9055 3165 5772 9056 3166 5771 9057 3167 5773 9058 3165 5772 9059 3168 5774 9060 3153 5763 9061 3167 5773 9062 3122 5775 9063 3129 5776 9064 3130 4184 9065 3122 5775 9066 3131 5777 9067 3123 5778 9068 3123 5778 9069 3132 5779 9070 3124 5780 9071 3124 5780 9072 3133 5781 9073 3125 5782 9074 3126 5783 9075 3133 5781 9076 3134 5784 9077 3127 5785 9078 3134 5784 9079 3135 5786 9080 3128 5787 9081 3135 5786 9082 3136 5788 9083 3121 5789 9084 3136 5788 9085 3129 5776 9086 3129 5790 9087 3138 5791 9088 3130 5792 9089 3130 5792 9090 3139 5793 9091 3131 5794 9092 3131 5794 9093 3140 5795 9094 3132 5796 9095 3132 5796 9096 3141 5797 9097 3133 5798 9098 3133 5798 9099 3142 5799 9100 3134 5800 9101 3135 5801 9102 3142 5799 9103 3143 5802 9104 3135 5801 9105 3144 5803 9106 3136 5804 9107 3129 5790 9108 3144 5803 9109 3137 5805 9110 3145 5806 9111 3138 5807 9112 3137 5808 9113 3146 5809 9114 3139 5810 9115 3138 5807 9116 3147 5811 9117 3140 5812 9118 3139 5810 9119 3148 5813 9120 3141 5814 9121 3140 5812 9122 3141 5814 9123 3150 5815 9124 3142 5816 9125 3142 5816 9126 3151 5817 9127 3143 5818 9128 3143 5818 9129 3152 5819 9130 3144 5820 9131 3144 5820 9132 3145 5806 9133 3137 5808 9134 3145 5821 9135 3178 5822 9136 3146 5823 9137 3146 5823 9138 3179 5824 9139 3147 5825 9140 3148 5826 9141 3179 5824 9142 3180 5827 9143 3149 5828 9144 3180 5827 9145 3173 5829 9146 3150 5830 9147 3173 5829 9148 3174 5831 9149 3150 5830 9150 3175 5832 9151 3151 5833 9152 3152 5834 9153 3175 5832 9154 3176 5835 9155 3145 5821 9156 3176 5835 9157 3177 5836 9158 3162 5768 9159 3171 5837 9160 3170 5838 9161 3154 5761 9162 3169 5839 9163 3172 5840 9164 3170 5838 9165 3172 5840 9166 3169 5839 9167 3168 5774 9168 3166 5771 9169 3169 5839 9170 3170 5838 9171 3166 5771 9172 3164 5841 9173 3162 5768 9174 3170 5838 9175 3164 5841 9176 3160 5842 9177 3158 5766 9178 3171 5837 9179 3171 5837 9180 3156 5764 9181 3172 5840 9182 3154 5761 9183 3172 5840 9184 3156 5764 9185 3161 5843 9186 3180 5827 9187 3159 5844 9188 3173 5829 9189 3163 5845 9190 3174 5831 9191 3174 5831 9192 3165 5846 9193 3175 5832 9194 3175 5832 9195 3167 5847 9196 3176 5835 9197 3176 5835 9198 3153 5848 9199 3177 5836 9200 3177 5836 9201 3155 5849 9202 3178 5822 9203 3155 5849 9204 3179 5824 9205 3178 5822 9206 3179 5824 9207 3159 5844 9208 3180 5827 9209 3106 5718 9210 3181 5850 9211 3183 5851 9212 3197 5852 9213 3200 5853 9214 3198 5854 9215 3106 5718 9216 3185 5855 9217 3107 5856 9218 3200 5853 9219 3201 5857 9220 3202 5858 9221 3107 5856 9222 3187 5859 9223 3108 5721 9224 3202 5858 9225 3203 5860 9226 3204 5861 9227 3108 5721 9228 3189 5862 9229 3109 5724 9230 3204 5861 9231 3205 5863 9232 3206 5864 9233 3109 5724 9234 3191 5865 9235 3110 5726 9236 3205 5863 9237 3208 5866 9238 3206 5864 9239 3111 5728 9240 3191 5865 9241 3193 5867 9242 3208 5866 9243 3209 5868 9244 3210 5869 9245 3112 5730 9246 3193 5867 9247 3195 5870 9248 3210 5869 9249 3211 5871 9250 3212 5872 9251 3105 5873 9252 3195 5870 9253 3181 5850 9254 3212 5872 9255 3197 5852 9256 3198 5854 9257 3199 5874 9258 3113 5875 9259 3114 5876 9260 3184 5877 9261 3198 5878 9262 3200 5879 9263 3201 5880 9264 3114 5876 9265 3115 5881 9266 3184 5877 9267 3202 5882 9268 3186 5883 9269 3203 5884 9270 3115 5881 9271 3116 5885 9272 3186 5883 9273 3204 5886 9274 3188 5887 9275 3203 5884 9276 3117 5888 9277 3205 5889 9278 3190 5890 9279 3204 5886 9280 3206 5891 9281 3205 5889 9282 3118 5892 9283 3207 5893 9284 3192 5894 9285 3206 5891 9286 3208 5895 9287 3207 5893 9288 3119 5896 9289 3209 5897 9290 3192 5894 9291 3210 5898 9292 3194 5899 9293 3209 5897 9294 3120 5900 9295 3211 5901 9296 3194 5899 9297 3212 5902 9298 3196 5903 9299 3211 5901 9300 3113 5875 9301 3197 5904 9302 3196 5903 9303 3198 5878 9304 3182 5905 9305 3214 5906 9306 3216 5907 9307 3213 5908 9308 3217 5909 9309 3216 5910 9310 3218 5911 9311 3220 5912 9312 3222 5913 9313 3219 5914 9314 3214 5915 9315 3222 5916 9316 3215 5917 9317 3224 5918 9318 3226 5919 9319 3223 5920 9320 3220 5921 9321 3226 5922 9322 3221 5923 9323 3217 5924 9324 3228 5925 9325 3227 5926 9326 3224 5927 9327 3228 5928 9328 3225 5929 9329 3215 5930 9330 3229 5931 9331 3216 5907 9332 3218 5911 9333 3229 5932 9334 3231 5933 9335 3221 5934 9336 3233 5935 9337 3222 5913 9338 3215 5917 9339 3233 5936 9340 3230 5937 9341 3225 5938 9342 3234 5939 9343 3226 5919 9344 3221 5923 9345 3234 5940 9346 3232 5941 9347 3218 5942 9348 3236 5943 9349 3228 5925 9350 3225 5929 9351 3236 5944 9352 3235 5945 9353 3230 5946 9354 3237 5947 9355 3229 5931 9356 3231 5933 9357 3237 5948 9358 3239 5949 9359 3232 5950 9360 3241 5951 9361 3233 5935 9362 3230 5937 9363 3241 5952 9364 3238 5953 9365 3235 5954 9366 3242 5955 9367 3234 5939 9368 3232 5941 9369 3242 5956 9370 3240 5957 9371 3231 5958 9372 3244 5959 9373 3236 5943 9374 3235 5945 9375 3244 5960 9376 3243 5961 9377 3238 5962 9378 3245 5963 9379 3237 5947 9380 3239 5949 9381 3245 5964 9382 3247 5965 9383 3240 5966 9384 3249 5967 9385 3241 5951 9386 3238 5953 9387 3249 5968 9388 3246 5969 9389 3243 5970 9390 3250 5971 9391 3242 5955 9392 3240 5957 9393 3250 5972 9394 3248 5973 9395 3239 5974 9396 3252 5975 9397 3244 5959 9398 3243 5961 9399 3252 5976 9400 3251 5977 9401 3246 5978 9402 3253 5979 9403 3245 5980 9404 3247 5981 9405 3253 5982 9406 3255 5983 9407 3248 5984 9408 3257 5985 9409 3249 5986 9410 3246 5987 9411 3257 5988 9412 3254 5989 9413 3251 5990 9414 3258 5991 9415 3250 5992 9416 3248 5993 9417 3258 5994 9418 3256 5995 9419 3247 5996 9420 3260 5997 9421 3252 5998 9422 3251 5999 9423 3260 6000 9424 3259 6001 9425 3254 6002 9426 3312 6003 9427 3253 6004 9428 3255 6005 9429 3312 6003 9430 3313 6006 9431 3256 6007 9432 3310 6008 9433 3257 6009 9434 3254 6010 9435 3310 6008 9436 3311 6011 9437 3259 6012 9438 3316 6013 9439 3258 6014 9440 3256 6015 9441 3316 6013 9442 3309 6016 9443 3255 6017 9444 3314 6018 9445 3260 6019 9446 3259 6020 9447 3314 6018 9448 3315 6021 9449 3262 6022 9450 3269 6023 9451 3261 6024 9452 3263 6025 9453 3269 6023 9454 3271 6026 9455 3264 6027 9456 3273 6028 9457 3265 6029 9458 3262 6022 9459 3273 6028 9460 3270 6030 9461 3267 6031 9462 3274 6032 9463 3266 6033 9464 3264 6027 9465 3274 6032 9466 3272 6034 9467 3263 6025 9468 3276 6035 9469 3268 6036 9470 3267 6031 9471 3276 6035 9472 3275 6037 9473 3270 6030 9474 3277 6038 9475 3269 6023 9476 3271 6026 9477 3277 6038 9478 3279 6039 9479 3272 6034 9480 3281 6040 9481 3273 6028 9482 3270 6030 9483 3281 6040 9484 3278 6041 9485 3275 6037 9486 3282 6042 9487 3274 6032 9488 3272 6034 9489 3282 6042 9490 3280 6043 9491 3271 6026 9492 3284 6044 9493 3276 6035 9494 3275 6037 9495 3284 6044 9496 3283 6045 9497 3278 6046 9498 3285 6047 9499 3277 6048 9500 3279 6049 9501 3285 6050 9502 3287 6051 9503 3280 6052 9504 3289 6053 9505 3281 6054 9506 3278 6055 9507 3289 6056 9508 3286 6057 9509 3283 6058 9510 3290 6059 9511 3282 6060 9512 3280 6061 9513 3290 6062 9514 3288 6063 9515 3279 6064 9516 3292 6065 9517 3284 6066 9518 3283 6067 9519 3292 6068 9520 3291 6069 9521 3286 6070 9522 3293 6071 9523 3285 6072 9524 3287 6073 9525 3293 6071 9526 3295 6074 9527 3288 6075 9528 3297 6076 9529 3289 6077 9530 3286 6078 9531 3297 6076 9532 3294 6079 9533 3291 6080 9534 3298 6081 9535 3290 6082 9536 3288 6083 9537 3298 6081 9538 3296 6084 9539 3287 6085 9540 3300 6086 9541 3292 6087 9542 3291 6088 9543 3300 6086 9544 3299 6089 9545 3294 6079 9546 3301 6090 9547 3293 6071 9548 3295 6074 9549 3301 6090 9550 3303 6091 9551 3296 6084 9552 3305 6092 9553 3297 6076 9554 3294 6079 9555 3305 6092 9556 3302 6093 9557 3299 6089 9558 3306 6094 9559 3298 6081 9560 3296 6084 9561 3306 6094 9562 3304 6095 9563 3295 6074 9564 3308 6096 9565 3300 6086 9566 3299 6089 9567 3308 6096 9568 3307 6097 9569 3309 6016 9570 3265 6029 9571 3310 6008 9572 3311 6011 9573 3265 6029 9574 3262 6022 9575 3311 6011 9576 3261 6024 9577 3312 6003 9578 3313 6006 9579 3261 6024 9580 3263 6025 9581 3313 6006 9582 3268 6036 9583 3314 6018 9584 3315 6021 9585 3268 6036 9586 3267 6031 9587 3315 6021 9588 3266 6033 9589 3316 6013 9590 3309 6016 9591 3266 6033 9592 3264 6027 9593 3320 6098 9594 3318 6099 9595 3317 6100 9596 3321 6101 9597 3320 6102 9598 3317 6103 9599 3326 6104 9600 3324 6105 9601 3323 6106 9602 3318 6107 9603 3326 6108 9604 3323 6109 9605 3330 6110 9606 3328 6111 9607 3327 6112 9608 3324 6113 9609 3330 6114 9610 3327 6115 9611 3332 6116 9612 3321 6117 9613 3331 6118 9614 3328 6119 9615 3332 6120 9616 3331 6121 9617 3319 6122 9618 3333 6123 9619 3334 6124 9620 3322 6125 9621 3333 6126 9622 3320 6102 9623 3325 6127 9624 3337 6128 9625 3336 6129 9626 3319 6130 9627 3337 6131 9628 3326 6108 9629 3329 6132 9630 3338 6133 9631 3339 6134 9632 3325 6135 9633 3338 6136 9634 3330 6114 9635 3322 6137 9636 3340 6138 9637 3335 6139 9638 3329 6140 9639 3340 6141 9640 3332 6120 9641 3334 6124 9642 3341 6142 9643 3342 6143 9644 3335 6144 9645 3341 6145 9646 3333 6126 9647 3336 6129 9648 3345 6146 9649 3344 6147 9650 3334 6148 9651 3345 6149 9652 3337 6131 9653 3339 6134 9654 3346 6150 9655 3347 6151 9656 3336 6152 9657 3346 6153 9658 3338 6136 9659 3335 6139 9660 3348 6154 9661 3343 6155 9662 3339 6156 9663 3348 6157 9664 3340 6141 9665 3342 6143 9666 3349 6158 9667 3350 6159 9668 3343 6160 9669 3349 6161 9670 3341 6145 9671 3344 6147 9672 3353 6162 9673 3352 6163 9674 3342 6164 9675 3353 6165 9676 3345 6149 9677 3347 6151 9678 3354 6166 9679 3355 6167 9680 3344 6168 9681 3354 6169 9682 3346 6153 9683 3343 6155 9684 3356 6170 9685 3351 6171 9686 3347 6172 9687 3356 6173 9688 3348 6157 9689 3350 6174 9690 3357 6175 9691 3358 6176 9692 3351 6177 9693 3357 6178 9694 3349 6179 9695 3352 6180 9696 3361 6181 9697 3360 6182 9698 3350 6183 9699 3361 6184 9700 3353 6185 9701 3355 6186 9702 3362 6187 9703 3363 6188 9704 3352 6189 9705 3362 6190 9706 3354 6191 9707 3351 6192 9708 3364 6193 9709 3359 6194 9710 3355 6195 9711 3364 6196 9712 3356 6197 9713 3358 6198 9714 3416 6199 9715 3415 6200 9716 3359 6201 9717 3416 6199 9718 3357 6202 9719 3360 6203 9720 3414 6204 9721 3413 6205 9722 3358 6206 9723 3414 6204 9724 3361 6207 9725 3363 6208 9726 3420 6209 9727 3419 6210 9728 3360 6211 9729 3420 6209 9730 3362 6212 9731 3359 6213 9732 3418 6214 9733 3417 6215 9734 3363 6216 9735 3418 6214 9736 3364 6217 9737 3366 6218 9738 3373 6219 9739 3374 6220 9740 3367 6221 9741 3373 6219 9742 3365 6222 9743 3368 6223 9744 3377 6224 9745 3376 6225 9746 3366 6218 9747 3377 6224 9748 3369 6226 9749 3371 6227 9750 3378 6228 9751 3379 6229 9752 3368 6223 9753 3378 6228 9754 3370 6230 9755 3367 6221 9756 3380 6231 9757 3375 6232 9758 3371 6227 9759 3380 6231 9760 3372 6233 9761 3374 6220 9762 3381 6234 9763 3382 6235 9764 3375 6232 9765 3381 6234 9766 3373 6219 9767 3376 6225 9768 3385 6236 9769 3384 6237 9770 3374 6220 9771 3385 6236 9772 3377 6224 9773 3379 6229 9774 3386 6238 9775 3387 6239 9776 3376 6225 9777 3386 6238 9778 3378 6228 9779 3375 6232 9780 3388 6240 9781 3383 6241 9782 3379 6229 9783 3388 6240 9784 3380 6231 9785 3382 6242 9786 3389 6243 9787 3390 6244 9788 3383 6245 9789 3389 6246 9790 3381 6247 9791 3384 6248 9792 3393 6249 9793 3392 6250 9794 3382 6251 9795 3393 6252 9796 3385 6253 9797 3387 6254 9798 3394 6255 9799 3395 6256 9800 3384 6257 9801 3394 6258 9802 3386 6259 9803 3383 6260 9804 3396 6261 9805 3391 6262 9806 3387 6263 9807 3396 6264 9808 3388 6265 9809 3390 6266 9810 3397 6267 9811 3398 6268 9812 3391 6269 9813 3397 6267 9814 3389 6270 9815 3392 6271 9816 3401 6272 9817 3400 6273 9818 3390 6274 9819 3401 6272 9820 3393 6275 9821 3395 6276 9822 3402 6277 9823 3403 6278 9824 3392 6279 9825 3402 6277 9826 3394 6280 9827 3391 6281 9828 3404 6282 9829 3399 6283 9830 3395 6284 9831 3404 6282 9832 3396 6285 9833 3405 6286 9834 3398 6268 9835 3397 6267 9836 3399 6283 9837 3405 6286 9838 3397 6267 9839 3409 6287 9840 3400 6273 9841 3401 6272 9842 3398 6268 9843 3409 6287 9844 3401 6272 9845 3410 6288 9846 3403 6278 9847 3402 6277 9848 3400 6273 9849 3410 6288 9850 3402 6277 9851 3412 6289 9852 3399 6283 9853 3404 6282 9854 3403 6278 9855 3412 6289 9856 3404 6282 9857 3369 6226 9858 3413 6205 9859 3414 6204 9860 3415 6200 9861 3369 6226 9862 3414 6204 9863 3365 6222 9864 3415 6200 9865 3416 6199 9866 3417 6215 9867 3365 6222 9868 3416 6199 9869 3372 6233 9870 3417 6215 9871 3418 6214 9872 3419 6210 9873 3372 6233 9874 3418 6214 9875 3370 6230 9876 3419 6210 9877 3420 6209 9878 3413 6205 9879 3370 6230 9880 3420 6209 9881 313 0 9882 312 4 9883 314 1 9884 313 0 9885 316 6 9886 317 3 9887 313 0 9888 318 8 9889 319 5 9890 313 0 9891 315 2 9892 320 7 9893 2 9 9894 9 10 9895 8 9 9896 3 11 9897 10 11 9898 9 11 9899 7 12 9900 12 6290 9901 11 12 9902 0 14 9903 8 15 9904 12 14 9905 5 16 9906 14 6291 9907 13 17 9908 6 19 9909 11 6292 9910 14 19 9911 4 20 9912 15 6293 9913 10 21 9914 1 23 9915 13 24 9916 15 23 9917 8 25 9918 9 29 9919 17 26 9920 10 28 9921 18 37 9922 17 26 9923 11 30 9924 12 32 9925 20 31 9926 8 25 9927 16 27 9928 20 31 9929 13 33 9930 14 35 9931 22 34 9932 11 30 9933 19 27 9934 22 34 9935 10 28 9936 15 38 9937 23 36 9938 13 33 9939 21 27 9940 23 36 9941 17 39 9942 25 39 9943 24 39 9944 18 39 9945 26 39 9946 25 39 9947 20 39 9948 28 39 9949 27 39 9950 16 39 9951 24 39 9952 28 39 9953 22 39 9954 30 39 9955 29 39 9956 19 39 9957 27 39 9958 30 39 9959 23 39 9960 31 39 9961 26 39 9962 21 39 9963 29 39 9964 31 39 9965 25 40 9966 33 6294 9967 32 41 9968 25 43 9969 26 6295 9970 34 44 9971 28 46 9972 36 6296 9973 35 47 9974 28 49 9975 24 6297 9976 32 50 9977 30 52 9978 38 6298 9979 37 53 9980 30 55 9981 27 6299 9982 35 56 9983 31 58 9984 39 6300 9985 34 59 9986 31 61 9987 29 6301 9988 37 62 9989 32 64 9990 33 6302 9991 131 65 9992 34 67 9993 130 81 9994 131 68 9995 35 70 9996 36 6303 9997 133 71 9998 32 64 9999 132 66 10000 133 73 10001 37 75 10002 38 6304 10003 135 76 10004 35 70 10005 134 72 10006 135 78 10007 34 67 10008 39 6305 10009 129 80 10010 37 75 10011 128 77 10012 129 82 10013 84 84 10014 85 6306 10015 132 66 10016 84 85 10017 131 68 10018 130 81 10019 86 87 10020 87 6307 10021 134 72 10022 86 88 10023 133 73 10024 132 66 10025 80 90 10026 81 6308 10027 128 77 10028 80 91 10029 135 78 10030 134 72 10031 82 93 10032 83 6309 10033 130 81 10034 82 94 10035 129 82 10036 128 77 10037 40 96 10038 85 6306 10039 84 84 10040 42 98 10041 41 6310 10042 84 85 10043 43 99 10044 87 6307 10045 86 87 10046 40 101 10047 44 6311 10048 86 88 10049 45 102 10050 81 6308 10051 80 90 10052 43 104 10053 46 6312 10054 80 91 10055 42 105 10056 83 6309 10057 82 93 10058 45 107 10059 47 6313 10060 82 94 10061 40 108 10062 41 6314 10063 49 109 10064 42 111 10065 50 125 10066 49 112 10067 43 114 10068 44 6315 10069 52 115 10070 40 108 10071 48 110 10072 52 117 10073 45 119 10074 46 6316 10075 54 120 10076 43 114 10077 51 116 10078 54 122 10079 42 111 10080 47 6317 10081 55 124 10082 45 119 10083 53 121 10084 55 126 10085 49 128 10086 57 6318 10087 56 129 10088 49 131 10089 50 6319 10090 58 132 10091 52 134 10092 60 6320 10093 59 135 10094 52 137 10095 48 6321 10096 56 138 10097 54 140 10098 62 6322 10099 61 141 10100 54 143 10101 51 6323 10102 59 144 10103 55 146 10104 63 6324 10105 58 147 10106 55 149 10107 53 6325 10108 61 150 10109 57 152 10110 65 172 10111 64 153 10112 57 155 10113 58 169 10114 66 156 10115 60 158 10116 68 176 10117 67 159 10118 60 161 10119 56 154 10120 64 153 10121 62 163 10122 70 179 10123 69 164 10124 62 166 10125 59 160 10126 67 159 10127 63 168 10128 71 182 10129 66 156 10130 63 170 10131 61 165 10132 69 164 10133 65 172 10134 73 6326 10135 72 173 10136 65 157 10137 66 156 10138 74 174 10139 68 176 10140 76 6327 10141 75 177 10142 68 162 10143 64 153 10144 72 173 10145 70 179 10146 78 6328 10147 77 180 10148 70 167 10149 67 159 10150 75 177 10151 71 182 10152 79 6329 10153 74 174 10154 71 171 10155 69 164 10156 77 180 10157 88 184 10158 72 194 10159 73 185 10160 90 187 10161 89 6330 10162 73 188 10163 91 190 10164 75 199 10165 76 191 10166 88 184 10167 92 6331 10168 76 193 10169 93 195 10170 77 203 10171 78 196 10172 91 190 10173 94 6332 10174 78 198 10175 90 187 10176 74 189 10177 79 200 10178 93 195 10179 95 6333 10180 79 202 10181 88 204 10182 89 6334 10183 97 205 10184 90 207 10185 98 6335 10186 97 208 10187 91 210 10188 92 6336 10189 100 211 10190 88 213 10191 96 6337 10192 100 214 10193 93 216 10194 94 6338 10195 102 217 10196 91 219 10197 99 6339 10198 102 220 10199 90 222 10200 95 6340 10201 103 223 10202 93 225 10203 101 6341 10204 103 226 10205 410 228 10206 409 6342 10207 411 229 10208 458 231 10209 459 254 10210 460 232 10211 415 234 10212 416 6343 10213 417 235 10214 463 237 10215 465 258 10216 466 238 10217 422 240 10218 421 6344 10219 423 241 10220 470 243 10221 471 262 10222 472 244 10223 427 246 10224 428 6345 10225 429 247 10226 475 249 10227 477 266 10228 478 250 10229 412 230 10230 411 229 10231 413 252 10232 459 254 10233 461 6346 10234 462 255 10235 418 236 10236 417 235 10237 419 256 10238 465 258 10239 467 6347 10240 468 259 10241 424 242 10242 423 241 10243 425 260 10244 471 262 10245 473 6348 10246 474 263 10247 430 248 10248 429 247 10249 431 264 10250 477 266 10251 479 6349 10252 480 267 10253 113 268 10254 121 6350 10255 120 269 10256 114 271 10257 122 6351 10258 121 272 10259 116 274 10260 124 6352 10261 123 275 10262 112 277 10263 120 6353 10264 124 278 10265 118 280 10266 126 6354 10267 125 281 10268 115 283 10269 123 6355 10270 126 284 10271 119 286 10272 127 6356 10273 122 287 10274 117 289 10275 125 6357 10276 127 290 10277 136 292 10278 120 6358 10279 121 293 10280 138 295 10281 137 6359 10282 121 296 10283 139 298 10284 123 6360 10285 124 299 10286 136 301 10287 140 6361 10288 124 302 10289 141 304 10290 125 6362 10291 126 305 10292 139 307 10293 142 6363 10294 126 308 10295 138 310 10296 122 6364 10297 127 311 10298 141 313 10299 143 6365 10300 127 314 10301 137 316 10302 145 6366 10303 144 317 10304 137 319 10305 138 6367 10306 146 320 10307 140 322 10308 148 6368 10309 147 323 10310 140 325 10311 136 6369 10312 144 326 10313 142 328 10314 150 6370 10315 149 329 10316 142 331 10317 139 6371 10318 147 332 10319 143 334 10320 151 6372 10321 146 335 10322 143 337 10323 141 6373 10324 149 338 10325 144 340 10326 145 6374 10327 153 341 10328 146 343 10329 154 354 10330 153 341 10331 147 345 10332 148 6375 10333 156 346 10334 144 340 10335 152 342 10336 156 346 10337 149 349 10338 150 6376 10339 158 350 10340 147 345 10341 155 347 10342 158 350 10343 146 343 10344 151 6377 10345 159 353 10346 149 349 10347 157 351 10348 159 353 10349 152 342 10350 153 341 10351 161 356 10352 154 354 10353 162 363 10354 161 356 10355 155 347 10356 156 346 10357 164 358 10358 152 342 10359 160 357 10360 164 358 10361 157 351 10362 158 350 10363 166 360 10364 155 347 10365 163 359 10366 166 360 10367 154 354 10368 159 353 10369 167 362 10370 157 351 10371 165 361 10372 167 362 10373 161 364 10374 169 365 10375 168 364 10376 161 366 10377 162 6378 10378 170 367 10379 164 369 10380 172 6379 10381 171 370 10382 160 372 10383 168 372 10384 172 372 10385 166 373 10386 174 6380 10387 173 374 10388 163 376 10389 171 6381 10390 174 377 10391 167 379 10392 175 6382 10393 170 380 10394 165 382 10395 173 382 10396 175 382 10397 168 383 10398 169 387 10399 177 384 10400 170 386 10401 178 397 10402 177 384 10403 171 388 10404 172 391 10405 180 389 10406 168 383 10407 176 385 10408 180 389 10409 173 392 10410 174 395 10411 182 393 10412 171 388 10413 179 390 10414 182 393 10415 170 386 10416 175 398 10417 183 396 10418 173 392 10419 181 394 10420 183 396 10421 177 399 10422 185 6383 10423 184 400 10424 177 402 10425 178 6384 10426 186 403 10427 180 405 10428 188 6385 10429 187 406 10430 176 408 10431 184 790 10432 188 409 10433 182 411 10434 190 6386 10435 189 412 10436 179 414 10437 187 760 10438 190 415 10439 183 417 10440 191 6387 10441 186 418 10442 181 420 10443 189 782 10444 191 421 10445 378 423 10446 377 805 10447 567 424 10448 522 426 10449 521 1065 10450 379 427 10451 362 429 10452 564 776 10453 565 430 10454 519 432 10455 518 6388 10456 363 433 10457 381 435 10458 382 812 10459 573 436 10460 384 438 10461 528 1074 10462 527 439 10463 369 441 10464 570 792 10465 571 442 10466 372 444 10467 525 1069 10468 524 445 10469 358 447 10470 357 768 10471 555 448 10472 510 450 10473 509 1051 10474 359 451 10475 354 453 10476 552 762 10477 553 454 10478 507 456 10479 506 6389 10480 355 457 10481 373 459 10482 374 798 10483 561 460 10484 376 462 10485 516 1060 10486 515 463 10487 365 465 10488 558 784 10489 559 466 10490 368 468 10491 513 1055 10492 512 469 10493 350 471 10494 351 482 10495 342 472 10496 350 474 10497 341 1039 10498 340 475 10499 352 477 10500 345 488 10501 344 478 10502 352 480 10503 343 1032 10504 342 481 10505 346 483 10506 347 494 10507 338 484 10508 346 486 10509 337 1046 10510 344 487 10511 348 489 10512 349 476 10513 340 490 10514 348 492 10515 339 1025 10516 338 493 10517 193 495 10518 201 6390 10519 200 496 10520 193 498 10521 194 6391 10522 202 499 10523 196 501 10524 204 6392 10525 203 502 10526 196 504 10527 192 6393 10528 200 505 10529 198 507 10530 206 6394 10531 205 508 10532 198 510 10533 195 6395 10534 203 511 10535 199 513 10536 207 6396 10537 202 514 10538 199 516 10539 197 6397 10540 205 517 10541 200 519 10542 201 6398 10543 209 520 10544 202 522 10545 210 6399 10546 209 523 10547 203 525 10548 204 6400 10549 212 526 10550 200 528 10551 208 6401 10552 212 529 10553 205 531 10554 206 6402 10555 214 532 10556 203 534 10557 211 6403 10558 214 535 10559 202 537 10560 207 6404 10561 215 538 10562 205 540 10563 213 6405 10564 215 541 10565 208 543 10566 209 547 10567 325 544 10568 210 546 10569 324 557 10570 325 544 10571 211 548 10572 212 551 10573 327 549 10574 208 543 10575 326 545 10576 327 549 10577 213 552 10578 214 555 10579 321 553 10580 211 548 10581 328 550 10582 321 553 10583 210 546 10584 215 558 10585 323 556 10586 213 552 10587 322 554 10588 323 556 10589 216 559 10590 326 545 10591 325 544 10592 217 561 10593 325 544 10594 324 557 10595 328 550 10596 327 549 10597 220 563 10598 220 565 10599 327 549 10600 326 545 10601 322 554 10602 321 553 10603 222 567 10604 222 569 10605 321 553 10606 328 550 10607 324 557 10608 323 556 10609 223 571 10610 223 573 10611 323 556 10612 322 554 10613 225 575 10614 233 6406 10615 232 576 10616 226 578 10617 234 578 10618 233 578 10619 228 579 10620 236 6407 10621 235 580 10622 228 582 10623 224 6408 10624 232 583 10625 230 585 10626 238 6409 10627 237 586 10628 227 588 10629 235 6410 10630 238 589 10631 231 591 10632 239 6411 10633 234 592 10634 231 594 10635 229 6412 10636 237 595 10637 232 597 10638 233 6413 10639 241 598 10640 234 600 10641 242 614 10642 241 598 10643 235 602 10644 236 6414 10645 244 603 10646 232 605 10647 240 599 10648 244 603 10649 237 607 10650 238 6415 10651 246 608 10652 235 610 10653 243 604 10654 246 608 10655 234 612 10656 239 6416 10657 247 613 10658 237 615 10659 245 609 10660 247 613 10661 240 599 10662 241 598 10663 249 617 10664 242 614 10665 250 624 10666 249 617 10667 243 604 10668 244 603 10669 252 619 10670 240 599 10671 248 618 10672 252 619 10673 245 609 10674 246 608 10675 254 621 10676 243 604 10677 251 620 10678 254 621 10679 242 614 10680 247 613 10681 255 623 10682 245 609 10683 253 622 10684 255 623 10685 249 625 10686 257 6417 10687 256 626 10688 249 628 10689 250 6418 10690 258 629 10691 252 631 10692 260 6419 10693 259 632 10694 252 634 10695 248 6420 10696 256 635 10697 253 637 10698 254 6421 10699 262 638 10700 254 640 10701 251 6422 10702 259 640 10703 255 642 10704 263 6423 10705 258 643 10706 253 645 10707 261 6424 10708 263 646 10709 257 648 10710 265 668 10711 264 649 10712 257 651 10713 258 665 10714 266 652 10715 260 654 10716 268 672 10717 267 655 10718 260 657 10719 256 650 10720 264 649 10721 262 659 10722 270 675 10723 269 660 10724 262 662 10725 259 656 10726 267 655 10727 263 664 10728 271 678 10729 266 652 10730 263 666 10731 261 661 10732 269 660 10733 265 668 10734 273 680 10735 272 669 10736 265 653 10737 266 652 10738 274 670 10739 268 672 10740 276 684 10741 275 673 10742 268 658 10743 264 649 10744 272 669 10745 270 675 10746 278 688 10747 277 676 10748 270 663 10749 267 655 10750 275 673 10751 271 678 10752 279 692 10753 274 670 10754 271 667 10755 269 660 10756 277 676 10757 273 680 10758 281 696 10759 280 681 10760 273 671 10761 274 670 10762 282 682 10763 276 684 10764 284 700 10765 283 685 10766 276 674 10767 272 669 10768 280 686 10769 278 688 10770 286 704 10771 285 689 10772 278 677 10773 275 673 10774 283 690 10775 279 692 10776 287 708 10777 282 693 10778 279 679 10779 277 676 10780 285 694 10781 281 696 10782 289 6425 10783 288 697 10784 281 683 10785 282 682 10786 290 698 10787 284 700 10788 292 6426 10789 291 701 10790 284 687 10791 280 686 10792 288 702 10793 286 704 10794 294 6427 10795 293 705 10796 286 691 10797 283 690 10798 291 706 10799 287 708 10800 295 6428 10801 290 709 10802 287 695 10803 285 694 10804 293 710 10805 288 697 10806 289 6425 10807 297 712 10808 290 698 10809 298 722 10810 297 714 10811 291 701 10812 292 6426 10813 300 715 10814 288 702 10815 296 713 10816 300 717 10817 293 705 10818 294 6427 10819 302 718 10820 291 706 10821 299 716 10822 302 720 10823 290 709 10824 295 6428 10825 303 721 10826 293 710 10827 301 719 10828 303 723 10829 296 713 10830 297 712 10831 305 724 10832 298 722 10833 306 731 10834 305 724 10835 299 716 10836 300 715 10837 308 726 10838 296 713 10839 304 725 10840 308 726 10841 301 719 10842 302 718 10843 310 728 10844 299 716 10845 307 727 10846 310 728 10847 298 722 10848 303 721 10849 311 730 10850 301 719 10851 309 729 10852 311 730 10853 304 725 10854 305 724 10855 314 1 10856 306 731 10857 315 2 10858 314 1 10859 307 727 10860 308 726 10861 317 3 10862 304 725 10863 312 4 10864 317 3 10865 309 729 10866 310 728 10867 319 5 10868 307 727 10869 316 6 10870 319 5 10871 306 731 10872 311 730 10873 320 7 10874 309 729 10875 318 8 10876 320 7 10877 230 732 10878 229 736 10879 221 733 10880 231 735 10881 223 738 10882 221 733 10883 231 735 10884 226 740 10885 218 737 10886 225 739 10887 217 742 10888 218 737 10889 225 739 10890 224 744 10891 216 741 10892 228 743 10893 220 746 10894 216 741 10895 228 743 10896 227 747 10897 219 745 10898 230 732 10899 222 734 10900 219 745 10901 345 488 10902 195 759 10903 198 748 10904 347 494 10905 346 483 10906 198 749 10907 347 494 10908 197 750 10909 199 751 10910 349 476 10911 348 489 10912 199 752 10913 349 476 10914 194 753 10915 193 754 10916 351 482 10917 350 471 10918 193 755 10919 351 482 10920 192 756 10921 196 757 10922 345 488 10923 352 477 10924 196 758 10925 187 760 10926 354 453 10927 353 455 10928 354 453 10929 187 760 10930 551 761 10931 353 455 10932 553 454 10933 554 763 10934 355 457 10935 506 6389 10936 505 764 10937 336 765 10938 329 767 10939 356 458 10940 508 766 10941 507 456 10942 356 458 10943 189 412 10944 190 6386 10945 357 768 10946 357 768 10947 190 6386 10948 554 769 10949 358 447 10950 556 449 10951 557 770 10952 359 451 10953 509 1051 10954 508 771 10955 330 773 10956 360 452 10957 359 451 10958 511 774 10959 510 450 10960 360 452 10961 186 403 10962 362 429 10963 361 431 10964 362 429 10965 186 403 10966 563 775 10967 361 431 10968 565 430 10969 566 777 10970 363 433 10971 518 6388 10972 517 778 10973 332 779 10974 333 781 10975 364 434 10976 520 780 10977 519 432 10978 364 434 10979 189 782 10980 365 465 10981 366 467 10982 365 465 10983 189 782 10984 557 783 10985 366 467 10986 559 466 10987 560 785 10988 367 470 10989 512 469 10990 511 786 10991 330 787 10992 331 789 10993 368 468 10994 514 788 10995 513 1055 10996 368 468 10997 184 790 10998 369 441 10999 370 443 11000 369 441 11001 184 790 11002 569 791 11003 370 443 11004 571 442 11005 572 793 11006 371 446 11007 524 445 11008 523 794 11009 334 795 11010 335 797 11011 372 444 11012 526 796 11013 525 1069 11014 372 444 11015 186 418 11016 191 6387 11017 374 798 11018 374 798 11019 191 6387 11020 560 799 11021 373 459 11022 562 461 11023 563 800 11024 375 464 11025 515 463 11026 514 801 11027 332 803 11028 376 462 11029 375 464 11030 517 804 11031 516 1060 11032 376 462 11033 184 400 11034 185 6383 11035 377 805 11036 377 805 11037 185 6383 11038 566 806 11039 378 423 11040 568 425 11041 569 807 11042 379 427 11043 521 1065 11044 520 808 11045 334 810 11046 380 428 11047 379 427 11048 523 811 11049 522 426 11050 380 428 11051 187 406 11052 188 6385 11053 382 812 11054 382 812 11055 188 6385 11056 572 813 11057 381 435 11058 574 437 11059 551 814 11060 383 440 11061 527 439 11062 526 815 11063 336 817 11064 384 438 11065 383 440 11066 505 818 11067 528 1074 11068 384 438 11069 96 819 11070 97 6429 11071 385 820 11072 385 820 11073 97 6429 11074 105 822 11075 386 821 11076 388 6430 11077 104 824 11078 105 822 11079 113 268 11080 389 825 11081 104 824 11082 388 6430 11083 390 826 11084 112 270 11085 390 826 11086 389 825 11087 99 827 11088 100 6431 11089 392 828 11090 392 828 11091 100 6431 11092 108 830 11093 391 829 11094 394 6432 11095 107 832 11096 108 830 11097 116 274 11098 395 833 11099 107 832 11100 394 6432 11101 396 834 11102 115 276 11103 396 834 11104 395 833 11105 101 835 11106 102 6433 11107 397 836 11108 397 836 11109 102 6433 11110 110 838 11111 398 837 11112 400 6434 11113 109 840 11114 110 838 11115 118 280 11116 401 841 11117 109 840 11118 400 6434 11119 402 842 11120 118 280 11121 117 282 11122 402 842 11123 98 843 11124 103 6435 11125 404 844 11126 404 844 11127 103 6435 11128 111 846 11129 403 845 11130 406 6436 11131 106 848 11132 111 846 11133 119 286 11134 407 849 11135 106 848 11136 406 6436 11137 408 850 11138 119 286 11139 114 288 11140 408 850 11141 385 851 11142 409 6437 11143 410 852 11144 385 854 11145 387 860 11146 411 855 11147 386 857 11148 410 6438 11149 412 858 11150 387 860 11151 389 6439 11152 413 861 11153 388 859 11154 412 858 11155 414 862 11156 390 864 11157 414 6440 11158 413 865 11159 392 867 11160 416 6441 11161 415 868 11162 392 870 11163 393 876 11164 417 871 11165 391 873 11166 415 6442 11167 418 874 11168 393 876 11169 395 6443 11170 419 877 11171 394 875 11172 418 874 11173 420 878 11174 396 880 11175 420 6444 11176 419 881 11177 397 883 11178 421 6445 11179 422 884 11180 397 886 11181 399 892 11182 423 887 11183 398 889 11184 422 6446 11185 424 890 11186 399 892 11187 401 6447 11188 425 893 11189 400 891 11190 424 890 11191 426 894 11192 402 896 11193 426 6448 11194 425 897 11195 404 899 11196 428 6449 11197 427 900 11198 404 902 11199 405 908 11200 429 903 11201 403 905 11202 427 6450 11203 430 906 11204 405 908 11205 407 6451 11206 431 909 11207 406 907 11208 430 906 11209 432 910 11210 408 912 11211 432 6452 11212 431 913 11213 98 915 11214 434 918 11215 433 916 11216 434 918 11217 98 915 11218 106 919 11219 105 921 11220 97 917 11221 433 916 11222 106 919 11223 114 271 11224 437 923 11225 105 921 11226 436 922 11227 438 924 11228 114 271 11229 113 273 11230 438 924 11231 96 925 11232 439 928 11233 440 926 11234 439 928 11235 96 925 11236 104 929 11237 108 931 11238 100 927 11239 440 926 11240 104 929 11241 112 277 11242 443 933 11243 108 931 11244 442 932 11245 444 934 11246 116 279 11247 444 934 11248 443 933 11249 99 935 11250 446 938 11251 445 936 11252 446 938 11253 99 935 11254 107 939 11255 110 941 11256 102 937 11257 445 936 11258 107 939 11259 115 283 11260 449 943 11261 110 941 11262 448 942 11263 450 944 11264 118 285 11265 450 944 11266 449 943 11267 101 945 11268 451 948 11269 452 946 11270 451 948 11271 101 945 11272 109 949 11273 111 951 11274 103 947 11275 452 946 11276 109 949 11277 117 289 11278 455 953 11279 111 951 11280 454 952 11281 456 954 11282 119 291 11283 456 954 11284 455 953 11285 433 955 11286 434 6453 11287 458 956 11288 434 958 11289 435 964 11290 459 959 11291 433 961 11292 457 6454 11293 460 962 11294 435 964 11295 437 6455 11296 461 965 11297 436 963 11298 460 962 11299 462 966 11300 437 968 11301 438 6456 11302 462 969 11303 440 971 11304 439 6457 11305 463 972 11306 439 974 11307 441 980 11308 465 975 11309 440 977 11310 464 6458 11311 466 978 11312 441 980 11313 443 6459 11314 467 981 11315 442 979 11316 466 978 11317 468 982 11318 443 984 11319 444 6460 11320 468 985 11321 445 987 11322 446 6461 11323 470 988 11324 446 990 11325 447 996 11326 471 991 11327 445 993 11328 469 6462 11329 472 994 11330 447 996 11331 449 6463 11332 473 997 11333 448 995 11334 472 994 11335 474 998 11336 449 1000 11337 450 6464 11338 474 1001 11339 452 1003 11340 451 6465 11341 475 1004 11342 451 1006 11343 453 1012 11344 477 1007 11345 452 1009 11346 476 6466 11347 478 1010 11348 453 1012 11349 455 6467 11350 479 1013 11351 454 1011 11352 478 1010 11353 480 1014 11354 455 1016 11355 456 6468 11356 480 1017 11357 330 773 11358 329 772 11359 481 1019 11360 337 485 11361 483 1021 11362 481 1019 11363 338 484 11364 484 6469 11365 483 1021 11366 330 787 11367 482 6470 11368 485 1022 11369 338 493 11370 339 1025 11371 486 1023 11372 339 1025 11373 331 789 11374 485 1022 11375 334 810 11376 333 809 11377 487 1026 11378 341 473 11379 489 1028 11380 487 1026 11381 342 472 11382 490 6471 11383 489 1028 11384 334 795 11385 488 6472 11386 491 1029 11387 342 481 11388 343 1032 11389 492 1030 11390 343 1032 11391 335 797 11392 491 1029 11393 332 803 11394 331 802 11395 493 1033 11396 339 491 11397 495 1035 11398 493 1033 11399 340 490 11400 496 6473 11401 495 1035 11402 332 779 11403 494 6474 11404 497 1036 11405 340 475 11406 341 1039 11407 498 1037 11408 341 1039 11409 333 781 11410 497 1036 11411 336 817 11412 335 816 11413 499 1040 11414 343 479 11415 501 1042 11416 499 1040 11417 344 478 11418 502 6475 11419 501 1042 11420 336 765 11421 500 6476 11422 503 1043 11423 344 487 11424 337 1046 11425 504 1044 11426 337 1046 11427 329 767 11428 503 1043 11429 529 1047 11430 506 6389 11431 507 456 11432 530 1048 11433 507 456 11434 508 766 11435 532 1050 11436 531 1075 11437 508 771 11438 533 1052 11439 532 1050 11440 509 1051 11441 533 1052 11442 510 450 11443 511 774 11444 535 1054 11445 534 1076 11446 511 786 11447 535 1054 11448 512 469 11449 513 1055 11450 536 1056 11451 513 1055 11452 514 788 11453 538 1058 11454 537 1077 11455 514 801 11456 539 1059 11457 538 1058 11458 515 463 11459 540 1061 11460 518 6388 11461 519 432 11462 541 1062 11463 519 432 11464 520 780 11465 543 1064 11466 542 1078 11467 520 808 11468 544 1066 11469 543 1064 11470 521 1065 11471 544 1066 11472 522 426 11473 523 811 11474 546 1068 11475 545 1079 11476 523 794 11477 546 1068 11478 524 445 11479 525 1069 11480 547 1070 11481 525 1069 11482 526 796 11483 549 1072 11484 548 1080 11485 526 815 11486 550 1073 11487 549 1072 11488 527 439 11489 553 454 11490 552 762 11491 529 1047 11492 553 454 11493 530 1048 11494 531 1049 11495 555 448 11496 554 769 11497 531 1075 11498 556 449 11499 555 448 11500 532 1050 11501 556 449 11502 533 1052 11503 534 1053 11504 558 784 11505 557 783 11506 534 1076 11507 558 784 11508 535 1054 11509 536 1056 11510 559 466 11511 536 1056 11512 537 1057 11513 561 460 11514 560 799 11515 537 1077 11516 561 460 11517 538 1058 11518 539 1059 11519 565 430 11520 564 776 11521 540 1061 11522 565 430 11523 541 1062 11524 542 1063 11525 567 424 11526 566 806 11527 542 1078 11528 568 425 11529 567 424 11530 543 1064 11531 568 425 11532 544 1066 11533 545 1067 11534 570 792 11535 569 791 11536 545 1079 11537 570 792 11538 546 1068 11539 547 1070 11540 571 442 11541 547 1070 11542 548 1071 11543 573 436 11544 572 813 11545 548 1080 11546 573 436 11547 549 1072 11548 550 1073 11549 575 1081 11550 577 6477 11551 578 1082 11552 575 1084 11553 579 6478 11554 580 1085 11555 582 1087 11556 581 6479 11557 575 1081 11558 583 1088 11559 579 6478 11560 575 1084 11561 827 1090 11562 828 1570 11563 585 1091 11564 829 1093 11565 584 1114 11566 585 1094 11567 825 1096 11568 826 1566 11569 587 1097 11570 827 1099 11571 586 1118 11572 587 1100 11573 831 1102 11574 590 1125 11575 591 1103 11576 830 1105 11577 591 6480 11578 584 1106 11579 831 1108 11580 832 1578 11581 589 1109 11582 832 1111 11583 825 1580 11584 588 1112 11585 584 1114 11586 595 6481 11587 596 1115 11588 586 1092 11589 585 1091 11590 596 1116 11591 586 1118 11592 597 6482 11593 598 1119 11594 588 1098 11595 587 1097 11596 598 1120 11597 588 1112 11598 599 6483 11599 592 1122 11600 590 1110 11601 589 1109 11602 592 1123 11603 590 1125 11604 593 6484 11605 594 1126 11606 584 1106 11607 591 6480 11608 594 1127 11609 814 1129 11610 815 6485 11611 631 1130 11612 814 1132 11613 632 1218 11614 633 1133 11615 812 1135 11616 813 1561 11617 633 1136 11618 812 1138 11619 626 1211 11620 627 1139 11621 810 1141 11622 811 6486 11623 627 1142 11624 810 1144 11625 628 1213 11626 629 1145 11627 816 1147 11628 630 1564 11629 631 1148 11630 601 1150 11631 600 6487 11632 650 1151 11633 602 1153 11634 601 1212 11635 651 1154 11636 602 1156 11637 652 1224 11638 653 1157 11639 603 1159 11640 653 1227 11641 654 1160 11642 605 1162 11643 604 1215 11644 654 1163 11645 609 1165 11646 608 6488 11647 658 1166 11648 609 1168 11649 659 1235 11650 660 1169 11651 607 1171 11652 649 1242 11653 650 1172 11654 606 1174 11655 605 6489 11656 622 1175 11657 655 1177 11658 656 1209 11659 622 1178 11660 581 1180 11661 620 6490 11662 621 1181 11663 606 1183 11664 623 1176 11665 624 1184 11666 581 1186 11667 582 6491 11668 625 1187 11669 649 1189 11670 607 6492 11671 624 1190 11672 614 1192 11673 611 6493 11674 610 1193 11675 657 1195 11676 658 1232 11677 608 1196 11678 617 1198 11679 616 1283 11680 608 1199 11681 617 1198 11682 609 1200 11683 612 1201 11684 661 1203 11685 618 1210 11686 612 1204 11687 614 1206 11688 619 6494 11689 613 1207 11690 656 1209 11691 657 1195 11692 616 1197 11693 648 1191 11694 624 1190 11695 618 1210 11696 626 1211 11697 600 6487 11698 601 1150 11699 628 1143 11700 627 1142 11701 601 1212 11702 628 1213 11703 602 1156 11704 603 1158 11705 630 1214 11706 629 6495 11707 603 1159 11708 631 1148 11709 630 1564 11710 604 1215 11711 632 1131 11712 631 1130 11713 605 1216 11714 632 1218 11715 606 6496 11716 607 1219 11717 633 1136 11718 607 1171 11719 600 1173 11720 637 1220 11721 651 1152 11722 650 1151 11723 637 1222 11724 638 1248 11725 652 1155 11726 639 1223 11727 653 1157 11728 652 1224 11729 639 1226 11730 640 1252 11731 654 1160 11732 640 1228 11733 641 1255 11734 655 1164 11735 641 1229 11736 642 1230 11737 656 1209 11738 642 1230 11739 643 1231 11740 657 1195 11741 643 1231 11742 644 1261 11743 658 1232 11744 644 1233 11745 645 1262 11746 659 1167 11747 646 1234 11748 660 1169 11749 659 1235 11750 647 1237 11751 661 1203 11752 660 1205 11753 634 1239 11754 648 1191 11755 661 1203 11756 635 1240 11757 649 1189 11758 648 1191 11759 636 1241 11760 650 1172 11761 649 1242 11762 635 1240 11763 634 1239 11764 625 1244 11765 635 1243 11766 582 6497 11767 576 1246 11768 636 1221 11769 576 6498 11770 578 1247 11771 638 1248 11772 637 1222 11773 578 1249 11774 638 1225 11775 577 6499 11776 580 1251 11777 640 1252 11778 639 1226 11779 580 1253 11780 641 1255 11781 640 1228 11782 579 1256 11783 641 1229 11784 583 6500 11785 621 1258 11786 642 1230 11787 621 1258 11788 615 1259 11789 643 1231 11790 615 6501 11791 610 1260 11792 645 1262 11793 644 1233 11794 610 1263 11795 645 1236 11796 611 6502 11797 613 1265 11798 647 1237 11799 646 1238 11800 613 1266 11801 634 1239 11802 647 1237 11803 619 1267 11804 620 39 11805 662 39 11806 663 39 11807 615 39 11808 665 39 11809 664 39 11810 621 39 11811 663 39 11812 665 39 11813 625 39 11814 666 39 11815 662 39 11816 619 39 11817 667 39 11818 666 39 11819 614 39 11820 664 39 11821 667 39 11822 662 1269 11823 668 1277 11824 669 1270 11825 665 1272 11826 671 1275 11827 670 1273 11828 665 1272 11829 663 1271 11830 669 1270 11831 662 1269 11832 666 1279 11833 672 1276 11834 667 1278 11835 673 1280 11836 672 1276 11837 667 1278 11838 664 1274 11839 670 1273 11840 623 1176 11841 622 1175 11842 674 1281 11843 616 1283 11844 676 1285 11845 674 1281 11846 616 1283 11847 617 1198 11848 677 1284 11849 623 1176 11850 675 1282 11851 678 1286 11852 618 1202 11853 679 1287 11854 677 1284 11855 618 1202 11856 624 1184 11857 678 1286 11858 668 1277 11859 680 1292 11860 681 1288 11861 670 1273 11862 671 1275 11863 683 1289 11864 669 1270 11865 681 1288 11866 683 1289 11867 668 1277 11868 672 1276 11869 684 1291 11870 672 1276 11871 673 1280 11872 685 1293 11873 670 1273 11874 682 1290 11875 685 1293 11876 675 1282 11877 674 1281 11878 686 1294 11879 674 1281 11880 676 1285 11881 688 1296 11882 677 1284 11883 689 1299 11884 688 1296 11885 675 1282 11886 687 1295 11887 690 1297 11888 677 1284 11889 679 1287 11890 691 1298 11891 678 1286 11892 690 1297 11893 691 1298 11894 687 1300 11895 686 6503 11896 681 1301 11897 688 1303 11898 683 6504 11899 681 1304 11900 689 1306 11901 682 1311 11902 683 1307 11903 687 1300 11904 680 1302 11905 684 1308 11906 689 1306 11907 691 27 11908 685 1310 11909 691 1312 11910 690 6505 11911 684 1313 11912 695 1315 11913 694 6506 11914 692 1316 11915 692 1318 11916 694 6507 11917 697 1319 11918 699 1321 11919 693 1317 11920 692 1316 11921 692 1318 11922 696 1320 11923 700 1323 11924 517 1325 11925 835 1582 11926 836 1326 11927 539 1328 11928 516 6508 11929 836 1329 11930 540 1331 11931 833 1581 11932 834 1332 11933 517 1334 11934 518 6509 11935 834 1335 11936 563 1337 11937 562 6510 11938 838 1338 11939 562 1340 11940 539 6511 11941 837 1341 11942 563 1343 11943 839 1583 11944 840 1344 11945 564 1346 11946 840 1584 11947 833 1347 11948 713 1349 11949 712 1380 11950 701 1350 11951 703 1352 11952 714 6512 11953 713 1353 11954 715 1355 11955 714 1384 11956 703 1356 11957 705 1358 11958 716 6513 11959 715 1359 11960 709 1361 11961 716 1387 11962 705 1362 11963 707 1364 11964 710 6514 11965 709 1365 11966 711 1367 11967 710 1376 11968 707 1368 11969 701 1370 11970 712 1377 11971 711 1371 11972 709 1365 11973 710 6514 11974 822 1373 11975 711 1367 11976 821 6515 11977 822 1375 11978 712 1377 11979 820 6516 11980 821 1378 11981 713 1349 11982 819 6517 11983 820 1379 11984 713 1353 11985 714 6512 11986 818 1381 11987 715 1355 11988 817 6518 11989 818 1383 11990 715 1359 11991 716 6513 11992 824 1385 11993 716 1387 11994 709 1361 11995 823 1388 11996 768 1390 11997 767 1470 11998 717 1391 11999 719 1393 12000 769 1472 12001 768 1394 12002 770 1396 12003 769 1475 12004 719 1397 12005 721 1399 12006 771 1477 12007 770 1400 12008 722 1402 12009 772 1480 12010 771 1403 12011 726 1405 12012 776 1488 12013 775 1406 12014 777 1408 12015 776 1491 12016 726 1409 12017 767 1411 12018 766 1497 12019 724 1412 12020 723 1414 12021 740 1527 12022 739 1415 12023 739 1417 12024 773 1449 12025 772 1418 12026 738 1420 12027 737 6519 12028 698 1421 12029 741 1423 12030 740 1527 12031 723 1424 12032 698 1426 12033 737 6520 12034 742 1427 12035 766 1429 12036 765 1450 12037 741 1430 12038 727 1432 12039 728 6521 12040 731 1433 12041 725 1435 12042 775 1485 12043 774 1436 12044 734 1438 12045 726 6522 12046 725 1439 12047 729 1441 12048 726 6522 12049 734 1438 12050 778 1443 12051 777 1493 12052 729 1444 12053 731 1446 12054 728 6523 12055 730 1447 12056 733 1437 12057 774 1436 12058 773 1449 12059 735 1445 12060 741 1430 12061 765 1450 12062 718 1392 12063 717 1391 12064 743 1451 12065 745 1453 12066 719 1393 12067 718 1395 12068 720 1398 12069 719 1397 12070 745 1455 12071 747 1457 12072 721 1399 12073 720 1401 12074 748 1459 12075 722 1402 12076 721 1404 12077 749 1461 12078 723 6524 12079 722 1462 12080 724 1464 12081 723 6525 12082 749 1465 12083 717 1413 12084 724 1412 12085 750 1467 12086 754 1469 12087 753 1503 12088 767 1470 12089 754 1471 12090 768 1394 12091 769 1472 12092 756 1474 12093 755 1506 12094 769 1475 12095 756 1476 12096 770 1400 12097 771 1477 12098 757 1479 12099 771 1403 12100 772 1480 12101 758 1482 12102 772 1418 12103 773 1449 12104 759 1483 12105 773 1449 12106 774 1436 12107 760 1484 12108 774 1436 12109 775 1485 12110 761 1487 12111 775 1406 12112 776 1488 12113 763 1490 12114 762 1514 12115 776 1491 12116 764 1492 12117 763 6526 12118 777 1493 12119 751 1494 12120 764 1492 12121 778 1443 12122 752 1495 12123 751 1494 12124 765 1450 12125 753 1496 12126 752 1501 12127 766 1497 12128 742 1498 12129 751 1494 12130 752 1495 12131 693 1500 12132 699 6527 12133 752 1501 12134 754 1469 12135 695 6528 12136 693 1502 12137 755 1473 12138 694 6529 12139 695 1504 12140 697 1505 12141 694 6530 12142 755 1506 12143 757 1478 12144 696 6531 12145 697 1507 12146 758 1481 12147 700 6532 12148 696 1508 12149 738 1509 12150 700 6533 12151 758 1482 12152 732 1510 12153 738 6534 12154 759 1483 12155 727 1511 12156 732 1510 12157 760 1484 12158 762 1489 12159 728 6535 12160 727 1512 12161 730 1513 12162 728 6536 12163 762 1514 12164 730 1515 12165 763 6526 12166 764 1492 12167 736 1517 12168 764 1492 12169 751 1494 12170 780 39 12171 779 39 12172 737 39 12173 781 39 12174 782 39 12175 732 39 12176 782 39 12177 780 39 12178 738 39 12179 779 39 12180 783 39 12181 742 39 12182 783 39 12183 784 39 12184 736 39 12185 784 39 12186 781 39 12187 731 39 12188 786 1518 12189 785 1532 12190 779 1519 12191 787 1521 12192 788 1534 12193 782 1522 12194 782 1522 12195 788 1534 12196 786 1518 12197 779 1519 12198 785 1532 12199 789 1524 12200 789 1524 12201 790 1537 12202 784 1526 12203 784 1526 12204 790 1537 12205 787 1521 12206 740 1527 12207 792 1538 12208 791 1528 12209 791 1528 12210 793 1541 12211 733 1440 12212 733 1440 12213 793 1541 12214 794 1529 12215 795 1530 12216 792 1538 12217 740 1527 12218 794 1529 12219 796 1544 12220 735 1442 12221 735 1442 12222 796 1544 12223 795 1530 12224 798 1531 12225 797 6537 12226 785 1532 12227 787 1521 12228 799 6538 12229 800 1533 12230 800 1533 12231 798 1531 12232 786 1518 12233 785 1532 12234 797 6537 12235 801 1535 12236 789 1524 12237 801 1535 12238 802 1536 12239 802 1536 12240 799 6538 12241 787 1521 12242 792 1538 12243 804 6539 12244 803 1539 12245 791 1528 12246 803 1539 12247 805 1540 12248 805 1540 12249 806 6540 12250 794 1529 12251 807 1542 12252 804 6539 12253 792 1538 12254 794 1529 12255 806 6540 12256 808 1543 12257 808 1543 12258 807 1542 12259 795 1530 12260 798 1545 12261 803 6541 12262 804 1546 12263 800 1548 12264 799 1560 12265 806 1549 12266 798 1551 12267 800 6542 12268 805 1552 12269 801 1554 12270 797 1547 12271 804 1546 12272 801 1556 12273 807 6543 12274 808 1557 12275 802 1559 12276 808 6544 12277 806 1549 12278 598 1119 12279 597 6482 12280 810 1144 12281 596 1116 12282 811 6486 12283 810 1141 12284 596 1115 12285 595 6481 12286 812 1138 12287 595 1128 12288 594 1127 12289 813 1561 12290 594 1126 12291 593 6484 12292 814 1132 12293 592 1123 12294 815 6485 12295 814 1129 12296 592 1562 12297 599 1121 12298 816 1147 12299 599 1121 12300 598 1120 12301 816 1147 12302 598 1120 12303 809 6545 12304 816 1147 12305 816 1147 12306 809 6545 12307 629 1563 12308 818 1383 12309 817 6518 12310 746 1456 12311 818 1381 12312 745 1453 12313 744 1454 12314 820 1379 12315 819 6517 12316 744 1452 12317 821 1378 12318 820 6516 12319 743 1468 12320 822 1375 12321 821 6515 12322 750 1466 12323 822 1373 12324 749 1461 12325 748 1463 12326 823 1388 12327 748 1459 12328 747 1460 12329 817 1386 12330 824 1385 12331 747 1457 12332 550 1565 12333 528 6546 12334 826 1566 12335 505 1567 12336 827 1099 12337 826 1101 12338 505 1569 12339 506 6547 12340 828 1570 12341 529 1571 12342 829 1093 12343 828 1095 12344 552 1573 12345 830 1105 12346 829 1107 12347 551 1575 12348 831 1102 12349 830 1104 12350 551 1577 12351 574 6548 12352 832 1578 12353 574 1579 12354 550 6549 12355 825 1580 12356 833 1581 12357 705 1358 12358 704 1360 12359 835 1336 12360 834 1335 12361 704 1357 12362 835 1582 12363 703 1352 12364 702 1354 12365 837 1330 12366 836 1329 12367 702 1351 12368 838 1342 12369 837 1341 12370 701 1370 12371 839 1339 12372 838 1338 12373 708 1369 12374 839 1583 12375 707 1364 12376 706 1366 12377 840 1584 12378 706 1363 12379 705 1362 12380 900 1585 12381 859 6550 12382 886 1586 12383 860 1588 12384 887 1695 12385 911 1589 12386 904 1591 12387 848 6551 12388 866 1592 12389 882 1594 12390 883 1644 12391 866 1595 12392 893 1597 12393 894 1654 12394 865 1598 12395 847 1600 12396 867 1648 12397 915 1601 12398 850 1603 12399 905 1699 12400 906 1604 12401 892 1606 12402 851 6552 12403 868 1607 12404 902 1609 12405 841 1613 12406 853 1610 12407 884 1612 12408 885 1684 12409 853 1610 12410 895 1614 12411 896 1691 12412 855 1615 12413 842 1617 12414 854 1697 12415 913 1618 12416 844 1620 12417 907 1702 12418 908 1621 12419 890 1623 12420 845 1711 12421 857 1624 12422 901 1626 12423 853 6553 12424 859 1627 12425 853 1629 12426 885 1685 12427 886 1630 12428 855 1632 12429 896 1692 12430 897 1633 12431 913 1635 12432 854 1696 12433 860 1636 12434 908 1638 12435 909 1704 12436 862 1639 12437 889 1641 12438 857 6554 12439 863 1642 12440 883 1644 12441 884 1683 12442 841 1645 12443 903 1593 12444 866 1592 12445 841 1646 12446 867 1648 12447 842 1698 12448 914 1649 12449 891 1608 12450 868 1607 12451 845 1650 12452 870 1605 12453 906 1604 12454 907 1652 12455 894 1654 12456 895 1690 12457 843 1655 12458 871 1656 12459 849 6555 12460 865 1657 12461 872 1658 12462 865 1657 12463 843 1659 12464 873 1661 12465 843 1616 12466 855 1615 12467 874 1663 12468 855 6556 12469 861 1664 12470 898 1666 12471 875 1686 12472 861 1667 12473 876 1669 12474 862 6557 12475 909 1670 12476 878 1672 12477 877 1687 12478 864 1673 12479 879 1675 12480 878 1688 12481 858 1676 12482 880 1678 12483 879 1689 12484 846 1679 12485 881 1681 12486 880 1678 12487 869 1680 12488 883 1644 12489 882 1594 12490 871 1656 12491 884 1683 12492 883 1644 12493 872 1658 12494 885 1684 12495 884 1612 12496 873 1661 12497 875 1665 12498 886 1630 12499 885 1685 12500 899 1587 12501 886 1586 12502 875 1686 12503 889 1641 12504 888 1643 12505 877 1687 12506 879 1675 12507 890 1623 12508 889 1625 12509 880 1678 12510 891 1608 12511 890 1651 12512 881 1681 12513 892 1606 12514 891 1608 12515 850 1603 12516 870 1605 12517 894 1654 12518 895 1690 12519 894 1654 12520 870 1605 12521 896 1691 12522 895 1614 12523 844 1620 12524 896 1692 12525 856 1640 12526 862 1639 12527 876 1669 12528 898 1666 12529 897 1668 12530 860 1694 12531 900 1585 12532 899 1587 12533 901 1626 12534 900 1628 12535 860 1636 12536 842 1617 12537 902 1609 12538 901 1611 12539 867 1648 12540 903 1593 12541 902 1647 12542 847 1600 12543 904 1591 12544 903 1593 12545 905 1699 12546 852 6558 12547 869 1700 12548 906 1604 12549 869 1700 12550 846 1701 12551 907 1702 12552 846 1677 12553 858 1676 12554 908 1638 12555 858 6559 12556 864 1703 12557 910 1671 12558 909 1670 12559 864 1705 12560 877 1706 12561 888 1707 12562 911 1589 12563 912 1590 12564 911 1589 12565 888 1707 12566 857 1709 12567 913 1635 12568 912 1637 12569 914 1619 12570 913 1618 12571 857 1624 12572 915 1601 12573 914 1649 12574 845 1712 12575 916 1602 12576 915 1601 12577 868 1713 12578 887 1695 12579 1129 1719 12580 1130 1715 12581 876 1669 12582 910 1671 12583 1131 1716 12584 911 1589 12585 1130 1715 12586 1131 1716 12587 887 1695 12588 899 1587 12589 1128 1718 12590 899 1587 12591 898 1666 12592 1133 1720 12593 876 1669 12594 1132 1717 12595 1133 1720 12596 918 1721 12597 917 1731 12598 1123 1722 12599 920 1724 12600 1125 2157 12601 1126 1725 12602 1125 1727 12603 920 6560 12604 918 1728 12605 921 1730 12606 1122 2153 12607 1123 1722 12608 922 1732 12609 919 1726 12610 1126 1725 12611 929 1734 12612 930 1738 12613 931 1735 12614 929 1734 12615 933 1740 12616 934 1737 12617 929 1734 12618 935 1742 12619 936 1739 12620 929 1734 12621 932 1736 12622 937 1741 12623 938 1743 12624 1019 1919 12625 1018 1744 12626 939 1746 12627 1018 1922 12628 1020 1747 12629 941 1749 12630 1021 1925 12631 1022 1750 12632 938 1752 12633 942 6561 12634 1022 1753 12635 943 1755 12636 1024 1933 12637 1023 1756 12638 944 1757 12639 1023 6562 12640 1021 1758 12641 940 1760 12642 1020 6563 12643 1025 1761 12644 943 1763 12645 945 6564 12646 1025 1764 12647 947 1766 12648 948 6565 12649 949 1767 12650 950 1769 12651 951 6566 12652 948 1770 12653 953 1772 12654 954 6567 12655 955 1773 12656 953 1775 12657 946 6568 12658 949 1776 12659 957 1778 12660 958 6569 12661 959 1779 12662 952 1781 12663 955 6570 12664 958 1782 12665 960 1784 12666 961 6571 12667 951 1785 12668 960 1787 12669 956 6572 12670 959 1788 12671 949 1790 12672 948 6573 12673 962 1791 12674 951 1793 12675 964 1807 12676 962 1791 12677 955 1795 12678 954 6574 12679 965 1796 12680 949 1798 12681 963 1792 12682 965 1796 12683 959 1800 12684 958 6575 12685 967 1801 12686 955 1803 12687 966 1797 12688 967 1801 12689 951 1805 12690 961 6576 12691 969 1806 12692 959 1808 12693 968 1802 12694 969 1806 12695 963 1792 12696 962 1791 12697 970 1810 12698 964 1807 12699 972 1817 12700 970 1810 12701 966 1797 12702 965 1796 12703 973 1812 12704 963 1792 12705 971 1811 12706 973 1812 12707 968 1802 12708 967 1801 12709 975 1814 12710 966 1797 12711 974 1813 12712 975 1814 12713 964 1807 12714 969 1806 12715 977 1816 12716 968 1802 12717 976 1815 12718 977 1816 12719 970 1818 12720 978 6577 12721 979 1819 12722 970 1821 12723 972 6578 12724 980 1822 12725 973 1824 12726 981 6579 12727 982 1825 12728 973 1827 12729 971 6580 12730 979 1828 12731 976 1830 12732 975 6581 12733 983 1831 12734 975 1833 12735 974 6582 12736 982 1834 12737 977 1836 12738 985 6583 12739 980 1837 12740 976 1839 12741 984 6584 12742 985 1840 12743 978 1842 12744 986 1862 12745 987 1843 12746 978 1845 12747 980 1859 12748 988 1846 12749 981 1848 12750 989 1866 12751 990 1849 12752 981 1851 12753 979 1844 12754 987 1843 12755 983 1853 12756 991 1870 12757 992 1854 12758 983 1856 12759 982 1850 12760 990 1849 12761 985 1858 12762 993 1874 12763 988 1846 12764 985 1860 12765 984 1855 12766 992 1854 12767 986 1862 12768 994 6585 12769 995 1863 12770 986 1847 12771 988 1846 12772 996 1864 12773 989 1866 12774 997 6586 12775 998 1867 12776 989 1852 12777 987 1843 12778 995 1868 12779 991 1870 12780 999 6587 12781 1000 1871 12782 991 1857 12783 990 1849 12784 998 1872 12785 993 1874 12786 1001 6588 12787 996 1875 12788 993 1861 12789 992 1854 12790 1000 1876 12791 995 1863 12792 994 6585 12793 1002 1878 12794 996 1864 12795 1004 1892 12796 1002 1880 12797 998 1867 12798 997 6586 12799 1005 1881 12800 995 1868 12801 1003 1895 12802 1005 1883 12803 1000 1871 12804 999 6587 12805 1007 1884 12806 998 1872 12807 1006 1898 12808 1007 1886 12809 996 1875 12810 1001 6588 12811 1009 1887 12812 1000 1876 12813 1008 1901 12814 1009 1889 12815 1003 1879 12816 1002 1878 12817 1010 1890 12818 1004 1892 12819 1012 1900 12820 1010 1890 12821 1006 1882 12822 1005 1881 12823 1013 1893 12824 1003 1895 12825 1011 1891 12826 1013 1893 12827 1008 1885 12828 1007 1884 12829 1015 1896 12830 1006 1898 12831 1014 1894 12832 1015 1896 12833 1004 1888 12834 1009 1887 12835 1017 1899 12836 1008 1901 12837 1016 1897 12838 1017 1899 12839 1011 1891 12840 1010 1890 12841 931 1735 12842 1012 1900 12843 932 1736 12844 931 1735 12845 1014 1894 12846 1013 1893 12847 934 1737 12848 1011 1891 12849 930 1738 12850 934 1737 12851 1016 1897 12852 1015 1896 12853 936 1739 12854 1014 1894 12855 933 1740 12856 936 1739 12857 1012 1900 12858 1017 1899 12859 937 1741 12860 1016 1897 12861 935 1742 12862 937 1741 12863 956 1902 12864 943 1906 12865 944 1903 12866 956 1902 12867 960 1908 12868 945 1905 12869 950 1907 12870 940 1910 12871 945 1905 12872 950 1907 12873 947 1912 12874 939 1909 12875 946 1911 12876 938 1914 12877 939 1909 12878 946 1911 12879 953 1916 12880 942 1913 12881 952 1915 12882 941 1917 12883 942 1913 12884 952 1915 12885 957 1904 12886 944 1903 12887 1026 1918 12888 1018 1744 12889 1019 1919 12890 1028 1921 12891 1020 1747 12892 1018 1922 12893 1030 1924 12894 1022 1750 12895 1021 1925 12896 1027 1927 12897 1019 1754 12898 1022 1753 12899 1021 1758 12900 1023 6562 12901 1031 1929 12902 1025 1761 12903 1020 6563 12904 1028 1931 12905 1024 1933 12906 923 6589 12907 927 1934 12908 1032 1935 12909 1031 1938 12910 928 1936 12911 1023 1756 12912 927 1934 12913 928 1936 12914 1024 1765 12915 1025 1764 12916 924 1939 12917 926 1941 12918 924 1939 12919 1025 1764 12920 1032 1943 12921 925 6590 12922 926 1941 12923 1027 1944 12924 1035 1952 12925 1034 1945 12926 1028 1947 12927 1026 1946 12928 1034 1945 12929 1029 1949 12930 1037 1956 12931 1038 1950 12932 1027 1944 12933 1030 1951 12934 1038 1950 12935 1032 1953 12936 1040 1959 12937 1039 1954 12938 1029 1949 12939 1031 1955 12940 1039 1954 12941 1028 1947 12942 1036 1948 12943 1041 1957 12944 1032 1953 12945 1033 1958 12946 1041 1957 12947 1034 1960 12948 1035 6591 12949 1043 1961 12950 1036 1963 12951 1034 6592 12952 1042 1964 12953 1037 1966 12954 1045 1987 12955 1046 1967 12956 1038 1969 12957 1046 6593 12958 1043 1970 12959 1039 1972 12960 1040 6594 12961 1048 1973 12962 1039 1975 12963 1047 6595 12964 1045 1976 12965 1036 1978 12966 1044 1994 12967 1049 1979 12968 1040 1981 12969 1041 6596 12970 1049 1982 12971 1043 1961 12972 1051 1998 12973 1050 1984 12974 1044 1965 12975 1042 1964 12976 1050 1985 12977 1045 1987 12978 1053 2002 12979 1054 1988 12980 1043 1970 12981 1046 6593 12982 1054 1989 12983 1048 1973 12984 1056 2006 12985 1055 1991 12986 1045 1976 12987 1047 6595 12988 1055 1992 12989 1044 1994 12990 1052 2010 12991 1057 1995 12992 1048 1983 12993 1049 1982 12994 1057 1996 12995 1051 1998 12996 1059 2014 12997 1058 1999 12998 1052 1986 12999 1050 1985 13000 1058 2000 13001 1053 2002 13002 1061 2018 13003 1062 2003 13004 1051 1990 13005 1054 1989 13006 1062 2004 13007 1056 2006 13008 1064 2022 13009 1063 2007 13010 1053 1993 13011 1055 1992 13012 1063 2008 13013 1052 2010 13014 1060 2026 13015 1065 2011 13016 1056 1997 13017 1057 1996 13018 1065 2012 13019 1059 2014 13020 1067 6597 13021 1066 2015 13022 1060 2001 13023 1058 2000 13024 1066 2016 13025 1061 2018 13026 1069 6598 13027 1070 2019 13028 1059 2005 13029 1062 2004 13030 1070 2020 13031 1064 2022 13032 1072 6599 13033 1071 2023 13034 1061 2009 13035 1063 2008 13036 1071 2024 13037 1060 2026 13038 1068 6600 13039 1073 2027 13040 1064 2013 13041 1065 2012 13042 1073 2028 13043 1067 2030 13044 1075 2038 13045 1074 2031 13046 1068 2033 13047 1066 2032 13048 1074 2031 13049 1069 2035 13050 1077 2042 13051 1078 2036 13052 1070 2037 13053 1078 2036 13054 1075 2038 13055 1072 2039 13056 1080 2045 13057 1079 2040 13058 1069 2035 13059 1071 2041 13060 1079 2040 13061 1068 2033 13062 1076 2034 13063 1081 2043 13064 1073 2044 13065 1081 2043 13066 1080 2045 13067 1075 2046 13068 1083 2054 13069 1082 2047 13070 1076 2049 13071 1074 2048 13072 1082 2047 13073 1077 2051 13074 1085 2058 13075 1086 2052 13076 1075 2046 13077 1078 2053 13078 1086 2052 13079 1080 2055 13080 1088 2061 13081 1087 2056 13082 1077 2051 13083 1079 2057 13084 1087 2056 13085 1076 2049 13086 1084 2050 13087 1089 2059 13088 1080 2055 13089 1081 2060 13090 1089 2059 13091 1082 2062 13092 1083 6601 13093 1091 2063 13094 1082 2065 13095 1090 6602 13096 1092 2066 13097 1086 2068 13098 1085 6603 13099 1093 2069 13100 1086 2071 13101 1094 6604 13102 1091 2072 13103 1087 2074 13104 1088 6605 13105 1096 2075 13106 1087 2077 13107 1095 6606 13108 1093 2078 13109 1089 2080 13110 1084 6607 13111 1092 2081 13112 1089 2083 13113 1097 6608 13114 1096 2084 13115 1091 2086 13116 1099 6609 13117 1098 2087 13118 1092 2089 13119 1090 6610 13120 1098 2090 13121 1093 2092 13122 1101 6611 13123 1102 2093 13124 1091 2095 13125 1094 6612 13126 1102 2096 13127 1096 2098 13128 1104 6613 13129 1103 2099 13130 1093 2101 13131 1095 6614 13132 1103 2102 13133 1092 2104 13134 1100 6615 13135 1105 2105 13136 1096 2107 13137 1097 6616 13138 1105 2108 13139 1098 2110 13140 1099 2118 13141 1107 2111 13142 1098 2110 13143 1106 2112 13144 1108 2113 13145 1102 2115 13146 1101 2122 13147 1109 2116 13148 1102 2115 13149 1110 2117 13150 1107 2111 13151 1103 2119 13152 1104 2125 13153 1112 2120 13154 1103 2119 13155 1111 2121 13156 1109 2116 13157 1105 2123 13158 1100 2114 13159 1108 2113 13160 1105 2123 13161 1113 2124 13162 1112 2120 13163 1107 2126 13164 1115 6617 13165 1114 2127 13166 1108 2129 13167 1106 6618 13168 1114 2130 13169 1109 2132 13170 1117 6619 13171 1118 2133 13172 1107 2135 13173 1110 6620 13174 1118 2136 13175 1112 2138 13176 1120 6621 13177 1119 2139 13178 1109 2141 13179 1111 6622 13180 1119 2142 13181 1113 2144 13182 1108 6623 13183 1116 2145 13184 1113 2147 13185 1121 6624 13186 1120 2148 13187 928 2150 13188 927 6625 13189 1122 2151 13190 1122 2153 13191 927 6626 13192 923 2154 13193 1124 1723 13194 1123 1722 13195 923 2154 13196 1124 1729 13197 924 6627 13198 926 2156 13199 1125 2157 13200 926 6628 13201 925 2158 13202 1127 1733 13203 1126 1725 13204 925 2158 13205 1127 2152 13206 1122 2151 13207 921 2160 13208 922 2162 13209 921 2163 13210 1128 1718 13211 1129 1719 13212 1128 1718 13213 921 2163 13214 1129 1719 13215 917 2164 13216 918 2165 13217 1130 1715 13218 918 2165 13219 920 2166 13220 1132 1717 13221 1131 1716 13222 920 2166 13223 1132 1717 13224 919 2167 13225 922 2162 13226 1193 2168 13227 1192 2268 13228 1179 2169 13229 1204 2171 13230 1180 2293 13231 1153 2172 13232 1197 2174 13233 1196 2228 13234 1159 2175 13235 1159 2177 13236 1176 2227 13237 1175 2178 13238 1158 2180 13239 1187 2237 13240 1186 2181 13241 1208 2183 13242 1160 2231 13243 1140 2184 13244 1143 2186 13245 1163 2234 13246 1199 2187 13247 1185 2189 13248 1184 2232 13249 1161 2190 13250 1195 2192 13251 1194 2276 13252 1146 2193 13253 1146 2193 13254 1178 2267 13255 1177 2195 13256 1148 2196 13257 1189 2273 13258 1188 2197 13259 1206 2199 13260 1147 6629 13261 1135 2200 13262 1137 2202 13263 1149 6630 13264 1201 2203 13265 1183 2205 13266 1182 2270 13267 1150 2206 13268 1194 2208 13269 1193 6631 13270 1152 2209 13271 1146 2211 13272 1152 6632 13273 1179 2212 13274 1148 2214 13275 1154 6633 13276 1190 2215 13277 1206 2217 13278 1205 2288 13279 1153 2218 13280 1155 2220 13281 1202 2282 13282 1201 2221 13283 1182 2223 13284 1181 6634 13285 1156 2224 13286 1134 2226 13287 1177 2266 13288 1176 2227 13289 1196 2228 13290 1195 2277 13291 1134 2229 13292 1207 2230 13293 1135 6635 13294 1160 2231 13295 1184 2232 13296 1183 2271 13297 1138 2233 13298 1163 2234 13299 1137 6636 13300 1200 2235 13301 1136 2236 13302 1188 2272 13303 1187 2237 13304 1164 2238 13305 1165 2242 13306 1158 2239 13307 1136 2241 13308 1158 2239 13309 1165 2242 13310 1148 2196 13311 1136 2198 13312 1166 2244 13313 1168 2246 13314 1154 6637 13315 1148 2247 13316 1191 2249 13317 1190 2274 13318 1154 2250 13319 1202 2252 13320 1155 6638 13321 1169 2253 13322 1157 2255 13323 1170 2269 13324 1171 2256 13325 1151 2258 13326 1171 6639 13327 1172 2259 13328 1139 2261 13329 1172 6640 13330 1173 2262 13331 1162 2263 13332 1173 2262 13333 1174 2264 13334 1164 2238 13335 1175 2178 13336 1176 2227 13337 1165 2242 13338 1176 2227 13339 1177 2266 13340 1166 2244 13341 1177 2195 13342 1178 2267 13343 1168 2246 13344 1167 2248 13345 1178 2213 13346 1192 2268 13347 1191 2249 13348 1168 2251 13349 1170 2269 13350 1181 6634 13351 1182 2223 13352 1172 2259 13353 1171 6639 13354 1182 2270 13355 1173 2262 13356 1172 6640 13357 1183 2271 13358 1174 2264 13359 1173 2262 13360 1184 2232 13361 1187 2237 13362 1163 2234 13363 1143 2186 13364 1188 2272 13365 1137 6636 13366 1163 2234 13367 1189 2273 13368 1149 6630 13369 1137 2202 13370 1155 2220 13371 1149 2222 13372 1189 2216 13373 1169 2253 13374 1155 6641 13375 1190 2274 13376 1153 2275 13377 1180 2293 13378 1192 2268 13379 1153 2218 13380 1193 6631 13381 1194 2208 13382 1135 2200 13383 1147 6629 13384 1194 2276 13385 1160 2231 13386 1135 6635 13387 1195 2277 13388 1140 2184 13389 1160 2231 13390 1196 2228 13391 1198 2188 13392 1199 2187 13393 1162 2278 13394 1139 2280 13395 1162 2278 13396 1199 2187 13397 1151 2258 13398 1139 2260 13399 1200 2204 13400 1157 2281 13401 1151 6642 13402 1201 2221 13403 1157 2283 13404 1202 2252 13405 1203 2254 13406 1170 2284 13407 1203 2254 13408 1204 2171 13409 1181 2285 13410 1204 2171 13411 1205 2173 13412 1150 2287 13413 1156 6643 13414 1205 2288 13415 1150 2206 13416 1206 2199 13417 1207 2201 13418 1138 2289 13419 1207 2230 13420 1208 2183 13421 1161 2290 13422 1208 2183 13423 1209 2185 13424 1416 2292 13425 1417 2735 13426 1180 2293 13427 1169 2253 13428 1414 2730 13429 1415 2294 13430 1415 2294 13431 1416 2292 13432 1204 2171 13433 1180 2293 13434 1417 2735 13435 1418 2295 13436 1192 2268 13437 1418 2295 13438 1413 2296 13439 1413 2296 13440 1414 2730 13441 1169 2253 13442 1211 2297 13443 1409 2722 13444 1408 2298 13445 1213 2300 13446 1212 2309 13447 1411 2301 13448 1214 2303 13449 1210 2299 13450 1408 2298 13451 1412 2305 13452 1215 6644 13453 1214 2306 13454 1215 2308 13455 1412 2727 13456 1411 2301 13457 1222 2310 13458 1225 2318 13459 1224 2311 13460 1222 2310 13461 1223 2312 13462 1227 2313 13463 1222 2310 13464 1226 2314 13465 1229 2315 13466 1222 2310 13467 1228 2316 13468 1230 2317 13469 1232 2319 13470 1303 2495 13471 1304 2320 13472 1233 2321 13473 1305 2497 13474 1303 2322 13475 1234 2324 13476 1235 6645 13477 1307 2325 13478 1231 2327 13479 1304 2500 13480 1307 2328 13481 1237 2330 13482 1308 2506 13483 1309 2331 13484 1234 2333 13485 1306 2502 13486 1308 2334 13487 1233 2336 13488 1238 6646 13489 1310 2337 13490 1236 2339 13491 1309 2510 13492 1310 2340 13493 1232 2342 13494 1231 6647 13495 1421 2343 13496 1232 2345 13497 1422 2369 13498 1423 2346 13499 1235 2348 13500 1234 6648 13501 1419 2349 13502 1235 2351 13503 1420 2373 13504 1421 2352 13505 1237 2354 13506 1236 6649 13507 1425 2355 13508 1237 2357 13509 1426 2377 13510 1419 2358 13511 1238 2360 13512 1233 6650 13513 1423 2361 13514 1238 2363 13515 1424 2381 13516 1425 2364 13517 1239 2366 13518 1422 2344 13519 1421 2343 13520 1239 2368 13521 1241 6651 13522 1423 2346 13523 1242 2370 13524 1420 2350 13525 1419 2349 13526 1242 2372 13527 1240 6652 13528 1421 2352 13529 1244 2374 13530 1426 2356 13531 1425 2355 13532 1244 2376 13533 1243 6653 13534 1419 2358 13535 1246 2378 13536 1424 2362 13537 1423 2361 13538 1246 2380 13539 1245 6654 13540 1425 2364 13541 1240 2382 13542 1248 2391 13543 1247 2383 13544 1241 2385 13545 1239 6655 13546 1247 2383 13547 1243 2387 13548 1251 2396 13549 1250 2388 13550 1240 2390 13551 1242 6656 13552 1250 2388 13553 1245 2392 13554 1253 2401 13555 1252 2393 13556 1243 2395 13557 1244 6657 13558 1252 2393 13559 1241 2397 13560 1249 2386 13561 1254 2398 13562 1245 2400 13563 1246 6658 13564 1254 2398 13565 1248 2391 13566 1256 2405 13567 1255 2402 13568 1249 2386 13569 1247 2383 13570 1255 2402 13571 1251 2396 13572 1259 2407 13573 1258 2404 13574 1248 2391 13575 1250 2388 13576 1258 2404 13577 1253 2401 13578 1261 2409 13579 1260 2406 13580 1251 2396 13581 1252 2393 13582 1260 2406 13583 1249 2386 13584 1257 2403 13585 1262 2408 13586 1253 2401 13587 1254 2398 13588 1262 2408 13589 1264 2410 13590 1263 6659 13591 1255 2411 13592 1255 2413 13593 1263 6660 13594 1265 2414 13595 1267 2416 13596 1266 6661 13597 1258 2417 13598 1258 2419 13599 1266 6662 13600 1264 2420 13601 1261 2422 13602 1269 6663 13603 1268 2423 13604 1260 2425 13605 1268 6664 13606 1267 2426 13607 1265 2428 13608 1270 6665 13609 1262 2429 13610 1270 2431 13611 1269 6666 13612 1261 2432 13613 1263 2434 13614 1264 2444 13615 1272 2435 13616 1263 2437 13617 1271 2456 13618 1273 2438 13619 1266 2440 13620 1267 2449 13621 1275 2441 13622 1266 2443 13623 1274 2460 13624 1272 2435 13625 1268 2445 13626 1269 2453 13627 1277 2446 13628 1268 2448 13629 1276 2464 13630 1275 2441 13631 1270 2450 13632 1265 2439 13633 1273 2438 13634 1270 2452 13635 1278 2468 13636 1277 2446 13637 1271 2436 13638 1272 2435 13639 1280 2454 13640 1271 2456 13641 1279 6667 13642 1281 2457 13643 1274 2442 13644 1275 2441 13645 1283 2458 13646 1274 2460 13647 1282 6668 13648 1280 2461 13649 1276 2447 13650 1277 2446 13651 1285 2462 13652 1276 2464 13653 1284 6669 13654 1283 2465 13655 1278 2451 13656 1273 2438 13657 1281 2466 13658 1278 2468 13659 1286 6670 13660 1285 2469 13661 1280 2454 13662 1288 2482 13663 1287 2470 13664 1281 2457 13665 1279 6667 13666 1287 2471 13667 1283 2458 13668 1291 2485 13669 1290 2473 13670 1280 2461 13671 1282 6668 13672 1290 2474 13673 1285 2462 13674 1293 2488 13675 1292 2476 13676 1283 2465 13677 1284 6669 13678 1292 2477 13679 1281 2466 13680 1289 2491 13681 1294 2479 13682 1285 2469 13683 1286 6670 13684 1294 2480 13685 1288 2482 13686 1296 2487 13687 1295 2483 13688 1289 2472 13689 1287 2471 13690 1295 2483 13691 1291 2485 13692 1299 2490 13693 1298 2486 13694 1288 2475 13695 1290 2474 13696 1298 2486 13697 1293 2488 13698 1301 2493 13699 1300 2489 13700 1291 2478 13701 1292 2477 13702 1300 2489 13703 1289 2491 13704 1297 2484 13705 1302 2492 13706 1293 2481 13707 1294 2480 13708 1302 2492 13709 1296 2487 13710 1223 2312 13711 1224 2311 13712 1297 2484 13713 1295 2483 13714 1224 2311 13715 1299 2490 13716 1226 2314 13717 1227 2313 13718 1296 2487 13719 1298 2486 13720 1227 2313 13721 1301 2493 13722 1228 2316 13723 1229 2315 13724 1299 2490 13725 1300 2489 13726 1229 2315 13727 1297 2484 13728 1225 2318 13729 1230 2317 13730 1301 2493 13731 1302 2492 13732 1230 2317 13733 1311 2494 13734 1312 6671 13735 1304 2320 13736 1313 2496 13737 1311 6672 13738 1303 2322 13739 1315 2498 13740 1314 6673 13741 1306 2326 13742 1312 2499 13743 1315 6674 13744 1307 2328 13745 1316 2501 13746 1308 2334 13747 1306 2502 13748 1310 2337 13749 1318 6675 13750 1313 2504 13751 1220 2505 13752 1216 6676 13753 1309 2331 13754 1317 2507 13755 1218 6677 13756 1221 2508 13757 1221 2508 13758 1220 2505 13759 1308 2506 13760 1309 2510 13761 1216 6678 13762 1217 2511 13763 1310 2340 13764 1217 2511 13765 1219 2512 13766 1219 2512 13767 1218 6679 13768 1317 2514 13769 1312 2515 13770 1311 2519 13771 1319 2516 13772 1313 2518 13773 1321 2529 13774 1319 2516 13775 1314 2520 13776 1315 2523 13777 1323 2521 13778 1312 2515 13779 1320 2517 13780 1323 2521 13781 1317 2524 13782 1316 2527 13783 1324 2525 13784 1314 2520 13785 1322 2522 13786 1324 2525 13787 1313 2518 13788 1318 2530 13789 1326 2528 13790 1317 2524 13791 1325 2526 13792 1326 2528 13793 1319 2531 13794 1327 6680 13795 1328 2532 13796 1321 2534 13797 1329 2557 13798 1327 2535 13799 1322 2537 13800 1323 6681 13801 1331 2538 13802 1320 2540 13803 1328 2561 13804 1331 2541 13805 1325 2543 13806 1324 6682 13807 1332 2544 13808 1322 2546 13809 1330 2565 13810 1332 2547 13811 1326 2549 13812 1334 6683 13813 1329 2550 13814 1325 2552 13815 1333 2569 13816 1334 2553 13817 1328 2532 13818 1327 6680 13819 1335 2555 13820 1329 2557 13821 1337 2573 13822 1335 2558 13823 1330 2539 13824 1331 2538 13825 1339 2559 13826 1328 2561 13827 1336 2577 13828 1339 2562 13829 1333 2545 13830 1332 2544 13831 1340 2563 13832 1330 2565 13833 1338 2581 13834 1340 2566 13835 1329 2550 13836 1334 6683 13837 1342 2567 13838 1333 2569 13839 1341 2585 13840 1342 2570 13841 1336 2556 13842 1335 2555 13843 1343 2571 13844 1337 2573 13845 1345 2589 13846 1343 2574 13847 1338 2560 13848 1339 2559 13849 1347 2575 13850 1336 2577 13851 1344 2593 13852 1347 2578 13853 1341 2564 13854 1340 2563 13855 1348 2579 13856 1338 2581 13857 1346 2597 13858 1348 2582 13859 1337 2568 13860 1342 2567 13861 1350 2583 13862 1341 2585 13863 1349 2601 13864 1350 2586 13865 1344 2572 13866 1343 2571 13867 1351 2587 13868 1345 2589 13869 1353 6684 13870 1351 2590 13871 1346 2576 13872 1347 2575 13873 1355 2591 13874 1344 2593 13875 1352 6685 13876 1355 2594 13877 1349 2580 13878 1348 2579 13879 1356 2595 13880 1346 2597 13881 1354 6686 13882 1356 2598 13883 1345 2584 13884 1350 2583 13885 1358 2599 13886 1349 2601 13887 1357 6687 13888 1358 2602 13889 1351 2603 13890 1359 2607 13891 1360 2604 13892 1353 2606 13893 1361 6688 13894 1359 2607 13895 1363 2608 13896 1362 6689 13897 1354 2609 13898 1352 2605 13899 1360 2604 13900 1363 2608 13901 1364 2611 13902 1365 6690 13903 1357 2612 13904 1354 2609 13905 1362 6689 13906 1364 2611 13907 1366 2614 13908 1361 6688 13909 1353 2606 13910 1357 2612 13911 1365 6690 13912 1366 2614 13913 1360 2616 13914 1359 2620 13915 1367 2617 13916 1361 2619 13917 1369 2630 13918 1367 2617 13919 1362 2621 13920 1363 2624 13921 1371 2622 13922 1360 2616 13923 1368 2618 13924 1371 2622 13925 1365 2625 13926 1364 2628 13927 1372 2626 13928 1362 2621 13929 1370 2623 13930 1372 2626 13931 1361 2619 13932 1366 2631 13933 1374 2629 13934 1365 2625 13935 1373 2627 13936 1374 2629 13937 1367 2632 13938 1375 6691 13939 1376 2633 13940 1367 2635 13941 1369 6692 13942 1377 2636 13943 1371 2638 13944 1379 6693 13945 1378 2639 13946 1371 2641 13947 1368 6694 13948 1376 2642 13949 1372 2644 13950 1380 6695 13951 1381 2645 13952 1372 2647 13953 1370 6696 13954 1378 2648 13955 1374 2650 13956 1382 6697 13957 1377 2651 13958 1374 2653 13959 1373 6698 13960 1381 2654 13961 1383 2656 13962 1384 6699 13963 1376 2657 13964 1377 2659 13965 1385 6700 13966 1383 2660 13967 1387 2662 13968 1386 6701 13969 1378 2663 13970 1376 2665 13971 1384 6702 13972 1387 2666 13973 1388 2668 13974 1389 6703 13975 1381 2669 13976 1378 2671 13977 1386 6704 13978 1388 2672 13979 1390 2674 13980 1385 6705 13981 1377 2675 13982 1381 2677 13983 1389 6706 13984 1390 2678 13985 1383 2680 13986 1391 2684 13987 1392 2681 13988 1383 2680 13989 1385 2694 13990 1393 2683 13991 1387 2685 13992 1395 2688 13993 1394 2686 13994 1387 2685 13995 1384 2682 13996 1392 2681 13997 1388 2689 13998 1396 2692 13999 1397 2690 14000 1388 2689 14001 1386 2687 14002 1394 2686 14003 1390 2693 14004 1398 2695 14005 1393 2683 14006 1390 2693 14007 1389 2691 14008 1397 2690 14009 1399 2696 14010 1400 6707 14011 1392 2697 14012 1393 2699 14013 1401 6708 14014 1399 2700 14015 1403 2702 14016 1402 6709 14017 1394 2703 14018 1392 2705 14019 1400 6710 14020 1403 2706 14021 1404 2708 14022 1405 6711 14023 1397 2709 14024 1394 2711 14025 1402 6712 14026 1404 2712 14027 1406 2714 14028 1401 6713 14029 1393 2715 14030 1397 2717 14031 1405 6714 14032 1406 2718 14033 1407 2307 14034 1220 6715 14035 1221 2720 14036 1216 2721 14037 1220 6716 14038 1407 2304 14039 1409 2722 14040 1217 6717 14041 1216 2721 14042 1219 2723 14043 1217 6718 14044 1409 2724 14045 1218 2726 14046 1219 6719 14047 1410 2302 14048 1412 2727 14049 1221 6720 14050 1218 2726 14051 1410 2725 14052 1409 2724 14053 1211 2728 14054 1414 2730 14055 1413 2296 14056 1215 2731 14057 1414 2730 14058 1212 2732 14059 1213 2733 14060 1416 2292 14061 1415 2294 14062 1213 2733 14063 1417 2735 14064 1416 2292 14065 1211 2734 14066 1417 2735 14067 1210 2736 14068 1214 2737 14069 1418 2295 14070 1214 2737 14071 1215 2731 14072 1427 2738 14073 1429 6721 14074 1430 2739 14075 1594 2741 14076 1554 6722 14077 1514 2742 14078 1431 2744 14079 1433 6723 14080 1434 2745 14081 1427 2747 14082 1428 6724 14083 1434 2748 14084 1428 2750 14085 1430 2834 14086 1432 2751 14087 1431 2753 14088 1429 2988 14089 1427 2754 14090 1429 2756 14091 1435 6725 14092 1475 2757 14093 1436 2759 14094 1476 6726 14095 1475 2760 14096 1437 2762 14097 1477 6727 14098 1476 2763 14099 1437 2765 14100 1438 6728 14101 1478 2766 14102 1438 2768 14103 1439 6729 14104 1479 2769 14105 1439 2771 14106 1440 2774 14107 1480 2772 14108 1440 2774 14109 1441 2776 14110 1481 2775 14111 1441 2776 14112 1442 6730 14113 1482 2777 14114 1482 2777 14115 1442 6730 14116 1443 2778 14117 1443 2778 14118 1444 6731 14119 1484 2780 14120 1484 2780 14121 1444 6731 14122 1445 2781 14123 1445 2781 14124 1446 2784 14125 1486 2783 14126 1446 2784 14127 1447 2786 14128 1487 2785 14129 1447 2786 14130 1448 2789 14131 1488 2787 14132 1449 2788 14133 1489 2791 14134 1488 2787 14135 1449 2788 14136 1450 2792 14137 1490 2790 14138 1450 2792 14139 1451 6732 14140 1491 2793 14141 1491 2793 14142 1451 6732 14143 1452 2794 14144 1452 2794 14145 1453 6733 14146 1493 2796 14147 1493 2796 14148 1453 6733 14149 1454 2797 14150 1454 2797 14151 1455 6734 14152 1495 2799 14153 1495 2799 14154 1455 6734 14155 1456 2800 14156 1456 2800 14157 1457 2803 14158 1497 2802 14159 1457 2803 14160 1458 6735 14161 1498 2804 14162 1498 2804 14163 1458 6735 14164 1459 2805 14165 1459 2805 14166 1460 2808 14167 1500 2807 14168 1460 2808 14169 1461 2810 14170 1501 2809 14171 1461 2810 14172 1462 2812 14173 1502 2811 14174 1462 2812 14175 1463 6736 14176 1503 2813 14177 1503 2813 14178 1463 6736 14179 1464 2814 14180 1464 2814 14181 1465 2817 14182 1505 2816 14183 1465 2817 14184 1466 6737 14185 1506 2818 14186 1506 2818 14187 1466 6737 14188 1467 2819 14189 1507 2820 14190 1467 2819 14191 1468 2821 14192 1508 2822 14193 1468 2821 14194 1469 2823 14195 1469 2823 14196 1470 2826 14197 1510 2825 14198 1470 2826 14199 1471 2828 14200 1511 2827 14201 1471 2828 14202 1472 6738 14203 1512 2829 14204 1512 2829 14205 1472 6738 14206 1473 2830 14207 1473 2830 14208 1474 6739 14209 1514 2832 14210 1475 2833 14211 1515 2836 14212 1432 2751 14213 1476 2835 14214 1516 2838 14215 1515 2836 14216 1477 2837 14217 1517 2840 14218 1516 2838 14219 1478 2839 14220 1518 2842 14221 1517 2840 14222 1479 2841 14223 1519 2843 14224 1518 2842 14225 1519 2843 14226 1479 2841 14227 1480 2844 14228 1520 2845 14229 1480 2844 14230 1481 2846 14231 1521 2847 14232 1481 2846 14233 1482 2848 14234 1522 2849 14235 1482 2848 14236 1483 2850 14237 1523 2851 14238 1483 2850 14239 1484 2852 14240 1524 2853 14241 1484 2852 14242 1485 2854 14243 1486 2856 14244 1526 2858 14245 1525 2855 14246 1487 2857 14247 1527 2860 14248 1526 2858 14249 1488 2859 14250 1528 2862 14251 1527 2860 14252 1489 2861 14253 1529 2863 14254 1528 2862 14255 1529 2863 14256 1489 2861 14257 1490 2864 14258 1490 2864 14259 1491 2867 14260 1531 2866 14261 1491 2867 14262 1492 2869 14263 1532 2868 14264 1492 2869 14265 1493 2871 14266 1533 2870 14267 1493 2871 14268 1494 2873 14269 1534 2872 14270 1494 2873 14271 1495 2875 14272 1535 2874 14273 1495 2875 14274 1496 2877 14275 1536 2876 14276 1496 2877 14277 1497 2879 14278 1537 2878 14279 1497 2879 14280 1498 2881 14281 1538 2880 14282 1498 2881 14283 1499 2883 14284 1539 2882 14285 1499 2883 14286 1500 2885 14287 1540 2884 14288 1500 2885 14289 1501 2887 14290 1541 2886 14291 1501 2887 14292 1502 2889 14293 1542 2888 14294 1502 2889 14295 1503 2891 14296 1543 2890 14297 1503 2891 14298 1504 2893 14299 1544 2892 14300 1504 2893 14301 1505 2895 14302 1545 2894 14303 1505 2895 14304 1506 2897 14305 1546 2896 14306 1506 2897 14307 1507 2899 14308 1547 2898 14309 1507 2899 14310 1508 2901 14311 1548 2900 14312 1508 2901 14313 1509 2903 14314 1549 2902 14315 1509 2903 14316 1510 2905 14317 1550 2904 14318 1510 2905 14319 1511 2907 14320 1551 2906 14321 1511 2907 14322 1512 2909 14323 1552 2908 14324 1512 2909 14325 1513 2911 14326 1553 2910 14327 1513 2911 14328 1514 6740 14329 1554 2912 14330 1432 2913 14331 1515 6741 14332 1555 2914 14333 1515 2916 14334 1516 6742 14335 1556 2917 14336 1517 2919 14337 1557 6743 14338 1556 2920 14339 1517 2922 14340 1518 6744 14341 1558 2923 14342 1518 2925 14343 1519 6745 14344 1559 2926 14345 1559 2928 14346 1519 6746 14347 1520 2929 14348 1520 2929 14349 1521 6747 14350 1561 2931 14351 1561 2931 14352 1521 6747 14353 1522 2932 14354 1522 2932 14355 1523 2935 14356 1563 2934 14357 1523 2935 14358 1524 6748 14359 1564 2936 14360 1564 2936 14361 1524 6748 14362 1525 2937 14363 1525 2937 14364 1526 2940 14365 1566 2939 14366 1526 2940 14367 1527 2943 14368 1567 2941 14369 1528 2942 14370 1568 2945 14371 1567 2941 14372 1528 2942 14373 1529 6749 14374 1569 2944 14375 1569 2944 14376 1529 6749 14377 1530 2946 14378 1570 2947 14379 1530 2946 14380 1531 2948 14381 1571 2949 14382 1531 2948 14383 1532 2950 14384 1532 2950 14385 1533 6750 14386 1573 2952 14387 1573 2952 14388 1533 6750 14389 1534 2953 14390 1574 2954 14391 1534 2953 14392 1535 2955 14393 1535 2955 14394 1536 2958 14395 1576 2957 14396 1536 2958 14397 1537 6751 14398 1577 2959 14399 1577 2959 14400 1537 6751 14401 1538 2960 14402 1538 2960 14403 1539 6752 14404 1579 2962 14405 1579 2962 14406 1539 6752 14407 1540 2963 14408 1580 2964 14409 1540 2963 14410 1541 2965 14411 1541 2965 14412 1542 2968 14413 1582 2967 14414 1542 2968 14415 1543 6753 14416 1583 2969 14417 1583 2969 14418 1543 6753 14419 1544 2970 14420 1544 2970 14421 1545 6754 14422 1585 2972 14423 1585 2972 14424 1545 6754 14425 1546 2973 14426 1546 2973 14427 1547 6755 14428 1587 2975 14429 1587 2975 14430 1547 6755 14431 1548 2976 14432 1548 2976 14433 1549 6756 14434 1589 2978 14435 1589 2978 14436 1549 6756 14437 1550 2979 14438 1550 2979 14439 1551 6757 14440 1591 2981 14441 1591 2981 14442 1551 6757 14443 1552 2982 14444 1592 2983 14445 1552 2982 14446 1553 2984 14447 1553 2984 14448 1554 6758 14449 1594 2986 14450 1431 2753 14451 1555 2989 14452 1435 2987 14453 1555 2989 14454 1556 2991 14455 1436 2990 14456 1556 2991 14457 1557 2993 14458 1437 2992 14459 1557 2993 14460 1558 2995 14461 1438 2994 14462 1558 2995 14463 1559 2998 14464 1439 2996 14465 1440 2997 14466 1439 2996 14467 1559 2998 14468 1441 3000 14469 1440 2997 14470 1560 2999 14471 1442 3002 14472 1441 3000 14473 1561 3001 14474 1443 3004 14475 1442 3002 14476 1562 3003 14477 1444 3006 14478 1443 3004 14479 1563 3005 14480 1445 3008 14481 1444 3006 14482 1564 3007 14483 1565 3009 14484 1566 3011 14485 1446 3010 14486 1566 3011 14487 1567 3013 14488 1447 3012 14489 1567 3013 14490 1568 3015 14491 1448 3014 14492 1568 3015 14493 1569 3018 14494 1449 3016 14495 1450 3017 14496 1449 3016 14497 1569 3018 14498 1450 3017 14499 1570 3019 14500 1571 3020 14501 1451 3021 14502 1571 3020 14503 1572 3022 14504 1452 3023 14505 1572 3022 14506 1573 3024 14507 1453 3025 14508 1573 3024 14509 1574 3026 14510 1454 3027 14511 1574 3026 14512 1575 3028 14513 1455 3029 14514 1575 3028 14515 1576 3030 14516 1456 3031 14517 1576 3030 14518 1577 3032 14519 1457 3033 14520 1577 3032 14521 1578 3034 14522 1458 3035 14523 1578 3034 14524 1579 3036 14525 1459 3037 14526 1579 3036 14527 1580 3038 14528 1460 3039 14529 1580 3038 14530 1581 3040 14531 1461 3041 14532 1581 3040 14533 1582 3042 14534 1462 3043 14535 1582 3042 14536 1583 3044 14537 1463 3045 14538 1583 3044 14539 1584 3046 14540 1464 3047 14541 1584 3046 14542 1585 3048 14543 1465 3049 14544 1585 3048 14545 1586 3050 14546 1466 3051 14547 1586 3050 14548 1587 3052 14549 1467 3053 14550 1587 3052 14551 1588 3054 14552 1468 3055 14553 1588 3054 14554 1589 3056 14555 1469 3057 14556 1589 3056 14557 1590 3058 14558 1470 3059 14559 1590 3058 14560 1591 3060 14561 1471 3061 14562 1591 3060 14563 1592 3062 14564 1472 3063 14565 1592 3062 14566 1593 3064 14567 1594 3066 14568 1474 6759 14569 1473 3065 14570 1596 3067 14571 1598 6760 14572 1597 3068 14573 1642 3070 14574 1682 6761 14575 1722 3071 14576 1600 3073 14577 1602 6762 14578 1601 3074 14579 1601 3076 14580 1602 6763 14581 1596 3077 14582 1602 3079 14583 1600 3161 14584 1598 3080 14585 1595 3082 14586 1597 6764 14587 1599 3083 14588 1597 3085 14589 1598 6765 14590 1643 3086 14591 1603 3088 14592 1643 6766 14593 1644 3089 14594 1644 3091 14595 1645 6767 14596 1605 3092 14597 1645 3094 14598 1646 6768 14599 1606 3095 14600 1606 3097 14601 1646 6769 14602 1647 3098 14603 1607 3100 14604 1647 6770 14605 1648 3101 14606 1648 3101 14607 1649 3104 14608 1609 3103 14609 1649 3104 14610 1650 6771 14611 1610 3105 14612 1610 3105 14613 1650 6771 14614 1651 3106 14615 1651 3106 14616 1652 6772 14617 1612 3108 14618 1612 3108 14619 1652 6772 14620 1653 3109 14621 1653 3109 14622 1654 3112 14623 1614 3111 14624 1654 3112 14625 1655 3114 14626 1615 3113 14627 1655 3114 14628 1656 6773 14629 1616 3115 14630 1616 3115 14631 1656 6773 14632 1657 3116 14633 1617 3117 14634 1657 3116 14635 1658 3118 14636 1618 3119 14637 1658 3118 14638 1659 3120 14639 1619 3121 14640 1659 3120 14641 1660 3122 14642 1620 3123 14643 1660 3122 14644 1661 3124 14645 1621 3125 14646 1661 3124 14647 1662 3126 14648 1662 3126 14649 1663 6774 14650 1623 3128 14651 1623 3128 14652 1663 6774 14653 1664 3129 14654 1624 3130 14655 1664 3129 14656 1665 3131 14657 1665 3131 14658 1666 3134 14659 1626 3133 14660 1666 3134 14661 1667 6775 14662 1627 3135 14663 1627 3135 14664 1667 6775 14665 1668 3136 14666 1628 3137 14667 1668 3136 14668 1669 3138 14669 1669 3138 14670 1670 6776 14671 1630 3140 14672 1630 3140 14673 1670 6776 14674 1671 3141 14675 1631 3142 14676 1671 3141 14677 1672 3143 14678 1672 3143 14679 1673 6777 14680 1633 3145 14681 1633 3145 14682 1673 6777 14683 1674 3146 14684 1634 3147 14685 1674 3146 14686 1675 3148 14687 1635 3149 14688 1675 3148 14689 1676 3150 14690 1676 3150 14691 1677 6778 14692 1637 3152 14693 1637 3152 14694 1677 6778 14695 1678 3153 14696 1638 3154 14697 1678 3153 14698 1679 3155 14699 1679 3155 14700 1680 6779 14701 1640 3157 14702 1640 3157 14703 1680 6779 14704 1681 3158 14705 1681 3158 14706 1682 6780 14707 1642 3160 14708 1600 3161 14709 1683 3163 14710 1643 3162 14711 1683 3163 14712 1684 3165 14713 1644 3164 14714 1684 3165 14715 1685 3167 14716 1645 3166 14717 1685 3167 14718 1686 3169 14719 1646 3168 14720 1686 3169 14721 1687 3172 14722 1647 3170 14723 1648 3171 14724 1647 3170 14725 1687 3172 14726 1649 3174 14727 1648 3171 14728 1688 3173 14729 1650 3176 14730 1649 3174 14731 1689 3175 14732 1651 3178 14733 1650 3176 14734 1690 3177 14735 1652 3180 14736 1651 3178 14737 1691 3179 14738 1653 3182 14739 1652 3180 14740 1692 3181 14741 1693 3183 14742 1694 3185 14743 1654 3184 14744 1694 3185 14745 1695 3187 14746 1655 3186 14747 1695 3187 14748 1696 3189 14749 1656 3188 14750 1696 3189 14751 1697 3192 14752 1657 3190 14753 1658 3191 14754 1657 3190 14755 1697 3192 14756 1658 3191 14757 1698 3193 14758 1699 3194 14759 1659 3195 14760 1699 3194 14761 1700 3196 14762 1660 3197 14763 1700 3196 14764 1701 3198 14765 1661 3199 14766 1701 3198 14767 1702 3200 14768 1662 3201 14769 1702 3200 14770 1703 3202 14771 1663 3203 14772 1703 3202 14773 1704 3204 14774 1664 3205 14775 1704 3204 14776 1705 3206 14777 1665 3207 14778 1705 3206 14779 1706 3208 14780 1666 3209 14781 1706 3208 14782 1707 3210 14783 1667 3211 14784 1707 3210 14785 1708 3212 14786 1668 3213 14787 1708 3212 14788 1709 3214 14789 1669 3215 14790 1709 3214 14791 1710 3216 14792 1670 3217 14793 1710 3216 14794 1711 3218 14795 1671 3219 14796 1711 3218 14797 1712 3220 14798 1672 3221 14799 1712 3220 14800 1713 3222 14801 1673 3223 14802 1713 3222 14803 1714 3224 14804 1674 3225 14805 1714 3224 14806 1715 3226 14807 1675 3227 14808 1715 3226 14809 1716 3228 14810 1676 3229 14811 1716 3228 14812 1717 3230 14813 1677 3231 14814 1717 3230 14815 1718 3232 14816 1678 3233 14817 1718 3232 14818 1719 3234 14819 1679 3235 14820 1719 3234 14821 1720 3236 14822 1680 3237 14823 1720 3236 14824 1721 3238 14825 1681 3239 14826 1721 3238 14827 1722 3240 14828 1600 3242 14829 1599 6781 14830 1723 3243 14831 1723 3245 14832 1724 6782 14833 1684 3246 14834 1724 3248 14835 1725 6783 14836 1685 3249 14837 1685 3251 14838 1725 6784 14839 1726 3252 14840 1686 3254 14841 1726 6785 14842 1727 3255 14843 1688 3257 14844 1687 6786 14845 1727 3258 14846 1688 3257 14847 1728 3259 14848 1729 3260 14849 1690 3262 14850 1689 3261 14851 1729 3260 14852 1690 3262 14853 1730 3263 14854 1731 3264 14855 1692 3266 14856 1691 3265 14857 1731 3264 14858 1693 3268 14859 1692 3266 14860 1732 3267 14861 1733 3269 14862 1734 3271 14863 1694 3270 14864 1734 3271 14865 1735 6787 14866 1695 3272 14867 1695 3272 14868 1735 6787 14869 1736 3273 14870 1736 3273 14871 1737 3277 14872 1697 3275 14873 1698 3276 14874 1697 3275 14875 1737 3277 14876 1699 3279 14877 1698 3276 14878 1738 3278 14879 1699 3279 14880 1739 3280 14881 1740 3281 14882 1701 3283 14883 1700 3282 14884 1740 3281 14885 1702 3285 14886 1701 3283 14887 1741 3284 14888 1702 3285 14889 1742 3286 14890 1743 3287 14891 1704 3289 14892 1703 3288 14893 1743 3287 14894 1704 3289 14895 1744 3290 14896 1745 3291 14897 1705 3292 14898 1745 3291 14899 1746 3293 14900 1706 3294 14901 1746 3293 14902 1747 3295 14903 1708 3297 14904 1707 3296 14905 1747 3295 14906 1709 3299 14907 1708 3297 14908 1748 3298 14909 1710 3301 14910 1709 3299 14911 1749 3300 14912 1710 3301 14913 1750 3302 14914 1751 3303 14915 1712 3305 14916 1711 3304 14917 1751 3303 14918 1712 3305 14919 1752 3306 14920 1753 3307 14921 1713 3308 14922 1753 3307 14923 1754 3309 14924 1715 3311 14925 1714 3310 14926 1754 3309 14927 1715 3311 14928 1755 3312 14929 1756 3313 14930 1716 3314 14931 1756 3313 14932 1757 3315 14933 1718 3317 14934 1717 3316 14935 1757 3315 14936 1718 3317 14937 1758 3318 14938 1759 3319 14939 1720 3321 14940 1719 3320 14941 1759 3319 14942 1720 3321 14943 1760 3322 14944 1761 3323 14945 1721 3324 14946 1761 3323 14947 1762 3325 14948 1599 3083 14949 1597 6764 14950 1603 3327 14951 1723 3328 14952 1603 3327 14953 1604 3329 14954 1724 3330 14955 1604 3329 14956 1605 3331 14957 1725 3332 14958 1605 3331 14959 1606 3333 14960 1726 3334 14961 1606 3333 14962 1607 3335 14963 1727 3336 14964 1607 3335 14965 1608 3337 14966 1728 3338 14967 1608 3337 14968 1609 3339 14969 1729 3340 14970 1609 3339 14971 1610 3341 14972 1730 3342 14973 1610 3341 14974 1611 3343 14975 1731 3344 14976 1611 3343 14977 1612 3345 14978 1732 3346 14979 1612 3345 14980 1613 3347 14981 1733 3348 14982 1613 3347 14983 1614 3349 14984 1734 3350 14985 1614 3349 14986 1615 3351 14987 1735 3352 14988 1615 3351 14989 1616 3353 14990 1736 3354 14991 1616 3353 14992 1617 3355 14993 1737 3356 14994 1617 3355 14995 1618 3357 14996 1739 3359 14997 1738 3358 14998 1618 3357 14999 1740 3361 15000 1739 3359 15001 1619 3360 15002 1741 3363 15003 1740 3361 15004 1620 3362 15005 1742 3365 15006 1741 3363 15007 1621 3364 15008 1743 3367 15009 1742 3365 15010 1622 3366 15011 1744 3369 15012 1743 3367 15013 1623 3368 15014 1745 3371 15015 1744 3369 15016 1624 3370 15017 1746 3373 15018 1745 3371 15019 1625 3372 15020 1747 3375 15021 1746 3373 15022 1626 3374 15023 1748 3377 15024 1747 3375 15025 1627 3376 15026 1749 3379 15027 1748 3377 15028 1628 3378 15029 1750 3381 15030 1749 3379 15031 1629 3380 15032 1751 3383 15033 1750 3381 15034 1630 3382 15035 1752 3385 15036 1751 3383 15037 1631 3384 15038 1753 3387 15039 1752 3385 15040 1632 3386 15041 1754 3389 15042 1753 3387 15043 1633 3388 15044 1755 3391 15045 1754 3389 15046 1634 3390 15047 1756 3393 15048 1755 3391 15049 1635 3392 15050 1757 3395 15051 1756 3393 15052 1636 3394 15053 1758 3397 15054 1757 3395 15055 1637 3396 15056 1759 3399 15057 1758 3397 15058 1638 3398 15059 1760 3401 15060 1759 3399 15061 1639 3400 15062 1761 3403 15063 1760 3401 15064 1640 3402 15065 1641 3404 15066 1642 6788 15067 1762 3405 15068 1861 3406 15069 1860 3503 15070 1818 3407 15071 1845 3409 15072 1819 3550 15073 1788 3410 15074 1866 3412 15075 1865 3515 15076 1831 3413 15077 1831 3415 15078 1830 3501 15079 1814 3416 15080 1827 3418 15081 1853 3509 15082 1852 3419 15083 1850 3421 15084 1832 3518 15085 1769 3422 15086 1772 3424 15087 1826 3506 15088 1838 3425 15089 1824 3427 15090 1834 3505 15091 1833 3428 15092 1864 3430 15093 1863 3545 15094 1775 3431 15095 1775 3431 15096 1816 3502 15097 1815 3433 15098 1777 3434 15099 1855 3540 15100 1854 3435 15101 1848 3437 15102 1776 6789 15103 1764 3438 15104 1766 3440 15105 1778 6790 15106 1840 3441 15107 1823 3443 15108 1822 3504 15109 1779 3444 15110 1863 3446 15111 1862 3544 15112 1781 3447 15113 1775 3449 15114 1781 6791 15115 1817 3450 15116 1783 3452 15117 1856 3541 15118 1855 3453 15119 1847 3455 15120 1782 6792 15121 1776 3456 15122 1778 3458 15123 1784 6793 15124 1841 3459 15125 1821 3461 15126 1785 6794 15127 1779 3462 15128 1861 39 15129 1787 39 15130 1781 39 15131 1787 39 15132 1818 39 15133 1817 39 15134 1789 39 15135 1857 39 15136 1856 39 15137 1846 39 15138 1788 39 15139 1782 39 15140 1790 39 15141 1842 39 15142 1841 39 15143 1820 39 15144 1791 39 15145 1785 39 15146 1793 3464 15147 1829 3511 15148 1828 3465 15149 1805 3467 15150 1804 3487 15151 1794 3468 15152 1796 3470 15153 1806 3489 15154 1805 3471 15155 1807 39 15156 1806 39 15157 1796 39 15158 1859 3473 15159 1858 3490 15160 1807 3474 15161 1809 39 15162 1798 39 15163 1799 39 15164 1811 3476 15165 1810 6795 15166 1799 3477 15167 1811 3479 15168 1800 6796 15169 1801 3480 15170 1836 3482 15171 1835 3520 15172 1802 3483 15173 1803 3466 15174 1828 3465 15175 1827 3485 15176 1777 3434 15177 1765 3436 15178 1804 3487 15179 1783 3488 15180 1777 6797 15181 1805 3471 15182 1789 39 15183 1783 39 15184 1806 39 15185 1858 3490 15186 1857 3542 15187 1789 3491 15188 1842 3492 15189 1790 6798 15190 1808 3493 15191 1792 39 15192 1809 39 15193 1810 39 15194 1786 3495 15195 1810 6795 15196 1811 3476 15197 1780 3497 15198 1811 3479 15199 1812 3481 15200 1825 3499 15201 1836 3482 15202 1813 3484 15203 1830 3501 15204 1829 3511 15205 1793 3464 15206 1816 3502 15207 1795 3469 15208 1794 3468 15209 1796 3470 15210 1795 3472 15211 1816 3451 15212 1797 39 15213 1796 39 15214 1817 39 15215 1860 3503 15216 1859 3473 15217 1797 3475 15218 1798 39 15219 1820 39 15220 1821 39 15221 1800 3478 15222 1799 3477 15223 1821 3461 15224 1801 3480 15225 1800 6796 15226 1822 3504 15227 1802 3483 15228 1835 3520 15229 1834 3505 15230 1826 3506 15231 1766 6799 15232 1839 3507 15233 1765 3508 15234 1854 3539 15235 1853 3509 15236 1828 3465 15237 1804 3512 15238 1765 3510 15239 1829 3511 15240 1794 6800 15241 1804 3512 15242 1815 3513 15243 1794 6800 15244 1829 3511 15245 1763 3514 15246 1815 3513 15247 1830 3501 15248 1865 3515 15249 1864 3546 15250 1763 3516 15251 1849 3517 15252 1764 6801 15253 1832 3518 15254 1834 3505 15255 1823 3521 15256 1767 3519 15257 1835 3520 15258 1801 6802 15259 1823 3521 15260 1812 3522 15261 1801 6802 15262 1835 3520 15263 1768 3523 15264 1812 3522 15265 1836 3482 15266 1837 3426 15267 1838 3425 15268 1825 3524 15269 1768 3526 15270 1825 3524 15271 1838 3425 15272 1780 3497 15273 1768 3498 15274 1839 3442 15275 1786 3527 15276 1780 6803 15277 1840 3460 15278 1792 39 15279 1786 39 15280 1841 39 15281 1792 3528 15282 1842 3492 15283 1843 3494 15284 1809 3529 15285 1843 3494 15286 1844 3530 15287 1798 3531 15288 1844 3530 15289 1845 3409 15290 1820 3532 15291 1845 3409 15292 1846 3411 15293 1791 39 15294 1846 39 15295 1847 39 15296 1785 3534 15297 1847 3455 15298 1848 3457 15299 1779 3444 15300 1848 3437 15301 1849 3439 15302 1767 3536 15303 1849 3517 15304 1850 3421 15305 1833 3537 15306 1850 3421 15307 1851 3423 15308 1853 3509 15309 1826 3506 15310 1772 3424 15311 1854 3539 15312 1766 6799 15313 1826 3506 15314 1855 3540 15315 1778 6790 15316 1766 3440 15317 1856 3541 15318 1784 6793 15319 1778 3458 15320 1790 39 15321 1784 39 15322 1856 39 15323 1808 3493 15324 1790 6804 15325 1857 3542 15326 1788 3543 15327 1819 3550 15328 1860 3503 15329 1788 39 15330 1861 39 15331 1862 39 15332 1776 3456 15333 1782 6792 15334 1862 3544 15335 1764 3438 15336 1776 6789 15337 1863 3545 15338 1832 3518 15339 1764 6801 15340 1864 3546 15341 1769 3422 15342 1832 3518 15343 1865 3515 15344 1868 3547 15345 1869 3548 15346 1843 3494 15347 1869 3548 15348 1867 6805 15349 1844 3530 15350 1871 3549 15351 1870 6806 15352 1819 3550 15353 1844 3530 15354 1867 6805 15355 1871 3549 15356 1859 3473 15357 1872 6807 15358 1873 3551 15359 1858 3490 15360 1873 3551 15361 1868 3547 15362 1819 3550 15363 1870 6806 15364 1874 3552 15365 1874 3552 15366 1872 6807 15367 1859 3473 15368 1868 3553 15369 1900 3615 15370 1899 3554 15371 1869 3556 15372 1899 3629 15373 1906 3557 15374 1871 3559 15375 1905 3625 15376 1904 3560 15377 1867 3562 15378 1906 3627 15379 1905 3563 15380 1902 3565 15381 1901 3620 15382 1873 3566 15383 1901 3568 15384 1900 3618 15385 1868 3569 15386 1904 3571 15387 1903 3624 15388 1874 3572 15389 1903 3574 15390 1902 3622 15391 1872 3575 15392 1884 3577 15393 1885 3580 15394 1877 3578 15395 1885 3580 15396 1883 6808 15397 1875 3581 15398 1879 3582 15399 1887 3585 15400 1886 3583 15401 1875 3581 15402 1883 6808 15403 1887 3585 15404 1880 3586 15405 1888 6809 15406 1889 3587 15407 1881 3588 15408 1889 3587 15409 1884 3577 15410 1886 3583 15411 1890 3590 15412 1882 3589 15413 1890 3590 15414 1888 6809 15415 1880 3586 15416 1892 3591 15417 1893 6810 15418 1885 3592 15419 1885 3594 15420 1893 6811 15421 1891 3595 15422 1887 3597 15423 1895 6812 15424 1894 3598 15425 1891 3600 15426 1895 6813 15427 1887 3601 15428 1896 3603 15429 1897 6814 15430 1889 3604 15431 1889 3606 15432 1897 6815 15433 1892 3607 15434 1894 3609 15435 1898 6816 15436 1890 3610 15437 1890 3612 15438 1898 6817 15439 1896 3613 15440 1900 3615 15441 1908 3631 15442 1907 3616 15443 1909 3617 15444 1908 3634 15445 1900 3618 15446 1910 3619 15447 1909 3636 15448 1901 3620 15449 1911 3621 15450 1910 3638 15451 1902 3622 15452 1912 3623 15453 1911 3640 15454 1903 3624 15455 1905 3625 15456 1913 3641 15457 1912 3626 15458 1906 3627 15459 1914 3643 15460 1913 3628 15461 1899 3629 15462 1907 3646 15463 1914 3630 15464 1908 3631 15465 1876 6818 15466 1877 3632 15467 1881 3633 15468 1876 6819 15469 1908 3634 15470 1910 3619 15471 1880 6820 15472 1881 3635 15473 1882 3637 15474 1880 6821 15475 1910 3638 15476 1878 3639 15477 1882 6822 15478 1911 3640 15479 1913 3641 15480 1879 6823 15481 1878 3642 15482 1914 3643 15483 1875 6824 15484 1879 3644 15485 1877 3645 15486 1875 6825 15487 1914 3630 15488 2013 3647 15489 1939 6826 15490 1970 3648 15491 1940 3650 15492 1971 3790 15493 1997 3651 15494 2018 3653 15495 1922 6827 15496 1983 3654 15497 1966 3656 15498 1982 3742 15499 1983 3657 15500 2004 3659 15501 2005 3751 15502 1979 3660 15503 1921 3662 15504 1984 3760 15505 2002 3663 15506 1924 3665 15507 1989 3767 15508 1990 3666 15509 1976 3668 15510 1925 6828 15511 1985 3669 15512 2016 3671 15513 1915 3675 15514 1927 3672 15515 1967 3674 15516 1968 3743 15517 1927 3672 15518 2006 3676 15519 2007 3786 15520 1929 3677 15521 1916 3679 15522 1928 3792 15523 2000 3680 15524 1918 3682 15525 1991 3770 15526 1992 3683 15527 1975 3685 15528 1919 3781 15529 1931 3686 15530 2015 3688 15531 1927 6829 15532 1933 3689 15533 1927 3691 15534 1968 3744 15535 1969 3692 15536 2007 3694 15537 2008 3787 15538 1935 3695 15539 1928 3697 15540 1934 3791 15541 1999 3698 15542 1930 3700 15543 1992 3771 15544 1993 3701 15545 1931 3703 15546 1937 6830 15547 1973 3704 15548 1933 39 15549 1939 39 15550 2013 39 15551 1969 39 15552 1970 39 15553 1939 39 15554 2008 39 15555 2009 39 15556 1941 39 15557 1934 39 15558 1940 39 15559 1998 39 15560 1993 39 15561 1994 39 15562 1942 39 15563 1937 39 15564 1943 39 15565 1972 39 15566 1945 3706 15567 1955 3727 15568 1980 3707 15569 1946 3709 15570 1956 3729 15571 1957 3710 15572 1948 3712 15573 1947 6831 15574 1957 3713 15575 1948 39 15576 1958 39 15577 1959 39 15578 2011 3715 15579 1949 3745 15580 1959 3716 15581 1951 39 15582 1950 39 15583 1961 39 15584 1963 3718 15585 1952 3746 15586 1951 3719 15587 1953 3721 15588 1952 3747 15589 1963 3722 15590 1954 3724 15591 1987 3748 15592 1988 3725 15593 1955 3727 15594 1923 6832 15595 1979 3728 15596 1956 3729 15597 1917 3678 15598 1929 3677 15599 1957 3713 15600 1929 6833 15601 1935 3730 15602 1958 39 15603 1935 39 15604 1941 39 15605 2010 3717 15606 1959 3716 15607 1941 3731 15608 1960 3733 15609 1942 6834 15610 1994 3734 15611 1962 39 15612 1961 39 15613 1944 39 15614 1932 3736 15615 1963 3718 15616 1962 3720 15617 1964 3723 15618 1963 3722 15619 1932 3738 15620 1965 3726 15621 1988 3725 15622 1977 3740 15623 1945 3706 15624 1981 3708 15625 1982 3742 15626 1968 3743 15627 1967 3674 15628 1946 3709 15629 1968 3744 15630 1947 6831 15631 1948 3712 15632 1969 39 15633 1948 39 15634 1949 39 15635 2012 3649 15636 1970 3648 15637 1949 3745 15638 1973 39 15639 1972 39 15640 1950 39 15641 1952 3746 15642 1974 3705 15643 1973 3704 15644 1953 3721 15645 1975 3685 15646 1974 3687 15647 1954 3724 15648 1976 3668 15649 1986 3670 15650 1978 3667 15651 1990 3666 15652 1991 3749 15653 2005 3751 15654 2006 3785 15655 1917 3752 15656 1980 3707 15657 1979 3728 15658 1917 3753 15659 1981 3708 15660 1980 3707 15661 1956 3754 15662 1981 3708 15663 1946 3755 15664 1967 3756 15665 1982 3742 15666 1967 3756 15667 1915 3757 15668 2017 3655 15669 1983 3654 15670 1915 3758 15671 1984 3760 15672 1916 3793 15673 2001 3761 15674 1986 3670 15675 1985 3669 15676 1919 3762 15677 1987 3748 15678 1986 3670 15679 1975 3763 15680 1987 3748 15681 1953 3764 15682 1964 3765 15683 1988 3725 15684 1964 3765 15685 1920 3766 15686 1989 3767 15687 1926 6835 15688 1977 3768 15689 1990 3666 15690 1977 3768 15691 1920 3769 15692 1991 3770 15693 1920 3739 15694 1932 3738 15695 1992 3771 15696 1932 6836 15697 1938 3772 15698 1993 39 15699 1938 39 15700 1944 39 15701 1995 3735 15702 1994 3734 15703 1944 3773 15704 1996 3775 15705 1995 3735 15706 1961 3774 15707 1997 3651 15708 1996 3775 15709 1950 3776 15710 1998 3652 15711 1997 3651 15712 1972 3777 15713 1999 39 15714 1998 39 15715 1943 39 15716 2000 3699 15717 1999 3698 15718 1937 3779 15719 2001 3681 15720 2000 3680 15721 1931 3686 15722 2002 3663 15723 2001 3761 15724 1919 3782 15725 2003 3664 15726 2002 3663 15727 1985 3783 15728 1924 3665 15729 1978 3667 15730 2005 3751 15731 2006 3785 15732 2005 3751 15733 1978 3667 15734 2007 3786 15735 2006 3676 15736 1918 3682 15737 2008 3787 15738 2007 3694 15739 1930 3700 15740 2008 39 15741 1936 39 15742 1942 39 15743 1960 3733 15744 2010 3717 15745 2009 3732 15746 1940 3789 15747 2013 3647 15748 2012 3649 15749 2014 39 15750 2013 39 15751 1940 39 15752 1928 3697 15753 2015 3688 15754 2014 3690 15755 1916 3679 15756 2016 3671 15757 2015 3673 15758 1984 3760 15759 2017 3655 15760 2016 3759 15761 1921 3662 15762 2018 3653 15763 2017 3655 15764 1995 3735 15765 2021 3795 15766 2020 3794 15767 1996 3775 15768 2019 3797 15769 2021 3795 15770 1971 3790 15771 2022 3801 15772 2023 3796 15773 1996 3775 15774 1997 3651 15775 2023 3796 15776 2011 3715 15777 2010 3717 15778 2025 3798 15779 2010 3717 15780 1960 3733 15781 2020 3794 15782 1971 3790 15783 2012 3649 15784 2026 3800 15785 2011 3715 15786 2024 3799 15787 2026 3800 15788 2020 3802 15789 2021 6837 15790 2051 3803 15791 2021 3805 15792 2019 6838 15793 2058 3806 15794 2023 3808 15795 2022 6839 15796 2056 3809 15797 2019 3811 15798 2023 6840 15799 2057 3812 15800 2025 3814 15801 2053 3870 15802 2054 3815 15803 2020 3817 15804 2052 3868 15805 2053 3818 15806 2026 3820 15807 2055 3874 15808 2056 3821 15809 2024 3823 15810 2054 3872 15811 2055 3824 15812 2029 3826 15813 2037 3830 15814 2036 3827 15815 2027 3829 15816 2035 3834 15817 2037 3830 15818 2031 3831 15819 2030 3840 15820 2038 3832 15821 2027 3829 15822 2031 3831 15823 2039 3833 15824 2032 3835 15825 2033 3838 15826 2041 3836 15827 2033 3838 15828 2028 3828 15829 2036 3827 15830 2034 3839 15831 2042 3841 15832 2038 3832 15833 2032 3835 15834 2040 3837 15835 2042 3841 15836 2037 3842 15837 2045 6841 15838 2044 3843 15839 2037 3845 15840 2035 6842 15841 2043 3846 15842 2039 3848 15843 2038 6843 15844 2046 3849 15845 2039 3851 15846 2047 6844 15847 2043 3852 15848 2041 3854 15849 2049 6845 15850 2048 3855 15851 2041 3857 15852 2036 6846 15853 2044 3858 15854 2042 3860 15855 2050 6847 15856 2046 3861 15857 2042 3863 15858 2040 6848 15859 2048 3864 15860 2052 3804 15861 2051 3803 15862 2059 3866 15863 2052 3868 15864 2060 3884 15865 2061 3869 15866 2053 3870 15867 2061 6849 15868 2062 3871 15869 2054 3872 15870 2062 3888 15871 2063 3873 15872 2055 3874 15873 2063 3890 15874 2064 3875 15875 2057 3810 15876 2056 3809 15877 2064 3876 15878 2058 3813 15879 2057 3812 15880 2065 3878 15881 2051 3807 15882 2058 3806 15883 2066 3880 15884 2060 3867 15885 2059 3866 15886 2029 3882 15887 2060 3884 15888 2028 6850 15889 2033 3885 15890 2062 3871 15891 2061 6849 15892 2033 3886 15893 2062 3888 15894 2032 6851 15895 2034 3889 15896 2063 3890 15897 2034 6852 15898 2030 3891 15899 2065 3877 15900 2064 3876 15901 2030 3892 15902 2066 3879 15903 2065 3878 15904 2031 3894 15905 2066 3880 15906 2027 6853 15907 2029 3896 15908 2075 3897 15909 2076 3921 15910 2067 3898 15911 2069 3900 15912 2077 3924 15913 2075 3901 15914 2079 3903 15915 2078 3926 15916 2070 3904 15917 2067 3906 15918 2076 3929 15919 2079 3907 15920 2080 3909 15921 2081 3931 15922 2072 3910 15923 2070 3912 15924 2078 3934 15925 2080 3913 15926 2082 3915 15927 2077 3936 15928 2069 3916 15929 2072 3918 15930 2081 3939 15931 2082 3919 15932 2076 3921 15933 2075 3897 15934 2083 3922 15935 2077 3924 15936 2085 6854 15937 2083 3925 15938 2078 3926 15939 2079 3903 15940 2087 3927 15941 2076 3929 15942 2084 6855 15943 2087 3930 15944 2081 3931 15945 2080 3909 15946 2088 3932 15947 2078 3934 15948 2086 6856 15949 2088 3935 15950 2077 3936 15951 2082 3915 15952 2090 3937 15953 2081 3939 15954 2089 6857 15955 2090 3940 15956 2083 3922 15957 2091 6858 15958 2092 3941 15959 2083 3925 15960 2085 6854 15961 2093 3942 15962 2087 3927 15963 2095 6859 15964 2094 3944 15965 2087 3930 15966 2084 6855 15967 2092 3945 15968 2088 3932 15969 2096 6860 15970 2097 3947 15971 2088 3935 15972 2086 6856 15973 2094 3948 15974 2090 3937 15975 2098 6861 15976 2093 3950 15977 2090 3940 15978 2089 6857 15979 2097 3951 15980 2092 3953 15981 2091 3957 15982 2099 3954 15983 2093 3956 15984 2101 3967 15985 2099 3954 15986 2094 3958 15987 2095 3961 15988 2103 3959 15989 2092 3953 15990 2100 3955 15991 2103 3959 15992 2097 3962 15993 2096 3965 15994 2104 3963 15995 2094 3958 15996 2102 3960 15997 2104 3963 15998 2093 3956 15999 2098 3968 16000 2106 3966 16001 2097 3962 16002 2105 3964 16003 2106 3966 16004 2099 3969 16005 2107 3973 16006 2108 3970 16007 2099 3969 16008 2101 3983 16009 2109 3972 16010 2103 3974 16011 2111 3977 16012 2110 3975 16013 2103 3974 16014 2100 3971 16015 2108 3970 16016 2104 3978 16017 2112 3981 16018 2113 3979 16019 2104 3978 16020 2102 3976 16021 2110 3975 16022 2106 3982 16023 2114 3984 16024 2109 3972 16025 2106 3982 16026 2105 3980 16027 2113 3979 16028 2107 3985 16029 2115 6862 16030 2116 3986 16031 2107 3988 16032 2109 6863 16033 2117 3989 16034 2111 3991 16035 2119 6864 16036 2118 3992 16037 2111 3994 16038 2108 6865 16039 2116 3995 16040 2112 3997 16041 2120 6866 16042 2121 3998 16043 2112 4000 16044 2110 6867 16045 2118 4001 16046 2114 4003 16047 2122 6868 16048 2117 4004 16049 2114 4006 16050 2113 6869 16051 2121 4007 16052 2123 4009 16053 2117 6870 16054 2122 4010 16055 2115 4012 16056 2117 6871 16057 2123 4013 16058 2119 4015 16059 2116 4014 16060 2123 4013 16061 2123 4009 16062 2121 4011 16063 2120 4017 16064 2124 4019 16065 2133 4043 16066 2132 4020 16067 2126 4022 16068 2125 6872 16069 2132 4023 16070 2127 4025 16071 2135 4047 16072 2136 4026 16073 2124 4028 16074 2128 6873 16075 2136 4029 16076 2129 4031 16077 2138 4051 16078 2137 4032 16079 2127 4034 16080 2130 6874 16081 2137 4035 16082 2126 4037 16083 2134 4055 16084 2139 4038 16085 2129 4040 16086 2131 6875 16087 2139 4041 16088 2133 4043 16089 2141 6876 16090 2140 4044 16091 2134 4024 16092 2132 4023 16093 2140 4045 16094 2135 4047 16095 2143 6877 16096 2144 4048 16097 2133 4030 16098 2136 4029 16099 2144 4049 16100 2138 4051 16101 2146 6878 16102 2145 4052 16103 2135 4036 16104 2137 4035 16105 2145 4053 16106 2134 4055 16107 2142 6879 16108 2147 4056 16109 2138 4042 16110 2139 4041 16111 2147 4057 16112 2140 4044 16113 2141 6876 16114 2149 4059 16115 2140 4045 16116 2148 6880 16117 2150 4061 16118 2144 4048 16119 2143 6877 16120 2151 4062 16121 2144 4049 16122 2152 6881 16123 2149 4064 16124 2145 4052 16125 2146 6878 16126 2154 4065 16127 2145 4053 16128 2153 6882 16129 2151 4067 16130 2147 4056 16131 2142 6879 16132 2150 4068 16133 2147 4057 16134 2155 6883 16135 2154 4070 16136 2149 4071 16137 2157 4079 16138 2156 4072 16139 2150 4074 16140 2148 4073 16141 2156 4072 16142 2151 4076 16143 2159 4083 16144 2160 4077 16145 2149 4071 16146 2152 4078 16147 2160 4077 16148 2154 4080 16149 2162 4086 16150 2161 4081 16151 2151 4076 16152 2153 4082 16153 2161 4081 16154 2150 4074 16155 2158 4075 16156 2163 4084 16157 2154 4080 16158 2155 4085 16159 2163 4084 16160 2156 4087 16161 2157 4095 16162 2165 4088 16163 2156 4087 16164 2164 4089 16165 2166 4090 16166 2160 4092 16167 2159 4099 16168 2167 4093 16169 2160 4092 16170 2168 4094 16171 2165 4088 16172 2161 4096 16173 2162 4102 16174 2170 4097 16175 2161 4096 16176 2169 4098 16177 2167 4093 16178 2163 4100 16179 2158 4091 16180 2166 4090 16181 2163 4100 16182 2171 4101 16183 2170 4097 16184 2164 4103 16185 2165 6884 16186 2173 4104 16187 2164 4106 16188 2172 6885 16189 2174 4107 16190 2168 4109 16191 2167 6886 16192 2175 4110 16193 2168 4112 16194 2176 6887 16195 2173 4113 16196 2169 4115 16197 2170 6888 16198 2178 4116 16199 2169 4118 16200 2177 6889 16201 2175 4119 16202 2171 4121 16203 2166 6890 16204 2174 4122 16205 2171 4124 16206 2179 6891 16207 2178 4125 16208 2180 4127 16209 2178 6892 16210 2179 4128 16211 2180 4130 16212 2174 6893 16213 2172 4131 16214 2176 4133 16215 2175 6894 16216 2180 4130 16217 2177 4134 16218 2178 6892 16219 2180 4127 16220 2181 4136 16221 2182 4139 16222 2187 4137 16223 2182 4139 16224 2183 4142 16225 2188 4140 16226 2184 4141 16227 2189 4144 16228 2188 4140 16229 2185 4143 16230 2190 4148 16231 2189 4144 16232 2186 4138 16233 2187 4137 16234 2192 4145 16235 2187 4137 16236 2188 4140 16237 2193 4147 16238 2189 4144 16239 2194 4149 16240 2193 4147 16241 2190 4148 16242 2195 6895 16243 2194 4149 16244 2192 4145 16245 2197 4151 16246 2196 4150 16247 2193 4147 16248 2198 4152 16249 2197 4151 16250 2194 4149 16251 2199 4154 16252 2198 4152 16253 2194 4149 16254 2195 6895 16255 2200 4153 16256 2197 4151 16257 2202 4156 16258 2201 4155 16259 2198 4152 16260 2203 4158 16261 2202 4156 16262 2198 4152 16263 2199 4154 16264 2204 4157 16265 2199 4154 16266 2200 4153 16267 2205 4159 16268 2207 4160 16269 2219 4164 16270 2218 4161 16271 2208 4163 16272 2220 4166 16273 2219 4164 16274 2208 4163 16275 2209 4168 16276 2221 4165 16277 2210 4167 16278 2222 4170 16279 2221 4165 16280 2211 4169 16281 2223 4172 16282 2222 4170 16283 2211 4169 16284 2212 4174 16285 2224 4171 16286 2213 4173 16287 2225 4176 16288 2224 4171 16289 2214 4175 16290 2226 4178 16291 2225 4176 16292 2214 4175 16293 2215 4180 16294 2227 4177 16295 2216 4179 16296 2228 4182 16297 2227 4177 16298 2217 4181 16299 2229 4183 16300 2228 4182 16301 2217 4181 16302 2206 4162 16303 2218 4161 16304 2323 4184 16305 2325 4184 16306 2324 4184 16307 2310 4185 16308 2308 6896 16309 2306 4186 16310 2326 4187 16311 2327 6897 16312 2328 4188 16313 2237 4189 16314 2250 6898 16315 2244 4190 16316 2244 4190 16317 2250 6898 16318 2256 4192 16319 2263 4194 16320 2244 4190 16321 2243 4193 16322 2330 4184 16323 2331 4184 16324 2333 4184 16325 2334 4196 16326 2335 6899 16327 2337 4197 16328 2230 4198 16329 2269 4205 16330 2275 4199 16331 2231 4191 16332 2275 4199 16333 2281 4200 16334 2263 4194 16335 2262 4195 16336 2293 4201 16337 2230 4198 16338 2263 4194 16339 2287 4202 16340 2230 4198 16341 2299 4203 16342 2305 4204 16343 2231 4191 16344 2244 4190 16345 2263 4194 16346 2226 4178 16347 2227 4177 16348 2245 4206 16349 2232 4207 16350 2245 4206 16351 2246 4208 16352 2234 4210 16353 2233 4209 16354 2246 4208 16355 2235 4212 16356 2234 4210 16357 2247 4211 16358 2236 4214 16359 2235 4212 16360 2248 4213 16361 2237 4216 16362 2236 4214 16363 2249 4215 16364 2227 4177 16365 2228 4182 16366 2251 4218 16367 2245 4206 16368 2251 4218 16369 2252 4219 16370 2252 4220 16371 2253 4227 16372 2247 4211 16373 2253 4221 16374 2254 4222 16375 2248 4213 16376 2254 4222 16377 2255 4223 16378 2249 4215 16379 2255 4223 16380 2256 4231 16381 2250 4217 16382 2228 4182 16383 2229 4233 16384 2238 4224 16385 2251 4218 16386 2238 4224 16387 2239 4225 16388 2239 4226 16389 2240 6900 16390 2253 4227 16391 2240 4228 16392 2241 6901 16393 2254 4222 16394 2241 4229 16395 2242 6902 16396 2255 4223 16397 2242 4230 16398 2243 6903 16399 2256 4231 16400 2218 4232 16401 2257 4234 16402 2238 4224 16403 2257 4234 16404 2258 4269 16405 2239 4225 16406 2259 4235 16407 2240 6900 16408 2239 4226 16409 2260 4237 16410 2241 6901 16411 2240 4228 16412 2261 4239 16413 2242 6902 16414 2241 4229 16415 2262 4241 16416 2243 6903 16417 2242 4230 16418 2223 4243 16419 2224 4260 16420 2270 4244 16421 2265 4246 16422 2264 4245 16423 2270 4244 16424 2266 4248 16425 2265 6904 16426 2271 4249 16427 2267 4251 16428 2266 6905 16429 2272 4252 16430 2268 4254 16431 2267 6906 16432 2273 4255 16433 2275 4257 16434 2269 4296 16435 2268 4258 16436 2224 4260 16437 2225 4176 16438 2276 4261 16439 2270 4244 16440 2276 4261 16441 2277 4262 16442 2277 4262 16443 2278 4266 16444 2272 4250 16445 2278 4263 16446 2279 4264 16447 2273 4253 16448 2279 4264 16449 2280 4265 16450 2274 4256 16451 2280 4265 16452 2281 4267 16453 2275 4257 16454 2225 4176 16455 2226 4178 16456 2232 4207 16457 2276 4261 16458 2232 4207 16459 2233 4209 16460 2233 4209 16461 2234 4210 16462 2278 4266 16463 2234 4210 16464 2235 4212 16465 2279 4264 16466 2235 4212 16467 2236 4214 16468 2280 4265 16469 2236 4214 16470 2237 4216 16471 2281 4267 16472 2219 4164 16473 2288 4268 16474 2257 4234 16475 2288 4268 16476 2289 4275 16477 2258 4269 16478 2258 4236 16479 2289 4276 16480 2290 4270 16481 2259 4238 16482 2290 4278 16483 2291 4271 16484 2260 4240 16485 2291 4271 16486 2292 4272 16487 2261 4242 16488 2292 4272 16489 2293 4273 16490 2220 4166 16491 2282 4274 16492 2288 4268 16493 2282 4274 16494 2283 4283 16495 2289 4275 16496 2289 4276 16497 2283 4283 16498 2284 4277 16499 2290 4278 16500 2284 4277 16501 2285 4279 16502 2291 4271 16503 2285 4279 16504 2286 4280 16505 2292 4272 16506 2286 4280 16507 2287 4281 16508 2282 4274 16509 2220 4166 16510 2221 4165 16511 2283 4283 16512 2282 4274 16513 2294 4282 16514 2283 4283 16515 2295 4284 16516 2296 4285 16517 2284 4277 16518 2296 4285 16519 2297 4286 16520 2285 4279 16521 2297 4286 16522 2298 4287 16523 2299 4288 16524 2287 4281 16525 2286 4280 16526 2222 4170 16527 2300 4289 16528 2294 4282 16529 2300 4289 16530 2301 4294 16531 2295 4284 16532 2295 4284 16533 2301 4294 16534 2302 4290 16535 2296 4285 16536 2302 4295 16537 2303 4291 16538 2297 4286 16539 2303 4291 16540 2304 4292 16541 2298 4287 16542 2304 4292 16543 2305 4293 16544 2223 4243 16545 2264 4245 16546 2300 4289 16547 2264 4245 16548 2265 4246 16549 2301 4294 16550 2301 4294 16551 2265 6904 16552 2266 4248 16553 2302 4295 16554 2266 6905 16555 2267 4251 16556 2303 4291 16557 2267 6906 16558 2268 4254 16559 2304 4292 16560 2268 4258 16561 2269 4296 16562 2317 4297 16563 2316 6907 16564 2215 4298 16565 2315 4300 16566 2216 4304 16567 2215 4301 16568 2309 4303 16569 2217 6908 16570 2216 4304 16571 2311 4305 16572 2312 4309 16573 2208 4306 16574 2307 4308 16575 2209 6909 16576 2208 4306 16577 2321 4310 16578 2210 4314 16579 2209 4311 16580 2321 4310 16581 2320 4315 16582 2211 4313 16583 2320 4315 16584 2319 6910 16585 2212 4316 16586 2319 4317 16587 2318 4320 16588 2213 4318 16589 2317 4297 16590 2214 4299 16591 2213 4318 16592 2307 39 16593 2323 39 16594 2322 39 16595 2323 39 16596 2307 39 16597 2312 39 16598 2306 39 16599 2322 39 16600 2324 39 16601 2314 39 16602 2324 39 16603 2325 39 16604 2310 39 16605 2327 39 16606 2326 39 16607 2327 4321 16608 2310 4321 16609 2314 4321 16610 2309 4321 16611 2326 4321 16612 2329 4321 16613 2313 39 16614 2329 39 16615 2328 39 16616 2308 39 16617 2331 39 16618 2330 39 16619 2331 39 16620 2308 39 16621 2310 39 16622 2317 39 16623 2330 39 16624 2332 39 16625 2316 39 16626 2332 39 16627 2333 39 16628 2308 4321 16629 2334 4321 16630 2336 4321 16631 2319 39 16632 2335 39 16633 2334 39 16634 2335 4321 16635 2319 4321 16636 2320 4321 16637 2306 39 16638 2336 39 16639 2337 39 16640 2318 4322 16641 2338 4326 16642 2339 4323 16643 2318 4322 16644 2319 4327 16645 2340 4325 16646 2319 4327 16647 2308 4329 16648 2341 4328 16649 2317 4184 16650 2339 4184 16651 2341 4328 16652 2320 4330 16653 2343 6911 16654 2342 4331 16655 2321 4184 16656 2344 4184 16657 2343 4184 16658 2321 4184 16659 2307 4184 16660 2345 27 16661 2307 4184 16662 2306 4184 16663 2342 4331 16664 2314 4332 16665 2312 6912 16666 2347 4333 16667 2311 4335 16668 2348 27 16669 2347 4336 16670 2311 4335 16671 2313 4339 16672 2349 4338 16673 2313 4339 16674 2314 4332 16675 2346 4334 16676 2315 4340 16677 2350 4342 16678 2351 4184 16679 2315 4340 16680 2316 4343 16681 2352 4341 16682 2316 4343 16683 2310 4345 16684 2353 4344 16685 2310 4345 16686 2309 4184 16687 2351 4346 16688 2338 4347 16689 2354 4350 16690 2366 4348 16691 2354 4350 16692 2355 4352 16693 2367 4351 16694 2355 4352 16695 2356 4354 16696 2368 4353 16697 2356 4354 16698 2357 4356 16699 2369 4355 16700 2357 4356 16701 2358 6913 16702 2370 4357 16703 2370 4357 16704 2358 6913 16705 2359 4358 16706 2371 4359 16707 2359 4358 16708 2360 4360 16709 2372 4361 16710 2360 4360 16711 2361 4362 16712 2373 4363 16713 2361 4362 16714 2362 4364 16715 2374 4365 16716 2362 4364 16717 2363 4366 16718 2375 4367 16719 2363 4366 16720 2364 4368 16721 2376 4369 16722 2364 4368 16723 2365 4370 16724 2338 4372 16725 2340 6914 16726 2378 4373 16727 2354 4374 16728 2378 4373 16729 2379 4375 16730 2355 4376 16731 2379 4375 16732 2380 4377 16733 2356 4378 16734 2380 4377 16735 2381 4379 16736 2357 4380 16737 2381 4379 16738 2382 4381 16739 2382 4381 16740 2383 4384 16741 2359 4383 16742 2383 4384 16743 2384 4386 16744 2360 4385 16745 2384 4386 16746 2385 4388 16747 2361 4387 16748 2385 4388 16749 2386 4390 16750 2362 4389 16751 2386 4390 16752 2387 4392 16753 2363 4391 16754 2387 4392 16755 2388 4394 16756 2364 4393 16757 2388 4394 16758 2389 6915 16759 2365 4395 16760 2340 4396 16761 2341 6916 16762 2390 4397 16763 2378 4398 16764 2390 4397 16765 2391 4399 16766 2379 4400 16767 2391 4399 16768 2392 4401 16769 2380 4402 16770 2392 4401 16771 2393 4403 16772 2381 4404 16773 2393 4403 16774 2394 4405 16775 2394 4405 16776 2395 4408 16777 2383 4407 16778 2395 4408 16779 2396 4410 16780 2384 4409 16781 2396 4410 16782 2397 4412 16783 2385 4411 16784 2397 4412 16785 2398 4414 16786 2386 4413 16787 2398 4414 16788 2399 4416 16789 2387 4415 16790 2399 4416 16791 2400 4418 16792 2388 4417 16793 2400 4418 16794 2401 6917 16795 2389 4419 16796 2390 4420 16797 2341 6918 16798 2339 4421 16799 2366 4422 16800 2367 4425 16801 2391 4423 16802 2392 4424 16803 2391 4423 16804 2367 4425 16805 2368 4426 16806 2369 4428 16807 2393 4427 16808 2369 4428 16809 2370 6919 16810 2394 4429 16811 2394 4429 16812 2370 6919 16813 2371 4430 16814 2395 4431 16815 2371 4430 16816 2372 4432 16817 2396 4433 16818 2372 4432 16819 2373 4434 16820 2397 4435 16821 2373 4434 16822 2374 4436 16823 2398 4437 16824 2374 4436 16825 2375 4438 16826 2399 4439 16827 2375 4438 16828 2376 4440 16829 2400 4441 16830 2376 4440 16831 2377 4442 16832 2350 4444 16833 2402 4447 16834 2414 4445 16835 2402 4447 16836 2403 4449 16837 2415 4448 16838 2403 4449 16839 2404 4451 16840 2416 4450 16841 2404 4451 16842 2405 4453 16843 2417 4452 16844 2405 4453 16845 2406 6920 16846 2418 4454 16847 2418 4454 16848 2406 6920 16849 2407 4455 16850 2419 4456 16851 2407 4455 16852 2408 4457 16853 2420 4458 16854 2408 4457 16855 2409 4459 16856 2421 4460 16857 2409 4459 16858 2410 4461 16859 2422 4462 16860 2410 4461 16861 2411 4463 16862 2423 4464 16863 2411 4463 16864 2412 4465 16865 2424 4466 16866 2412 4465 16867 2413 4467 16868 2350 4469 16869 2352 6921 16870 2426 4470 16871 2402 4471 16872 2426 4470 16873 2427 4472 16874 2403 4473 16875 2427 4472 16876 2428 4474 16877 2404 4475 16878 2428 4474 16879 2429 4476 16880 2405 4477 16881 2429 4476 16882 2430 4478 16883 2430 4478 16884 2431 4481 16885 2407 4480 16886 2431 4481 16887 2432 4483 16888 2408 4482 16889 2432 4483 16890 2433 4485 16891 2409 4484 16892 2433 4485 16893 2434 4487 16894 2410 4486 16895 2434 4487 16896 2435 4489 16897 2411 4488 16898 2435 4489 16899 2436 4491 16900 2412 4490 16901 2436 4491 16902 2437 6922 16903 2413 4492 16904 2352 4493 16905 2353 6923 16906 2438 4494 16907 2426 4495 16908 2438 4494 16909 2439 4496 16910 2427 4497 16911 2439 4496 16912 2440 4498 16913 2428 4499 16914 2440 4498 16915 2441 4500 16916 2429 4501 16917 2441 4500 16918 2442 4502 16919 2442 4502 16920 2443 4505 16921 2431 4504 16922 2443 4505 16923 2444 4507 16924 2432 4506 16925 2444 4507 16926 2445 4509 16927 2433 4508 16928 2445 4509 16929 2446 4511 16930 2434 4510 16931 2446 4511 16932 2447 4513 16933 2435 4512 16934 2447 4513 16935 2448 4515 16936 2436 4514 16937 2448 4515 16938 2449 6924 16939 2437 4516 16940 2353 4517 16941 2351 6925 16942 2414 4518 16943 2438 4519 16944 2414 4518 16945 2415 4520 16946 2439 4521 16947 2415 4520 16948 2416 4522 16949 2440 4523 16950 2416 4522 16951 2417 4524 16952 2441 4525 16953 2417 4524 16954 2418 4526 16955 2418 4526 16956 2419 4529 16957 2443 4528 16958 2419 4529 16959 2420 4531 16960 2444 4530 16961 2420 4531 16962 2421 4533 16963 2445 4532 16964 2421 4533 16965 2422 4535 16966 2446 4534 16967 2422 4535 16968 2423 4537 16969 2447 4536 16970 2423 4537 16971 2424 4539 16972 2448 4538 16973 2424 4539 16974 2425 6926 16975 2449 4540 16976 2346 4541 16977 2347 6927 16978 2462 4542 16979 2450 4543 16980 2462 4542 16981 2463 4544 16982 2451 4545 16983 2463 4544 16984 2464 4546 16985 2452 4547 16986 2464 4546 16987 2465 4548 16988 2453 4549 16989 2465 4548 16990 2466 4550 16991 2466 4550 16992 2467 4553 16993 2455 4552 16994 2467 4553 16995 2468 4555 16996 2456 4554 16997 2468 4555 16998 2469 4557 16999 2457 4556 17000 2469 4557 17001 2470 4559 17002 2458 4558 17003 2470 4559 17004 2471 4561 17005 2459 4560 17006 2471 4561 17007 2472 4563 17008 2460 4562 17009 2472 4563 17010 2473 6928 17011 2461 4564 17012 2462 4565 17013 2347 6929 17014 2348 4566 17015 2474 4567 17016 2475 4570 17017 2463 4568 17018 2464 4569 17019 2463 4568 17020 2475 4570 17021 2476 4571 17022 2477 4573 17023 2465 4572 17024 2477 4573 17025 2478 6930 17026 2466 4574 17027 2466 4574 17028 2478 6930 17029 2479 4575 17030 2467 4576 17031 2479 4575 17032 2480 4577 17033 2468 4578 17034 2480 4577 17035 2481 4579 17036 2469 4580 17037 2481 4579 17038 2482 4581 17039 2470 4582 17040 2482 4581 17041 2483 4583 17042 2471 4584 17043 2483 4583 17044 2484 4585 17045 2472 4586 17046 2484 4585 17047 2485 4587 17048 2474 4589 17049 2348 6931 17050 2349 4590 17051 2486 4591 17052 2487 4594 17053 2475 4592 17054 2476 4593 17055 2475 4592 17056 2487 4594 17057 2488 4595 17058 2489 4597 17059 2477 4596 17060 2489 4597 17061 2490 6932 17062 2478 4598 17063 2478 4598 17064 2490 6932 17065 2491 4599 17066 2479 4600 17067 2491 4599 17068 2492 4601 17069 2480 4602 17070 2492 4601 17071 2493 4603 17072 2481 4604 17073 2493 4603 17074 2494 4605 17075 2482 4606 17076 2494 4605 17077 2495 4607 17078 2483 4608 17079 2495 4607 17080 2496 4609 17081 2484 4610 17082 2496 4609 17083 2497 4611 17084 2349 4613 17085 2346 6933 17086 2450 4614 17087 2486 4615 17088 2450 4614 17089 2451 4616 17090 2487 4617 17091 2451 4616 17092 2452 4618 17093 2488 4619 17094 2452 4618 17095 2453 4620 17096 2489 4621 17097 2453 4620 17098 2454 4622 17099 2454 4622 17100 2455 4625 17101 2491 4624 17102 2455 4625 17103 2456 4627 17104 2492 4626 17105 2456 4627 17106 2457 4629 17107 2493 4628 17108 2457 4629 17109 2458 4631 17110 2494 4630 17111 2458 4631 17112 2459 4633 17113 2495 4632 17114 2459 4633 17115 2460 4635 17116 2496 4634 17117 2460 4635 17118 2461 6934 17119 2497 4636 17120 2343 4637 17121 2510 4640 17122 2498 4638 17123 2510 4640 17124 2511 4642 17125 2499 4641 17126 2511 4642 17127 2512 4644 17128 2500 4643 17129 2512 4644 17130 2513 4646 17131 2501 4645 17132 2513 4646 17133 2514 6935 17134 2502 4647 17135 2502 4647 17136 2514 6935 17137 2515 4648 17138 2503 4649 17139 2515 4648 17140 2516 4650 17141 2504 4651 17142 2516 4650 17143 2517 4652 17144 2505 4653 17145 2517 4652 17146 2518 4654 17147 2506 4655 17148 2518 4654 17149 2519 4656 17150 2507 4657 17151 2519 4656 17152 2520 4658 17153 2508 4659 17154 2520 4658 17155 2521 4660 17156 2510 4662 17157 2343 6936 17158 2344 4663 17159 2522 4664 17160 2523 4667 17161 2511 4665 17162 2512 4666 17163 2511 4665 17164 2523 4667 17165 2524 4668 17166 2525 4670 17167 2513 4669 17168 2525 4670 17169 2526 6937 17170 2514 4671 17171 2514 4671 17172 2526 6937 17173 2527 4672 17174 2515 4673 17175 2527 4672 17176 2528 4674 17177 2516 4675 17178 2528 4674 17179 2529 4676 17180 2517 4677 17181 2529 4676 17182 2530 4678 17183 2518 4679 17184 2530 4678 17185 2531 4680 17186 2519 4681 17187 2531 4680 17188 2532 4682 17189 2520 4683 17190 2532 4682 17191 2533 4684 17192 2344 4686 17193 2345 6938 17194 2534 4687 17195 2522 4688 17196 2534 4687 17197 2535 4689 17198 2523 4690 17199 2535 4689 17200 2536 4691 17201 2524 4692 17202 2536 4691 17203 2537 4693 17204 2525 4694 17205 2537 4693 17206 2538 4695 17207 2538 4695 17208 2539 4698 17209 2527 4697 17210 2539 4698 17211 2540 4700 17212 2528 4699 17213 2540 4700 17214 2541 4702 17215 2529 4701 17216 2541 4702 17217 2542 4704 17218 2530 4703 17219 2542 4704 17220 2543 4706 17221 2531 4705 17222 2543 4706 17223 2544 4708 17224 2532 4707 17225 2544 4708 17226 2545 6939 17227 2533 4709 17228 2345 4710 17229 2342 6940 17230 2498 4711 17231 2534 4712 17232 2498 4711 17233 2499 4713 17234 2535 4714 17235 2499 4713 17236 2500 4715 17237 2536 4716 17238 2500 4715 17239 2501 4717 17240 2537 4718 17241 2501 4717 17242 2502 4719 17243 2502 4719 17244 2503 4722 17245 2539 4721 17246 2503 4722 17247 2504 4724 17248 2540 4723 17249 2504 4724 17250 2505 4726 17251 2541 4725 17252 2505 4726 17253 2506 4728 17254 2542 4727 17255 2506 4728 17256 2507 4730 17257 2543 4729 17258 2507 4730 17259 2508 4732 17260 2544 4731 17261 2508 4732 17262 2509 6941 17263 2545 4733 17264 2206 4734 17265 2217 6908 17266 2309 4303 17267 2206 4736 17268 2313 6942 17269 2311 4305 17270 2547 4737 17271 2571 6943 17272 2570 4738 17273 2548 4740 17274 2572 6944 17275 2571 4741 17276 2549 4743 17277 2573 6945 17278 2572 4744 17279 2550 4746 17280 2574 6946 17281 2573 4747 17282 2551 4749 17283 2575 6947 17284 2574 4750 17285 2552 4752 17286 2576 6948 17287 2575 4753 17288 2553 4755 17289 2577 6949 17290 2576 4756 17291 2546 4758 17292 2570 6950 17293 2577 4759 17294 2546 4761 17295 2554 6951 17296 2555 4762 17297 2547 4764 17298 2555 6952 17299 2556 4765 17300 2548 4767 17301 2556 6953 17302 2557 4768 17303 2550 4770 17304 2549 6954 17305 2557 4771 17306 2551 4773 17307 2550 6955 17308 2558 4774 17309 2552 4776 17310 2551 6956 17311 2559 4777 17312 2553 4779 17313 2552 6957 17314 2560 4780 17315 2546 4782 17316 2553 6958 17317 2561 4783 17318 2554 4785 17319 2562 6959 17320 2563 4786 17321 2555 4788 17322 2563 6960 17323 2564 4789 17324 2556 4791 17325 2564 6961 17326 2565 4792 17327 2557 4794 17328 2565 6962 17329 2566 4795 17330 2558 4797 17331 2566 6963 17332 2567 4798 17333 2559 4800 17334 2567 6964 17335 2568 4801 17336 2560 4803 17337 2568 6965 17338 2569 4804 17339 2561 4806 17340 2569 6966 17341 2562 4807 17342 2563 4809 17343 2562 6967 17344 2570 4810 17345 2564 4812 17346 2563 6968 17347 2571 4813 17348 2565 4815 17349 2564 6969 17350 2572 4816 17351 2565 4818 17352 2573 6970 17353 2574 4819 17354 2566 4821 17355 2574 6971 17356 2575 4822 17357 2567 4824 17358 2575 6972 17359 2576 4825 17360 2568 4827 17361 2576 6973 17362 2577 4828 17363 2569 4830 17364 2577 6974 17365 2570 4831 17366 2578 4833 17367 2586 4989 17368 2587 4834 17369 2587 4834 17370 2588 4972 17371 2580 4836 17372 2580 4836 17373 2588 4972 17374 2589 4837 17375 2589 4837 17376 2590 4840 17377 2582 4839 17378 2590 4840 17379 2591 4842 17380 2583 4841 17381 2591 4842 17382 2592 4844 17383 2584 4843 17384 2592 4844 17385 2593 4846 17386 2585 4845 17387 2593 4846 17388 2586 4989 17389 2578 4833 17390 2662 4847 17391 2663 6975 17392 2665 4848 17393 2664 4849 17394 2665 4848 17395 2667 4850 17396 2667 4850 17397 2669 6976 17398 2668 4852 17399 2668 4852 17400 2669 6976 17401 2671 4853 17402 2670 4854 17403 2671 4853 17404 2673 4855 17405 2673 4855 17406 2675 4858 17407 2674 4857 17408 2675 4858 17409 2677 4860 17410 2676 4859 17411 2677 4860 17412 2663 6975 17413 2662 4847 17414 2594 4861 17415 2602 4876 17416 2603 4862 17417 2595 4863 17418 2603 4862 17419 2604 4864 17420 2596 4865 17421 2604 4864 17422 2605 4866 17423 2598 4868 17424 2597 4867 17425 2605 4866 17426 2599 4870 17427 2598 4868 17428 2606 4869 17429 2599 4870 17430 2607 4871 17431 2608 4872 17432 2600 4873 17433 2608 4872 17434 2609 4874 17435 2601 4875 17436 2609 4874 17437 2602 4876 17438 2635 4877 17439 2637 4880 17440 2636 4878 17441 2637 4880 17442 2639 4882 17443 2638 4881 17444 2639 4882 17445 2641 4958 17446 2640 4883 17447 2640 4883 17448 2641 4958 17449 2643 4884 17450 2643 4884 17451 2645 4957 17452 2644 4886 17453 2644 4886 17454 2645 4957 17455 2647 4887 17456 2647 4887 17457 2649 4889 17458 2648 4184 17459 2649 4889 17460 2635 4877 17461 2634 4879 17462 2603 4890 17463 2602 4905 17464 2610 4891 17465 2603 4890 17466 2611 4892 17467 2612 4893 17468 2604 4894 17469 2612 4893 17470 2613 4895 17471 2605 4896 17472 2613 4895 17473 2614 4897 17474 2607 4899 17475 2606 4898 17476 2614 4897 17477 2608 4901 17478 2607 4899 17479 2615 4900 17480 2609 4903 17481 2608 4901 17482 2616 4902 17483 2602 4905 17484 2609 4903 17485 2617 4904 17486 2610 4906 17487 2618 4921 17488 2619 4907 17489 2611 4908 17490 2619 4907 17491 2620 4909 17492 2612 4910 17493 2620 4909 17494 2621 4911 17495 2613 4912 17496 2621 4911 17497 2622 4913 17498 2614 4914 17499 2622 4913 17500 2623 4915 17501 2616 4917 17502 2615 4916 17503 2623 4915 17504 2616 4917 17505 2624 4918 17506 2625 4919 17507 2610 4906 17508 2617 4920 17509 2625 4919 17510 2626 4922 17511 2627 4925 17512 2619 4923 17513 2627 4925 17514 2628 4927 17515 2620 4926 17516 2628 4927 17517 2629 4929 17518 2621 4928 17519 2629 4929 17520 2630 6977 17521 2622 4930 17522 2622 4930 17523 2630 6977 17524 2631 4931 17525 2623 4932 17526 2631 4931 17527 2632 4933 17528 2624 4934 17529 2632 4933 17530 2633 4935 17531 2625 4936 17532 2633 4935 17533 2626 4922 17534 2626 4937 17535 2658 4952 17536 2659 4938 17537 2627 4939 17538 2659 4938 17539 2660 4940 17540 2629 4942 17541 2628 4941 17542 2660 4940 17543 2630 4944 17544 2629 4942 17545 2661 4943 17546 2631 4946 17547 2630 4944 17548 2654 4945 17549 2631 4946 17550 2655 4947 17551 2656 4948 17552 2633 4950 17553 2632 4949 17554 2656 4948 17555 2626 4937 17556 2633 4950 17557 2657 4951 17558 2643 4884 17559 2641 4958 17560 2652 4953 17561 2635 4877 17562 2649 4889 17563 2650 4955 17564 2651 4954 17565 2652 4953 17566 2653 4956 17567 2651 4954 17568 2650 4955 17569 2647 4887 17570 2652 4953 17571 2639 4882 17572 2637 4880 17573 2642 4959 17574 2654 4945 17575 2661 4943 17576 2654 4945 17577 2642 4959 17578 2644 4961 17579 2655 4947 17580 2644 4961 17581 2646 4962 17582 2656 4948 17583 2646 4962 17584 2648 4963 17585 2657 4951 17586 2648 4963 17587 2634 4964 17588 2658 4952 17589 2634 4964 17590 2636 4965 17591 2636 4965 17592 2638 6978 17593 2660 4940 17594 2660 4940 17595 2638 6978 17596 2640 4960 17597 2587 4834 17598 2586 4989 17599 2662 4966 17600 2678 4968 17601 2680 6979 17602 2681 4969 17603 2587 4834 17604 2664 4967 17605 2666 4971 17606 2681 4969 17607 2680 6979 17608 2682 4973 17609 2588 4972 17610 2666 4971 17611 2668 4975 17612 2683 4974 17613 2682 4973 17614 2684 4976 17615 2589 4837 17616 2668 4975 17617 2670 4978 17618 2685 4977 17619 2684 4976 17620 2686 4979 17621 2590 4840 17622 2670 4978 17623 2672 4981 17624 2686 4979 17625 2688 6980 17626 2689 4982 17627 2592 4844 17628 2591 4842 17629 2672 4981 17630 2689 4982 17631 2688 6980 17632 2690 4984 17633 2593 4846 17634 2592 4844 17635 2674 4983 17636 2691 4985 17637 2690 4984 17638 2692 4987 17639 2586 4989 17640 2593 4846 17641 2676 4986 17642 2693 4988 17643 2692 4987 17644 2678 4968 17645 2680 4990 17646 2678 5020 17647 2594 4991 17648 2665 4993 17649 2663 5021 17650 2679 4994 17651 2682 4996 17652 2680 4990 17653 2595 4992 17654 2665 4993 17655 2681 4995 17656 2683 4998 17657 2684 5000 17658 2682 4996 17659 2596 4997 17660 2667 4999 17661 2683 4998 17662 2685 5002 17663 2684 5000 17664 2597 5001 17665 2598 5004 17666 2671 5006 17667 2669 5003 17668 2685 5002 17669 2686 5005 17670 2598 5004 17671 2599 5008 17672 2673 5010 17673 2671 5006 17674 2687 5007 17675 2688 5009 17676 2599 5008 17677 2600 5012 17678 2673 5010 17679 2689 5011 17680 2691 5014 17681 2690 5013 17682 2600 5012 17683 2601 5016 17684 2675 5015 17685 2691 5014 17686 2693 5018 17687 2692 5017 17688 2601 5016 17689 2594 4991 17690 2677 5019 17691 2693 5018 17692 2679 4994 17693 2694 5022 17694 2695 5025 17695 2700 5023 17696 2695 5025 17697 2696 5028 17698 2701 5026 17699 2697 5027 17700 2702 5030 17701 2701 5026 17702 2698 5029 17703 2703 5034 17704 2702 5030 17705 2699 5024 17706 2700 5023 17707 2705 5031 17708 2700 5023 17709 2701 5026 17710 2706 5033 17711 2702 5030 17712 2707 5035 17713 2706 5033 17714 2703 5034 17715 2708 6981 17716 2707 5035 17717 2705 5031 17718 2710 5037 17719 2709 5036 17720 2706 5033 17721 2711 5038 17722 2710 5037 17723 2707 5035 17724 2712 5040 17725 2711 5038 17726 2707 5035 17727 2708 6981 17728 2713 5039 17729 2710 5037 17730 2715 5042 17731 2714 5041 17732 2711 5038 17733 2716 5044 17734 2715 5042 17735 2711 5038 17736 2712 5040 17737 2717 5043 17738 2712 5040 17739 2713 5039 17740 2718 5045 17741 2720 5046 17742 2732 5050 17743 2731 5047 17744 2721 5049 17745 2733 5052 17746 2732 5050 17747 2721 5049 17748 2722 5054 17749 2734 5051 17750 2723 5053 17751 2735 5056 17752 2734 5051 17753 2724 5055 17754 2736 5058 17755 2735 5056 17756 2724 5055 17757 2725 5060 17758 2737 5057 17759 2726 5059 17760 2738 5062 17761 2737 5057 17762 2727 5061 17763 2739 5064 17764 2738 5062 17765 2727 5061 17766 2728 5066 17767 2740 5063 17768 2729 5065 17769 2741 5068 17770 2740 5063 17771 2730 5067 17772 2742 5069 17773 2741 5068 17774 2730 5067 17775 2719 5048 17776 2731 5047 17777 2840 4184 17778 2842 4184 17779 2841 4184 17780 2823 5070 17781 2821 6982 17782 2819 5071 17783 2843 5072 17784 2844 6983 17785 2845 5073 17786 2750 5074 17787 2763 6984 17788 2757 5075 17789 2757 5075 17790 2763 6984 17791 2769 5077 17792 2776 5079 17793 2757 5075 17794 2756 5078 17795 2847 4184 17796 2848 4184 17797 2850 4184 17798 2851 5081 17799 2852 6985 17800 2854 5082 17801 2743 5083 17802 2782 5090 17803 2788 5084 17804 2744 5076 17805 2788 5084 17806 2794 5085 17807 2776 5079 17808 2775 5080 17809 2806 5086 17810 2743 5083 17811 2776 5079 17812 2800 5087 17813 2743 5083 17814 2812 5088 17815 2818 5089 17816 2744 5076 17817 2757 5075 17818 2776 5079 17819 2739 5064 17820 2740 5063 17821 2758 5091 17822 2745 5092 17823 2758 5091 17824 2759 5093 17825 2747 5095 17826 2746 5094 17827 2759 5093 17828 2748 5097 17829 2747 5095 17830 2760 5096 17831 2749 5099 17832 2748 5097 17833 2761 5098 17834 2750 5101 17835 2749 5099 17836 2762 5100 17837 2740 5063 17838 2741 5068 17839 2764 5103 17840 2758 5091 17841 2764 5103 17842 2765 5104 17843 2765 5105 17844 2766 5112 17845 2760 5096 17846 2766 5106 17847 2767 5107 17848 2761 5098 17849 2767 5107 17850 2768 5108 17851 2762 5100 17852 2768 5108 17853 2769 5116 17854 2763 5102 17855 2741 5068 17856 2742 5118 17857 2751 5109 17858 2764 5103 17859 2751 5109 17860 2752 5110 17861 2752 5111 17862 2753 6986 17863 2766 5112 17864 2753 5113 17865 2754 6987 17866 2767 5107 17867 2754 5114 17868 2755 6988 17869 2768 5108 17870 2755 5115 17871 2756 6989 17872 2769 5116 17873 2731 5117 17874 2770 5119 17875 2751 5109 17876 2770 5119 17877 2771 5154 17878 2752 5110 17879 2772 5120 17880 2753 6986 17881 2752 5111 17882 2773 5122 17883 2754 6987 17884 2753 5113 17885 2774 5124 17886 2755 6988 17887 2754 5114 17888 2775 5126 17889 2756 6989 17890 2755 5115 17891 2736 5128 17892 2737 5145 17893 2783 5129 17894 2778 5131 17895 2777 5130 17896 2783 5129 17897 2779 5133 17898 2778 6990 17899 2784 5134 17900 2780 5136 17901 2779 6991 17902 2785 5137 17903 2781 5139 17904 2780 6992 17905 2786 5140 17906 2788 5142 17907 2782 5181 17908 2781 5143 17909 2737 5145 17910 2738 5062 17911 2789 5146 17912 2783 5129 17913 2789 5146 17914 2790 5147 17915 2790 5147 17916 2791 5151 17917 2785 5135 17918 2791 5148 17919 2792 5149 17920 2786 5138 17921 2792 5149 17922 2793 5150 17923 2787 5141 17924 2793 5150 17925 2794 5152 17926 2788 5142 17927 2738 5062 17928 2739 5064 17929 2745 5092 17930 2789 5146 17931 2745 5092 17932 2746 5094 17933 2746 5094 17934 2747 5095 17935 2791 5151 17936 2747 5095 17937 2748 5097 17938 2792 5149 17939 2748 5097 17940 2749 5099 17941 2793 5150 17942 2749 5099 17943 2750 5101 17944 2794 5152 17945 2732 5050 17946 2801 5153 17947 2770 5119 17948 2801 5153 17949 2802 5160 17950 2771 5154 17951 2771 5121 17952 2802 5161 17953 2803 5155 17954 2772 5123 17955 2803 5163 17956 2804 5156 17957 2773 5125 17958 2804 5156 17959 2805 5157 17960 2774 5127 17961 2805 5157 17962 2806 5158 17963 2733 5052 17964 2795 5159 17965 2801 5153 17966 2795 5159 17967 2796 5168 17968 2802 5160 17969 2802 5161 17970 2796 5168 17971 2797 5162 17972 2803 5163 17973 2797 5162 17974 2798 5164 17975 2804 5156 17976 2798 5164 17977 2799 5165 17978 2805 5157 17979 2799 5165 17980 2800 5166 17981 2795 5159 17982 2733 5052 17983 2734 5051 17984 2796 5168 17985 2795 5159 17986 2807 5167 17987 2796 5168 17988 2808 5169 17989 2809 5170 17990 2797 5162 17991 2809 5170 17992 2810 5171 17993 2798 5164 17994 2810 5171 17995 2811 5172 17996 2812 5173 17997 2800 5166 17998 2799 5165 17999 2735 5056 18000 2813 5174 18001 2807 5167 18002 2813 5174 18003 2814 5179 18004 2808 5169 18005 2808 5169 18006 2814 5179 18007 2815 5175 18008 2809 5170 18009 2815 5180 18010 2816 5176 18011 2810 5171 18012 2816 5176 18013 2817 5177 18014 2811 5172 18015 2817 5177 18016 2818 5178 18017 2736 5128 18018 2777 5130 18019 2813 5174 18020 2777 5130 18021 2778 5131 18022 2814 5179 18023 2814 5179 18024 2778 6990 18025 2779 5133 18026 2815 5180 18027 2779 6991 18028 2780 5136 18029 2816 5176 18030 2780 6992 18031 2781 5139 18032 2817 5177 18033 2781 5143 18034 2782 5181 18035 2830 5182 18036 2829 6993 18037 2728 5183 18038 2828 5185 18039 2729 5189 18040 2728 5186 18041 2822 5188 18042 2730 5192 18043 2729 5189 18044 2730 5192 18045 2822 5188 18046 2837 5190 18047 2822 5188 18048 2826 6994 18049 2835 6995 18050 2822 5188 18051 2835 6995 18052 2837 5190 18053 2835 6996 18054 2826 6997 18055 2824 6998 18056 2835 6996 18057 2824 6998 18058 2836 6999 18059 2856 7000 18060 2838 5193 18061 2720 7001 18062 2835 6996 18063 2836 6999 18064 2856 7000 18065 2835 6996 18066 2856 7000 18067 2837 5190 18068 2856 7000 18069 2720 7001 18070 2837 5190 18071 2720 7001 18072 2719 5191 18073 2837 5190 18074 2836 5194 18075 2824 7002 18076 2825 5195 18077 2825 5195 18078 2721 5197 18079 2838 5193 18080 2721 5197 18081 2720 7001 18082 2838 5193 18083 2820 5196 18084 2722 7003 18085 2721 5197 18086 2834 5198 18087 2723 5202 18088 2722 5199 18089 2834 5198 18090 2833 5203 18091 2724 5201 18092 2833 5203 18093 2832 7004 18094 2725 5204 18095 2832 5205 18096 2831 5208 18097 2726 5206 18098 2830 5182 18099 2727 5184 18100 2726 5206 18101 2820 39 18102 2840 39 18103 2839 39 18104 2840 39 18105 2820 39 18106 2825 39 18107 2819 39 18108 2839 39 18109 2841 39 18110 2827 39 18111 2841 39 18112 2842 39 18113 2823 39 18114 2844 39 18115 2843 39 18116 2844 4321 18117 2823 4321 18118 2827 4321 18119 2822 4321 18120 2843 4321 18121 2846 4321 18122 2826 39 18123 2846 39 18124 2845 39 18125 2821 39 18126 2848 39 18127 2847 39 18128 2848 39 18129 2821 39 18130 2823 39 18131 2830 39 18132 2847 39 18133 2849 39 18134 2829 39 18135 2849 39 18136 2850 39 18137 2821 4321 18138 2851 4321 18139 2853 4321 18140 2832 39 18141 2852 39 18142 2851 39 18143 2852 4321 18144 2832 4321 18145 2833 4321 18146 2819 39 18147 2853 39 18148 2854 39 18149 2831 5209 18150 2857 5213 18151 2858 5210 18152 2831 5209 18153 2832 5214 18154 2859 5212 18155 2832 5214 18156 2821 5216 18157 2860 5215 18158 2830 4184 18159 2858 4184 18160 2860 5215 18161 2833 5217 18162 2862 7005 18163 2861 5218 18164 2834 4184 18165 2863 4184 18166 2862 4184 18167 2834 4184 18168 2820 4184 18169 2864 27 18170 2820 4184 18171 2819 4184 18172 2861 5218 18173 2827 5219 18174 2825 7006 18175 2866 5220 18176 2824 5222 18177 2867 27 18178 2866 5223 18179 2824 5222 18180 2826 5226 18181 2868 5225 18182 2826 5226 18183 2827 5219 18184 2865 5221 18185 2828 5227 18186 2869 5229 18187 2870 4184 18188 2828 5227 18189 2829 5230 18190 2871 5228 18191 2829 5230 18192 2823 5232 18193 2872 5231 18194 2823 5232 18195 2822 4184 18196 2870 5233 18197 2857 5234 18198 2873 5237 18199 2885 5235 18200 2873 5237 18201 2874 5239 18202 2886 5238 18203 2874 5239 18204 2875 5241 18205 2887 5240 18206 2875 5241 18207 2876 5243 18208 2888 5242 18209 2876 5243 18210 2877 7007 18211 2889 5244 18212 2889 5244 18213 2877 7007 18214 2878 5245 18215 2890 5246 18216 2878 5245 18217 2879 5247 18218 2891 5248 18219 2879 5247 18220 2880 5249 18221 2892 5250 18222 2880 5249 18223 2881 5251 18224 2893 5252 18225 2881 5251 18226 2882 5253 18227 2894 5254 18228 2882 5253 18229 2883 5255 18230 2895 5256 18231 2883 5255 18232 2884 5257 18233 2857 5259 18234 2859 7008 18235 2897 5260 18236 2873 5261 18237 2897 5260 18238 2898 5262 18239 2874 5263 18240 2898 5262 18241 2899 5264 18242 2875 5265 18243 2899 5264 18244 2900 5266 18245 2876 5267 18246 2900 5266 18247 2901 5268 18248 2901 5268 18249 2902 5271 18250 2878 5270 18251 2902 5271 18252 2903 5273 18253 2879 5272 18254 2903 5273 18255 2904 5275 18256 2880 5274 18257 2904 5275 18258 2905 5277 18259 2881 5276 18260 2905 5277 18261 2906 5279 18262 2882 5278 18263 2906 5279 18264 2907 5281 18265 2883 5280 18266 2907 5281 18267 2908 7009 18268 2884 5282 18269 2859 5283 18270 2860 7010 18271 2909 5284 18272 2897 5285 18273 2909 5284 18274 2910 5286 18275 2898 5287 18276 2910 5286 18277 2911 5288 18278 2899 5289 18279 2911 5288 18280 2912 5290 18281 2900 5291 18282 2912 5290 18283 2913 5292 18284 2913 5292 18285 2914 5295 18286 2902 5294 18287 2914 5295 18288 2915 5297 18289 2903 5296 18290 2915 5297 18291 2916 5299 18292 2904 5298 18293 2916 5299 18294 2917 5301 18295 2905 5300 18296 2917 5301 18297 2918 5303 18298 2906 5302 18299 2918 5303 18300 2919 5305 18301 2907 5304 18302 2919 5305 18303 2920 7011 18304 2908 5306 18305 2909 5307 18306 2860 7012 18307 2858 5308 18308 2885 5309 18309 2886 5312 18310 2910 5310 18311 2911 5311 18312 2910 5310 18313 2886 5312 18314 2887 5313 18315 2888 5315 18316 2912 5314 18317 2888 5315 18318 2889 7013 18319 2913 5316 18320 2913 5316 18321 2889 7013 18322 2890 5317 18323 2914 5318 18324 2890 5317 18325 2891 5319 18326 2915 5320 18327 2891 5319 18328 2892 5321 18329 2916 5322 18330 2892 5321 18331 2893 5323 18332 2917 5324 18333 2893 5323 18334 2894 5325 18335 2918 5326 18336 2894 5325 18337 2895 5327 18338 2919 5328 18339 2895 5327 18340 2896 5329 18341 2869 5331 18342 2921 5334 18343 2933 5332 18344 2921 5334 18345 2922 5336 18346 2934 5335 18347 2922 5336 18348 2923 5338 18349 2935 5337 18350 2923 5338 18351 2924 5340 18352 2936 5339 18353 2924 5340 18354 2925 7014 18355 2937 5341 18356 2937 5341 18357 2925 7014 18358 2926 5342 18359 2938 5343 18360 2926 5342 18361 2927 5344 18362 2939 5345 18363 2927 5344 18364 2928 5346 18365 2940 5347 18366 2928 5346 18367 2929 5348 18368 2941 5349 18369 2929 5348 18370 2930 5350 18371 2942 5351 18372 2930 5350 18373 2931 5352 18374 2943 5353 18375 2931 5352 18376 2932 5354 18377 2869 5356 18378 2871 7015 18379 2945 5357 18380 2921 5358 18381 2945 5357 18382 2946 5359 18383 2922 5360 18384 2946 5359 18385 2947 5361 18386 2923 5362 18387 2947 5361 18388 2948 5363 18389 2924 5364 18390 2948 5363 18391 2949 5365 18392 2949 5365 18393 2950 5368 18394 2926 5367 18395 2950 5368 18396 2951 5370 18397 2927 5369 18398 2951 5370 18399 2952 5372 18400 2928 5371 18401 2952 5372 18402 2953 5374 18403 2929 5373 18404 2953 5374 18405 2954 5376 18406 2930 5375 18407 2954 5376 18408 2955 5378 18409 2931 5377 18410 2955 5378 18411 2956 7016 18412 2932 5379 18413 2871 5380 18414 2872 7017 18415 2957 5381 18416 2945 5382 18417 2957 5381 18418 2958 5383 18419 2946 5384 18420 2958 5383 18421 2959 5385 18422 2947 5386 18423 2959 5385 18424 2960 5387 18425 2948 5388 18426 2960 5387 18427 2961 5389 18428 2961 5389 18429 2962 5392 18430 2950 5391 18431 2962 5392 18432 2963 5394 18433 2951 5393 18434 2963 5394 18435 2964 5396 18436 2952 5395 18437 2964 5396 18438 2965 5398 18439 2953 5397 18440 2965 5398 18441 2966 5400 18442 2954 5399 18443 2966 5400 18444 2967 5402 18445 2955 5401 18446 2967 5402 18447 2968 7018 18448 2956 5403 18449 2872 5404 18450 2870 7019 18451 2933 5405 18452 2957 5406 18453 2933 5405 18454 2934 5407 18455 2958 5408 18456 2934 5407 18457 2935 5409 18458 2959 5410 18459 2935 5409 18460 2936 5411 18461 2960 5412 18462 2936 5411 18463 2937 5413 18464 2937 5413 18465 2938 5416 18466 2962 5415 18467 2938 5416 18468 2939 5418 18469 2963 5417 18470 2939 5418 18471 2940 5420 18472 2964 5419 18473 2940 5420 18474 2941 5422 18475 2965 5421 18476 2941 5422 18477 2942 5424 18478 2966 5423 18479 2942 5424 18480 2943 5426 18481 2967 5425 18482 2943 5426 18483 2944 7020 18484 2968 5427 18485 2865 5428 18486 2866 7021 18487 2981 5429 18488 2969 5430 18489 2981 5429 18490 2982 5431 18491 2970 5432 18492 2982 5431 18493 2983 5433 18494 2971 5434 18495 2983 5433 18496 2984 5435 18497 2972 5436 18498 2984 5435 18499 2985 5437 18500 2985 5437 18501 2986 5440 18502 2974 5439 18503 2986 5440 18504 2987 5442 18505 2975 5441 18506 2987 5442 18507 2988 5444 18508 2976 5443 18509 2988 5444 18510 2989 5446 18511 2977 5445 18512 2989 5446 18513 2990 5448 18514 2978 5447 18515 2990 5448 18516 2991 5450 18517 2979 5449 18518 2991 5450 18519 2992 7022 18520 2980 5451 18521 2981 5452 18522 2866 7023 18523 2867 5453 18524 2993 5454 18525 2994 5457 18526 2982 5455 18527 2983 5456 18528 2982 5455 18529 2994 5457 18530 2995 5458 18531 2996 5460 18532 2984 5459 18533 2996 5460 18534 2997 7024 18535 2985 5461 18536 2985 5461 18537 2997 7024 18538 2998 5462 18539 2986 5463 18540 2998 5462 18541 2999 5464 18542 2987 5465 18543 2999 5464 18544 3000 5466 18545 2988 5467 18546 3000 5466 18547 3001 5468 18548 2989 5469 18549 3001 5468 18550 3002 5470 18551 2990 5471 18552 3002 5470 18553 3003 5472 18554 2991 5473 18555 3003 5472 18556 3004 5474 18557 2993 5476 18558 2867 7025 18559 2868 5477 18560 3005 5478 18561 3006 5481 18562 2994 5479 18563 2995 5480 18564 2994 5479 18565 3006 5481 18566 3007 5482 18567 3008 5484 18568 2996 5483 18569 3008 5484 18570 3009 7026 18571 2997 5485 18572 2997 5485 18573 3009 7026 18574 3010 5486 18575 2998 5487 18576 3010 5486 18577 3011 5488 18578 2999 5489 18579 3011 5488 18580 3012 5490 18581 3000 5491 18582 3012 5490 18583 3013 5492 18584 3001 5493 18585 3013 5492 18586 3014 5494 18587 3002 5495 18588 3014 5494 18589 3015 5496 18590 3003 5497 18591 3015 5496 18592 3016 5498 18593 2868 5500 18594 2865 7027 18595 2969 5501 18596 3005 5502 18597 2969 5501 18598 2970 5503 18599 3006 5504 18600 2970 5503 18601 2971 5505 18602 3007 5506 18603 2971 5505 18604 2972 5507 18605 3008 5508 18606 2972 5507 18607 2973 5509 18608 2973 5509 18609 2974 5512 18610 3010 5511 18611 2974 5512 18612 2975 5514 18613 3011 5513 18614 2975 5514 18615 2976 5516 18616 3012 5515 18617 2976 5516 18618 2977 5518 18619 3013 5517 18620 2977 5518 18621 2978 5520 18622 3014 5519 18623 2978 5520 18624 2979 5522 18625 3015 5521 18626 2979 5522 18627 2980 7028 18628 3016 5523 18629 2862 5524 18630 3029 5527 18631 3017 5525 18632 3029 5527 18633 3030 5529 18634 3018 5528 18635 3030 5529 18636 3031 5531 18637 3019 5530 18638 3031 5531 18639 3032 5533 18640 3020 5532 18641 3032 5533 18642 3033 7029 18643 3021 5534 18644 3021 5534 18645 3033 7029 18646 3034 5535 18647 3022 5536 18648 3034 5535 18649 3035 5537 18650 3023 5538 18651 3035 5537 18652 3036 5539 18653 3024 5540 18654 3036 5539 18655 3037 5541 18656 3025 5542 18657 3037 5541 18658 3038 5543 18659 3026 5544 18660 3038 5543 18661 3039 5545 18662 3027 5546 18663 3039 5545 18664 3040 5547 18665 3029 5549 18666 2862 7030 18667 2863 5550 18668 3041 5551 18669 3042 5554 18670 3030 5552 18671 3031 5553 18672 3030 5552 18673 3042 5554 18674 3043 5555 18675 3044 5557 18676 3032 5556 18677 3044 5557 18678 3045 7031 18679 3033 5558 18680 3033 5558 18681 3045 7031 18682 3046 5559 18683 3034 5560 18684 3046 5559 18685 3047 5561 18686 3035 5562 18687 3047 5561 18688 3048 5563 18689 3036 5564 18690 3048 5563 18691 3049 5565 18692 3037 5566 18693 3049 5565 18694 3050 5567 18695 3038 5568 18696 3050 5567 18697 3051 5569 18698 3039 5570 18699 3051 5569 18700 3052 5571 18701 2863 5573 18702 2864 7032 18703 3053 5574 18704 3041 5575 18705 3053 5574 18706 3054 5576 18707 3042 5577 18708 3054 5576 18709 3055 5578 18710 3043 5579 18711 3055 5578 18712 3056 5580 18713 3044 5581 18714 3056 5580 18715 3057 5582 18716 3057 5582 18717 3058 5585 18718 3046 5584 18719 3058 5585 18720 3059 5587 18721 3047 5586 18722 3059 5587 18723 3060 5589 18724 3048 5588 18725 3060 5589 18726 3061 5591 18727 3049 5590 18728 3061 5591 18729 3062 5593 18730 3050 5592 18731 3062 5593 18732 3063 5595 18733 3051 5594 18734 3063 5595 18735 3064 7033 18736 3052 5596 18737 2864 5597 18738 2861 7034 18739 3017 5598 18740 3053 5599 18741 3017 5598 18742 3018 5600 18743 3054 5601 18744 3018 5600 18745 3019 5602 18746 3055 5603 18747 3019 5602 18748 3020 5604 18749 3056 5605 18750 3020 5604 18751 3021 5606 18752 3021 5606 18753 3022 5609 18754 3058 5608 18755 3022 5609 18756 3023 5611 18757 3059 5610 18758 3023 5611 18759 3024 5613 18760 3060 5612 18761 3024 5613 18762 3025 5615 18763 3061 5614 18764 3025 5615 18765 3026 5617 18766 3062 5616 18767 3026 5617 18768 3027 5619 18769 3063 5618 18770 3027 5619 18771 3028 7035 18772 3064 5620 18773 3066 5621 18774 3090 7036 18775 3089 5622 18776 3067 5624 18777 3091 7037 18778 3090 5625 18779 3068 5627 18780 3092 7038 18781 3091 5628 18782 3069 5630 18783 3093 7039 18784 3092 5631 18785 3070 5633 18786 3094 7040 18787 3093 5634 18788 3071 5636 18789 3095 7041 18790 3094 5637 18791 3072 5639 18792 3096 7042 18793 3095 5640 18794 3065 5642 18795 3089 7043 18796 3096 5643 18797 3065 5645 18798 3073 7044 18799 3074 5646 18800 3066 5648 18801 3074 7045 18802 3075 5649 18803 3067 5651 18804 3075 7046 18805 3076 5652 18806 3069 5654 18807 3068 7047 18808 3076 5655 18809 3070 5657 18810 3069 7048 18811 3077 5658 18812 3071 5660 18813 3070 7049 18814 3078 5661 18815 3072 5663 18816 3071 7050 18817 3079 5664 18818 3065 5666 18819 3072 7051 18820 3080 5667 18821 3073 5669 18822 3081 7052 18823 3082 5670 18824 3074 5672 18825 3082 7053 18826 3083 5673 18827 3075 5675 18828 3083 7054 18829 3084 5676 18830 3076 5678 18831 3084 7055 18832 3085 5679 18833 3077 5681 18834 3085 7056 18835 3086 5682 18836 3078 5684 18837 3086 7057 18838 3087 5685 18839 3079 5687 18840 3087 7058 18841 3088 5688 18842 3080 5690 18843 3088 7059 18844 3081 5691 18845 3082 5693 18846 3081 7060 18847 3089 5694 18848 3083 5696 18849 3082 7061 18850 3090 5697 18851 3084 5699 18852 3083 7062 18853 3091 5700 18854 3084 5702 18855 3092 7063 18856 3093 5703 18857 3085 5705 18858 3093 7064 18859 3094 5706 18860 3086 5708 18861 3094 7065 18862 3095 5709 18863 3087 5711 18864 3095 7066 18865 3096 5712 18866 3088 5714 18867 3096 7067 18868 3089 5715 18869 3097 5717 18870 3105 5873 18871 3106 5718 18872 3106 5718 18873 3107 5856 18874 3099 5720 18875 3099 5720 18876 3107 5856 18877 3108 5721 18878 3108 5721 18879 3109 5724 18880 3101 5723 18881 3109 5724 18882 3110 5726 18883 3102 5725 18884 3110 5726 18885 3111 5728 18886 3103 5727 18887 3111 5728 18888 3112 5730 18889 3104 5729 18890 3112 5730 18891 3105 5873 18892 3097 5717 18893 3181 5731 18894 3182 7068 18895 3184 5732 18896 3183 5733 18897 3184 5732 18898 3186 5734 18899 3186 5734 18900 3188 7069 18901 3187 5736 18902 3187 5736 18903 3188 7069 18904 3190 5737 18905 3189 5738 18906 3190 5737 18907 3192 5739 18908 3192 5739 18909 3194 5742 18910 3193 5741 18911 3194 5742 18912 3196 5744 18913 3195 5743 18914 3196 5744 18915 3182 7068 18916 3181 5731 18917 3113 5745 18918 3121 5760 18919 3122 5746 18920 3114 5747 18921 3122 5746 18922 3123 5748 18923 3115 5749 18924 3123 5748 18925 3124 5750 18926 3117 5752 18927 3116 5751 18928 3124 5750 18929 3118 5754 18930 3117 5752 18931 3125 5753 18932 3118 5754 18933 3126 5755 18934 3127 5756 18935 3119 5757 18936 3127 5756 18937 3128 5758 18938 3120 5759 18939 3128 5758 18940 3121 5760 18941 3154 5761 18942 3156 5764 18943 3155 5762 18944 3156 5764 18945 3158 5766 18946 3157 5765 18947 3158 5766 18948 3160 5842 18949 3159 5767 18950 3159 5767 18951 3160 5842 18952 3162 5768 18953 3162 5768 18954 3164 5841 18955 3163 5770 18956 3163 5770 18957 3164 5841 18958 3166 5771 18959 3166 5771 18960 3168 5774 18961 3167 5773 18962 3168 5774 18963 3154 5761 18964 3153 5763 18965 3122 5775 18966 3121 5789 18967 3129 5776 18968 3122 5775 18969 3130 4184 18970 3131 5777 18971 3123 5778 18972 3131 5777 18973 3132 5779 18974 3124 5780 18975 3132 5779 18976 3133 5781 18977 3126 5783 18978 3125 5782 18979 3133 5781 18980 3127 5785 18981 3126 5783 18982 3134 5784 18983 3128 5787 18984 3127 5785 18985 3135 5786 18986 3121 5789 18987 3128 5787 18988 3136 5788 18989 3129 5790 18990 3137 5805 18991 3138 5791 18992 3130 5792 18993 3138 5791 18994 3139 5793 18995 3131 5794 18996 3139 5793 18997 3140 5795 18998 3132 5796 18999 3140 5795 19000 3141 5797 19001 3133 5798 19002 3141 5797 19003 3142 5799 19004 3135 5801 19005 3134 5800 19006 3142 5799 19007 3135 5801 19008 3143 5802 19009 3144 5803 19010 3129 5790 19011 3136 5804 19012 3144 5803 19013 3145 5806 19014 3146 5809 19015 3138 5807 19016 3146 5809 19017 3147 5811 19018 3139 5810 19019 3147 5811 19020 3148 5813 19021 3140 5812 19022 3148 5813 19023 3149 7070 19024 3141 5814 19025 3141 5814 19026 3149 7070 19027 3150 5815 19028 3142 5816 19029 3150 5815 19030 3151 5817 19031 3143 5818 19032 3151 5817 19033 3152 5819 19034 3144 5820 19035 3152 5819 19036 3145 5806 19037 3145 5821 19038 3177 5836 19039 3178 5822 19040 3146 5823 19041 3178 5822 19042 3179 5824 19043 3148 5826 19044 3147 5825 19045 3179 5824 19046 3149 5828 19047 3148 5826 19048 3180 5827 19049 3150 5830 19050 3149 5828 19051 3173 5829 19052 3150 5830 19053 3174 5831 19054 3175 5832 19055 3152 5834 19056 3151 5833 19057 3175 5832 19058 3145 5821 19059 3152 5834 19060 3176 5835 19061 3162 5768 19062 3160 5842 19063 3171 5837 19064 3154 5761 19065 3168 5774 19066 3169 5839 19067 3170 5838 19068 3171 5837 19069 3172 5840 19070 3170 5838 19071 3169 5839 19072 3166 5771 19073 3171 5837 19074 3158 5766 19075 3156 5764 19076 3161 5843 19077 3173 5829 19078 3180 5827 19079 3173 5829 19080 3161 5843 19081 3163 5845 19082 3174 5831 19083 3163 5845 19084 3165 5846 19085 3175 5832 19086 3165 5846 19087 3167 5847 19088 3176 5835 19089 3167 5847 19090 3153 5848 19091 3177 5836 19092 3153 5848 19093 3155 5849 19094 3155 5849 19095 3157 7071 19096 3179 5824 19097 3179 5824 19098 3157 7071 19099 3159 5844 19100 3106 5718 19101 3105 5873 19102 3181 5850 19103 3197 5852 19104 3199 7072 19105 3200 5853 19106 3106 5718 19107 3183 5851 19108 3185 5855 19109 3200 5853 19110 3199 7072 19111 3201 5857 19112 3107 5856 19113 3185 5855 19114 3187 5859 19115 3202 5858 19116 3201 5857 19117 3203 5860 19118 3108 5721 19119 3187 5859 19120 3189 5862 19121 3204 5861 19122 3203 5860 19123 3205 5863 19124 3109 5724 19125 3189 5862 19126 3191 5865 19127 3205 5863 19128 3207 7073 19129 3208 5866 19130 3111 5728 19131 3110 5726 19132 3191 5865 19133 3208 5866 19134 3207 7073 19135 3209 5868 19136 3112 5730 19137 3111 5728 19138 3193 5867 19139 3210 5869 19140 3209 5868 19141 3211 5871 19142 3105 5873 19143 3112 5730 19144 3195 5870 19145 3212 5872 19146 3211 5871 19147 3197 5852 19148 3199 5874 19149 3197 5904 19150 3113 5875 19151 3184 5877 19152 3182 5905 19153 3198 5878 19154 3201 5880 19155 3199 5874 19156 3114 5876 19157 3184 5877 19158 3200 5879 19159 3202 5882 19160 3203 5884 19161 3201 5880 19162 3115 5881 19163 3186 5883 19164 3202 5882 19165 3204 5886 19166 3203 5884 19167 3116 5885 19168 3117 5888 19169 3190 5890 19170 3188 5887 19171 3204 5886 19172 3205 5889 19173 3117 5888 19174 3118 5892 19175 3192 5894 19176 3190 5890 19177 3206 5891 19178 3207 5893 19179 3118 5892 19180 3119 5896 19181 3192 5894 19182 3208 5895 19183 3210 5898 19184 3209 5897 19185 3119 5896 19186 3120 5900 19187 3194 5899 19188 3210 5898 19189 3212 5902 19190 3211 5901 19191 3120 5900 19192 3113 5875 19193 3196 5903 19194 3212 5902 19195 3198 5878 19196 3214 5906 19197 3215 5930 19198 3216 5907 19199 3217 5909 19200 3213 7074 19201 3216 5910 19202 3220 5912 19203 3221 5934 19204 3222 5913 19205 3214 5915 19206 3219 7075 19207 3222 5916 19208 3224 5918 19209 3225 5938 19210 3226 5919 19211 3220 5921 19212 3223 7076 19213 3226 5922 19214 3217 5924 19215 3218 5942 19216 3228 5925 19217 3224 5927 19218 3227 7077 19219 3228 5928 19220 3215 5930 19221 3230 5946 19222 3229 5931 19223 3218 5911 19224 3216 5910 19225 3229 5932 19226 3221 5934 19227 3232 5950 19228 3233 5935 19229 3215 5917 19230 3222 5916 19231 3233 5936 19232 3225 5938 19233 3235 5954 19234 3234 5939 19235 3221 5923 19236 3226 5922 19237 3234 5940 19238 3218 5942 19239 3231 5958 19240 3236 5943 19241 3225 5929 19242 3228 5928 19243 3236 5944 19244 3230 5946 19245 3238 5962 19246 3237 5947 19247 3231 5933 19248 3229 5932 19249 3237 5948 19250 3232 5950 19251 3240 5966 19252 3241 5951 19253 3230 5937 19254 3233 5936 19255 3241 5952 19256 3235 5954 19257 3243 5970 19258 3242 5955 19259 3232 5941 19260 3234 5940 19261 3242 5956 19262 3231 5958 19263 3239 5974 19264 3244 5959 19265 3235 5945 19266 3236 5944 19267 3244 5960 19268 3238 5962 19269 3246 7078 19270 3245 5963 19271 3239 5949 19272 3237 5948 19273 3245 5964 19274 3240 5966 19275 3248 7079 19276 3249 5967 19277 3238 5953 19278 3241 5952 19279 3249 5968 19280 3243 5970 19281 3251 7080 19282 3250 5971 19283 3240 5957 19284 3242 5956 19285 3250 5972 19286 3239 5974 19287 3247 7081 19288 3252 5975 19289 3243 5961 19290 3244 5960 19291 3252 5976 19292 3246 5978 19293 3254 7082 19294 3253 5979 19295 3247 5981 19296 3245 7083 19297 3253 5982 19298 3248 5984 19299 3256 7084 19300 3257 5985 19301 3246 5987 19302 3249 7085 19303 3257 5988 19304 3251 5990 19305 3259 7086 19306 3258 5991 19307 3248 5993 19308 3250 7087 19309 3258 5994 19310 3247 5996 19311 3255 7088 19312 3260 5997 19313 3251 5999 19314 3252 7089 19315 3260 6000 19316 3254 6002 19317 3311 6011 19318 3312 6003 19319 3255 6005 19320 3253 7090 19321 3312 6003 19322 3256 6007 19323 3309 6016 19324 3310 6008 19325 3254 6010 19326 3257 7091 19327 3310 6008 19328 3259 6012 19329 3315 6021 19330 3316 6013 19331 3256 6015 19332 3258 7092 19333 3316 6013 19334 3255 6017 19335 3313 6006 19336 3314 6018 19337 3259 6020 19338 3260 7093 19339 3314 6018 19340 3262 6022 19341 3270 6030 19342 3269 6023 19343 3263 6025 19344 3261 6024 19345 3269 6023 19346 3264 6027 19347 3272 6034 19348 3273 6028 19349 3262 6022 19350 3265 6029 19351 3273 6028 19352 3267 6031 19353 3275 6037 19354 3274 6032 19355 3264 6027 19356 3266 6033 19357 3274 6032 19358 3263 6025 19359 3271 6026 19360 3276 6035 19361 3267 6031 19362 3268 6036 19363 3276 6035 19364 3270 6030 19365 3278 6041 19366 3277 6038 19367 3271 6026 19368 3269 6023 19369 3277 6038 19370 3272 6034 19371 3280 6043 19372 3281 6040 19373 3270 6030 19374 3273 6028 19375 3281 6040 19376 3275 6037 19377 3283 6045 19378 3282 6042 19379 3272 6034 19380 3274 6032 19381 3282 6042 19382 3271 6026 19383 3279 6039 19384 3284 6044 19385 3275 6037 19386 3276 6035 19387 3284 6044 19388 3278 6046 19389 3286 7094 19390 3285 6047 19391 3279 6049 19392 3277 7095 19393 3285 6050 19394 3280 6052 19395 3288 7096 19396 3289 6053 19397 3278 6055 19398 3281 7097 19399 3289 6056 19400 3283 6058 19401 3291 7098 19402 3290 6059 19403 3280 6061 19404 3282 7099 19405 3290 6062 19406 3279 6064 19407 3287 7100 19408 3292 6065 19409 3283 6067 19410 3284 7101 19411 3292 6068 19412 3286 6070 19413 3294 6079 19414 3293 6071 19415 3287 6073 19416 3285 7102 19417 3293 6071 19418 3288 6075 19419 3296 6084 19420 3297 6076 19421 3286 6078 19422 3289 7103 19423 3297 6076 19424 3291 6080 19425 3299 6089 19426 3298 6081 19427 3288 6083 19428 3290 7104 19429 3298 6081 19430 3287 6085 19431 3295 6074 19432 3300 6086 19433 3291 6088 19434 3292 7105 19435 3300 6086 19436 3294 6079 19437 3302 6093 19438 3301 6090 19439 3295 6074 19440 3293 6071 19441 3301 6090 19442 3296 6084 19443 3304 6095 19444 3305 6092 19445 3294 6079 19446 3297 6076 19447 3305 6092 19448 3299 6089 19449 3307 6097 19450 3306 6094 19451 3296 6084 19452 3298 6081 19453 3306 6094 19454 3295 6074 19455 3303 6091 19456 3308 6096 19457 3299 6089 19458 3300 6086 19459 3308 6096 19460 3309 6016 19461 3264 6027 19462 3265 6029 19463 3311 6011 19464 3310 6008 19465 3265 6029 19466 3311 6011 19467 3262 6022 19468 3261 6024 19469 3313 6006 19470 3312 6003 19471 3261 6024 19472 3313 6006 19473 3263 6025 19474 3268 6036 19475 3315 6021 19476 3314 6018 19477 3268 6036 19478 3315 6021 19479 3267 6031 19480 3266 6033 19481 3309 6016 19482 3316 6013 19483 3266 6033 19484 3320 6098 19485 3319 6122 19486 3318 6099 19487 3321 6101 19488 3322 6125 19489 3320 6102 19490 3326 6104 19491 3325 6127 19492 3324 6105 19493 3318 6107 19494 3319 6130 19495 3326 6108 19496 3330 6110 19497 3329 6132 19498 3328 6111 19499 3324 6113 19500 3325 6135 19501 3330 6114 19502 3332 6116 19503 3322 6137 19504 3321 6117 19505 3328 6119 19506 3329 6140 19507 3332 6120 19508 3319 6122 19509 3320 6098 19510 3333 6123 19511 3322 6125 19512 3335 6144 19513 3333 6126 19514 3325 6127 19515 3326 6104 19516 3337 6128 19517 3319 6130 19518 3334 6148 19519 3337 6131 19520 3329 6132 19521 3330 6110 19522 3338 6133 19523 3325 6135 19524 3336 6152 19525 3338 6136 19526 3322 6137 19527 3332 6116 19528 3340 6138 19529 3329 6140 19530 3339 6156 19531 3340 6141 19532 3334 6124 19533 3333 6123 19534 3341 6142 19535 3335 6144 19536 3343 6160 19537 3341 6145 19538 3336 6129 19539 3337 6128 19540 3345 6146 19541 3334 6148 19542 3342 6164 19543 3345 6149 19544 3339 6134 19545 3338 6133 19546 3346 6150 19547 3336 6152 19548 3344 6168 19549 3346 6153 19550 3335 6139 19551 3340 6138 19552 3348 6154 19553 3339 6156 19554 3347 6172 19555 3348 6157 19556 3342 6143 19557 3341 6142 19558 3349 6158 19559 3343 6160 19560 3351 7106 19561 3349 6161 19562 3344 6147 19563 3345 6146 19564 3353 6162 19565 3342 6164 19566 3350 7107 19567 3353 6165 19568 3347 6151 19569 3346 6150 19570 3354 6166 19571 3344 6168 19572 3352 7108 19573 3354 6169 19574 3343 6155 19575 3348 6154 19576 3356 6170 19577 3347 6172 19578 3355 7109 19579 3356 6173 19580 3350 6174 19581 3349 7110 19582 3357 6175 19583 3351 6177 19584 3359 7111 19585 3357 6178 19586 3352 6180 19587 3353 7112 19588 3361 6181 19589 3350 6183 19590 3358 7113 19591 3361 6184 19592 3355 6186 19593 3354 7114 19594 3362 6187 19595 3352 6189 19596 3360 7115 19597 3362 6190 19598 3351 6192 19599 3356 7116 19600 3364 6193 19601 3355 6195 19602 3363 7117 19603 3364 6196 19604 3358 6198 19605 3357 7118 19606 3416 6199 19607 3359 6201 19608 3417 6215 19609 3416 6199 19610 3360 6203 19611 3361 7119 19612 3414 6204 19613 3358 6206 19614 3415 6200 19615 3414 6204 19616 3363 6208 19617 3362 7120 19618 3420 6209 19619 3360 6211 19620 3413 6205 19621 3420 6209 19622 3359 6213 19623 3364 7121 19624 3418 6214 19625 3363 6216 19626 3419 6210 19627 3418 6214 19628 3366 6218 19629 3365 6222 19630 3373 6219 19631 3367 6221 19632 3375 6232 19633 3373 6219 19634 3368 6223 19635 3369 6226 19636 3377 6224 19637 3366 6218 19638 3374 6220 19639 3377 6224 19640 3371 6227 19641 3370 6230 19642 3378 6228 19643 3368 6223 19644 3376 6225 19645 3378 6228 19646 3367 6221 19647 3372 6233 19648 3380 6231 19649 3371 6227 19650 3379 6229 19651 3380 6231 19652 3374 6220 19653 3373 6219 19654 3381 6234 19655 3375 6232 19656 3383 6241 19657 3381 6234 19658 3376 6225 19659 3377 6224 19660 3385 6236 19661 3374 6220 19662 3382 6235 19663 3385 6236 19664 3379 6229 19665 3378 6228 19666 3386 6238 19667 3376 6225 19668 3384 6237 19669 3386 6238 19670 3375 6232 19671 3380 6231 19672 3388 6240 19673 3379 6229 19674 3387 6239 19675 3388 6240 19676 3382 6242 19677 3381 7122 19678 3389 6243 19679 3383 6245 19680 3391 7123 19681 3389 6246 19682 3384 6248 19683 3385 7124 19684 3393 6249 19685 3382 6251 19686 3390 7125 19687 3393 6252 19688 3387 6254 19689 3386 7126 19690 3394 6255 19691 3384 6257 19692 3392 7127 19693 3394 6258 19694 3383 6260 19695 3388 7128 19696 3396 6261 19697 3387 6263 19698 3395 7129 19699 3396 6264 19700 3390 6266 19701 3389 7130 19702 3397 6267 19703 3391 6269 19704 3399 6283 19705 3397 6267 19706 3392 6271 19707 3393 7131 19708 3401 6272 19709 3390 6274 19710 3398 6268 19711 3401 6272 19712 3395 6276 19713 3394 7132 19714 3402 6277 19715 3392 6279 19716 3400 6273 19717 3402 6277 19718 3391 6281 19719 3396 7133 19720 3404 6282 19721 3395 6284 19722 3403 6278 19723 3404 6282 19724 3405 6286 19725 3406 7134 19726 3398 6268 19727 3399 6283 19728 3407 7135 19729 3405 6286 19730 3409 6287 19731 3408 7136 19732 3400 6273 19733 3398 6268 19734 3406 7134 19735 3409 6287 19736 3410 6288 19737 3411 7137 19738 3403 6278 19739 3400 6273 19740 3408 7136 19741 3410 6288 19742 3412 6289 19743 3407 7135 19744 3399 6283 19745 3403 6278 19746 3411 7137 19747 3412 6289 19748 3369 6226 19749 3368 6223 19750 3413 6205 19751 3415 6200 19752 3366 6218 19753 3369 6226 19754 3365 6222 19755 3366 6218 19756 3415 6200 19757 3417 6215 19758 3367 6221 19759 3365 6222 19760 3372 6233 19761 3367 6221 19762 3417 6215 19763 3419 6210 19764 3371 6227 19765 3372 6233 19766 3370 6230 19767 3371 6227 19768 3419 6210 19769 3413 6205 19770 3368 6223 19771 3370 6230 19772</p>
        </triangles>
      </mesh>
    </geometry>
  </library_geometries>
  <library_visual_scenes>
    <visual_scene id="Scene" name="Scene">
      <node id="Streetlight_LowRes" name="Streetlight_LowRes" type="NODE">
        <matrix sid="transform">0.005 0 0 0 0 3.77489e-10 -0.005 0 0 0.005 3.77489e-10 0 0 0 0 1</matrix>
        <instance_geometry url="#Streetlight_LowRes-mesh" name="Streetlight_LowRes">
          <bind_material>
            <technique_common>
              <instance_material symbol="Streetlight_HighResSG3-material" target="#Streetlight_HighResSG3-material">
                <bind_vertex_input semantic="UVMap" input_semantic="TEXCOORD" input_set="0"/>
              </instance_material>
            </technique_common>
          </bind_material>
        </instance_geometry>
      </node>
    </visual_scene>
  </library_visual_scenes>
  <scene>
    <instance_visual_scene url="#Scene"/>
  </scene>
</COLLADA>