<?xml version="1.0" encoding="utf-8"?>
<COLLADA xmlns="http://www.collada.org/2005/11/COLLADASchema" version="1.4.1" xmlns:xsi="http://www.w3.org/2001/XMLSchema-instance">
  <asset>
    <contributor>
      <author>Blender User</author>
      <authoring_tool>Blender 4.4.0 commit date:2025-03-17, commit time:17:00, hash:05377985c527</authoring_tool>
    </contributor>
    <created>2025-03-26T13:56:03</created>
    <modified>2025-03-26T13:56:03</modified>
    <unit name="meter" meter="1"/>
    <up_axis>Z_UP</up_axis>
  </asset>
  <library_effects>
    <effect id="Wood_Table-effect">
      <profile_COMMON>
        <newparam sid="Wood_Table_C_jpg-surface">
          <surface type="2D">
            <init_from>Wood_Table_C_jpg</init_from>
          </surface>
        </newparam>
        <newparam sid="Wood_Table_C_jpg-sampler">
          <sampler2D>
            <source>Wood_Table_C_jpg-surface</source>
          </sampler2D>
        </newparam>
        <technique sid="common">
          <lambert>
            <emission>
              <color sid="emission">0 0 0 1</color>
            </emission>
            <diffuse>
              <texture texture="Wood_Table_C_jpg-sampler" texcoord="Cube_003-mesh-map-0"/>
            </diffuse>
            <index_of_refraction>
              <float sid="ior">1</float>
            </index_of_refraction>
          </lambert>
        </technique>
      </profile_COMMON>
    </effect>
    <effect id="Wood_Table_Glass-effect">
      <profile_COMMON>
        <technique sid="common">
          <lambert>
            <emission>
              <color sid="emission">0 0 0 1</color>
            </emission>
            <diffuse>
              <color sid="diffuse">0.64 0.64 0.64 1</color>
            </diffuse>
            <index_of_refraction>
              <float sid="ior">1</float>
            </index_of_refraction>
          </lambert>
        </technique>
      </profile_COMMON>
    </effect>
    <effect id="Material-effect">
      <profile_COMMON>
        <newparam sid="teddy_webp-surface">
          <surface type="2D">
            <init_from>teddy_webp</init_from>
          </surface>
        </newparam>
        <newparam sid="teddy_webp-sampler">
          <sampler2D>
            <source>teddy_webp-surface</source>
          </sampler2D>
        </newparam>
        <technique sid="common">
          <lambert>
            <emission>
              <color sid="emission">0 0 0 1</color>
            </emission>
            <diffuse>
              <texture texture="teddy_webp-sampler" texcoord="UVMap"/>
            </diffuse>
            <index_of_refraction>
              <float sid="ior">1.45</float>
            </index_of_refraction>
          </lambert>
        </technique>
      </profile_COMMON>
    </effect>
  </library_effects>
  <library_images>
    <image id="Wood_Table_C_jpg" name="Wood_Table_C_jpg">
      <init_from>Wood_Table_C.jpg</init_from>
    </image>
    <image id="teddy_webp" name="teddy_webp">
      <init_from>teddy.webp</init_from>
    </image>
  </library_images>
  <library_materials>
    <material id="Wood_Table-material" name="Wood_Table">
      <instance_effect url="#Wood_Table-effect"/>
    </material>
    <material id="Wood_Table_Glass-material" name="Wood_Table_Glass">
      <instance_effect url="#Wood_Table_Glass-effect"/>
    </material>
    <material id="Material-material" name="Material">
      <instance_effect url="#Material-effect"/>
    </material>
  </library_materials>
  <library_geometries>
    <geometry id="Cube_003-mesh" name="Cube.003">
      <mesh>
        <source id="Cube_003-mesh-positions">
          <float_array id="Cube_003-mesh-positions-array" count="3312">-0.2481201 -0.2479443 0.1900438 0.248159 -0.2479443 0.1900437 -0.2481201 0.2478727 0.1900439 0.248159 0.2478727 0.1900439 -0.2481201 -0.2479443 0.2100438 0.248159 -0.2479443 0.2100437 -0.2481201 0.2478727 0.2100439 0.248159 0.2478727 0.2100439 0.2481591 -0.2479443 0.3400439 -0.2481201 -0.2479443 0.3400439 0.2481591 0.2478727 0.3400439 -0.2481201 0.2478727 0.3400439 0.2481591 -0.2479443 0.3200439 -0.2481201 -0.2479443 0.3200438 0.2481591 0.2478727 0.3200439 -0.2481201 0.2478727 0.3200438 -0.2501055 -0.2499279 0.1920438 0.2501444 -0.2499279 0.1920437 -0.2501055 0.2498562 0.1920439 0.2501444 0.2498562 0.1920439 -0.2501055 -0.2499279 0.2080438 0.2501444 -0.2499279 0.2080437 -0.2501055 0.2498562 0.2080439 0.2501444 0.2498562 0.2080438 0.2501444 -0.2499278 0.3380438 -0.2501055 -0.2499278 0.3380438 0.2501444 0.2498563 0.3380438 -0.2501055 0.2498563 0.3380438 0.2501444 -0.2499278 0.3220438 -0.2501055 -0.2499278 0.3220438 0.2501444 0.2498563 0.3220438 -0.2501055 0.2498563 0.3220438 0.2359412 0.2344621 0.006666064 0.3009455 0.2344621 0.006666064 0.2359412 0.2344621 0.4566848 0.2339413 0.2974663 0.4546848 0.3009455 0.2994664 0.4566848 0.3029455 0.2364621 0.4546848 0.2359412 0.2344621 0.2103438 0.2359412 0.2994664 0.006666064 0.3009455 0.2994664 0.006666064 0.2359412 0.2344621 0.189705 0.2359412 0.2344621 0.3196932 0.2359412 0.2344621 0.3402712 0.2359412 0.2504265 0.2103438 0.250656 0.2344621 0.2103438 0.2359412 0.2504265 0.189705 0.252656 0.2324621 0.187705 0.2359412 0.2504265 0.3402712 0.2359412 0.2504265 0.3196932 0.250656 0.2344621 0.3402712 0.250656 0.2344621 0.3196932 0.2383182 0.2368389 0.004731953 0.250656 0.2504265 0.2103438 0.250656 0.2504265 0.189705 0.250656 0.2504265 0.3402712 0.250656 0.2504265 0.3196932 0.2383182 0.2970895 0.004731953 0.2985686 0.2970895 0.004731953 0.2985686 0.2368389 0.004731953 0.2379413 0.2324621 0.3422712 0.2379413 0.2324621 0.4546848 0.2989455 0.2324621 0.008666038 0.2379413 0.2324621 0.187705 0.2379413 0.2324621 0.008666038 0.2379413 0.2324621 0.3176932 0.2379413 0.2324621 0.2123439 0.252656 0.2324621 0.2123439 0.250656 0.2344621 0.189705 0.252656 0.2324621 0.3422712 0.252656 0.2324621 0.3176932 0.2989455 0.2324621 0.4546848 0.3029455 0.2974663 0.008666038 0.3029455 0.2364621 0.008666038 0.3029455 0.2974663 0.4546848 0.3009455 0.2344621 0.4566848 0.2379413 0.3014664 0.008666038 0.2989455 0.3014664 0.008666038 0.2989455 0.3014664 0.4546848 0.2379413 0.3014664 0.4546848 0.2339413 0.2974663 0.008666038 0.2339413 0.2364621 0.3422712 0.2339413 0.2364621 0.4546848 0.2339413 0.2364621 0.187705 0.2339413 0.2364621 0.008666038 0.2339413 0.2524266 0.2123439 0.2339413 0.2364621 0.2123439 0.2339413 0.2524266 0.187705 0.2339413 0.2364621 0.3176932 0.2339413 0.2524266 0.3422712 0.2339413 0.2524266 0.3176932 0.2359412 0.2994664 0.4566848 -0.2359023 0.2344621 0.006666064 -0.3009066 0.2994664 0.006666064 -0.3009066 0.2344621 0.006666064 -0.2359023 0.2344621 0.4566848 -0.2339023 0.2974663 0.4546848 -0.3009066 0.2994664 0.4566848 -0.3029066 0.2364621 0.4546848 -0.2359023 0.2344621 0.2103438 -0.2359023 0.2994664 0.006666064 -0.2359023 0.2344621 0.189705 -0.2359023 0.2344621 0.3196932 -0.2359023 0.2344621 0.3402712 -0.2359023 0.2504265 0.2103438 -0.250617 0.2344621 0.2103438 -0.2359023 0.2504265 0.189705 -0.2526171 0.2324621 0.187705 -0.2359023 0.2504265 0.3402712 -0.2359023 0.2504265 0.3196932 -0.250617 0.2344621 0.3402712 -0.250617 0.2344621 0.3196932 -0.2382792 0.2368389 0.004731953 -0.250617 0.2504265 0.2103438 -0.250617 0.2504265 0.189705 -0.250617 0.2504265 0.3402712 -0.250617 0.2504265 0.3196932 -0.2382792 0.2970895 0.004731953 -0.2985297 0.2970895 0.004731953 -0.2985297 0.2368389 0.004731953 -0.2379023 0.2324621 0.3422712 -0.2379023 0.2324621 0.4546848 -0.2989066 0.2324621 0.008666038 -0.2379023 0.2324621 0.187705 -0.2379023 0.2324621 0.008666038 -0.2379023 0.2324621 0.3176932 -0.2379023 0.2324621 0.2123439 -0.2526171 0.2324621 0.2123439 -0.250617 0.2344621 0.189705 -0.2526171 0.2324621 0.3422712 -0.2526171 0.2324621 0.3176932 -0.2989066 0.2324621 0.4546848 -0.3029066 0.2974663 0.008666038 -0.3029066 0.2364621 0.008666038 -0.3029066 0.2974663 0.4546848 -0.3009066 0.2344621 0.4566848 -0.2379023 0.3014664 0.008666038 -0.2989066 0.3014664 0.008666038 -0.2989066 0.3014664 0.4546848 -0.2379023 0.3014664 0.4546848 -0.2339023 0.2974663 0.008666038 -0.2339023 0.2364621 0.3422712 -0.2339023 0.2364621 0.4546848 -0.2339023 0.2364621 0.187705 -0.2339023 0.2364621 0.008666038 -0.2339023 0.2524266 0.2123439 -0.2339023 0.2364621 0.2123439 -0.2339023 0.2524266 0.187705 -0.2339023 0.2364621 0.3176932 -0.2339023 0.2524266 0.3422712 -0.2339023 0.2524266 0.3176932 -0.2359023 0.2994664 0.4566848 0.2359412 -0.2345337 0.006666064 0.2359412 -0.299538 0.006666064 0.3009455 -0.299538 0.006666064 0.2359412 -0.2345337 0.4566848 0.2339413 -0.2975379 0.4546848 0.3009455 -0.299538 0.4566848 0.3029455 -0.2365337 0.4546848 0.2359412 -0.2345337 0.2103438 0.3009455 -0.2345337 0.006666064 0.2359412 -0.2345337 0.189705 0.2359412 -0.2345337 0.3196932 0.2359412 -0.2345337 0.3402712 0.2359412 -0.2504981 0.2103438 0.250656 -0.2345337 0.2103438 0.2359412 -0.2504981 0.189705 0.252656 -0.2325337 0.187705 0.2359412 -0.2504981 0.3402712 0.2359412 -0.2504981 0.3196932 0.250656 -0.2345337 0.3402712 0.250656 -0.2345337 0.3196932 0.2383182 -0.2369105 0.004731953 0.250656 -0.2504981 0.2103438 0.250656 -0.2504981 0.189705 0.250656 -0.2504981 0.3402712 0.250656 -0.2504981 0.3196932 0.2383182 -0.2971611 0.004731953 0.2985686 -0.2971611 0.004731953 0.2985686 -0.2369105 0.004731953 0.2379413 -0.2325337 0.3422712 0.2379413 -0.2325337 0.4546848 0.2989455 -0.2325337 0.008666038 0.2379413 -0.2325337 0.187705 0.2379413 -0.2325337 0.008666038 0.2379413 -0.2325337 0.3176932 0.2379413 -0.2325337 0.2123439 0.252656 -0.2325337 0.2123439 0.250656 -0.2345337 0.189705 0.252656 -0.2325337 0.3422712 0.252656 -0.2325337 0.3176932 0.2989455 -0.2325337 0.4546848 0.3029455 -0.2975379 0.008666038 0.3029455 -0.2365337 0.008666038 0.3029455 -0.2975379 0.4546848 0.3009455 -0.2345337 0.4566848 0.2379413 -0.3015379 0.008666038 0.2989455 -0.3015379 0.008666038 0.2989455 -0.3015379 0.4546848 0.2379413 -0.3015379 0.4546848 0.2339413 -0.2975379 0.008666038 0.2339413 -0.2365337 0.3422712 0.2339413 -0.2365337 0.4546848 0.2339413 -0.2365337 0.187705 0.2339413 -0.2365337 0.008666038 0.2339413 -0.2524982 0.2123439 0.2339413 -0.2365337 0.2123439 0.2339413 -0.2524982 0.187705 0.2339413 -0.2365337 0.3176932 0.2339413 -0.2524982 0.3422712 0.2339413 -0.2524982 0.3176932 0.2359412 -0.299538 0.4566848 -0.2359023 -0.2345337 0.006666064 -0.2359023 -0.299538 0.006666064 -0.3009066 -0.299538 0.006666064 -0.3009066 -0.2345337 0.006666064 -0.2359023 -0.2345337 0.4566848 -0.2339023 -0.2975379 0.4546848 -0.3009066 -0.299538 0.4566848 -0.3029066 -0.2365337 0.4546848 -0.2359023 -0.2345337 0.2103438 -0.2359023 -0.2345337 0.189705 -0.2359023 -0.2345337 0.3196932 -0.2359023 -0.2345337 0.3402712 -0.2359023 -0.2504981 0.2103438 -0.250617 -0.2345337 0.2103438 -0.2359023 -0.2504981 0.189705 -0.2526171 -0.2325337 0.187705 -0.2359023 -0.2504981 0.3402712 -0.2359023 -0.2504981 0.3196932 -0.250617 -0.2345337 0.3402712 -0.250617 -0.2345337 0.3196932 -0.2382792 -0.2369105 0.004731953 -0.250617 -0.2504981 0.2103438 -0.250617 -0.2504981 0.189705 -0.250617 -0.2504981 0.3402712 -0.250617 -0.2504981 0.3196932 -0.2382792 -0.2971611 0.004731953 -0.2985297 -0.2971611 0.004731953 -0.2985297 -0.2369105 0.004731953 -0.2379023 -0.2325337 0.3422712 -0.2379023 -0.2325337 0.4546848 -0.2989066 -0.2325337 0.008666038 -0.2379023 -0.2325337 0.187705 -0.2379023 -0.2325337 0.008666038 -0.2379023 -0.2325337 0.3176932 -0.2379023 -0.2325337 0.2123439 -0.2526171 -0.2325337 0.2123439 -0.250617 -0.2345337 0.189705 -0.2526171 -0.2325337 0.3422712 -0.2526171 -0.2325337 0.3176932 -0.2989066 -0.2325337 0.4546848 -0.3029066 -0.2975379 0.008666038 -0.3029066 -0.2365337 0.008666038 -0.3029066 -0.2975379 0.4546848 -0.3009066 -0.2345337 0.4566848 -0.2379023 -0.3015379 0.008666038 -0.2989066 -0.3015379 0.008666038 -0.2989066 -0.3015379 0.4546848 -0.2379023 -0.3015379 0.4546848 -0.2339023 -0.2975379 0.008666038 -0.2339023 -0.2365337 0.3422712 -0.2339023 -0.2365337 0.4546848 -0.2339023 -0.2365337 0.187705 -0.2339023 -0.2365337 0.008666038 -0.2339023 -0.2524982 0.2123439 -0.2339023 -0.2365337 0.2123439 -0.2339023 -0.2524982 0.187705 -0.2339023 -0.2365337 0.3176932 -0.2339023 -0.2524982 0.3422712 -0.2339023 -0.2524982 0.3176932 -0.2359023 -0.299538 0.4566848 0.3300264 -0.3300264 0.4567721 -0.3300264 -0.3300264 0.4567721 0.3300264 0.3300264 0.4567721 -0.3266602 0.2110711 0.4711409 0.3266602 0.2110711 0.4711409 -0.3266602 -0.2112143 0.4711409 0.3266602 -0.2112143 0.4711409 -0.3300264 0.3300264 0.4567721 0.3300264 -0.2102705 0.4567721 -0.3266602 0.3266602 0.4711409 0.3266602 0.3266602 0.4711409 -0.3266602 -0.3266602 0.4711409 0.3300264 0.2101273 0.4567721 -0.3300264 0.2101273 0.4567721 0.3266602 -0.3266602 0.4711409 -0.3300264 -0.2102705 0.4567721 -0.2077674 0.2081273 0.4567721 0.3266602 -0.2095307 0.4711409 -0.3266602 -0.2095307 0.4711409 0.2098453 -0.2095307 0.4711409 -0.2097674 -0.2095307 0.4711409 0.3266602 0.2093876 0.4711409 0.2098453 0.2093876 0.4711409 -0.2097674 0.2093876 0.4711409 -0.3266602 0.2093876 0.4711409 0.3300264 -0.2102705 0.4669299 0.3300264 -0.3300264 0.4669299 -0.3300264 0.3300264 0.4669299 0.3300264 0.3300264 0.4669299 -0.3300264 -0.3300264 0.4669299 -0.3300264 -0.2102705 0.4669299 0.3300264 0.2101273 0.4669299 -0.3300264 0.2101273 0.4669299 0.2078453 0.2081273 0.4567721 0.2078453 -0.2082705 0.4567721 -0.2077674 -0.2082705 0.4567721 -0.2097674 -0.2102705 0.4669299 0.2098453 -0.2102705 0.4669299 0.2098453 0.2101273 0.4669299 -0.2097674 0.2101273 0.4669299 0.2098453 -0.2102705 0.461851 -0.2097674 -0.2102705 0.461851 0.2098453 0.2101273 0.461851 -0.2077674 0.2081273 0.461851 -0.2077674 -0.2082705 0.461851 0.2078453 -0.2082705 0.461851 0.2078453 0.2081273 0.461851 -0.2097674 0.2101273 0.461851 0.3300264 -0.2102705 0.4669299 0.3300264 -0.2102705 0.4669299 0.3300264 -0.2102705 0.4669299 0.3266602 -0.2112143 0.4711409 0.3266602 -0.2112143 0.4711409 -0.3266602 -0.2112143 0.4711409 -0.3266602 -0.2112143 0.4711409 -0.2097674 0.2093876 0.4711409 -0.2097674 0.2093876 0.4711409 -0.3266602 0.2093876 0.4711409 -0.3266602 0.2093876 0.4711409 0.3266602 0.2093876 0.4711409 0.3266602 0.2093876 0.4711409 0.2098453 0.2093876 0.4711409 0.2098453 0.2093876 0.4711409 -0.3266602 -0.2095307 0.4711409 -0.3266602 -0.2095307 0.4711409 -0.2097674 -0.2095307 0.4711409 -0.2097674 -0.2095307 0.4711409 0.2098453 -0.2095307 0.4711409 0.2098453 -0.2095307 0.4711409 0.3266602 -0.2095307 0.4711409 0.3266602 -0.2095307 0.4711409 0.3266602 0.2110711 0.4711409 0.3266602 0.2110711 0.4711409 -0.3266602 0.2110711 0.4711409 -0.3266602 0.2110711 0.4711409 0.3266602 0.3266602 0.4711409 0.3266602 0.3266602 0.4711409 -0.3266602 -0.3266602 0.4711409 -0.3266602 -0.3266602 0.4711409 0.3266602 -0.3266602 0.4711409 0.3266602 -0.3266602 0.4711409 -0.3266602 0.3266602 0.4711409 -0.3266602 0.3266602 0.4711409 0.3300264 -0.3300264 0.4669299 0.3300264 -0.3300264 0.4567721 -0.3300264 0.3300264 0.4669299 0.3300264 0.3300264 0.4669299 0.3300264 0.3300264 0.4567721 -0.3300264 -0.3300264 0.4669299 -0.3300264 -0.3300264 0.4567721 0.3300264 0.2101273 0.4669299 0.3300264 0.2101273 0.4669299 0.3300264 0.2101273 0.4669299 0.3300264 0.2101273 0.4567721 -0.3300264 0.2101273 0.4669299 -0.3300264 0.2101273 0.4669299 -0.3300264 0.2101273 0.4669299 0.3300264 -0.2102705 0.4567721 -0.3300264 0.3300264 0.4567721 -0.3300264 -0.2102705 0.4669299 -0.3300264 -0.2102705 0.4669299 -0.3300264 -0.2102705 0.4669299 -0.3300264 0.2101273 0.4567721 0.2098453 -0.2102705 0.4669299 0.2098453 -0.2102705 0.4669299 -0.2097674 0.2101273 0.4669299 -0.2097674 0.2101273 0.4669299 0.2078453 0.2081273 0.4567721 0.2078453 0.2081273 0.4567721 0.2078453 0.2081273 0.4567721 0.2078453 -0.2082705 0.4567721 0.2078453 -0.2082705 0.4567721 0.2078453 -0.2082705 0.4567721 -0.2097674 -0.2102705 0.4669299 -0.2097674 -0.2102705 0.4669299 0.2098453 0.2101273 0.4669299 0.2098453 0.2101273 0.4669299 -0.2077674 -0.2082705 0.4567721 -0.2077674 -0.2082705 0.4567721 -0.2077674 -0.2082705 0.4567721 0.2098453 -0.2102705 0.461851 0.2098453 -0.2102705 0.461851 0.2098453 -0.2102705 0.461851 -0.2097674 -0.2102705 0.461851 -0.2097674 -0.2102705 0.461851 -0.2097674 -0.2102705 0.461851 0.2098453 0.2101273 0.461851 0.2098453 0.2101273 0.461851 0.2098453 0.2101273 0.461851 -0.2077674 0.2081273 0.4567721 -0.2077674 0.2081273 0.4567721 -0.2077674 0.2081273 0.4567721 -0.3300264 -0.2102705 0.4567721 -0.2097674 0.2101273 0.461851 -0.2097674 0.2101273 0.461851 -0.2097674 0.2101273 0.461851 -0.2077674 -0.2082705 0.461851 -0.2077674 -0.2082705 0.461851 -0.2077674 -0.2082705 0.461851 0.2078453 -0.2082705 0.461851 0.2078453 -0.2082705 0.461851 0.2078453 -0.2082705 0.461851 0.2078453 0.2081273 0.461851 0.2078453 0.2081273 0.461851 0.2078453 0.2081273 0.461851 -0.2077674 0.2081273 0.461851 -0.2077674 0.2081273 0.461851 -0.2077674 0.2081273 0.461851 -0.2481201 -0.2479443 0.1900438 -0.2481201 -0.2479443 0.1900438 0.248159 -0.2479443 0.1900437 0.248159 -0.2479443 0.1900437 -0.2481201 0.2478727 0.1900439 -0.2481201 0.2478727 0.1900439 0.248159 0.2478727 0.1900439 0.248159 0.2478727 0.1900439 -0.2481201 -0.2479443 0.2100438 -0.2481201 -0.2479443 0.2100438 0.248159 -0.2479443 0.2100437 0.248159 -0.2479443 0.2100437 -0.2481201 0.2478727 0.2100439 -0.2481201 0.2478727 0.2100439 0.248159 0.2478727 0.2100439 0.248159 0.2478727 0.2100439 -0.2501055 -0.2499279 0.1920438 -0.2501055 -0.2499279 0.1920438 -0.2501055 -0.2499279 0.1920438 -0.2501055 -0.2499279 0.2080438 -0.2501055 -0.2499279 0.2080438 -0.2501055 -0.2499279 0.2080438 0.2501444 -0.2499279 0.2080437 0.2501444 -0.2499279 0.2080437 0.2501444 -0.2499279 0.2080437 0.2501444 -0.2499279 0.1920437 0.2501444 -0.2499279 0.1920437 0.2501444 -0.2499279 0.1920437 0.2501444 0.2498562 0.1920439 0.2501444 0.2498562 0.1920439 0.2501444 0.2498562 0.1920439 0.2501444 0.2498562 0.2080438 0.2501444 0.2498562 0.2080438 0.2501444 0.2498562 0.2080438 -0.2501055 0.2498562 0.2080439 -0.2501055 0.2498562 0.2080439 -0.2501055 0.2498562 0.2080439 -0.2501055 0.2498562 0.1920439 -0.2501055 0.2498562 0.1920439 -0.2501055 0.2498562 0.1920439 0.2481591 -0.2479443 0.3400439 0.2481591 -0.2479443 0.3400439 -0.2481201 -0.2479443 0.3400439 -0.2481201 -0.2479443 0.3400439 0.2481591 0.2478727 0.3400439 0.2481591 0.2478727 0.3400439 -0.2481201 0.2478727 0.3400439 -0.2481201 0.2478727 0.3400439 0.2481591 -0.2479443 0.3200439 0.2481591 -0.2479443 0.3200439 -0.2481201 -0.2479443 0.3200438 -0.2481201 -0.2479443 0.3200438 0.2481591 0.2478727 0.3200439 0.2481591 0.2478727 0.3200439 -0.2481201 0.2478727 0.3200438 -0.2481201 0.2478727 0.3200438 0.2501444 -0.2499278 0.3380438 0.2501444 -0.2499278 0.3380438 0.2501444 -0.2499278 0.3380438 0.2501444 -0.2499278 0.3220438 0.2501444 -0.2499278 0.3220438 0.2501444 -0.2499278 0.3220438 -0.2501055 -0.2499278 0.3220438 -0.2501055 -0.2499278 0.3220438 -0.2501055 -0.2499278 0.3220438 -0.2501055 -0.2499278 0.3380438 -0.2501055 -0.2499278 0.3380438 -0.2501055 -0.2499278 0.3380438 -0.2501055 0.2498563 0.3380438 -0.2501055 0.2498563 0.3380438 -0.2501055 0.2498563 0.3380438 -0.2501055 0.2498563 0.3220438 -0.2501055 0.2498563 0.3220438 -0.2501055 0.2498563 0.3220438 0.2501444 0.2498563 0.3220438 0.2501444 0.2498563 0.3220438 0.2501444 0.2498563 0.3220438 0.2501444 0.2498563 0.3380438 0.2501444 0.2498563 0.3380438 0.2501444 0.2498563 0.3380438 0.2359412 0.2504265 0.2103438 0.2359412 0.2504265 0.2103438 0.2359412 0.2504265 0.2103438 0.2359412 0.2344621 0.2103438 0.2359412 0.2344621 0.2103438 0.2359412 0.2344621 0.2103438 0.2359412 0.2504265 0.189705 0.2359412 0.2504265 0.189705 0.2359412 0.2504265 0.189705 0.2359412 0.2344621 0.189705 0.2359412 0.2344621 0.189705 0.2359412 0.2344621 0.189705 0.2359412 0.2504265 0.3402712 0.2359412 0.2504265 0.3402712 0.2359412 0.2504265 0.3402712 0.2359412 0.2344621 0.3402712 0.2359412 0.2344621 0.3402712 0.2359412 0.2344621 0.3402712 0.2359412 0.2504265 0.3196932 0.2359412 0.2504265 0.3196932 0.2359412 0.2504265 0.3196932 0.2359412 0.2344621 0.3196932 0.2359412 0.2344621 0.3196932 0.2359412 0.2344621 0.3196932 0.2383182 0.2970895 0.004731953 0.2383182 0.2970895 0.004731953 0.2985686 0.2970895 0.004731953 0.2985686 0.2970895 0.004731953 0.250656 0.2344621 0.2103438 0.250656 0.2344621 0.2103438 0.250656 0.2344621 0.2103438 0.250656 0.2344621 0.189705 0.250656 0.2344621 0.189705 0.250656 0.2344621 0.189705 0.2379413 0.3014664 0.008666038 0.2379413 0.3014664 0.008666038 0.2989455 0.3014664 0.008666038 0.2989455 0.3014664 0.008666038 0.2383182 0.2368389 0.004731953 0.2383182 0.2368389 0.004731953 0.2985686 0.2368389 0.004731953 0.2985686 0.2368389 0.004731953 0.250656 0.2344621 0.3402712 0.250656 0.2344621 0.3402712 0.250656 0.2344621 0.3402712 0.250656 0.2344621 0.3196932 0.250656 0.2344621 0.3196932 0.250656 0.2344621 0.3196932 0.2339413 0.2974663 0.4546848 0.2339413 0.2974663 0.4546848 0.2339413 0.2364621 0.4546848 0.2339413 0.2364621 0.4546848 0.3029455 0.2364621 0.4546848 0.3029455 0.2364621 0.4546848 0.3029455 0.2974663 0.4546848 0.3029455 0.2974663 0.4546848 0.2379413 0.2324621 0.4546848 0.2379413 0.2324621 0.4546848 0.2989455 0.2324621 0.4546848 0.2989455 0.2324621 0.4546848 0.250656 0.2504265 0.2103438 0.250656 0.2504265 0.2103438 0.250656 0.2504265 0.189705 0.250656 0.2504265 0.189705 0.250656 0.2504265 0.3402712 0.250656 0.2504265 0.3402712 0.250656 0.2504265 0.3196932 0.250656 0.2504265 0.3196932 0.2379413 0.3014664 0.4546848 0.2379413 0.3014664 0.4546848 0.2989455 0.3014664 0.4546848 0.2989455 0.3014664 0.4546848 0.2359412 0.2344621 0.006666064 0.2359412 0.2344621 0.006666064 0.3009455 0.2344621 0.006666064 0.3009455 0.2344621 0.006666064 0.2379413 0.2324621 0.3422712 0.2379413 0.2324621 0.3422712 0.2379413 0.2324621 0.187705 0.2379413 0.2324621 0.187705 0.2379413 0.2324621 0.008666038 0.2379413 0.2324621 0.008666038 0.2379413 0.2324621 0.3176932 0.2379413 0.2324621 0.3176932 0.2379413 0.2324621 0.2123439 0.2379413 0.2324621 0.2123439 0.252656 0.2324621 0.2123439 0.252656 0.2324621 0.2123439 0.252656 0.2324621 0.187705 0.252656 0.2324621 0.187705 0.252656 0.2324621 0.3422712 0.252656 0.2324621 0.3422712 0.252656 0.2324621 0.3176932 0.252656 0.2324621 0.3176932 0.2989455 0.2324621 0.008666038 0.2989455 0.2324621 0.008666038 0.2359412 0.2344621 0.4566848 0.2359412 0.2344621 0.4566848 0.3009455 0.2344621 0.4566848 0.3009455 0.2344621 0.4566848 0.3029455 0.2974663 0.008666038 0.3029455 0.2974663 0.008666038 0.3009455 0.2994664 0.006666064 0.3009455 0.2994664 0.006666064 0.3029455 0.2364621 0.008666038 0.3029455 0.2364621 0.008666038 0.3009455 0.2994664 0.4566848 0.3009455 0.2994664 0.4566848 0.2359412 0.2994664 0.006666064 0.2359412 0.2994664 0.006666064 0.2359412 0.2994664 0.4566848 0.2359412 0.2994664 0.4566848 0.2339413 0.2364621 0.3422712 0.2339413 0.2364621 0.3422712 0.2339413 0.2364621 0.187705 0.2339413 0.2364621 0.187705 0.2339413 0.2364621 0.008666038 0.2339413 0.2364621 0.008666038 0.2339413 0.2524266 0.2123439 0.2339413 0.2524266 0.2123439 0.2339413 0.2364621 0.2123439 0.2339413 0.2364621 0.2123439 0.2339413 0.2524266 0.187705 0.2339413 0.2524266 0.187705 0.2339413 0.2364621 0.3176932 0.2339413 0.2364621 0.3176932 0.2339413 0.2524266 0.3422712 0.2339413 0.2524266 0.3422712 0.2339413 0.2524266 0.3176932 0.2339413 0.2524266 0.3176932 0.2339413 0.2974663 0.008666038 0.2339413 0.2974663 0.008666038 -0.2359023 0.2504265 0.2103438 -0.2359023 0.2504265 0.2103438 -0.2359023 0.2504265 0.2103438 -0.2359023 0.2344621 0.2103438 -0.2359023 0.2344621 0.2103438 -0.2359023 0.2344621 0.2103438 -0.2359023 0.2504265 0.189705 -0.2359023 0.2504265 0.189705 -0.2359023 0.2504265 0.189705 -0.2359023 0.2344621 0.189705 -0.2359023 0.2344621 0.189705 -0.2359023 0.2344621 0.189705 -0.2359023 0.2504265 0.3402712 -0.2359023 0.2504265 0.3402712 -0.2359023 0.2504265 0.3402712 -0.2359023 0.2344621 0.3402712 -0.2359023 0.2344621 0.3402712 -0.2359023 0.2344621 0.3402712 -0.2359023 0.2504265 0.3196932 -0.2359023 0.2504265 0.3196932 -0.2359023 0.2504265 0.3196932 -0.2359023 0.2344621 0.3196932 -0.2359023 0.2344621 0.3196932 -0.2359023 0.2344621 0.3196932 -0.2382792 0.2970895 0.004731953 -0.2382792 0.2970895 0.004731953 -0.2985297 0.2970895 0.004731953 -0.2985297 0.2970895 0.004731953 -0.250617 0.2344621 0.2103438 -0.250617 0.2344621 0.2103438 -0.250617 0.2344621 0.2103438 -0.250617 0.2344621 0.189705 -0.250617 0.2344621 0.189705 -0.250617 0.2344621 0.189705 -0.2382792 0.2368389 0.004731953 -0.2382792 0.2368389 0.004731953 -0.2985297 0.2368389 0.004731953 -0.2985297 0.2368389 0.004731953 -0.250617 0.2344621 0.3402712 -0.250617 0.2344621 0.3402712 -0.250617 0.2344621 0.3402712 -0.250617 0.2344621 0.3196932 -0.250617 0.2344621 0.3196932 -0.250617 0.2344621 0.3196932 -0.2339023 0.2974663 0.4546848 -0.2339023 0.2974663 0.4546848 -0.2339023 0.2364621 0.4546848 -0.2339023 0.2364621 0.4546848 -0.3029066 0.2364621 0.4546848 -0.3029066 0.2364621 0.4546848 -0.3029066 0.2974663 0.4546848 -0.3029066 0.2974663 0.4546848 -0.2379023 0.2324621 0.4546848 -0.2379023 0.2324621 0.4546848 -0.2989066 0.2324621 0.4546848 -0.2989066 0.2324621 0.4546848 -0.250617 0.2504265 0.2103438 -0.250617 0.2504265 0.2103438 -0.250617 0.2504265 0.189705 -0.250617 0.2504265 0.189705 -0.250617 0.2504265 0.3402712 -0.250617 0.2504265 0.3402712 -0.250617 0.2504265 0.3196932 -0.250617 0.2504265 0.3196932 -0.2379023 0.3014664 0.4546848 -0.2379023 0.3014664 0.4546848 -0.2989066 0.3014664 0.4546848 -0.2989066 0.3014664 0.4546848 -0.2359023 0.2344621 0.006666064 -0.2359023 0.2344621 0.006666064 -0.3009066 0.2994664 0.006666064 -0.3009066 0.2994664 0.006666064 -0.3009066 0.2344621 0.006666064 -0.3009066 0.2344621 0.006666064 -0.2379023 0.2324621 0.3422712 -0.2379023 0.2324621 0.3422712 -0.2379023 0.2324621 0.187705 -0.2379023 0.2324621 0.187705 -0.2379023 0.2324621 0.008666038 -0.2379023 0.2324621 0.008666038 -0.2379023 0.2324621 0.3176932 -0.2379023 0.2324621 0.3176932 -0.2379023 0.2324621 0.2123439 -0.2379023 0.2324621 0.2123439 -0.2526171 0.2324621 0.2123439 -0.2526171 0.2324621 0.2123439 -0.2526171 0.2324621 0.187705 -0.2526171 0.2324621 0.187705 -0.2526171 0.2324621 0.3422712 -0.2526171 0.2324621 0.3422712 -0.2526171 0.2324621 0.3176932 -0.2526171 0.2324621 0.3176932 -0.2989066 0.2324621 0.008666038 -0.2989066 0.2324621 0.008666038 -0.2359023 0.2344621 0.4566848 -0.2359023 0.2344621 0.4566848 -0.3009066 0.2344621 0.4566848 -0.3009066 0.2344621 0.4566848 -0.3029066 0.2364621 0.008666038 -0.3029066 0.2364621 0.008666038 -0.3029066 0.2974663 0.008666038 -0.3029066 0.2974663 0.008666038 -0.3009066 0.2994664 0.4566848 -0.3009066 0.2994664 0.4566848 -0.2989066 0.3014664 0.008666038 -0.2989066 0.3014664 0.008666038 -0.2359023 0.2994664 0.4566848 -0.2359023 0.2994664 0.4566848 -0.2339023 0.2364621 0.3422712 -0.2339023 0.2364621 0.3422712 -0.2339023 0.2364621 0.187705 -0.2339023 0.2364621 0.187705 -0.2339023 0.2364621 0.008666038 -0.2339023 0.2364621 0.008666038 -0.2339023 0.2524266 0.2123439 -0.2339023 0.2524266 0.2123439 -0.2339023 0.2364621 0.2123439 -0.2339023 0.2364621 0.2123439 -0.2339023 0.2524266 0.187705 -0.2339023 0.2524266 0.187705 -0.2339023 0.2364621 0.3176932 -0.2339023 0.2364621 0.3176932 -0.2339023 0.2524266 0.3422712 -0.2339023 0.2524266 0.3422712 -0.2339023 0.2524266 0.3176932 -0.2339023 0.2524266 0.3176932 -0.2339023 0.2974663 0.008666038 -0.2339023 0.2974663 0.008666038 0.2359412 -0.2504981 0.2103438 0.2359412 -0.2504981 0.2103438 0.2359412 -0.2504981 0.2103438 0.2359412 -0.2345337 0.2103438 0.2359412 -0.2345337 0.2103438 0.2359412 -0.2345337 0.2103438 0.2359412 -0.2504981 0.189705 0.2359412 -0.2504981 0.189705 0.2359412 -0.2504981 0.189705 0.2359412 -0.2345337 0.189705 0.2359412 -0.2345337 0.189705 0.2359412 -0.2345337 0.189705 0.2359412 -0.2504981 0.3402712 0.2359412 -0.2504981 0.3402712 0.2359412 -0.2504981 0.3402712 0.2359412 -0.2345337 0.3402712 0.2359412 -0.2345337 0.3402712 0.2359412 -0.2345337 0.3402712 0.2359412 -0.2504981 0.3196932 0.2359412 -0.2504981 0.3196932 0.2359412 -0.2504981 0.3196932 0.2359412 -0.2345337 0.3196932 0.2359412 -0.2345337 0.3196932 0.2359412 -0.2345337 0.3196932 0.3029455 -0.2365337 0.008666038 0.3029455 -0.2365337 0.008666038 0.3029455 -0.2975379 0.008666038 0.3029455 -0.2975379 0.008666038 0.2383182 -0.2971611 0.004731953 0.2383182 -0.2971611 0.004731953 0.2985686 -0.2971611 0.004731953 0.2985686 -0.2971611 0.004731953 0.250656 -0.2345337 0.2103438 0.250656 -0.2345337 0.2103438 0.250656 -0.2345337 0.2103438 0.250656 -0.2345337 0.189705 0.250656 -0.2345337 0.189705 0.250656 -0.2345337 0.189705 0.2383182 -0.2369105 0.004731953 0.2383182 -0.2369105 0.004731953 0.2985686 -0.2369105 0.004731953 0.2985686 -0.2369105 0.004731953 0.250656 -0.2345337 0.3402712 0.250656 -0.2345337 0.3402712 0.250656 -0.2345337 0.3402712 0.250656 -0.2345337 0.3196932 0.250656 -0.2345337 0.3196932 0.250656 -0.2345337 0.3196932 0.2339413 -0.2975379 0.4546848 0.2339413 -0.2975379 0.4546848 0.2339413 -0.2365337 0.4546848 0.2339413 -0.2365337 0.4546848 0.3029455 -0.2365337 0.4546848 0.3029455 -0.2365337 0.4546848 0.3029455 -0.2975379 0.4546848 0.3029455 -0.2975379 0.4546848 0.2379413 -0.2325337 0.4546848 0.2379413 -0.2325337 0.4546848 0.2989455 -0.2325337 0.4546848 0.2989455 -0.2325337 0.4546848 0.250656 -0.2504981 0.2103438 0.250656 -0.2504981 0.2103438 0.250656 -0.2504981 0.189705 0.250656 -0.2504981 0.189705 0.250656 -0.2504981 0.3402712 0.250656 -0.2504981 0.3402712 0.250656 -0.2504981 0.3196932 0.250656 -0.2504981 0.3196932 0.2379413 -0.3015379 0.4546848 0.2379413 -0.3015379 0.4546848 0.2989455 -0.3015379 0.4546848 0.2989455 -0.3015379 0.4546848 0.2359412 -0.299538 0.006666064 0.2359412 -0.299538 0.006666064 0.2359412 -0.2345337 0.006666064 0.2359412 -0.2345337 0.006666064 0.3009455 -0.299538 0.006666064 0.3009455 -0.299538 0.006666064 0.2379413 -0.2325337 0.3422712 0.2379413 -0.2325337 0.3422712 0.2379413 -0.2325337 0.187705 0.2379413 -0.2325337 0.187705 0.2379413 -0.2325337 0.008666038 0.2379413 -0.2325337 0.008666038 0.2379413 -0.2325337 0.3176932 0.2379413 -0.2325337 0.3176932 0.2379413 -0.2325337 0.2123439 0.2379413 -0.2325337 0.2123439 0.252656 -0.2325337 0.2123439 0.252656 -0.2325337 0.2123439 0.252656 -0.2325337 0.187705 0.252656 -0.2325337 0.187705 0.252656 -0.2325337 0.3422712 0.252656 -0.2325337 0.3422712 0.252656 -0.2325337 0.3176932 0.252656 -0.2325337 0.3176932 0.2989455 -0.2325337 0.008666038 0.2989455 -0.2325337 0.008666038 0.2359412 -0.2345337 0.4566848 0.2359412 -0.2345337 0.4566848 0.3009455 -0.2345337 0.006666064 0.3009455 -0.2345337 0.006666064 0.3009455 -0.2345337 0.4566848 0.3009455 -0.2345337 0.4566848 0.3009455 -0.299538 0.4566848 0.3009455 -0.299538 0.4566848 0.2989455 -0.3015379 0.008666038 0.2989455 -0.3015379 0.008666038 0.2379413 -0.3015379 0.008666038 0.2379413 -0.3015379 0.008666038 0.2359412 -0.299538 0.4566848 0.2359412 -0.299538 0.4566848 0.2339413 -0.2365337 0.3422712 0.2339413 -0.2365337 0.3422712 0.2339413 -0.2365337 0.187705 0.2339413 -0.2365337 0.187705 0.2339413 -0.2365337 0.008666038 0.2339413 -0.2365337 0.008666038 0.2339413 -0.2524982 0.2123439 0.2339413 -0.2524982 0.2123439 0.2339413 -0.2365337 0.2123439 0.2339413 -0.2365337 0.2123439 0.2339413 -0.2524982 0.187705 0.2339413 -0.2524982 0.187705 0.2339413 -0.2365337 0.3176932 0.2339413 -0.2365337 0.3176932 0.2339413 -0.2524982 0.3422712 0.2339413 -0.2524982 0.3422712 0.2339413 -0.2524982 0.3176932 0.2339413 -0.2524982 0.3176932 0.2339413 -0.2975379 0.008666038 0.2339413 -0.2975379 0.008666038 -0.2359023 -0.2504981 0.2103438 -0.2359023 -0.2504981 0.2103438 -0.2359023 -0.2504981 0.2103438 -0.2359023 -0.2345337 0.2103438 -0.2359023 -0.2345337 0.2103438 -0.2359023 -0.2345337 0.2103438 -0.2359023 -0.2504981 0.189705 -0.2359023 -0.2504981 0.189705 -0.2359023 -0.2504981 0.189705 -0.2359023 -0.2345337 0.189705 -0.2359023 -0.2345337 0.189705 -0.2359023 -0.2345337 0.189705 -0.2359023 -0.2504981 0.3402712 -0.2359023 -0.2504981 0.3402712 -0.2359023 -0.2504981 0.3402712 -0.2359023 -0.2345337 0.3402712 -0.2359023 -0.2345337 0.3402712 -0.2359023 -0.2345337 0.3402712 -0.2359023 -0.2504981 0.3196932 -0.2359023 -0.2504981 0.3196932 -0.2359023 -0.2504981 0.3196932 -0.2359023 -0.2345337 0.3196932 -0.2359023 -0.2345337 0.3196932 -0.2359023 -0.2345337 0.3196932 -0.2382792 -0.2971611 0.004731953 -0.2382792 -0.2971611 0.004731953 -0.2985297 -0.2971611 0.004731953 -0.2985297 -0.2971611 0.004731953 -0.250617 -0.2345337 0.2103438 -0.250617 -0.2345337 0.2103438 -0.250617 -0.2345337 0.2103438 -0.250617 -0.2345337 0.189705 -0.250617 -0.2345337 0.189705 -0.250617 -0.2345337 0.189705 -0.2382792 -0.2369105 0.004731953 -0.2382792 -0.2369105 0.004731953 -0.2985297 -0.2369105 0.004731953 -0.2985297 -0.2369105 0.004731953 -0.250617 -0.2345337 0.3402712 -0.250617 -0.2345337 0.3402712 -0.250617 -0.2345337 0.3402712 -0.250617 -0.2345337 0.3196932 -0.250617 -0.2345337 0.3196932 -0.250617 -0.2345337 0.3196932 -0.2339023 -0.2975379 0.4546848 -0.2339023 -0.2975379 0.4546848 -0.2339023 -0.2365337 0.4546848 -0.2339023 -0.2365337 0.4546848 -0.3029066 -0.2365337 0.4546848 -0.3029066 -0.2365337 0.4546848 -0.3029066 -0.2975379 0.4546848 -0.3029066 -0.2975379 0.4546848 -0.2379023 -0.2325337 0.4546848 -0.2379023 -0.2325337 0.4546848 -0.2989066 -0.2325337 0.4546848 -0.2989066 -0.2325337 0.4546848 -0.250617 -0.2504981 0.2103438 -0.250617 -0.2504981 0.2103438 -0.250617 -0.2504981 0.189705 -0.250617 -0.2504981 0.189705 -0.250617 -0.2504981 0.3402712 -0.250617 -0.2504981 0.3402712 -0.250617 -0.2504981 0.3196932 -0.250617 -0.2504981 0.3196932 -0.2379023 -0.3015379 0.4546848 -0.2379023 -0.3015379 0.4546848 -0.2989066 -0.3015379 0.4546848 -0.2989066 -0.3015379 0.4546848 -0.2359023 -0.299538 0.006666064 -0.2359023 -0.299538 0.006666064 -0.2359023 -0.2345337 0.006666064 -0.2359023 -0.2345337 0.006666064 -0.3009066 -0.299538 0.006666064 -0.3009066 -0.299538 0.006666064 -0.3009066 -0.2345337 0.006666064 -0.3009066 -0.2345337 0.006666064 -0.2379023 -0.2325337 0.3422712 -0.2379023 -0.2325337 0.3422712 -0.2379023 -0.2325337 0.187705 -0.2379023 -0.2325337 0.187705 -0.2379023 -0.2325337 0.008666038 -0.2379023 -0.2325337 0.008666038 -0.2379023 -0.2325337 0.3176932 -0.2379023 -0.2325337 0.3176932 -0.2379023 -0.2325337 0.2123439 -0.2379023 -0.2325337 0.2123439 -0.2526171 -0.2325337 0.2123439 -0.2526171 -0.2325337 0.2123439 -0.2526171 -0.2325337 0.187705 -0.2526171 -0.2325337 0.187705 -0.2526171 -0.2325337 0.3422712 -0.2526171 -0.2325337 0.3422712 -0.2526171 -0.2325337 0.3176932 -0.2526171 -0.2325337 0.3176932 -0.2989066 -0.2325337 0.008666038 -0.2989066 -0.2325337 0.008666038 -0.2359023 -0.2345337 0.4566848 -0.2359023 -0.2345337 0.4566848 -0.3009066 -0.2345337 0.4566848 -0.3009066 -0.2345337 0.4566848 -0.3029066 -0.2365337 0.008666038 -0.3029066 -0.2365337 0.008666038 -0.3029066 -0.2975379 0.008666038 -0.3029066 -0.2975379 0.008666038 -0.3009066 -0.299538 0.4566848 -0.3009066 -0.299538 0.4566848 -0.2379023 -0.3015379 0.008666038 -0.2379023 -0.3015379 0.008666038 -0.2989066 -0.3015379 0.008666038 -0.2989066 -0.3015379 0.008666038 -0.2359023 -0.299538 0.4566848 -0.2359023 -0.299538 0.4566848 -0.2339023 -0.2365337 0.3422712 -0.2339023 -0.2365337 0.3422712 -0.2339023 -0.2365337 0.187705 -0.2339023 -0.2365337 0.187705 -0.2339023 -0.2365337 0.008666038 -0.2339023 -0.2365337 0.008666038 -0.2339023 -0.2524982 0.2123439 -0.2339023 -0.2524982 0.2123439 -0.2339023 -0.2365337 0.2123439 -0.2339023 -0.2365337 0.2123439 -0.2339023 -0.2524982 0.187705 -0.2339023 -0.2524982 0.187705 -0.2339023 -0.2365337 0.3176932 -0.2339023 -0.2365337 0.3176932 -0.2339023 -0.2524982 0.3422712 -0.2339023 -0.2524982 0.3422712 -0.2339023 -0.2524982 0.3176932 -0.2339023 -0.2524982 0.3176932 -0.2339023 -0.2975379 0.008666038 -0.2339023 -0.2975379 0.008666038 0.3300264 -0.2102705 0.4669299 -0.3300264 0.2101273 0.4567721 -0.3300264 0.3300264 0.4567721 0.3300264 -0.2102705 0.4567721 0.3300264 -0.3300264 0.4567721 -0.3300264 0.3300264 0.4567721 0.3300264 0.3300264 0.4567721 -0.3300264 -0.3300264 0.4567721 0.3300264 -0.3300264 0.4567721 0.3300264 0.2101273 0.4567721 0.3300264 0.3300264 0.4567721 0.3300264 -0.3300264 0.4669299 -0.3300264 0.3300264 0.4669299 0.3300264 0.3300264 0.4669299 -0.3300264 -0.3300264 0.4669299 0.3300264 0.2101273 0.4669299 -0.3300264 0.2101273 0.4669299 -0.3300264 -0.2102705 0.4669299 0.3300264 -0.3300264 0.4669299 -0.3300264 -0.3300264 0.4669299 0.3300264 0.3300264 0.4669299 -0.3300264 0.3300264 0.4669299 0.3300264 0.2101273 0.4567721 -0.2077674 -0.2082705 0.4567721 0.2078453 -0.2082705 0.4567721 -0.3300264 -0.2102705 0.4567721 -0.3300264 -0.3300264 0.4567721 -0.3300264 0.2101273 0.4567721 -0.3300264 -0.2102705 0.4567721 0.3300264 -0.2102705 0.4567721 -0.3300264 -0.2102705 0.4669299 -0.3300264 0.2101273 0.4669299 0.3300264 0.2101273 0.4669299 0.3300264 -0.2102705 0.4669299 -0.2077674 0.2081273 0.4567721 0.2078453 0.2081273 0.4567721 -0.2379023 0.3014664 0.008666038 -0.2379023 0.3014664 0.008666038 -0.2359023 0.2994664 0.006666064 -0.2359023 0.2994664 0.006666064 0.2096375 -0.2100623 0.4620628 -0.2095596 -0.2100623 0.4620628 0.2096375 0.209919 0.4620628 -0.2065046 0.2068585 0.469694 0.2065825 0.2068585 0.469694 -0.2065046 -0.2070016 0.469694 0.2065825 -0.2070016 0.469694 -0.2095596 0.209919 0.4620628 0.2096375 -0.2100623 0.4647861 -0.2095596 -0.2100623 0.4647861 0.2096375 0.209919 0.4647861 -0.2095596 0.209919 0.4647861 -0.2095596 -0.2100623 0.4620628 -0.2095596 -0.2100623 0.4620628 0.2096375 -0.2100623 0.4620628 0.2096375 -0.2100623 0.4620628 0.2096375 0.209919 0.4620628 0.2096375 0.209919 0.4620628 -0.2095596 0.209919 0.4620628 -0.2095596 0.209919 0.4620628 -0.2065046 -0.2070016 0.469694 -0.2065046 -0.2070016 0.469694 -0.2095596 -0.2100623 0.4647861 0.2096375 -0.2100623 0.4647861 0.2065825 -0.2070016 0.469694 0.2065825 -0.2070016 0.469694 0.2065825 0.2068585 0.469694 0.2065825 0.2068585 0.469694 0.2096375 0.209919 0.4647861 -0.2095596 0.209919 0.4647861 -0.2065046 0.2068585 0.469694 -0.2065046 0.2068585 0.469694 -0.2095596 -0.2100623 0.4647861 0.2096375 -0.2100623 0.4647861 0.2096375 0.209919 0.4647861 -0.2095596 0.209919 0.4647861 0.2096375 -0.2100623 0.4647861 -0.2095596 -0.2100623 0.4647861 0.2096375 0.209919 0.4647861 -0.2095596 0.209919 0.4647861</float_array>
          <technique_common>
            <accessor source="#Cube_003-mesh-positions-array" count="1104" stride="3">
              <param name="X" type="float"/>
              <param name="Y" type="float"/>
              <param name="Z" type="float"/>
            </accessor>
          </technique_common>
        </source>
        <source id="Cube_003-mesh-normals">
          <float_array id="Cube_003-mesh-normals-array" count="1188">0 1.80323e-7 -1 0 -2.10376e-7 1 0 -1 0 0 1 0 -1 0 0 1 0 0 0 0 1 1.21116e-7 0 -1 1 0 0 0 -0.7100169 -0.7041847 0 0.71003 -0.7041715 -0.7096952 1.57259e-7 -0.7045089 0.709699 2.47964e-7 -0.704505 1.24915e-7 -0.7100113 0.7041904 1.23927e-7 0.7100404 0.704161 -0.7097011 -1.65307e-7 0.704503 0.7097138 -2.99776e-7 0.7044902 0 -0.7100458 0.7041556 0 0.7100297 0.7041718 0.7097377 0 0.7044662 -0.7096953 0 0.7045088 0 -0.7100407 -0.7041607 1.66556e-7 0.7099982 -0.7042036 0.7097032 0 -0.7045009 -0.7096889 0 -0.7045153 0 -0.6709108 -0.7415381 0 -0.6311658 -0.7756479 0 -0.6311577 -0.7756547 0 0 -1 -0.7070884 -0.7071252 0 -0.7070915 -0.7071222 0 -0.7070899 -0.7071238 0 0 -0.7071229 -0.7070907 0 -0.7071124 0.7071012 0 -0.7071054 -0.7071082 -0.7071088 -0.7071048 0 0 -0.7071118 0.7071017 -0.7071128 -0.7071008 0 0.7071145 0.7070991 0 0.7071068 0 0.7071068 0.7071104 0.7071032 0 -0.7070928 0.7071208 0 0 0.7071065 0.7071071 -0.7071248 -0.7070888 0 -0.7071157 -0.7070978 0 -0.7071416 0 -0.707072 -0.7071216 0 0.707092 -0.7071228 -0.7070909 0 -0.7071171 0 -0.7070965 -0.7071253 0 0.7070882 -0.7071353 -0.7070784 0 -0.7071388 -0.7070748 0 0 -0.6311569 -0.7756552 0 -0.631164 -0.7756494 0 -0.670911 -0.7415379 -0.6311493 0 -0.7756614 -0.6311496 0 -0.7756612 -0.670903 0 -0.7415452 0.7071086 -0.7071049 0 0.7071115 -0.707102 0 0.7071114 -0.7071022 0 0 -0.7071257 -0.7070879 0 -0.7071089 0.7071048 0 -0.7071103 -0.7071033 0.7070888 -0.7071248 0 0 -0.7071074 0.7071062 0.7070898 -0.7071238 0 0 -0.6709098 -0.741539 0 -0.707103 -0.7071105 -0.70711 0 0.7071037 0 0.7071105 0.7071031 0.7071075 -0.7071061 0 0.7071054 -0.7071082 0 0.7071242 0 -0.7070894 0.7071042 0 0.7071094 0.7071059 -0.7071076 0 0.7071061 0 0.7071074 0.7071089 0 0.7071048 0.7071213 -0.7070924 0 0.7071248 -0.7070888 0 0 -0.6709024 -0.7415456 0 -0.6311411 -0.7756682 0 -0.6311526 -0.7756587 -1 -1.57023e-6 0 -1 -6.71388e-6 0 -0.6709036 0 -0.7415446 -0.6311305 0 -0.7756767 -0.6311302 0 -0.775677 -0.707087 0.7071266 0 -0.7070906 0.7071231 0 -0.7070884 0.7071253 0 0 0.7071285 -0.7070851 0 0.707111 0.7071026 0 0.707111 -0.7071026 -0.7071068 0.7071068 0 0 0.7071087 0.7071049 -0.7071168 0.7070968 0 0.7071134 0.7071003 0 0.7071204 0 0.7070932 0.7071042 0.7071093 0 0 -0.7071201 0.7070935 -0.7071235 0.7070902 0 -0.7071191 0.7070945 0 -0.7071229 0.7070907 0 -0.7071235 0 0.70709 -0.7071377 0 0.707076 -0.7071353 0.7070784 0 -0.7071388 0.7070748 0 0 0.6709121 -0.7415369 0 0.6311618 -0.7756512 0 0.6311659 -0.7756479 0 -0.6709088 -0.74154 0 -0.670915 -0.7415343 0 -0.6311511 -0.7756599 0 1 1.35807e-7 0.6709017 0 -0.7415463 0.6709016 0 -0.7415464 0.631147 0 -0.7756634 -0.6709029 0 -0.7415453 -0.6311494 0 -0.7756614 0.7071111 0.7071026 0 0.7071131 0.7071006 0 0.707114 0.7070997 0 0 0.7071243 -0.7070893 0 0.707104 0.7071096 0 0.7071089 -0.7071048 0.7070848 0.7071287 0 0 0.7071121 0.7071014 0.7070888 0.7071248 0 -0.7071173 0 0.7070963 0 -0.7071269 0.7070868 0.7071079 0.7071058 0 0.7071086 0.7071051 0 0.7071223 0 -0.7070913 0.7071023 0 0.7071113 0.7071046 0.707109 0 0.7070978 0 -0.7071158 0.7071171 0 0.7070965 0.7071193 0.7070944 0 0.7071228 0.7070908 0 0.7071014 0 -0.7071121 0.781104 0 0.624401 0 0.7810949 0.6244124 0 -0.7810949 0.6244124 -0.7811001 0 0.6244058 0 0.9891978 0.1465871 0 0.9757909 0.218706 0 0.9757909 0.2187058 0.7810959 0 0.6244111 -0.7811044 0 0.6244006 0 -0.9891968 0.1465944 0 -0.9757909 0.2187057 0 -0.9757909 0.2187056 0 -0.9849154 0.1730366 0 0.9849185 0.1730189 0 -0.9849151 0.1730383 0 0.9849212 0.1730039 0 0.9757913 0.2187038 0 0.9891964 0.1465967 0 0.9757913 0.2187038 0 -0.9757924 0.2186987 0 -0.9891978 0.1465868 0 -0.9757925 0.2186986 -0.781108 0 0.624396 0.7811029 0 0.6244025 0 0 -1 3.54453e-5 0 1 -3.54453e-5 0 1 -1 1.57023e-6 0 0.7071217 0.7070919 0 -0.7071199 0 -0.7070937 -0.6709032 0 -0.741545 -0.6709033 0 -0.7415449 1 -1.57023e-6 0 0.6709018 0 -0.7415462 0.631147 0 -0.7756632 0.631147 0 -0.7756633 0 1 0 -0.7071078 0.7071059 0 0 -1 0 -0.7071108 -0.7071028 0 0 0.6311664 -0.7756475 0 0.6311575 -0.7756548 0 0.6709101 -0.7415388 0.670903 0 -0.7415452 0.6311495 0 -0.7756612 0.6311493 0 -0.7756614 -0.63113 0 -0.775677 0.6311494 0 -0.7756614 0.6709029 0 -0.7415453 0 0.7071064 -0.7071073 0 0.6709114 -0.7415375 0 0.6709074 -0.7415412 0 0.6311519 -0.7756593 0 0.6311522 -0.775659 0.7071005 -0.7071132 0 0.7071155 -0.7070981 0 -0.7071262 -0.7070875 0 1 1.57023e-6 0 0 -0.7071219 -0.7070916 0 -0.7071015 -0.7071121 0 -0.6709126 -0.7415364 -0.7071299 0.7070837 0 0 1 -1.27904e-7 -0.7070794 -0.7071343 0 0.7070956 -0.707118 0 0.7071078 -0.7071059 0 -0.7071104 0.7071032 0 -0.707107 -0.7071067 0 0.7071154 0.7070982 0 -0.6709029 0 -0.7415453 -0.7071014 0 -0.7071121 -1 6.71387e-6 0 1 -6.71388e-6 0 -0.707136 -0.7070775 0 0.7070987 -0.7071149 0 0.7071204 -0.7070932 0 -0.7071063 -0.7071073 0 0.670903 0 -0.7415452 0.7071013 0 -0.7071124 -0.7071013 0 -0.7071124 -0.670903 0 -0.7415452 -0.707138 0.7070757 0 0 -0.6709157 -0.7415337 0 -0.7071214 -0.7070922 1 6.71387e-6 0 0 0.6709047 -0.7415437 0 0.7071018 -0.7071117 0.6709029 0 -0.7415453 -0.7071205 0.7070931 0 0.7071014 0 -0.7071123 0 0.6709116 -0.7415374 0 0.7071062 -0.7071074 -0.6709032 0 -0.741545 -0.7071199 0 -0.7070938 0 0.6709065 -0.741542 0 0.6709032 -0.741545 0 0.6311489 -0.7756618 0 0.7071016 -0.7071121 -1.81674e-7 3.90699e-7 -1 1.81674e-7 -4.20753e-7 1 2.42233e-7 0 -1 -1.66552e-7 -0.7100141 -0.7041875 0 0.7100381 -0.7041633 -0.7096876 0 -0.7045165 0.7096926 2.4995e-7 -0.7045115 1.23924e-7 -0.7100223 0.7041792 0 0.7100483 0.7041531 -0.7096847 0 0.7045195 0.7096955 0 0.7045086 0 -0.7100539 0.7041473 0 0.7100297 0.7041717 0.7097138 0 0.7044901 -0.7097139 0 0.7044901 1.6656e-7 -0.7100142 -0.7041874 0 0.7100117 -0.70419 0.7096904 0 -0.7045137 -0.7096953 0 -0.7045088 -0.7070847 -0.707129 0 -0.7070858 -0.7071278 0 -0.7070799 -0.7071338 0 0 -0.7071278 -0.7070859 0 -0.7071054 0.7071082 0 -0.7071138 -0.7070998 -0.7070959 -0.7071176 0 0 -0.7071115 0.7071021 -0.7070968 -0.7071169 0 0.7071211 0.7070925 0 0.707102 0 0.7071117 0.7071053 0.7071083 0 -0.7070817 0.7071319 0 0 0.7071119 0.7071018 -0.7071284 -0.7070852 0 -0.7071252 -0.7070884 0 -0.7071422 0 -0.7070714 -0.7071248 0 0.7070888 -0.7071262 -0.7070875 0 -0.70713 0 0.7070837 -0.7071203 0 0.7070933 -0.7071477 -0.7070659 0 -0.7071428 -0.7070708 0 0.7071022 -0.7071114 0 0.7071005 -0.7071131 0 0.7071049 -0.7071088 0 0 -0.7071264 -0.7070872 0 -0.7071096 0.707104 0 -0.7071096 -0.707104 0.7070826 -0.707131 0 0 -0.7071121 0.7071016 0.70709 -0.7071235 0 0 -0.7071071 -0.7071065 -0.707102 0 0.7071117 0 0.7071126 0.7071011 0.7071108 -0.7071028 0 0.7071031 -0.7071105 0 0.707121 0 -0.7070927 0.7071055 0 0.7071081 0.7071074 -0.7071062 0 0.7071004 0 -0.7071133 0.7071107 0 0.707103 0.7071018 0 0.7071119 0.707121 -0.7070926 0 0.7071227 -0.7070909 0 0 1 2.71614e-7 -0.7070847 0.707129 0 -0.7070858 0.7071278 0 -0.7070799 0.7071338 0 0 0.7071222 -0.7070914 0 0.7071082 0.7071054 0 0.7071082 -0.7071054 -0.7070959 0.7071176 0 0 0.7071115 0.7071021 -0.7070968 0.7071169 0 0.7071027 0.707111 0 0.7070912 0 0.7071225 0 -0.7071227 0.707091 -0.7071284 0.7070852 0 -0.7071252 0.7070884 0 -0.7071397 0 -0.7070739 -0.7071242 0 0.7070894 -0.7071262 0.7070875 0 -0.7071191 0 -0.7070946 -0.7071294 0 0.7070842 -0.7071095 0 0.7071041 -0.7071477 0.7070659 0 -0.7071428 0.7070708 0 0 -0.6311421 -0.7756674 0.6311469 0 -0.7756634 0.7071022 0.7071114 0 0.7071005 0.7071131 0 0.7071049 0.7071088 0 0 0.7071208 -0.7070928 0 0.7071089 0.7071048 0 0.707104 -0.7071096 0.7070826 0.707131 0 0 0.7071067 0.707107 0.70709 0.7071235 0 -0.7070912 0 0.7071225 0 -0.7071233 0.7070903 0.7071108 0.7071028 0 0.7071031 0.7071105 0 0.7071229 0 -0.7070907 0.7071074 0.7071062 0 0.7070913 0 0.7071223 0.707121 0.7070926 0 0.7071227 0.7070909 0 0.7071014 0 -0.7071122 0.7810996 0 0.6244066 0 0.7811049 0.6243999 0 -0.7811049 0.6243999 -0.781104 0 0.624401 0.7811044 0 0.6244006 -0.7810953 0 0.6244118 0 -0.984916 0.173033 0 0.9849205 0.1730077 0 -0.9849161 0.1730328 0 0.9849191 0.1730152 -0.7810975 0 0.6244092 0.7811026 0 0.6244028 -0.7071196 0 -0.707094 -0.7071027 0.707111 0 -0.7071027 -0.707111 0 -0.6311304 0 -0.7756768 0 0.7071018 -0.7071118 0.7070895 -0.7071241 0 0.7071211 -0.7070925 0 -0.7071211 -0.7070925 0 0 -0.7071176 -0.707096 0 -0.7071118 -0.7071017 -0.7071211 0.7070925 0 -0.7070659 -0.7071478 0 0.7071027 -0.707111 0 -0.7071053 0.7071083 0 -0.7071053 -0.7071083 0 -0.7071014 0 -0.7071122 -0.7071447 -0.7070689 0 0.7071053 -0.7071083 0 -0.7070777 -0.7071359 0 0.7071018 0 -0.7071119 -0.7071018 0 -0.7071119 -0.7071447 0.7070689 0 0 -0.7071063 -0.7071073 0 0.7071068 -0.7071068 -0.7070935 0.7071201 0 0 0.7071011 -0.7071126 -0.70712 0 -0.7070937 0 0.631151 -0.7756601 0 0.7071063 -0.7071073 0.8489626 0 0.5284531 0 -0.8485207 0.5291623 -0.8489661 0 0.5284474 0 0.8485262 0.5291534 0.8489624 0 0.5284534 0 -0.8485207 0.5291624 -0.8489589 0 0.5284588 0 0.848529 0.5291491</float_array>
          <technique_common>
            <accessor source="#Cube_003-mesh-normals-array" count="396" stride="3">
              <param name="X" type="float"/>
              <param name="Y" type="float"/>
              <param name="Z" type="float"/>
            </accessor>
          </technique_common>
        </source>
        <source id="Cube_003-mesh-map-0">
          <float_array id="Cube_003-mesh-map-0-array" count="3768">0.7513631 0.7177376 0.751363 0.476277 0.9930485 0.476277 0.7400193 0.9705387 0.4983348 0.9705389 0.4983347 0.7290798 0.7409858 0.7277078 0.497368 0.7277083 0.497368 0.7199163 0.4973677 0.9719106 0.7409862 0.9719104 0.7409862 0.9797022 0.4969623 0.7281138 0.4969593 0.971507 0.4891678 0.9715068 0.7491836 0.9715048 0.7413917 0.9715048 0.7413918 0.7281133 0.7400166 0.4657428 0.7400165 0.7071998 0.4983345 0.7071997 0.7513657 0.7185443 0.9930512 0.7185443 0.9930512 0.9600048 0.4973663 0.4565767 0.7409834 0.4565792 0.7409834 0.4643711 0.7409848 0.7163657 0.4973675 0.7163635 0.4973676 0.7085714 0.7491838 0.4647748 0.7491803 0.7081658 0.7413888 0.7081657 0.4891698 0.708166 0.4891707 0.4647766 0.4969622 0.4647766 0.7409858 0.7199158 0.497368 0.7199163 0.4983349 0.7185445 0.7409862 0.9797022 0.7400193 0.981074 0.4983345 0.981074 0.4891678 0.9715068 0.4877954 0.970541 0.4877974 0.72908 0.7491836 0.9715048 0.7491833 0.7281133 0.7505557 0.7290793 0.7409858 0.7277078 0.740019 0.7290796 0.4983347 0.7290798 0.7409862 0.9719104 0.4973677 0.9719106 0.4983348 0.9705389 0.4969593 0.971507 0.4969623 0.7281138 0.4983347 0.7290798 0.7413917 0.9715048 0.7400193 0.9705387 0.740019 0.7290796 0.7409834 0.4643711 0.7400166 0.4657428 0.4983346 0.4657426 0.7409849 0.7085739 0.4973676 0.7085714 0.4983345 0.7071997 0.7413919 0.4647747 0.7413888 0.7081657 0.7400165 0.7071998 0.4969622 0.4647766 0.4983346 0.4657426 0.4983345 0.7071997 0.7409834 0.4565792 0.4973663 0.4565767 0.4983331 0.4552049 0.7409848 0.7163657 0.740018 0.7177375 0.498336 0.7177376 0.7491838 0.4647748 0.7505562 0.4657407 0.7505532 0.7071995 0.4891707 0.4647766 0.4891698 0.708166 0.4877973 0.7072 0.07290852 0.474289 0.1243119 0.474334 0.1244312 0.4815071 0.2253645 0.4739011 0.2269216 0.4751359 0.2265908 0.506009 0.005676746 0.5392522 0.2238489 0.5391519 0.2238985 0.5689243 0.0727775 0.5940088 0.124439 0.5939632 0.1243277 0.6017513 0.005519509 0.6014482 0.005672097 0.5715582 0.06067746 0.5939319 0.005672276 0.5045281 0.005518913 0.474638 0.06067335 0.4815402 0.2266241 0.5700766 0.2266313 0.537952 0.2588619 0.5379591 0.237927 0.4665707 0.237927 0.458774 0.2479768 0.458774 0.2372869 0.4467924 0.2372869 0.4389957 0.2473664 0.4389957 0.2372868 0.4318095 0.2473663 0.4318094 0.2473664 0.4389957 0.237927 0.4515876 0.2479768 0.4515876 0.2479768 0.458774 0.2551632 0.458774 0.2551632 0.4665707 0.2479768 0.4665707 0.2545529 0.4389957 0.2545529 0.4467924 0.2473665 0.4467924 0.2372869 0.4389957 0.2372869 0.4467924 0.2301004 0.4467924 0.237927 0.458774 0.237927 0.4665707 0.2307406 0.4665707 0.005518913 0.474638 0.0605089 0.4743492 0.06067335 0.4815402 0.1367043 0.6016445 0.136533 0.5938566 0.2241756 0.6010231 0.2238959 0.5048123 0.07277554 0.4814625 0.1244312 0.4815071 0.136524 0.4816127 0.1366994 0.4744393 0.2241449 0.4750521 0.2238959 0.5048123 0.1244312 0.4815071 0.136524 0.4816127 0.2238959 0.5048123 0.06067335 0.4815402 0.07277554 0.4814625 0.005518913 0.474638 0.004326999 0.4734569 0.06164073 0.4731518 0.1366994 0.4744393 0.135573 0.4732426 0.2253645 0.4739011 0.07290852 0.474289 0.07177478 0.4730995 0.1254482 0.4731465 0.1243119 0.474334 0.1254482 0.4731465 0.1256411 0.4803321 0.1366994 0.4744393 0.136524 0.4816127 0.1353321 0.4804208 0.0605089 0.4743492 0.06164073 0.4731518 0.06187355 0.4803493 0.07290852 0.474289 0.07277554 0.4814625 0.07156902 0.4802808 0.1244312 0.4815071 0.1256411 0.4803321 0.1353321 0.4804208 0.005672276 0.5045281 0.004484057 0.50573 0.004326999 0.4734569 0.06067335 0.4815402 0.06187355 0.4803493 0.07156902 0.4802808 0.2238439 0.5368335 0.2250375 0.5379788 0.004478037 0.5380434 0.005677819 0.536835 0.004478037 0.5380434 0.004484057 0.50573 0.005676746 0.5392522 0.004478037 0.5380434 0.2250375 0.5379788 0.2238985 0.5689243 0.2250761 0.5700856 0.004484415 0.5703564 0.005665123 0.5691602 0.004484415 0.5703564 0.004478037 0.5380434 0.06051743 0.6017372 0.06165355 0.6029329 0.004326999 0.6026292 0.2241756 0.6010231 0.2253949 0.6021755 0.1355732 0.6028402 0.1243277 0.6017513 0.124439 0.5939632 0.1256461 0.595138 0.1367043 0.6016445 0.1355732 0.6028402 0.135339 0.5950441 0.1243277 0.6017513 0.1254687 0.6029376 0.07176327 0.602986 0.06051743 0.6017372 0.06067746 0.5939319 0.06187438 0.5951223 0.0729022 0.6017974 0.07176327 0.602986 0.0715689 0.595186 0.005519509 0.6014482 0.004326999 0.6026292 0.004484415 0.5703564 0.136533 0.5938566 0.135339 0.5950441 0.1256461 0.595138 0.0727775 0.5940088 0.0715689 0.595186 0.06187438 0.5951223 0.1257283 0.8610605 0.1256089 0.8682336 0.07420504 0.8682791 0.227889 0.836555 0.2282209 0.8674291 0.2266638 0.868664 0.1256222 0.7408159 0.1257338 0.748604 0.07407301 0.74856 0.006816267 0.7411214 0.06181305 0.740832 0.06197333 0.7486371 0.2601589 0.8046035 0.2279282 0.8046115 0.2279201 0.7724868 0.2491911 0.4785784 0.2391412 0.4785701 0.2391477 0.4707733 0.2491975 0.5168489 0.2391179 0.5168488 0.2391179 0.5090521 0.2491975 0.5168489 0.2491974 0.5240353 0.2391178 0.5240352 0.2491911 0.4785784 0.2491851 0.4857648 0.2391352 0.4857564 0.2491976 0.4707816 0.2563839 0.4707877 0.2563774 0.4785844 0.2491975 0.5090521 0.2563838 0.509052 0.2563839 0.5168488 0.2319316 0.509052 0.2391179 0.5090521 0.2391179 0.5168488 0.2319613 0.4707673 0.2391477 0.4707733 0.2391412 0.4785701 0.00681591 0.8679295 0.06196993 0.8610275 0.06180548 0.8682186 0.1379991 0.740922 0.2254707 0.7415406 0.1378279 0.74871 0.1378214 0.8609546 0.2254441 0.8675127 0.1379972 0.868128 0.2279282 0.8046115 0.227889 0.836555 0.2263444 0.8365821 0.06293731 0.8694159 0.005623877 0.8691107 0.00681591 0.8679295 0.2266638 0.868664 0.1368706 0.8693248 0.1379972 0.868128 0.1267453 0.8694211 0.07307136 0.8694685 0.07420504 0.8682791 0.1269381 0.8622355 0.1267453 0.8694211 0.1256089 0.8682336 0.1379972 0.868128 0.1368706 0.8693248 0.1366296 0.8621466 0.06317013 0.8622184 0.06293731 0.8694159 0.06180548 0.8682186 0.07420504 0.8682791 0.07307136 0.8694685 0.07286554 0.8622872 0.1366296 0.8621466 0.1269381 0.8622355 0.1257283 0.8610605 0.005623877 0.8691107 0.005781233 0.8368378 0.006969273 0.8380399 0.07286554 0.8622872 0.06317013 0.8622184 0.06196993 0.8610275 0.2263444 0.8365821 0.2266638 0.868664 0.2254441 0.8675127 0.005781233 0.8368378 0.005775392 0.8045248 0.006974995 0.8057332 0.005775392 0.8045248 0.005781531 0.7722128 0.00696218 0.7734087 0.005623877 0.7399406 0.06294935 0.739636 0.06181305 0.740832 0.1368677 0.7397261 0.2266899 0.7403883 0.2254707 0.7415406 0.1256222 0.7408159 0.1267632 0.7396295 0.1269409 0.7474291 0.1366338 0.7475225 0.1368677 0.7397261 0.1379991 0.740922 0.07305854 0.739583 0.1267632 0.7396295 0.1256222 0.7408159 0.06181305 0.740832 0.06294935 0.739636 0.06317031 0.7474467 0.07286435 0.7473829 0.07305854 0.739583 0.07419735 0.7407715 0.005781531 0.7722128 0.005623877 0.7399406 0.006816267 0.7411214 0.1269409 0.7474291 0.1366338 0.7475225 0.1378279 0.74871 0.06317031 0.7474467 0.07286435 0.7473829 0.07407301 0.74856 0.122563 0.4619386 0.1224437 0.4691119 0.07103955 0.4691576 0.2232071 0.3733546 0.224755 0.3733635 0.2247635 0.4054887 0.1224555 0.3416941 0.1225672 0.3494823 0.07090657 0.3494396 0.003650844 0.3420014 0.05864697 0.3417119 0.05880719 0.3495168 0.221976 0.4066075 0.2220045 0.4363243 0.003795683 0.43652 0.00380367 0.4389185 0.222029 0.4386293 0.05880445 0.4619062 0.00380367 0.3718904 0.05880719 0.3495168 0.2220554 0.3721845 0.2569946 0.40548 0.2247635 0.4054887 0.224755 0.3733635 0.2479768 0.4976667 0.237927 0.4976667 0.237927 0.4898699 0.2504187 0.5831953 0.240339 0.5831955 0.2403389 0.5753988 0.2504187 0.5831953 0.2504189 0.5903816 0.2403393 0.590382 0.2479768 0.4976667 0.2479768 0.5048531 0.237927 0.5048531 0.2479768 0.48987 0.2551632 0.48987 0.2551632 0.4976667 0.2504186 0.5753987 0.2576047 0.5753987 0.2576048 0.5831952 0.2331525 0.5753988 0.2403389 0.5753988 0.240339 0.5831955 0.2307406 0.4898699 0.237927 0.4898699 0.237927 0.4976667 0.07090657 0.3494396 0.1225672 0.3494823 0.2220554 0.3721845 0.1225672 0.3494823 0.1346616 0.3495882 0.2220554 0.3721845 0.003650367 0.4688084 0.05880445 0.4619062 0.05864006 0.469097 0.05880719 0.3495168 0.07090657 0.3494396 0.2220554 0.3721845 0.1348326 0.3418002 0.2223049 0.342417 0.1346616 0.3495882 0.222029 0.4386293 0.122563 0.4619386 0.07090657 0.461984 0.1346563 0.4618327 0.2222795 0.4683899 0.134832 0.4690062 0.222029 0.4386293 0.1346563 0.4618327 0.122563 0.4619386 0.2235242 0.3412646 0.2250808 0.3424986 0.224755 0.3733635 0.222029 0.4386293 0.07090657 0.461984 0.05880445 0.4619062 0.05977177 0.4702944 0.002458274 0.4699895 0.003650367 0.4688084 0.2234991 0.4695411 0.1337054 0.470203 0.134832 0.4690062 0.1235799 0.4702995 0.06990587 0.4703471 0.07103955 0.4691576 0.1237729 0.4631137 0.1235799 0.4702995 0.1224437 0.4691119 0.134832 0.4690062 0.1337054 0.470203 0.1334643 0.4630246 0.06000459 0.463097 0.05977177 0.4702944 0.05864006 0.469097 0.07103955 0.4691576 0.06990587 0.4703471 0.0697 0.4631658 0.1334643 0.4630246 0.1237729 0.4631137 0.122563 0.4619386 0.002458274 0.4699895 0.002615571 0.4377167 0.00380367 0.4389185 0.0697 0.4631658 0.06000459 0.463097 0.05880445 0.4619062 0.002615571 0.4377167 0.2231796 0.4374593 0.222029 0.4386293 0.002615571 0.4377167 0.00260967 0.4054035 0.003809273 0.4066119 0.2231796 0.4374593 0.002615571 0.4377167 0.003795683 0.43652 0.00260967 0.4054035 0.002615988 0.3730922 0.003796637 0.374288 0.002458274 0.3408206 0.0597831 0.340516 0.05864697 0.3417119 0.1337012 0.3406043 0.2235242 0.3412646 0.2223049 0.342417 0.1224555 0.3416941 0.1235964 0.3405077 0.1237744 0.3483074 0.1334674 0.3484007 0.1337012 0.3406043 0.1348326 0.3418002 0.06989192 0.3404627 0.1235964 0.3405077 0.1224555 0.3416941 0.05864697 0.3417119 0.0597831 0.340516 0.06000411 0.3483265 0.06969797 0.3482626 0.06989192 0.3404627 0.07103079 0.3416512 0.002615988 0.3730922 0.002458274 0.3408206 0.003650844 0.3420014 0.1237744 0.3483074 0.1334674 0.3484007 0.1346616 0.3495882 0.06000411 0.3483265 0.06969797 0.3482626 0.07090657 0.3494396 0.07420527 0.6089615 0.1256092 0.609007 0.1257285 0.6161803 0.2266632 0.6085771 0.2282204 0.609812 0.2278886 0.6406854 0.2263719 0.7047624 0.2263341 0.6726554 0.2279279 0.6726287 0.07407295 0.728681 0.1257338 0.7286369 0.1256223 0.736425 0.006816208 0.7361196 0.006969094 0.7062302 0.06197321 0.7286039 0.006969273 0.6392011 0.006815791 0.6093113 0.06197005 0.616213 0.2279196 0.7047536 0.2279279 0.6726287 0.2601589 0.6726368 0.2347227 0.3578811 0.2347226 0.3500843 0.2447724 0.3500843 0.2372869 0.4280532 0.2372869 0.4202566 0.2473665 0.4202565 0.2372868 0.4130703 0.2473664 0.4130701 0.2473665 0.4202565 0.2347226 0.3428979 0.2447724 0.3428979 0.2447724 0.3500843 0.2519589 0.3500841 0.2519589 0.3578808 0.2447725 0.357881 0.2545529 0.4202566 0.2545529 0.4280533 0.2473664 0.4280532 0.2372869 0.4202566 0.2372869 0.4280532 0.2301005 0.4280533 0.2347226 0.3500843 0.2347227 0.3578811 0.2275363 0.3578811 0.006815791 0.6093113 0.06180548 0.609022 0.06197005 0.616213 0.1379991 0.7363186 0.1378279 0.7285307 0.2254703 0.7356999 0.2251936 0.6394883 0.07407224 0.616135 0.1257285 0.6161803 0.1378216 0.616286 0.1379973 0.6091126 0.2254437 0.6097281 0.2251936 0.6394883 0.1257285 0.6161803 0.1378216 0.616286 0.2266895 0.7368522 0.2263719 0.7047624 0.2279196 0.7047536 0.2251936 0.6394883 0.06197005 0.616213 0.07407224 0.616135 0.226344 0.6406581 0.2278886 0.6406854 0.2279279 0.6726287 0.006815791 0.6093113 0.005623698 0.6081302 0.06293743 0.6078246 0.1379973 0.6091126 0.1368709 0.6079158 0.2266632 0.6085771 0.07420527 0.6089615 0.07307159 0.607772 0.1267456 0.6078195 0.1256092 0.609007 0.1267456 0.6078195 0.1269384 0.6150052 0.1379973 0.6091126 0.1378216 0.616286 0.1366297 0.6150943 0.06180548 0.609022 0.06293743 0.6078246 0.06317019 0.6150221 0.07420527 0.6089615 0.07407224 0.616135 0.07286572 0.6149533 0.1257285 0.6161803 0.1269384 0.6150052 0.1366297 0.6150943 0.006969273 0.6392011 0.005781054 0.640403 0.005623698 0.6081302 0.06197005 0.616213 0.06317019 0.6150221 0.07286572 0.6149533 0.006974875 0.671508 0.005775213 0.6727164 0.005781054 0.640403 0.00696212 0.7038323 0.005781412 0.7050284 0.005775213 0.6727164 0.06181299 0.736409 0.06294924 0.7376048 0.005623698 0.7373005 0.2254703 0.7356999 0.2266895 0.7368522 0.1368678 0.7375143 0.1256223 0.736425 0.1257338 0.7286369 0.126941 0.7298117 0.1379991 0.7363186 0.1368678 0.7375143 0.1366338 0.7297181 0.1256223 0.736425 0.1267632 0.7376114 0.07305842 0.737658 0.06181299 0.736409 0.06197321 0.7286039 0.06317019 0.7297943 0.07419729 0.7364695 0.07305842 0.737658 0.07286435 0.7298582 0.006816208 0.7361196 0.005623698 0.7373005 0.005781412 0.7050284 0.1378279 0.7285307 0.1366338 0.7297181 0.126941 0.7298117 0.07407295 0.728681 0.07286435 0.7298582 0.06317019 0.7297943 0.2252201 0.7059327 0.2263719 0.7047624 0.2266895 0.7368522 0.5197279 0.3322388 0.5156367 0.3315225 0.515637 0.2439143 0.006826937 0.0167424 0.3247317 0.01674288 0.3247314 0.1054494 0.8494223 0.1283897 0.8494223 0.2161067 0.3536381 0.2161064 0.6700493 0.02052068 0.9879527 0.0205208 0.9879526 0.1091678 0.515637 0.2439143 0.5156367 0.3315225 0.01985216 0.3315205 0.9930794 0.3372926 0.9930794 0.4281708 0.9003609 0.335775 0.3510834 0.2201977 0.3536381 0.2161064 0.8494223 0.2161067 0.5181915 0.2398231 0.515637 0.2439143 0.01985245 0.2439125 0.01576101 0.3322368 0.01576149 0.2413579 0.01985245 0.2439125 0.1085523 0.3347955 0.01729786 0.3347952 0.01985216 0.3315205 0.8535134 0.1276735 0.8535135 0.2186612 0.8494223 0.2161067 0.349547 0.1276731 0.3536382 0.1283892 0.3536381 0.2161064 0.7608321 0.1251168 0.8519753 0.125117 0.8494223 0.1283897 0.5274364 0.3322388 0.5197279 0.3322388 0.5197282 0.2413598 0.3510834 0.2279061 0.3510834 0.2201977 0.851976 0.2201966 0.5181915 0.2321146 0.5181915 0.2398231 0.01729875 0.2398225 0.6570134 0.01532483 0.6585311 0.1080449 0.3395025 0.1080449 0.861222 0.2186612 0.8535135 0.2186612 0.8535134 0.1276735 0.3418385 0.1276732 0.349547 0.1276731 0.3495469 0.2186608 0.3252929 0.1172491 0.323775 0.2100277 0.007783055 0.2100273 0.003582239 0.0167424 0.006826937 0.0167424 0.006826817 0.1054489 0.3279762 0.01674288 0.3279759 0.1080038 0.3247314 0.1054494 0.6668047 0.1091678 0.6668048 0.01796633 0.6700493 0.02052068 0.9911974 0.1091679 0.9879526 0.1091678 0.9879527 0.0205208 0.9930794 0.4281708 0.4921907 0.4281708 0.5849684 0.335775 0.9096542 0.3225873 0.9946078 0.2378297 0.9946078 0.3211967 0.5181891 0.3347948 0.4270624 0.334795 0.5156367 0.3315225 0.1085523 0.3347955 0.01985216 0.3315205 0.5156367 0.3315225 0.3510857 0.1251171 0.4422742 0.1251167 0.3536382 0.1283892 0.4422742 0.1251167 0.7608321 0.1251168 0.8494223 0.1283897 0.006265342 0.1095401 0.006826817 0.1054489 0.3247314 0.1054494 0.1085523 0.3386508 0.1085523 0.3347955 0.4270624 0.334795 0.5356673 0.3211967 0.5356673 0.2378299 0.620675 0.3225874 0.9885143 0.0164296 0.9879527 0.0205208 0.6700493 0.02052068 0.669488 0.1123635 0.6700493 0.1091678 0.9879526 0.1091678 0.3252932 0.0135473 0.3247317 0.01674288 0.006826937 0.0167424 0.008053004 0.2413579 0.01576149 0.2413579 0.01576101 0.3322368 0.006265461 0.1172487 0.006265342 0.1095401 0.3252929 0.1095417 0.9885142 0.008721113 0.9885143 0.0164296 0.6694877 0.01642847 0.669488 0.1162177 0.669488 0.1123635 0.9885138 0.1123623 0.3252934 0.009693026 0.3252932 0.0135473 0.00626558 0.01354789 0.4921907 0.4281708 0.4921908 0.3372926 0.5849684 0.335775 0.9946078 0.2378297 0.9096542 0.3225873 0.620675 0.3225874 0.7608323 0.121261 0.7608321 0.1251168 0.4422742 0.1251167 0.323775 0.2100277 0.3237749 0.213882 0.007783055 0.2138803 0.3410202 0.01532483 0.3410203 0.01147043 0.6570134 0.0114718 0.5849684 0.335775 0.5849684 0.3319207 0.9003609 0.3319202 0.9096542 0.3225873 0.9096542 0.3261187 0.6206749 0.3261194 0.5849684 0.3319207 0.5834506 0.330403 0.901881 0.3304001 0.3410203 0.01147043 0.3395026 0.009952783 0.6585284 0.009956836 0.3237749 0.213882 0.3252927 0.2153997 0.006268084 0.2153953 0.9096542 0.3261187 0.9110448 0.3275094 0.6192823 0.3275122 0.006969094 0.7062302 0.2252201 0.7059327 0.06197321 0.7286039 0.0727775 0.5940088 0.2239245 0.5712559 0.124439 0.5939632 0.2263722 0.7724779 0.005781531 0.7722128 0.006969213 0.7710109 0.2239245 0.5712559 0.2250761 0.5700856 0.2253949 0.6021755 0.06197333 0.7486371 0.07407301 0.74856 0.2252206 0.7713079 0.06197321 0.7286039 0.2252201 0.7059327 0.07407295 0.728681 0.07407301 0.74856 0.1257338 0.748604 0.2252206 0.7713079 0.2266899 0.7403883 0.2282465 0.7416222 0.2279201 0.7724868 0.2251936 0.6394883 0.1378216 0.616286 0.2254437 0.6097281 0.2238959 0.5048123 0.136524 0.4816127 0.2241449 0.4750521 0.2251936 0.6394883 0.226344 0.6406581 0.005781054 0.640403 0.2251937 0.8377521 0.2254441 0.8675127 0.1378214 0.8609546 0.006969273 0.8380399 0.2251937 0.8377521 0.06196993 0.8610275 0.005781233 0.8368378 0.2263444 0.8365821 0.2251937 0.8377521 0.2247242 0.4374321 0.2250564 0.4683063 0.2234991 0.4695411 0.00566411 0.5069267 0.2238711 0.507117 0.2238439 0.5368335 0.2250463 0.5059819 0.2265908 0.506009 0.2266313 0.537952 0.2253949 0.6021755 0.2250761 0.5700856 0.2266241 0.5700766 0.2247635 0.4054887 0.2247242 0.4374321 0.2231796 0.4374593 0.2254437 0.6097281 0.2266632 0.6085771 0.226344 0.6406581 0.2220293 0.3745162 0.2219812 0.404289 0.003808498 0.404195 0.006973922 0.6739249 0.2251456 0.6738285 0.2251942 0.7036011 0.2263722 0.7724779 0.2279201 0.7724868 0.2279282 0.8046115 0.2251937 0.8377521 0.1257283 0.8610605 0.07407212 0.8611054 0.2251942 0.7036011 0.2263719 0.7047624 0.005781412 0.7050284 0.1378279 0.7285307 0.2252201 0.7059327 0.2254703 0.7356999 0.00260967 0.4054035 0.2231696 0.4054619 0.221976 0.4066075 0.2251406 0.67151 0.2263341 0.6726554 0.005775213 0.6727164 0.07407295 0.728681 0.2252201 0.7059327 0.1257338 0.7286369 0.2251456 0.6738285 0.2263341 0.6726554 0.2263719 0.7047624 0.006969213 0.7710109 0.06197333 0.7486371 0.2252206 0.7713079 0.2241449 0.4750521 0.2253645 0.4739011 0.2250463 0.5059819 0.005775392 0.8045248 0.2263343 0.8045847 0.2251408 0.8057304 0.1378279 0.74871 0.2254707 0.7415406 0.2252206 0.7713079 0.136533 0.5938566 0.2239245 0.5712559 0.2241756 0.6010231 0.222029 0.4386293 0.2222795 0.4683899 0.1346563 0.4618327 0.002615988 0.3730922 0.2232071 0.3733546 0.2220293 0.3745162 0.2231696 0.4054619 0.00260967 0.4054035 0.003808498 0.404195 0.2238959 0.5048123 0.2250463 0.5059819 0.004484057 0.50573 0.2251937 0.8377521 0.1378214 0.8609546 0.1257283 0.8610605 0.006961107 0.6415997 0.2251688 0.6417933 0.2251406 0.67151 0.006961107 0.6415997 0.005781054 0.640403 0.226344 0.6406581 0.005672097 0.5715582 0.2239245 0.5712559 0.06067746 0.5939319 0.2263444 0.8365821 0.005781233 0.8368378 0.006961286 0.8356413 0.005781531 0.7722128 0.2263722 0.7724779 0.2251945 0.7736393 0.2263343 0.8045847 0.2263444 0.8365821 0.2251692 0.8354471 0.124439 0.5939632 0.2239245 0.5712559 0.136533 0.5938566 0.1257338 0.7286369 0.2252201 0.7059327 0.1378279 0.7285307 0.2232071 0.3733546 0.002615988 0.3730922 0.00380367 0.3718904 0.00566411 0.5069267 0.004484057 0.50573 0.2250463 0.5059819 0.006969094 0.7062302 0.005781412 0.7050284 0.2263719 0.7047624 0.006973922 0.6739249 0.005775213 0.6727164 0.2263341 0.6726554 0.2231696 0.4054619 0.2231796 0.4374593 0.2220045 0.4363243 0.2251688 0.6417933 0.226344 0.6406581 0.2263341 0.6726554 0.005672097 0.5715582 0.004484415 0.5703564 0.2250761 0.5700856 0.2232071 0.3733546 0.2231696 0.4054619 0.2219812 0.404289 0.1257338 0.748604 0.1378279 0.74871 0.2252206 0.7713079 0.2263722 0.7724779 0.2263343 0.8045847 0.2251459 0.8034119 0.2238711 0.507117 0.2250463 0.5059819 0.2250375 0.5379788 0.2263343 0.8045847 0.005775392 0.8045248 0.006974101 0.8033162 0.1346616 0.3495882 0.2223049 0.342417 0.2220554 0.3721845 0.2251945 0.7736393 0.2251459 0.8034119 0.006974101 0.8033162 0.2266899 0.7403883 0.2263722 0.7724779 0.2252206 0.7713079 0.2251937 0.8377521 0.07407212 0.8611054 0.06196993 0.8610275 0.2231796 0.4374593 0.2234991 0.4695411 0.2222795 0.4683899 0.2235242 0.3412646 0.2232071 0.3733546 0.2220554 0.3721845 0.2250761 0.5700856 0.2250375 0.5379788 0.2266313 0.537952 0.2238489 0.5391519 0.2250375 0.5379788 0.2250761 0.5700856 0.2251408 0.8057304 0.2251692 0.8354471 0.006961286 0.8356413 0.06067746 0.5939319 0.2239245 0.5712559 0.0727775 0.5940088 0.9930485 0.7177376 0.7513631 0.7177376 0.9930485 0.476277 0.740019 0.7290796 0.7400193 0.9705387 0.4983347 0.7290798 0.7409858 0.7199158 0.7409858 0.7277078 0.497368 0.7199163 0.4973677 0.9797025 0.4973677 0.9719106 0.7409862 0.9797022 0.4891703 0.7281137 0.4969623 0.7281138 0.4891678 0.9715068 0.7491833 0.7281133 0.7491836 0.9715048 0.7413918 0.7281133 0.4983346 0.4657426 0.7400166 0.4657428 0.4983345 0.7071997 0.7513657 0.9600048 0.7513657 0.7185443 0.9930512 0.9600048 0.4973661 0.4643685 0.4973663 0.4565767 0.7409834 0.4643711 0.7409849 0.7085739 0.7409848 0.7163657 0.4973676 0.7085714 0.7413919 0.4647747 0.7491838 0.4647748 0.7413888 0.7081657 0.4969616 0.7081661 0.4891698 0.708166 0.4969622 0.4647766 0.7400191 0.7185443 0.7409858 0.7199158 0.4983349 0.7185445 0.4973677 0.9797025 0.7409862 0.9797022 0.4983345 0.981074 0.4891703 0.7281137 0.4891678 0.9715068 0.4877974 0.72908 0.750559 0.9705367 0.7491836 0.9715048 0.7505557 0.7290793 0.497368 0.7277083 0.7409858 0.7277078 0.4983347 0.7290798 0.7400193 0.9705387 0.7409862 0.9719104 0.4983348 0.9705389 0.4983348 0.9705389 0.4969593 0.971507 0.4983347 0.7290798 0.7413918 0.7281133 0.7413917 0.9715048 0.740019 0.7290796 0.4973661 0.4643685 0.7409834 0.4643711 0.4983346 0.4657426 0.7400165 0.7071998 0.7409849 0.7085739 0.4983345 0.7071997 0.7400166 0.4657428 0.7413919 0.4647747 0.7400165 0.7071998 0.4969616 0.7081661 0.4969622 0.4647766 0.4983345 0.7071997 0.740015 0.4552052 0.7409834 0.4565792 0.4983331 0.4552049 0.4973675 0.7163635 0.7409848 0.7163657 0.498336 0.7177376 0.7491803 0.7081658 0.7491838 0.4647748 0.7505532 0.7071995 0.4877954 0.4657447 0.4891707 0.4647766 0.4877973 0.7072 0.07277554 0.4814625 0.07290852 0.474289 0.1244312 0.4815071 0.2250463 0.5059819 0.2253645 0.4739011 0.2265908 0.506009 0.005665123 0.5691602 0.005676746 0.5392522 0.2238985 0.5689243 0.0729022 0.6017974 0.0727775 0.5940088 0.1243277 0.6017513 0.06051743 0.6017372 0.005519509 0.6014482 0.06067746 0.5939319 0.2238959 0.5048123 0.005672276 0.5045281 0.06067335 0.4815402 0.2588018 0.5701367 0.2266241 0.5700766 0.2588619 0.5379591 0.2479768 0.4665707 0.237927 0.4665707 0.2479768 0.458774 0.2473665 0.4467924 0.2372869 0.4467924 0.2473664 0.4389957 0.2372869 0.4389957 0.2372868 0.4318095 0.2473664 0.4389957 0.237927 0.458774 0.237927 0.4515876 0.2479768 0.458774 0.2479768 0.458774 0.2551632 0.458774 0.2479768 0.4665707 0.2473664 0.4389957 0.2545529 0.4389957 0.2473665 0.4467924 0.2301005 0.4389957 0.2372869 0.4389957 0.2301004 0.4467924 0.2307406 0.458774 0.237927 0.458774 0.2307406 0.4665707 0.0605089 0.4743492 0.005518913 0.474638 0.06164073 0.4731518 0.2241449 0.4750521 0.1366994 0.4744393 0.2253645 0.4739011 0.1243119 0.474334 0.07290852 0.474289 0.1254482 0.4731465 0.1244312 0.4815071 0.1243119 0.474334 0.1256411 0.4803321 0.135573 0.4732426 0.1366994 0.4744393 0.1353321 0.4804208 0.06067335 0.4815402 0.0605089 0.4743492 0.06187355 0.4803493 0.07177478 0.4730995 0.07290852 0.474289 0.07156902 0.4802808 0.136524 0.4816127 0.1244312 0.4815071 0.1353321 0.4804208 0.005518913 0.474638 0.005672276 0.5045281 0.004326999 0.4734569 0.07277554 0.4814625 0.06067335 0.4815402 0.07156902 0.4802808 0.005677819 0.536835 0.2238439 0.5368335 0.004478037 0.5380434 0.00566411 0.5069267 0.005677819 0.536835 0.004484057 0.50573 0.2238489 0.5391519 0.005676746 0.5392522 0.2250375 0.5379788 0.005665123 0.5691602 0.2238985 0.5689243 0.004484415 0.5703564 0.005676746 0.5392522 0.005665123 0.5691602 0.004478037 0.5380434 0.005519509 0.6014482 0.06051743 0.6017372 0.004326999 0.6026292 0.1367043 0.6016445 0.2241756 0.6010231 0.1355732 0.6028402 0.1254687 0.6029376 0.1243277 0.6017513 0.1256461 0.595138 0.136533 0.5938566 0.1367043 0.6016445 0.135339 0.5950441 0.0729022 0.6017974 0.1243277 0.6017513 0.07176327 0.602986 0.06165355 0.6029329 0.06051743 0.6017372 0.06187438 0.5951223 0.0727775 0.5940088 0.0729022 0.6017974 0.0715689 0.595186 0.005672097 0.5715582 0.005519509 0.6014482 0.004484415 0.5703564 0.124439 0.5939632 0.136533 0.5938566 0.1256461 0.595138 0.06067746 0.5939319 0.0727775 0.5940088 0.06187438 0.5951223 0.07407212 0.8611054 0.1257283 0.8610605 0.07420504 0.8682791 0.2263444 0.8365821 0.227889 0.836555 0.2266638 0.868664 0.07419735 0.7407715 0.1256222 0.7408159 0.07407301 0.74856 0.006969213 0.7710109 0.006816267 0.7411214 0.06197333 0.7486371 0.260098 0.7724258 0.2601589 0.8046035 0.2279201 0.7724868 0.2491976 0.4707816 0.2491911 0.4785784 0.2391477 0.4707733 0.2491975 0.5090521 0.2491975 0.5168489 0.2391179 0.5090521 0.2391179 0.5168488 0.2491975 0.5168489 0.2391178 0.5240352 0.2391412 0.4785701 0.2491911 0.4785784 0.2391352 0.4857564 0.2491911 0.4785784 0.2491976 0.4707816 0.2563774 0.4785844 0.2491975 0.5168489 0.2491975 0.5090521 0.2563839 0.5168488 0.2319316 0.5168488 0.2319316 0.509052 0.2391179 0.5168488 0.2319549 0.4785641 0.2319613 0.4707673 0.2391412 0.4785701 0.2263343 0.8045847 0.2279282 0.8046115 0.2263444 0.8365821 0.06180548 0.8682186 0.06293731 0.8694159 0.00681591 0.8679295 0.2254441 0.8675127 0.2266638 0.868664 0.1379972 0.868128 0.1256089 0.8682336 0.1267453 0.8694211 0.07420504 0.8682791 0.1257283 0.8610605 0.1269381 0.8622355 0.1256089 0.8682336 0.1378214 0.8609546 0.1379972 0.868128 0.1366296 0.8621466 0.06196993 0.8610275 0.06317013 0.8622184 0.06180548 0.8682186 0.07407212 0.8611054 0.07420504 0.8682791 0.07286554 0.8622872 0.1378214 0.8609546 0.1366296 0.8621466 0.1257283 0.8610605 0.00681591 0.8679295 0.005623877 0.8691107 0.006969273 0.8380399 0.07407212 0.8611054 0.07286554 0.8622872 0.06196993 0.8610275 0.2251937 0.8377521 0.2263444 0.8365821 0.2254441 0.8675127 0.006961286 0.8356413 0.005781233 0.8368378 0.006974995 0.8057332 0.006974101 0.8033162 0.005775392 0.8045248 0.00696218 0.7734087 0.006816267 0.7411214 0.005623877 0.7399406 0.06181305 0.740832 0.1379991 0.740922 0.1368677 0.7397261 0.2254707 0.7415406 0.1257338 0.748604 0.1256222 0.7408159 0.1269409 0.7474291 0.1378279 0.74871 0.1366338 0.7475225 0.1379991 0.740922 0.07419735 0.7407715 0.07305854 0.739583 0.1256222 0.7408159 0.06197333 0.7486371 0.06181305 0.740832 0.06317031 0.7474467 0.07407301 0.74856 0.07286435 0.7473829 0.07419735 0.7407715 0.006969213 0.7710109 0.005781531 0.7722128 0.006816267 0.7411214 0.1257338 0.748604 0.1269409 0.7474291 0.1378279 0.74871 0.06197333 0.7486371 0.06317031 0.7474467 0.07407301 0.74856 0.07090657 0.461984 0.122563 0.4619386 0.07103955 0.4691576 0.2231696 0.4054619 0.2232071 0.3733546 0.2247635 0.4054887 0.07103079 0.3416512 0.1224555 0.3416941 0.07090657 0.3494396 0.00380367 0.3718904 0.003650844 0.3420014 0.05880719 0.3495168 0.003809273 0.4066119 0.221976 0.4066075 0.003795683 0.43652 0.003650367 0.4688084 0.00380367 0.4389185 0.05880445 0.4619062 0.256933 0.373302 0.2569946 0.40548 0.224755 0.3733635 0.2479768 0.48987 0.2479768 0.4976667 0.237927 0.4898699 0.2504186 0.5753987 0.2504187 0.5831953 0.2403389 0.5753988 0.240339 0.5831955 0.2504187 0.5831953 0.2403393 0.590382 0.237927 0.4976667 0.2479768 0.4976667 0.237927 0.5048531 0.2479768 0.4976667 0.2479768 0.48987 0.2551632 0.4976667 0.2504187 0.5831953 0.2504186 0.5753987 0.2576048 0.5831952 0.2331525 0.5831956 0.2331525 0.5753988 0.240339 0.5831955 0.2307406 0.4976667 0.2307406 0.4898699 0.237927 0.4976667 0.2232071 0.3733546 0.2235242 0.3412646 0.224755 0.3733635 0.05864006 0.469097 0.05977177 0.4702944 0.003650367 0.4688084 0.2222795 0.4683899 0.2234991 0.4695411 0.134832 0.4690062 0.1224437 0.4691119 0.1235799 0.4702995 0.07103955 0.4691576 0.122563 0.4619386 0.1237729 0.4631137 0.1224437 0.4691119 0.1346563 0.4618327 0.134832 0.4690062 0.1334643 0.4630246 0.05880445 0.4619062 0.06000459 0.463097 0.05864006 0.469097 0.07090657 0.461984 0.07103955 0.4691576 0.0697 0.4631658 0.1346563 0.4618327 0.1334643 0.4630246 0.122563 0.4619386 0.003650367 0.4688084 0.002458274 0.4699895 0.00380367 0.4389185 0.07090657 0.461984 0.0697 0.4631658 0.05880445 0.4619062 0.00380367 0.4389185 0.002615571 0.4377167 0.222029 0.4386293 0.003795683 0.43652 0.002615571 0.4377167 0.003809273 0.4066119 0.2220045 0.4363243 0.2231796 0.4374593 0.003795683 0.43652 0.003808498 0.404195 0.00260967 0.4054035 0.003796637 0.374288 0.003650844 0.3420014 0.002458274 0.3408206 0.05864697 0.3417119 0.1348326 0.3418002 0.1337012 0.3406043 0.2223049 0.342417 0.1225672 0.3494823 0.1224555 0.3416941 0.1237744 0.3483074 0.1346616 0.3495882 0.1334674 0.3484007 0.1348326 0.3418002 0.07103079 0.3416512 0.06989192 0.3404627 0.1224555 0.3416941 0.05880719 0.3495168 0.05864697 0.3417119 0.06000411 0.3483265 0.07090657 0.3494396 0.06969797 0.3482626 0.07103079 0.3416512 0.00380367 0.3718904 0.002615988 0.3730922 0.003650844 0.3420014 0.1225672 0.3494823 0.1237744 0.3483074 0.1346616 0.3495882 0.05880719 0.3495168 0.06000411 0.3483265 0.07090657 0.3494396 0.07407224 0.616135 0.07420527 0.6089615 0.1257285 0.6161803 0.226344 0.6406581 0.2266632 0.6085771 0.2278886 0.6406854 0.2279196 0.7047536 0.2263719 0.7047624 0.2279279 0.6726287 0.07419729 0.7364695 0.07407295 0.728681 0.1256223 0.736425 0.06181299 0.736409 0.006816208 0.7361196 0.06197321 0.7286039 0.2251936 0.6394883 0.006969273 0.6392011 0.06197005 0.616213 0.2600978 0.7048147 0.2279196 0.7047536 0.2601589 0.6726368 0.2447725 0.357881 0.2347227 0.3578811 0.2447724 0.3500843 0.2473664 0.4280532 0.2372869 0.4280532 0.2473665 0.4202565 0.2372869 0.4202566 0.2372868 0.4130703 0.2473665 0.4202565 0.2347226 0.3500843 0.2347226 0.3428979 0.2447724 0.3500843 0.2447724 0.3500843 0.2519589 0.3500841 0.2447725 0.357881 0.2473665 0.4202565 0.2545529 0.4202566 0.2473664 0.4280532 0.2301005 0.4202566 0.2372869 0.4202566 0.2301005 0.4280533 0.2275363 0.3500844 0.2347226 0.3500843 0.2275363 0.3578811 0.2282462 0.7356182 0.2266895 0.7368522 0.2279196 0.7047536 0.2263341 0.6726554 0.226344 0.6406581 0.2279279 0.6726287 0.06180548 0.609022 0.006815791 0.6093113 0.06293743 0.6078246 0.2254437 0.6097281 0.1379973 0.6091126 0.2266632 0.6085771 0.1256092 0.609007 0.07420527 0.6089615 0.1267456 0.6078195 0.1257285 0.6161803 0.1256092 0.609007 0.1269384 0.6150052 0.1368709 0.6079158 0.1379973 0.6091126 0.1366297 0.6150943 0.06197005 0.616213 0.06180548 0.609022 0.06317019 0.6150221 0.07307159 0.607772 0.07420527 0.6089615 0.07286572 0.6149533 0.1378216 0.616286 0.1257285 0.6161803 0.1366297 0.6150943 0.006815791 0.6093113 0.006969273 0.6392011 0.005623698 0.6081302 0.07407224 0.616135 0.06197005 0.616213 0.07286572 0.6149533 0.006961107 0.6415997 0.006974875 0.671508 0.005781054 0.640403 0.006973922 0.6739249 0.00696212 0.7038323 0.005775213 0.6727164 0.006816208 0.7361196 0.06181299 0.736409 0.005623698 0.7373005 0.1379991 0.7363186 0.2254703 0.7356999 0.1368678 0.7375143 0.1267632 0.7376114 0.1256223 0.736425 0.126941 0.7298117 0.1378279 0.7285307 0.1379991 0.7363186 0.1366338 0.7297181 0.07419729 0.7364695 0.1256223 0.736425 0.07305842 0.737658 0.06294924 0.7376048 0.06181299 0.736409 0.06317019 0.7297943 0.07407295 0.728681 0.07419729 0.7364695 0.07286435 0.7298582 0.006969094 0.7062302 0.006816208 0.7361196 0.005781412 0.7050284 0.1257338 0.7286369 0.1378279 0.7285307 0.126941 0.7298117 0.06197321 0.7286039 0.07407295 0.728681 0.06317019 0.7297943 0.2254703 0.7356999 0.2252201 0.7059327 0.2266895 0.7368522 0.5197282 0.2413598 0.5197279 0.3322388 0.515637 0.2439143 0.006826817 0.1054489 0.006826937 0.0167424 0.3247314 0.1054494 0.3536382 0.1283892 0.8494223 0.1283897 0.3536381 0.2161064 0.6700493 0.1091678 0.6700493 0.02052068 0.9879526 0.1091678 0.01985245 0.2439125 0.515637 0.2439143 0.01985216 0.3315205 0.851976 0.2201966 0.3510834 0.2201977 0.8494223 0.2161067 0.01729875 0.2398225 0.5181915 0.2398231 0.01985245 0.2439125 0.01985216 0.3315205 0.01576101 0.3322368 0.01985245 0.2439125 0.8494223 0.1283897 0.8535134 0.1276735 0.8494223 0.2161067 0.3495469 0.2186608 0.349547 0.1276731 0.3536381 0.2161064 0.5274366 0.2413599 0.5274364 0.3322388 0.5197282 0.2413598 0.851976 0.2279043 0.3510834 0.2279061 0.851976 0.2201966 0.01729887 0.2321147 0.5181915 0.2321146 0.01729875 0.2398225 0.3410202 0.01532483 0.6570134 0.01532483 0.3395025 0.1080449 0.8612221 0.1276735 0.861222 0.2186612 0.8535134 0.1276735 0.3418383 0.2186608 0.3418385 0.1276732 0.3495469 0.2186608 0.006265461 0.1172487 0.3252929 0.1172491 0.007783055 0.2100273 0.003582239 0.1080034 0.003582239 0.0167424 0.006826817 0.1054489 0.3247317 0.01674288 0.3279762 0.01674288 0.3247314 0.1054494 0.6700493 0.1091678 0.6668047 0.1091678 0.6700493 0.02052068 0.9911974 0.01796633 0.9911974 0.1091679 0.9879527 0.0205208 0.9003609 0.335775 0.9930794 0.4281708 0.5849684 0.335775 0.4270624 0.334795 0.1085523 0.3347955 0.5156367 0.3315225 0.3536382 0.1283892 0.4422742 0.1251167 0.8494223 0.1283897 0.3252929 0.1095417 0.006265342 0.1095401 0.3247314 0.1054494 0.4270624 0.3386505 0.1085523 0.3386508 0.4270624 0.334795 0.6694877 0.01642847 0.9885143 0.0164296 0.6700493 0.02052068 0.9885138 0.1123623 0.669488 0.1123635 0.9879526 0.1091678 0.00626558 0.01354789 0.3252932 0.0135473 0.006826937 0.0167424 0.008052647 0.3322367 0.008053004 0.2413579 0.01576101 0.3322368 0.3252929 0.1172491 0.006265461 0.1172487 0.3252929 0.1095417 0.6694877 0.008721053 0.9885142 0.008721113 0.6694877 0.01642847 0.9885138 0.1162163 0.669488 0.1162177 0.9885138 0.1123623 0.006265461 0.009694039 0.3252934 0.009693026 0.00626558 0.01354789 0.5356673 0.2378299 0.9946078 0.2378297 0.620675 0.3225874 0.4422742 0.1212605 0.7608323 0.121261 0.4422742 0.1251167 0.007783055 0.2100273 0.323775 0.2100277 0.007783055 0.2138803 0.6570134 0.01532483 0.3410202 0.01532483 0.6570134 0.0114718 0.9003609 0.335775 0.5849684 0.335775 0.9003609 0.3319202 0.620675 0.3225874 0.9096542 0.3225873 0.6206749 0.3261194 0.9003609 0.3319202 0.5849684 0.3319207 0.901881 0.3304001 0.6570134 0.0114718 0.3410203 0.01147043 0.6585284 0.009956836 0.007783055 0.2138803 0.3237749 0.213882 0.006268084 0.2153953 0.6206749 0.3261194 0.9096542 0.3261187 0.6192823 0.3275122 0.2252206 0.7713079 0.2263722 0.7724779 0.006969213 0.7710109 0.2241756 0.6010231 0.2239245 0.5712559 0.2253949 0.6021755 0.2263722 0.7724779 0.2266899 0.7403883 0.2279201 0.7724868 0.006969273 0.6392011 0.2251936 0.6394883 0.005781054 0.640403 0.00681591 0.8679295 0.006969273 0.8380399 0.06196993 0.8610275 0.006969273 0.8380399 0.005781233 0.8368378 0.2251937 0.8377521 0.2231796 0.4374593 0.2247242 0.4374321 0.2234991 0.4695411 0.005677819 0.536835 0.00566411 0.5069267 0.2238439 0.5368335 0.2250375 0.5379788 0.2250463 0.5059819 0.2266313 0.537952 0.2269515 0.6009414 0.2253949 0.6021755 0.2266241 0.5700766 0.2231696 0.4054619 0.2247635 0.4054887 0.2231796 0.4374593 0.2251936 0.6394883 0.2254437 0.6097281 0.226344 0.6406581 0.003796637 0.374288 0.2220293 0.3745162 0.003808498 0.404195 0.00696212 0.7038323 0.006973922 0.6739249 0.2251942 0.7036011 0.2263343 0.8045847 0.2263722 0.7724779 0.2279282 0.8046115 0.00696212 0.7038323 0.2251942 0.7036011 0.005781412 0.7050284 0.003809273 0.4066119 0.00260967 0.4054035 0.221976 0.4066075 0.006974875 0.671508 0.2251406 0.67151 0.005775213 0.6727164 0.2251942 0.7036011 0.2251456 0.6738285 0.2263719 0.7047624 0.2238959 0.5048123 0.2241449 0.4750521 0.2250463 0.5059819 0.006974995 0.8057332 0.005775392 0.8045248 0.2251408 0.8057304 0.003796637 0.374288 0.002615988 0.3730922 0.2220293 0.3745162 0.2219812 0.404289 0.2231696 0.4054619 0.003808498 0.404195 0.005672276 0.5045281 0.2238959 0.5048123 0.004484057 0.50573 0.006974875 0.671508 0.006961107 0.6415997 0.2251406 0.67151 0.2251688 0.6417933 0.006961107 0.6415997 0.226344 0.6406581 0.2251692 0.8354471 0.2263444 0.8365821 0.006961286 0.8356413 0.00696218 0.7734087 0.005781531 0.7722128 0.2251945 0.7736393 0.2251408 0.8057304 0.2263343 0.8045847 0.2251692 0.8354471 0.2220554 0.3721845 0.2232071 0.3733546 0.00380367 0.3718904 0.2238711 0.507117 0.00566411 0.5069267 0.2250463 0.5059819 0.2252201 0.7059327 0.006969094 0.7062302 0.2263719 0.7047624 0.2251456 0.6738285 0.006973922 0.6739249 0.2263341 0.6726554 0.221976 0.4066075 0.2231696 0.4054619 0.2220045 0.4363243 0.2251406 0.67151 0.2251688 0.6417933 0.2263341 0.6726554 0.2239245 0.5712559 0.005672097 0.5715582 0.2250761 0.5700856 0.2220293 0.3745162 0.2232071 0.3733546 0.2219812 0.404289 0.2251945 0.7736393 0.2263722 0.7724779 0.2251459 0.8034119 0.2238439 0.5368335 0.2238711 0.507117 0.2250375 0.5379788 0.2251459 0.8034119 0.2263343 0.8045847 0.006974101 0.8033162 0.00696218 0.7734087 0.2251945 0.7736393 0.006974101 0.8033162 0.2254707 0.7415406 0.2266899 0.7403883 0.2252206 0.7713079 0.222029 0.4386293 0.2231796 0.4374593 0.2222795 0.4683899 0.2223049 0.342417 0.2235242 0.3412646 0.2220554 0.3721845 0.2266241 0.5700766 0.2250761 0.5700856 0.2266313 0.537952 0.2238985 0.5689243 0.2238489 0.5391519 0.2250761 0.5700856 0.006974995 0.8057332 0.2251408 0.8057304 0.006961286 0.8356413 0.4699974 0.6143323 0.4673703 0.6129415 0.4673717 0.424873 0.46876 0.4222446 0.4673717 0.424873 0.2796545 0.4248716 0.2796545 0.4248716 0.4673717 0.424873 0.4673703 0.6129415 0.4666385 0.6254599 0.4666385 0.8159527 0.2757894 0.8159527 0.2770274 0.4234808 0.2796545 0.4248716 0.2796531 0.6129401 0.2782648 0.6155685 0.2796531 0.6129401 0.4673703 0.6129415 0.2782648 0.616806 0.2782648 0.6155685 0.4687588 0.6155704 0.2757898 0.4234808 0.2770274 0.4234808 0.2770273 0.6143302 0.4712349 0.6143323 0.4699974 0.6143323 0.4699974 0.4234828 0.46876 0.421007 0.46876 0.4222446 0.2782659 0.4222427 0.4699974 0.4234828 0.4699974 0.6143323 0.4673717 0.424873 0.2782659 0.4222427 0.46876 0.4222446 0.2796545 0.4248716 0.2796531 0.6129401 0.2796545 0.4248716 0.4673703 0.6129415 0.2757893 0.6254599 0.4666385 0.6254599 0.2757894 0.8159527 0.2770273 0.6143302 0.2770274 0.4234808 0.2796531 0.6129401 0.4687588 0.6155704 0.2782648 0.6155685 0.4673703 0.6129415 0.4687588 0.6168062 0.2782648 0.616806 0.4687588 0.6155704 0.2757893 0.6143302 0.2757898 0.4234808 0.2770273 0.6143302 0.4712355 0.4234828 0.4712349 0.6143323 0.4699974 0.4234828 0.278266 0.4210069 0.46876 0.421007 0.2782659 0.4222427</float_array>
          <technique_common>
            <accessor source="#Cube_003-mesh-map-0-array" count="1884" stride="2">
              <param name="S" type="float"/>
              <param name="T" type="float"/>
            </accessor>
          </technique_common>
        </source>
        <vertices id="Cube_003-mesh-vertices">
          <input semantic="POSITION" source="#Cube_003-mesh-positions"/>
        </vertices>
        <triangles material="Wood_Table-material" count="608">
          <input semantic="VERTEX" source="#Cube_003-mesh-vertices" offset="0"/>
          <input semantic="NORMAL" source="#Cube_003-mesh-normals" offset="1"/>
          <input semantic="TEXCOORD" source="#Cube_003-mesh-map-0" offset="2" set="0"/>
          <p>420 0 0 424 0 1 426 0 2 434 1 3 432 1 4 428 1 5 442 2 6 439 2 7 436 2 8 454 3 9 451 3 10 448 3 11 440 4 12 455 4 13 458 4 14 449 5 15 452 5 16 443 5 17 460 6 18 464 6 19 466 6 20 474 7 21 472 7 22 468 7 23 482 2 24 479 2 25 476 2 26 494 3 27 491 3 28 488 3 29 480 8 30 495 8 31 498 8 32 492 4 33 483 4 34 486 4 35 447 9 36 438 9 37 421 9 38 450 10 39 427 10 40 425 10 41 18 11 42 2 11 43 0 11 44 19 12 45 17 12 46 1 12 47 444 13 48 431 13 49 429 13 50 453 14 51 456 14 52 433 14 53 22 15 54 20 15 55 4 15 56 23 16 57 7 16 58 5 16 59 478 17 60 461 17 61 463 17 62 499 18 63 490 18 64 467 18 65 24 19 66 26 19 67 10 19 68 25 20 69 9 20 70 11 20 71 481 21 72 484 21 73 471 21 74 496 22 75 473 22 76 475 22 77 28 23 78 12 23 79 14 23 80 29 24 81 31 24 82 15 24 83 582 2 84 584 2 85 586 2 86 573 25 87 538 26 88 540 27 89 570 3 90 536 3 91 534 3 92 628 4 93 618 4 94 620 4 95 550 4 96 548 4 97 626 4 98 558 2 99 556 2 100 590 2 101 524 28 102 526 28 103 541 28 104 543 4 105 564 4 106 566 4 107 529 4 108 560 4 109 562 4 110 501 2 111 507 2 112 563 2 113 513 2 114 519 2 115 567 2 116 518 6 117 522 6 118 545 6 119 506 6 120 510 6 121 531 6 122 53 28 123 528 28 124 503 28 125 55 28 126 542 28 127 516 28 128 556 2 129 576 2 130 590 2 131 614 4 132 622 4 133 616 4 134 594 2 135 592 2 136 586 2 137 588 2 138 578 2 139 580 2 140 594 2 141 586 2 142 588 2 143 594 2 144 590 2 145 592 2 146 557 29 147 596 29 148 515 29 149 579 30 150 509 30 151 572 30 152 583 31 153 521 31 154 504 31 155 66 32 156 38 32 157 530 32 158 63 33 159 589 33 160 533 33 161 60 34 162 43 34 163 544 34 164 65 33 165 593 33 166 547 33 167 67 35 168 45 35 169 68 35 170 559 36 171 598 36 172 597 36 173 69 37 174 50 37 175 51 37 176 600 38 177 602 38 178 606 38 179 554 39 180 607 39 181 599 39 182 571 40 183 606 40 184 602 40 185 535 41 186 608 41 187 610 41 188 79 42 189 611 42 190 36 42 191 613 43 192 515 43 193 596 43 194 84 44 195 572 44 196 509 44 197 621 45 198 85 45 199 502 45 200 83 46 201 511 46 202 508 46 203 86 47 204 504 47 205 521 47 206 81 48 207 89 48 208 514 48 209 88 46 210 523 46 211 520 46 212 82 49 213 34 49 214 91 49 215 623 50 216 46 50 217 44 50 218 629 51 219 49 51 220 48 51 221 716 2 222 714 2 223 712 2 224 668 52 225 666 53 226 701 54 227 748 8 228 746 8 229 756 8 230 678 8 231 740 8 232 754 8 233 669 28 234 658 28 235 656 28 236 694 8 237 692 8 238 671 8 239 690 8 240 688 8 241 661 8 242 691 2 243 639 2 244 633 2 245 695 2 246 651 2 247 645 2 248 673 6 249 654 6 250 650 6 251 663 6 252 642 6 253 638 6 254 635 28 255 660 28 256 113 28 257 648 28 258 670 28 259 115 28 260 684 2 261 720 2 262 706 2 263 742 8 264 744 8 265 750 8 266 718 2 267 710 2 268 708 2 269 659 55 270 119 56 271 705 57 272 647 58 273 726 58 274 121 58 275 700 59 276 641 59 277 709 59 278 636 60 279 653 60 280 713 60 281 662 61 282 99 61 283 126 61 284 123 62 285 101 62 286 665 62 287 672 63 288 103 63 289 120 63 290 125 62 291 102 62 292 675 62 293 128 64 294 105 64 295 717 64 296 727 65 297 728 65 298 686 65 299 111 66 300 110 66 301 721 66 302 704 67 303 701 54 304 711 68 305 729 69 306 734 69 307 682 69 308 735 70 309 739 70 310 696 70 311 726 71 312 647 71 313 741 71 314 641 72 315 700 72 316 745 72 317 749 73 318 637 73 319 634 73 320 640 74 321 643 74 322 143 74 323 653 75 324 636 75 325 146 75 326 141 73 327 649 73 328 646 73 329 652 76 330 655 76 331 148 76 332 151 77 333 95 77 334 142 77 335 104 78 336 106 78 337 751 78 338 108 79 339 109 79 340 757 79 341 848 3 342 846 3 343 844 3 344 833 80 345 788 81 346 790 82 347 880 4 348 878 4 349 888 4 350 810 4 351 872 4 352 886 4 353 786 8 354 784 8 355 812 8 356 818 3 357 856 3 358 852 3 359 808 4 360 886 4 361 890 4 362 800 28 363 791 28 364 789 28 365 826 4 366 824 4 367 803 4 368 822 4 369 820 4 370 793 4 371 823 3 372 767 3 373 761 3 374 827 3 375 779 3 376 773 3 377 805 6 378 782 6 379 778 6 380 795 6 381 770 6 382 766 6 383 763 28 384 792 28 385 173 28 386 776 28 387 802 28 388 175 28 389 888 83 390 878 83 391 890 83 392 878 84 393 882 84 394 890 84 395 816 3 396 852 3 397 838 3 398 886 4 399 888 4 400 890 4 401 874 4 402 876 4 403 882 4 404 856 3 405 848 3 406 854 3 407 850 3 408 842 3 409 840 3 410 856 3 411 850 3 412 848 3 413 835 85 414 799 86 415 177 87 416 856 3 417 854 3 418 852 3 419 775 88 420 858 88 421 817 88 422 834 89 423 769 89 424 841 89 425 764 90 426 781 90 427 845 90 428 794 91 429 159 91 430 186 91 431 183 92 432 161 92 433 797 92 434 804 93 435 163 93 436 180 93 437 185 92 438 162 92 439 807 92 440 188 94 441 165 94 442 187 94 443 859 95 444 863 95 445 819 95 446 171 96 447 170 96 448 189 96 449 862 97 450 860 97 451 857 97 452 195 98 453 864 98 454 815 98 455 860 99 456 862 99 457 158 99 458 865 100 459 870 100 460 828 100 461 858 101 462 775 101 463 873 101 464 769 102 465 834 102 466 877 102 467 881 45 468 765 45 469 762 45 470 768 46 471 771 46 472 203 46 473 781 103 474 764 103 475 206 103 476 201 45 477 777 45 478 774 45 479 780 104 480 783 104 481 208 104 482 871 105 483 155 105 484 202 105 485 164 106 486 166 106 487 207 106 488 168 107 489 169 107 490 210 107 491 974 3 492 976 3 493 978 3 494 212 108 495 926 109 496 928 110 497 961 111 498 964 112 499 918 113 500 1020 8 501 1010 8 502 1012 8 503 938 8 504 936 8 505 1018 8 506 946 114 507 944 114 508 982 114 509 917 28 510 919 28 511 929 28 512 931 8 513 952 8 514 954 8 515 921 8 516 948 8 517 950 8 518 893 3 519 899 3 520 951 3 521 905 3 522 911 3 523 955 3 524 910 6 525 914 6 526 933 6 527 898 6 528 902 6 529 923 6 530 233 28 531 920 28 532 895 28 533 235 28 534 930 28 535 908 28 536 944 3 537 968 3 538 982 3 539 1006 8 540 1014 8 541 1008 8 542 986 3 543 984 3 544 978 3 545 980 3 546 970 3 547 972 3 548 986 3 549 978 3 550 980 3 551 963 115 552 960 116 553 237 117 554 986 3 555 982 3 556 984 3 557 967 118 558 239 119 559 238 55 560 945 120 561 988 120 562 907 120 563 971 121 564 901 121 565 962 121 566 975 122 567 913 122 568 896 122 569 246 123 570 220 123 571 922 123 572 243 124 573 981 124 574 925 124 575 240 125 576 223 125 577 932 125 578 245 124 579 985 124 580 935 124 581 247 126 582 225 126 583 248 126 584 947 127 585 990 127 586 989 127 587 249 128 588 230 128 589 231 128 590 942 129 591 996 129 592 991 129 593 956 130 594 1002 130 595 997 130 596 1005 131 597 907 131 598 988 131 599 264 132 600 962 132 601 901 132 602 1013 133 603 265 133 604 894 133 605 263 134 606 903 134 607 900 134 608 266 135 609 896 135 610 913 135 611 261 136 612 269 136 613 906 136 614 268 134 615 915 134 616 912 134 617 262 137 618 216 137 619 1003 137 620 1015 138 621 226 138 622 224 138 623 1021 139 624 229 139 625 228 139 626 1022 140 627 960 116 628 963 115 629 1024 141 630 278 141 631 351 141 632 292 6 633 295 6 634 296 6 635 276 6 636 282 6 637 281 6 638 289 6 639 293 6 640 294 6 641 286 6 642 323 6 643 277 6 644 1027 28 645 1028 28 646 306 28 647 1036 142 648 353 142 649 347 142 650 1042 143 651 352 143 652 349 143 653 1041 144 654 1043 144 655 350 144 656 308 145 657 371 146 658 326 147 659 303 148 660 1044 148 661 348 148 662 1040 149 663 345 149 664 354 149 665 310 150 666 362 151 667 344 152 668 280 8 669 297 8 670 1035 8 671 1029 3 672 299 3 673 1037 3 674 1032 2 675 355 2 676 1038 2 677 305 28 678 1046 28 679 1053 28 680 1034 8 681 358 8 682 1039 8 683 1025 4 684 304 4 685 357 4 686 1051 28 687 288 28 688 389 28 689 385 153 690 337 153 691 335 153 692 311 154 693 366 154 694 329 154 695 309 155 696 320 155 697 341 155 698 388 156 699 333 156 700 331 156 701 356 28 702 273 28 703 1047 28 704 379 28 705 359 28 706 284 28 707 322 157 708 375 158 709 324 159 710 308 145 711 326 147 712 324 159 713 368 160 714 377 161 715 346 162 716 377 161 717 310 150 718 344 152 719 1054 163 720 336 163 721 330 163 722 313 3 723 308 145 724 375 158 725 285 28 726 279 28 727 402 28 728 1056 164 729 332 164 730 342 164 731 376 4 732 340 4 733 334 4 734 378 8 735 328 8 736 338 8 737 1050 4 738 360 4 739 302 4 740 404 4 741 373 4 742 367 4 743 365 8 744 364 8 745 321 8 746 392 4 747 376 4 748 387 4 749 319 8 750 378 8 751 386 8 752 361 165 753 287 165 754 391 165 755 274 28 756 1059 28 757 1058 28 758 398 2 759 310 150 760 377 161 761 403 8 762 315 8 763 408 8 764 384 4 765 411 4 766 318 4 767 307 3 768 316 3 769 317 3 770 380 2 771 414 2 772 417 2 773 409 6 774 396 6 775 393 6 776 413 166 777 394 166 778 399 166 779 418 167 780 406 167 781 397 167 782 416 6 783 400 6 784 407 6 785 936 8 786 1023 8 787 1018 8 788 628 168 789 631 168 790 618 168 791 1062 169 792 738 169 793 96 169 794 630 170 795 609 171 796 32 172 797 754 8 798 756 8 799 758 8 800 1018 8 801 1023 8 802 1020 8 803 756 173 804 746 173 805 758 173 806 92 174 807 112 175 808 657 176 809 986 177 810 980 177 811 972 177 812 594 2 813 588 2 814 580 2 815 987 178 816 215 178 817 255 178 818 725 179 819 710 179 820 718 179 821 687 2 822 725 2 823 720 2 824 135 180 825 94 180 826 122 180 827 801 181 828 172 182 829 152 183 830 553 8 831 605 8 832 601 8 833 33 184 834 59 185 835 527 186 836 32 172 837 609 171 838 525 187 839 178 186 840 179 188 841 160 189 842 244 190 843 212 108 844 966 191 845 869 2 846 866 2 847 831 2 848 959 2 849 1001 2 850 998 2 851 100 192 852 117 193 853 118 194 854 725 2 855 716 2 856 722 2 857 999 195 858 213 195 859 271 195 860 1014 8 861 1023 8 862 1008 8 863 157 196 864 837 196 865 787 196 866 994 197 867 214 197 868 218 197 869 1020 198 870 1023 198 871 1010 198 872 1000 199 873 964 112 874 961 111 875 676 8 876 754 8 877 758 8 878 64 200 879 573 25 880 574 201 881 97 202 882 703 202 883 732 202 884 750 8 885 744 8 886 758 8 887 622 4 888 631 4 889 616 4 890 856 203 891 842 203 892 850 203 893 211 204 894 153 204 895 868 204 896 837 205 897 157 205 898 198 205 899 62 206 900 575 206 901 75 206 902 725 2 903 718 2 904 716 2 905 941 4 906 992 4 907 995 4 908 219 207 909 255 207 910 215 207 911 548 4 912 631 4 913 626 4 914 94 208 915 135 208 916 681 208 917 738 209 918 1062 209 919 1060 209 920 702 210 921 705 57 922 731 211 923 618 212 924 631 212 925 622 212 926 1010 213 927 1023 213 928 1014 213 929 153 214 930 211 214 931 156 214 932 37 215 933 75 215 934 575 215 935 217 216 936 271 216 937 213 216 938 258 217 939 218 217 940 214 217 941 154 218 942 160 189 943 193 219 944 253 220 945 967 118 946 965 221 947 35 222 948 610 222 949 608 222 950 833 80 951 836 223 952 197 224 953 746 225 954 750 225 955 758 225 956 100 192 957 93 226 958 737 227 959 73 140 960 33 184 961 603 228 962 703 229 963 97 229 964 699 229 965 882 4 966 876 4 967 890 4 968 136 3 969 137 3 970 138 3 971 92 174 972 1063 116 973 140 230 974 725 2 975 722 2 976 720 2 977 861 231 978 152 183 979 184 232 980 835 85 981 832 233 982 200 234 983 39 235 984 40 236 985 58 237 986 77 238 987 40 236 988 39 235 989 132 4 990 133 4 991 98 4 992 626 4 993 631 4 994 628 4 995 422 239 996 420 239 997 426 239 998 430 240 999 434 240 1000 428 240 1001 445 2 1002 442 2 1003 436 2 1004 457 3 1005 454 3 1006 448 3 1007 437 4 1008 440 4 1009 458 4 1010 446 8 1011 449 8 1012 443 8 1013 462 6 1014 460 6 1015 466 6 1016 470 241 1017 474 241 1018 468 241 1019 485 2 1020 482 2 1021 476 2 1022 497 3 1023 494 3 1024 488 3 1025 477 8 1026 480 8 1027 498 8 1028 489 4 1029 492 4 1030 486 4 1031 423 242 1032 447 242 1033 421 242 1034 459 243 1035 450 243 1036 425 243 1037 16 244 1038 18 244 1039 0 244 1040 3 245 1041 19 245 1042 1 245 1043 441 246 1044 444 246 1045 429 246 1046 435 247 1047 453 247 1048 433 247 1049 6 248 1050 22 248 1051 4 248 1052 21 249 1053 23 249 1054 5 249 1055 487 250 1056 478 250 1057 463 250 1058 465 251 1059 499 251 1060 467 251 1061 8 252 1062 24 252 1063 10 252 1064 27 253 1065 25 253 1066 11 253 1067 469 254 1068 481 254 1069 471 254 1070 493 255 1071 496 255 1072 475 255 1073 30 256 1074 28 256 1075 14 256 1076 13 257 1077 29 257 1078 15 257 1079 592 2 1080 582 2 1081 586 2 1082 574 201 1083 573 25 1084 540 27 1085 568 3 1086 570 3 1087 534 3 1088 624 4 1089 628 4 1090 620 4 1091 612 4 1092 550 4 1093 626 4 1094 594 2 1095 558 2 1096 590 2 1097 539 28 1098 524 28 1099 541 28 1100 546 4 1101 543 4 1102 566 4 1103 532 4 1104 529 4 1105 562 4 1106 561 2 1107 501 2 1108 563 2 1109 565 2 1110 513 2 1111 567 2 1112 56 6 1113 518 6 1114 545 6 1115 54 6 1116 506 6 1117 531 6 1118 500 28 1119 53 28 1120 503 28 1121 512 28 1122 55 28 1123 516 28 1124 577 258 1125 557 258 1126 515 258 1127 581 259 1128 579 259 1129 572 259 1130 585 260 1131 583 260 1132 504 260 1133 587 261 1134 66 261 1135 530 261 1136 41 262 1137 63 262 1138 533 262 1139 591 263 1140 60 263 1141 544 263 1142 42 262 1143 65 262 1144 547 262 1145 47 264 1146 67 264 1147 68 264 1148 61 265 1149 559 265 1150 597 265 1151 70 266 1152 69 266 1153 51 266 1154 555 267 1155 600 267 1156 606 267 1157 552 268 1158 554 268 1159 599 268 1160 537 269 1161 571 269 1162 602 269 1163 569 270 1164 535 270 1165 610 270 1166 78 271 1167 79 271 1168 36 271 1169 551 272 1170 613 272 1171 596 272 1172 615 273 1173 84 273 1174 509 273 1175 505 274 1176 621 274 1177 502 274 1178 87 275 1179 83 275 1180 508 275 1181 625 276 1182 86 276 1183 521 276 1184 517 274 1185 81 274 1186 514 274 1187 90 277 1188 88 277 1189 520 277 1190 549 278 1191 82 278 1192 91 278 1193 619 279 1194 623 279 1195 44 279 1196 627 280 1197 629 280 1198 48 280 1199 722 2 1200 716 2 1201 712 2 1202 704 67 1203 668 52 1204 701 54 1205 752 8 1206 748 8 1207 756 8 1208 676 8 1209 678 8 1210 754 8 1211 667 28 1212 669 28 1213 656 28 1214 674 8 1215 694 8 1216 671 8 1217 664 8 1218 690 8 1219 661 8 1220 689 2 1221 691 2 1222 633 2 1223 693 2 1224 695 2 1225 645 2 1226 116 6 1227 673 6 1228 650 6 1229 114 6 1230 663 6 1231 638 6 1232 632 28 1233 635 28 1234 113 28 1235 644 28 1236 648 28 1237 115 28 1238 702 210 1239 659 55 1240 705 57 1241 707 281 1242 647 281 1243 121 281 1244 124 282 1245 700 282 1246 709 282 1247 715 283 1248 636 283 1249 713 283 1250 127 284 1251 662 284 1252 126 284 1253 107 285 1254 123 285 1255 665 285 1256 129 286 1257 672 286 1258 120 286 1259 130 285 1260 125 285 1261 675 285 1262 719 287 1263 128 287 1264 717 287 1265 685 288 1266 727 288 1267 686 288 1268 723 289 1269 111 289 1270 721 289 1271 724 290 1272 704 67 1273 711 68 1274 680 291 1275 729 291 1276 682 291 1277 698 292 1278 735 292 1279 696 292 1280 679 293 1281 726 293 1282 741 293 1283 743 294 1284 641 294 1285 745 294 1286 145 295 1287 749 295 1288 634 295 1289 147 296 1290 640 296 1291 143 296 1292 753 297 1293 653 297 1294 146 297 1295 149 298 1296 141 298 1297 646 298 1298 150 299 1299 652 299 1300 148 299 1301 677 300 1302 151 300 1303 142 300 1304 747 301 1305 104 301 1306 751 301 1307 755 302 1308 108 302 1309 757 302 1310 854 3 1311 848 3 1312 844 3 1313 836 223 1314 833 80 1315 790 82 1316 884 4 1317 880 4 1318 888 4 1319 808 4 1320 810 4 1321 886 4 1322 814 8 1323 786 8 1324 812 8 1325 816 303 1326 818 303 1327 852 303 1328 798 28 1329 800 28 1330 789 28 1331 806 4 1332 826 4 1333 803 4 1334 796 4 1335 822 4 1336 793 4 1337 821 3 1338 823 3 1339 761 3 1340 825 3 1341 827 3 1342 773 3 1343 176 6 1344 805 6 1345 778 6 1346 174 6 1347 795 6 1348 766 6 1349 760 28 1350 763 28 1351 173 28 1352 772 28 1353 776 28 1354 175 28 1355 832 233 1356 835 85 1357 177 87 1358 839 304 1359 775 304 1360 817 304 1361 843 305 1362 834 305 1363 841 305 1364 847 306 1365 764 306 1366 845 306 1367 849 307 1368 794 307 1369 186 307 1370 851 308 1371 183 308 1372 797 308 1373 853 309 1374 804 309 1375 180 309 1376 855 308 1377 185 308 1378 807 308 1379 167 310 1380 188 310 1381 187 310 1382 181 311 1383 859 311 1384 819 311 1385 190 312 1386 171 312 1387 189 312 1388 191 313 1389 862 313 1390 857 313 1391 813 314 1392 195 314 1393 815 314 1394 785 269 1395 860 269 1396 158 269 1397 830 315 1398 865 315 1399 828 315 1400 811 316 1401 858 316 1402 873 316 1403 875 317 1404 769 317 1405 877 317 1406 879 318 1407 881 318 1408 762 318 1409 883 319 1410 768 319 1411 203 319 1412 885 320 1413 781 320 1414 206 320 1415 887 321 1416 201 321 1417 774 321 1418 889 322 1419 780 322 1420 208 322 1421 809 323 1422 871 323 1423 202 323 1424 205 324 1425 164 324 1426 207 324 1427 209 325 1428 168 325 1429 210 325 1430 984 3 1431 974 3 1432 978 3 1433 966 191 1434 212 108 1435 928 110 1436 916 326 1437 961 111 1438 918 113 1439 1016 8 1440 1020 8 1441 1012 8 1442 1004 8 1443 938 8 1444 1018 8 1445 986 3 1446 946 3 1447 982 3 1448 927 28 1449 917 28 1450 929 28 1451 934 8 1452 931 8 1453 954 8 1454 924 8 1455 921 8 1456 950 8 1457 949 3 1458 893 3 1459 951 3 1460 953 3 1461 905 3 1462 955 3 1463 236 6 1464 910 6 1465 933 6 1466 234 6 1467 898 6 1468 923 6 1469 892 28 1470 233 28 1471 895 28 1472 904 28 1473 235 28 1474 908 28 1475 232 327 1476 963 115 1477 237 117 1478 965 221 1479 967 118 1480 238 55 1481 969 328 1482 945 328 1483 907 328 1484 973 329 1485 971 329 1486 962 329 1487 977 330 1488 975 330 1489 896 330 1490 979 331 1491 246 331 1492 922 331 1493 221 332 1494 243 332 1495 925 332 1496 983 333 1497 240 333 1498 932 333 1499 222 332 1500 245 332 1501 935 332 1502 227 334 1503 247 334 1504 248 334 1505 241 335 1506 947 335 1507 989 335 1508 250 336 1509 249 336 1510 231 336 1511 940 337 1512 942 337 1513 991 337 1514 958 338 1515 956 338 1516 997 338 1517 939 339 1518 1005 339 1519 988 339 1520 1007 340 1521 264 340 1522 901 340 1523 897 341 1524 1013 341 1525 894 341 1526 267 296 1527 263 296 1528 900 296 1529 1017 342 1530 266 342 1531 913 342 1532 909 341 1533 261 341 1534 906 341 1535 270 299 1536 268 299 1537 912 299 1538 937 343 1539 262 343 1540 1003 343 1541 1011 344 1542 1015 344 1543 224 344 1544 1019 345 1545 1021 345 1546 228 345 1547 1009 346 1548 1022 140 1549 963 115 1550 298 347 1551 1024 347 1552 351 347 1553 290 6 1554 292 6 1555 296 6 1556 275 6 1557 276 6 1558 281 6 1559 291 6 1560 289 6 1561 294 6 1562 283 6 1563 286 6 1564 277 6 1565 300 348 1566 1036 348 1567 347 348 1568 301 349 1569 1042 349 1570 349 349 1571 325 350 1572 1041 350 1573 350 350 1574 343 351 1575 303 351 1576 348 351 1577 1045 352 1578 1040 352 1579 354 352 1580 272 8 1581 280 8 1582 1035 8 1583 1030 3 1584 1029 3 1585 1037 3 1586 1031 2 1587 1032 2 1588 1038 2 1589 383 28 1590 305 28 1591 1053 28 1592 1033 8 1593 1034 8 1594 1039 8 1595 1026 4 1596 1025 4 1597 357 4 1598 1052 28 1599 1051 28 1600 389 28 1601 372 353 1602 385 353 1603 335 353 1604 327 354 1605 311 354 1606 329 354 1607 339 355 1608 309 355 1609 341 355 1610 363 356 1611 388 356 1612 331 356 1613 1048 28 1614 356 28 1615 1047 28 1616 375 158 1617 308 145 1618 324 159 1619 346 162 1620 377 161 1621 344 152 1622 1055 357 1623 1054 357 1624 330 357 1625 312 3 1626 313 3 1627 375 158 1628 1057 358 1629 1056 358 1630 342 358 1631 387 4 1632 376 4 1633 334 4 1634 386 8 1635 378 8 1636 338 8 1637 1049 4 1638 1050 4 1639 302 4 1640 374 4 1641 404 4 1642 367 4 1643 369 8 1644 365 8 1645 321 8 1646 314 4 1647 392 4 1648 387 4 1649 395 8 1650 319 8 1651 386 8 1652 370 28 1653 274 28 1654 1058 28 1655 405 2 1656 398 2 1657 377 161 1658 390 8 1659 403 8 1660 408 8 1661 381 4 1662 384 4 1663 318 4 1664 382 3 1665 307 3 1666 317 3 1667 401 2 1668 380 2 1669 417 2 1670 412 6 1671 409 6 1672 393 6 1673 415 6 1674 413 6 1675 399 6 1676 410 6 1677 418 6 1678 397 6 1679 419 6 1680 416 6 1681 407 6 1682 759 267 1683 1062 267 1684 96 267 1685 617 359 1686 630 170 1687 32 172 1688 1063 116 1689 92 174 1690 657 176 1691 251 360 1692 987 360 1693 255 360 1694 684 2 1695 687 2 1696 720 2 1697 131 361 1698 135 361 1699 122 361 1700 861 231 1701 801 181 1702 152 183 1703 74 8 1704 553 8 1705 601 8 1706 603 228 1707 33 184 1708 527 186 1709 52 362 1710 32 172 1711 525 187 1712 154 218 1713 178 186 1714 160 189 1715 242 363 1716 244 190 1717 966 191 1718 829 2 1719 869 2 1720 831 2 1721 957 2 1722 959 2 1723 998 2 1724 93 226 1725 100 192 1726 118 194 1727 259 364 1728 999 364 1729 271 364 1730 194 365 1731 157 365 1732 787 365 1733 943 366 1734 994 366 1735 218 366 1736 256 367 1737 1000 199 1738 961 111 1739 595 368 1740 64 200 1741 574 201 1742 683 369 1743 97 369 1744 732 369 1745 199 370 1746 211 370 1747 868 370 1748 867 364 1749 837 364 1750 198 364 1751 71 371 1752 62 371 1753 75 371 1754 254 4 1755 941 4 1756 995 4 1757 993 372 1758 219 372 1759 215 372 1760 730 373 1761 94 373 1762 681 373 1763 697 269 1764 738 269 1765 1060 269 1766 733 374 1767 702 210 1768 731 211 1769 891 375 1770 153 375 1771 156 375 1772 604 376 1773 37 376 1774 575 376 1775 260 365 1776 217 365 1777 213 365 1778 257 377 1779 258 377 1780 214 377 1781 192 378 1782 154 218 1783 193 219 1784 252 379 1785 253 220 1786 965 221 1787 80 380 1788 35 380 1789 608 380 1790 196 381 1791 833 80 1792 197 224 1793 1061 382 1794 100 192 1795 737 227 1796 72 346 1797 73 140 1798 603 228 1799 736 383 1800 703 383 1801 699 383 1802 139 3 1803 136 3 1804 138 3 1805 144 346 1806 92 174 1807 140 230 1808 182 384 1809 861 231 1810 184 232 1811 204 385 1812 835 85 1813 200 234 1814 57 386 1815 39 235 1816 58 237 1817 76 387 1818 77 238 1819 39 235 1820 134 4 1821 132 4 1822 98 4 1823</p>
        </triangles>
        <triangles material="Wood_Table_Glass-material" count="20">
          <input semantic="VERTEX" source="#Cube_003-mesh-vertices" offset="0"/>
          <input semantic="NORMAL" source="#Cube_003-mesh-normals" offset="1"/>
          <input semantic="TEXCOORD" source="#Cube_003-mesh-map-0" offset="2" set="0"/>
          <p>1098 388 1824 1068 388 1825 1070 388 1826 1100 389 1827 1088 389 1828 1069 389 1829 1084 6 1830 1089 6 1831 1090 6 1832 1071 28 1833 1066 28 1834 1064 28 1835 1101 390 1836 1085 390 1837 1067 390 1838 1103 391 1839 1095 391 1840 1091 391 1841 1082 3 1842 1093 3 1843 1092 3 1844 1076 4 1845 1086 4 1846 1075 4 1847 1081 8 1848 1074 8 1849 1072 8 1850 1079 2 1851 1087 2 1852 1073 2 1853 1097 392 1854 1098 392 1855 1070 392 1856 1096 393 1857 1100 393 1858 1069 393 1859 1094 6 1860 1084 6 1861 1090 6 1862 1065 28 1863 1071 28 1864 1064 28 1865 1099 394 1866 1101 394 1867 1067 394 1868 1102 395 1869 1103 395 1870 1091 395 1871 1080 3 1872 1082 3 1873 1092 3 1874 1083 4 1875 1076 4 1876 1075 4 1877 1078 8 1878 1081 8 1879 1072 8 1880 1077 2 1881 1079 2 1882 1073 2 1883</p>
        </triangles>
      </mesh>
    </geometry>
    <geometry id="Cube-mesh" name="Cube">
      <mesh>
        <source id="Cube-mesh-positions">
          <float_array id="Cube-mesh-positions-array" count="24">1 1 1 1 1 -1 1 -1 1 1 -1 -1 -1 1 1 -1 1 -1 -1 -1 1 -1 -1 -1</float_array>
          <technique_common>
            <accessor source="#Cube-mesh-positions-array" count="8" stride="3">
              <param name="X" type="float"/>
              <param name="Y" type="float"/>
              <param name="Z" type="float"/>
            </accessor>
          </technique_common>
        </source>
        <source id="Cube-mesh-normals">
          <float_array id="Cube-mesh-normals-array" count="36">0 0 1 0 -1 0 -1 0 0 0 0 -1 1 0 0 0 1 0 0 0 1 0 -1 0 -1 0 0 0 0 -1 1 0 0 0 1 0</float_array>
          <technique_common>
            <accessor source="#Cube-mesh-normals-array" count="12" stride="3">
              <param name="X" type="float"/>
              <param name="Y" type="float"/>
              <param name="Z" type="float"/>
            </accessor>
          </technique_common>
        </source>
        <source id="Cube-mesh-map-0">
          <float_array id="Cube-mesh-map-0-array" count="72">0 1 1 0 1 1 1 1 0 0 1 0 0 1 1 0 0 0 1 1 0 0 0 1 1 1 0 0 1 0 0 1 1 0 0 0 0 1 0 0 1 0 1 1 0 1 0 0 0 1 1 1 1 0 1 1 1 0 0 0 1 1 0 1 0 0 0 1 1 1 1 0</float_array>
          <technique_common>
            <accessor source="#Cube-mesh-map-0-array" count="36" stride="2">
              <param name="S" type="float"/>
              <param name="T" type="float"/>
            </accessor>
          </technique_common>
        </source>
        <vertices id="Cube-mesh-vertices">
          <input semantic="POSITION" source="#Cube-mesh-positions"/>
        </vertices>
        <triangles material="Material-material" count="12">
          <input semantic="VERTEX" source="#Cube-mesh-vertices" offset="0"/>
          <input semantic="NORMAL" source="#Cube-mesh-normals" offset="1"/>
          <input semantic="TEXCOORD" source="#Cube-mesh-map-0" offset="2" set="0"/>
          <p>4 0 0 2 0 1 0 0 2 2 1 3 7 1 4 3 1 5 6 2 6 5 2 7 7 2 8 1 3 9 7 3 10 5 3 11 0 4 12 3 4 13 1 4 14 4 5 15 1 5 16 5 5 17 4 6 18 6 6 19 2 6 20 2 7 21 6 7 22 7 7 23 6 8 24 4 8 25 5 8 26 1 9 27 3 9 28 7 9 29 0 10 30 2 10 31 3 10 32 4 11 33 0 11 34 1 11 35</p>
        </triangles>
      </mesh>
    </geometry>
  </library_geometries>
  <library_visual_scenes>
    <visual_scene id="Scene" name="Scene">
      <node id="Wood_Table" name="Wood_Table" type="NODE">
        <matrix sid="transform">1.5 0 0 0 0 1.5 0 0 0 0 1.75 0 0 0 0 1</matrix>
        <instance_geometry url="#Cube_003-mesh" name="Wood_Table">
          <bind_material>
            <technique_common>
              <instance_material symbol="Wood_Table-material" target="#Wood_Table-material">
                <bind_vertex_input semantic="Cube_003-mesh-map-0" input_semantic="TEXCOORD" input_set="0"/>
              </instance_material>
              <instance_material symbol="Wood_Table_Glass-material" target="#Wood_Table_Glass-material">
                <bind_vertex_input semantic="Cube_003-mesh-map-0" input_semantic="TEXCOORD" input_set="0"/>
              </instance_material>
            </technique_common>
          </bind_material>
        </instance_geometry>
      </node>
      <node id="Cube" name="Cube" type="NODE">
        <matrix sid="transform">0.38 0 0 0 0 0.38 0 0 0 0 0.38 0.4 0 0 0 1</matrix>
        <instance_geometry url="#Cube-mesh" name="Cube">
          <bind_material>
            <technique_common>
              <instance_material symbol="Material-material" target="#Material-material">
                <bind_vertex_input semantic="UVMap" input_semantic="TEXCOORD" input_set="0"/>
              </instance_material>
            </technique_common>
          </bind_material>
        </instance_geometry>
      </node>
    </visual_scene>
  </library_visual_scenes>
  <scene>
    <instance_visual_scene url="#Scene"/>
  </scene>
</COLLADA>